frame_uri,lap_var
gs://live-deepfake-methods-real-and-fake-frames-cropped-teams/samples/edge_cases_0000/frames/real/frame_0000.jpg,226.684629
gs://live-deepfake-methods-real-and-fake-frames-cropped-teams/samples/edge_cases_0000/frames/real/frame_0002.jpg,247.050627
gs://live-deepfake-methods-real-and-fake-frames-cropped-teams/samples/edge_cases_0000/frames/real/frame_0004.jpg,250.823075
gs://live-deepfake-methods-real-and-fake-frames-cropped-teams/samples/edge_cases_0000/frames/real/frame_0006.jpg,248.081405
gs://live-deepfake-methods-real-and-fake-frames-cropped-teams/samples/edge_cases_0000/frames/real/frame_0008.jpg,205.311728
gs://live-deepfake-methods-real-and-fake-frames-cropped-teams/samples/edge_cases_0000/frames/real/frame_0010.jpg,224.069479
gs://live-deepfake-methods-real-and-fake-frames-cropped-teams/samples/edge_cases_0000/frames/real/frame_0012.jpg,249.098308
gs://live-deepfake-methods-real-and-fake-frames-cropped-teams/samples/edge_cases_0000/frames/real/frame_0014.jpg,240.771775
gs://live-deepfake-methods-real-and-fake-frames-cropped-teams/samples/edge_cases_0001/frames/real/frame_0000.jpg,85.993580
gs://live-deepfake-methods-real-and-fake-frames-cropped-teams/samples/edge_cases_0001/frames/real/frame_0002.jpg,94.972082
gs://live-deepfake-methods-real-and-fake-frames-cropped-teams/samples/edge_cases_0001/frames/real/frame_0004.jpg,124.820066
gs://live-deepfake-methods-real-and-fake-frames-cropped-teams/samples/edge_cases_0001/frames/real/frame_0006.jpg,93.675632
gs://live-deepfake-methods-real-and-fake-frames-cropped-teams/samples/edge_cases_0001/frames/real/frame_0008.jpg,89.938120
gs://live-deepfake-methods-real-and-fake-frames-cropped-teams/samples/edge_cases_0001/frames/real/frame_0010.jpg,97.604358
gs://live-deepfake-methods-real-and-fake-frames-cropped-teams/samples/edge_cases_0001/frames/real/frame_0012.jpg,93.527746
gs://live-deepfake-methods-real-and-fake-frames-cropped-teams/samples/edge_cases_0001/frames/real/frame_0014.jpg,95.567187
gs://live-deepfake-methods-real-and-fake-frames-cropped-teams/samples/edge_cases_0004/frames/real/frame_0000.jpg,89.188653
gs://live-deepfake-methods-real-and-fake-frames-cropped-teams/samples/edge_cases_0004/frames/real/frame_0002.jpg,155.939773
gs://live-deepfake-methods-real-and-fake-frames-cropped-teams/samples/edge_cases_0004/frames/real/frame_0004.jpg,166.707325
gs://live-deepfake-methods-real-and-fake-frames-cropped-teams/samples/edge_cases_0004/frames/real/frame_0006.jpg,102.121401
gs://live-deepfake-methods-real-and-fake-frames-cropped-teams/samples/edge_cases_0004/frames/real/frame_0008.jpg,84.720622
gs://live-deepfake-methods-real-and-fake-frames-cropped-teams/samples/edge_cases_0004/frames/real/frame_0010.jpg,149.444234
gs://live-deepfake-methods-real-and-fake-frames-cropped-teams/samples/edge_cases_0004/frames/real/frame_0012.jpg,157.911816
gs://live-deepfake-methods-real-and-fake-frames-cropped-teams/samples/edge_cases_0004/frames/real/frame_0014.jpg,62.720856
gs://live-deepfake-methods-real-and-fake-frames-cropped-teams/samples/edge_cases_0005/frames/real/frame_0010.jpg,251.306151
gs://live-deepfake-methods-real-and-fake-frames-cropped-teams/samples/edge_cases_0007/frames/real/frame_0000.jpg,54.206458
gs://live-deepfake-methods-real-and-fake-frames-cropped-teams/samples/edge_cases_0007/frames/real/frame_0002.jpg,67.638355
gs://live-deepfake-methods-real-and-fake-frames-cropped-teams/samples/edge_cases_0007/frames/real/frame_0004.jpg,50.302912
gs://live-deepfake-methods-real-and-fake-frames-cropped-teams/samples/edge_cases_0007/frames/real/frame_0006.jpg,53.433619
gs://live-deepfake-methods-real-and-fake-frames-cropped-teams/samples/edge_cases_0007/frames/real/frame_0008.jpg,49.768019
gs://live-deepfake-methods-real-and-fake-frames-cropped-teams/samples/edge_cases_0007/frames/real/frame_0010.jpg,56.273957
gs://live-deepfake-methods-real-and-fake-frames-cropped-teams/samples/edge_cases_0007/frames/real/frame_0012.jpg,56.851493
gs://live-deepfake-methods-real-and-fake-frames-cropped-teams/samples/edge_cases_0007/frames/real/frame_0014.jpg,49.305206
gs://live-deepfake-methods-real-and-fake-frames-cropped-teams/samples/edge_cases_0012/frames/real/frame_0000.jpg,194.979952
gs://live-deepfake-methods-real-and-fake-frames-cropped-teams/samples/edge_cases_0012/frames/real/frame_0002.jpg,195.036059
gs://live-deepfake-methods-real-and-fake-frames-cropped-teams/samples/edge_cases_0012/frames/real/frame_0006.jpg,142.362045
gs://live-deepfake-methods-real-and-fake-frames-cropped-teams/samples/edge_cases_0012/frames/real/frame_0008.jpg,188.763709
gs://live-deepfake-methods-real-and-fake-frames-cropped-teams/samples/edge_cases_0012/frames/real/frame_0010.jpg,187.257160
gs://live-deepfake-methods-real-and-fake-frames-cropped-teams/samples/edge_cases_0012/frames/real/frame_0014.jpg,154.319041
gs://live-deepfake-methods-real-and-fake-frames-cropped-teams/samples/edge_cases_0031/frames/real/frame_0000.jpg,41.945332
gs://live-deepfake-methods-real-and-fake-frames-cropped-teams/samples/edge_cases_0031/frames/real/frame_0002.jpg,109.104034
gs://live-deepfake-methods-real-and-fake-frames-cropped-teams/samples/edge_cases_0031/frames/real/frame_0004.jpg,176.972983
gs://live-deepfake-methods-real-and-fake-frames-cropped-teams/samples/edge_cases_0031/frames/real/frame_0006.jpg,74.645488
gs://live-deepfake-methods-real-and-fake-frames-cropped-teams/samples/edge_cases_0031/frames/real/frame_0008.jpg,50.574662
gs://live-deepfake-methods-real-and-fake-frames-cropped-teams/samples/edge_cases_0031/frames/real/frame_0010.jpg,109.134612
gs://live-deepfake-methods-real-and-fake-frames-cropped-teams/samples/edge_cases_0031/frames/real/frame_0012.jpg,104.687574
gs://live-deepfake-methods-real-and-fake-frames-cropped-teams/samples/edge_cases_0031/frames/real/frame_0014.jpg,128.541918
gs://live-deepfake-methods-real-and-fake-frames-cropped-teams/samples/edge_cases_0034/frames/real/frame_0000.jpg,76.230728
gs://live-deepfake-methods-real-and-fake-frames-cropped-teams/samples/edge_cases_0034/frames/real/frame_0002.jpg,73.345096
gs://live-deepfake-methods-real-and-fake-frames-cropped-teams/samples/edge_cases_0034/frames/real/frame_0004.jpg,75.667774
gs://live-deepfake-methods-real-and-fake-frames-cropped-teams/samples/edge_cases_0034/frames/real/frame_0006.jpg,84.218275
gs://live-deepfake-methods-real-and-fake-frames-cropped-teams/samples/edge_cases_0034/frames/real/frame_0008.jpg,79.518267
gs://live-deepfake-methods-real-and-fake-frames-cropped-teams/samples/edge_cases_0034/frames/real/frame_0010.jpg,71.041278
gs://live-deepfake-methods-real-and-fake-frames-cropped-teams/samples/edge_cases_0034/frames/real/frame_0012.jpg,76.331571
gs://live-deepfake-methods-real-and-fake-frames-cropped-teams/samples/edge_cases_0034/frames/real/frame_0014.jpg,91.309347
gs://live-deepfake-methods-real-and-fake-frames-cropped-teams/samples/edge_cases_0035/frames/real/frame_0000.jpg,21.526918
gs://live-deepfake-methods-real-and-fake-frames-cropped-teams/samples/edge_cases_0035/frames/real/frame_0002.jpg,24.448346
gs://live-deepfake-methods-real-and-fake-frames-cropped-teams/samples/edge_cases_0035/frames/real/frame_0004.jpg,136.577183
gs://live-deepfake-methods-real-and-fake-frames-cropped-teams/samples/edge_cases_0035/frames/real/frame_0006.jpg,135.585094
gs://live-deepfake-methods-real-and-fake-frames-cropped-teams/samples/edge_cases_0035/frames/real/frame_0008.jpg,128.594284
gs://live-deepfake-methods-real-and-fake-frames-cropped-teams/samples/edge_cases_0035/frames/real/frame_0010.jpg,135.077399
gs://live-deepfake-methods-real-and-fake-frames-cropped-teams/samples/edge_cases_0035/frames/real/frame_0012.jpg,143.636195
gs://live-deepfake-methods-real-and-fake-frames-cropped-teams/samples/edge_cases_0035/frames/real/frame_0014.jpg,142.639635
gs://live-deepfake-methods-real-and-fake-frames-cropped-teams/samples/edge_cases_0037/frames/real/frame_0000.jpg,167.787817
gs://live-deepfake-methods-real-and-fake-frames-cropped-teams/samples/edge_cases_0037/frames/real/frame_0002.jpg,185.436109
gs://live-deepfake-methods-real-and-fake-frames-cropped-teams/samples/edge_cases_0037/frames/real/frame_0004.jpg,214.320378
gs://live-deepfake-methods-real-and-fake-frames-cropped-teams/samples/edge_cases_0037/frames/real/frame_0006.jpg,104.423003
gs://live-deepfake-methods-real-and-fake-frames-cropped-teams/samples/edge_cases_0037/frames/real/frame_0008.jpg,112.826322
gs://live-deepfake-methods-real-and-fake-frames-cropped-teams/samples/edge_cases_0037/frames/real/frame_0010.jpg,115.082720
gs://live-deepfake-methods-real-and-fake-frames-cropped-teams/samples/edge_cases_0037/frames/real/frame_0012.jpg,112.258919
gs://live-deepfake-methods-real-and-fake-frames-cropped-teams/samples/edge_cases_0042/frames/real/frame_0000.jpg,232.797673
gs://live-deepfake-methods-real-and-fake-frames-cropped-teams/samples/edge_cases_0042/frames/real/frame_0004.jpg,250.093544
gs://live-deepfake-methods-real-and-fake-frames-cropped-teams/samples/edge_cases_0042/frames/real/frame_0012.jpg,241.781926
gs://live-deepfake-methods-real-and-fake-frames-cropped-teams/samples/edge_cases_0045/frames/real/frame_0000.jpg,101.345974
gs://live-deepfake-methods-real-and-fake-frames-cropped-teams/samples/edge_cases_0045/frames/real/frame_0002.jpg,105.739931
gs://live-deepfake-methods-real-and-fake-frames-cropped-teams/samples/edge_cases_0045/frames/real/frame_0004.jpg,138.837713
gs://live-deepfake-methods-real-and-fake-frames-cropped-teams/samples/edge_cases_0045/frames/real/frame_0006.jpg,145.778330
gs://live-deepfake-methods-real-and-fake-frames-cropped-teams/samples/edge_cases_0045/frames/real/frame_0008.jpg,155.669631
gs://live-deepfake-methods-real-and-fake-frames-cropped-teams/samples/edge_cases_0045/frames/real/frame_0010.jpg,134.370051
gs://live-deepfake-methods-real-and-fake-frames-cropped-teams/samples/edge_cases_0045/frames/real/frame_0012.jpg,133.678771
gs://live-deepfake-methods-real-and-fake-frames-cropped-teams/samples/edge_cases_0045/frames/real/frame_0014.jpg,143.622636
gs://live-deepfake-methods-real-and-fake-frames-cropped-teams/samples/edge_cases_0046/frames/real/frame_0000.jpg,66.720768
gs://live-deepfake-methods-real-and-fake-frames-cropped-teams/samples/edge_cases_0046/frames/real/frame_0002.jpg,101.332914
gs://live-deepfake-methods-real-and-fake-frames-cropped-teams/samples/edge_cases_0046/frames/real/frame_0004.jpg,102.591005
gs://live-deepfake-methods-real-and-fake-frames-cropped-teams/samples/edge_cases_0046/frames/real/frame_0006.jpg,67.463113
gs://live-deepfake-methods-real-and-fake-frames-cropped-teams/samples/edge_cases_0046/frames/real/frame_0008.jpg,70.904490
gs://live-deepfake-methods-real-and-fake-frames-cropped-teams/samples/edge_cases_0046/frames/real/frame_0010.jpg,78.293214
gs://live-deepfake-methods-real-and-fake-frames-cropped-teams/samples/edge_cases_0046/frames/real/frame_0012.jpg,66.335562
gs://live-deepfake-methods-real-and-fake-frames-cropped-teams/samples/edge_cases_0046/frames/real/frame_0014.jpg,74.961737
gs://live-deepfake-methods-real-and-fake-frames-cropped-teams/samples/edge_cases_0048/frames/real/frame_0004.jpg,128.308095
gs://live-deepfake-methods-real-and-fake-frames-cropped-teams/samples/edge_cases_0048/frames/real/frame_0006.jpg,146.426664
gs://live-deepfake-methods-real-and-fake-frames-cropped-teams/samples/edge_cases_0048/frames/real/frame_0008.jpg,132.817141
gs://live-deepfake-methods-real-and-fake-frames-cropped-teams/samples/edge_cases_0048/frames/real/frame_0010.jpg,149.743421
gs://live-deepfake-methods-real-and-fake-frames-cropped-teams/samples/edge_cases_0048/frames/real/frame_0012.jpg,147.070802
gs://live-deepfake-methods-real-and-fake-frames-cropped-teams/samples/edge_cases_0048/frames/real/frame_0014.jpg,183.094161
gs://live-deepfake-methods-real-and-fake-frames-cropped-teams/samples/edge_cases_0050/frames/real/frame_0000.jpg,166.264392
gs://live-deepfake-methods-real-and-fake-frames-cropped-teams/samples/edge_cases_0050/frames/real/frame_0002.jpg,173.343855
gs://live-deepfake-methods-real-and-fake-frames-cropped-teams/samples/edge_cases_0050/frames/real/frame_0004.jpg,165.153225
gs://live-deepfake-methods-real-and-fake-frames-cropped-teams/samples/edge_cases_0050/frames/real/frame_0006.jpg,173.025151
gs://live-deepfake-methods-real-and-fake-frames-cropped-teams/samples/edge_cases_0050/frames/real/frame_0008.jpg,234.699853
gs://live-deepfake-methods-real-and-fake-frames-cropped-teams/samples/edge_cases_0050/frames/real/frame_0010.jpg,124.257266
gs://live-deepfake-methods-real-and-fake-frames-cropped-teams/samples/edge_cases_0053/frames/real/frame_0000.jpg,204.708353
gs://live-deepfake-methods-real-and-fake-frames-cropped-teams/samples/edge_cases_0053/frames/real/frame_0002.jpg,211.947916
gs://live-deepfake-methods-real-and-fake-frames-cropped-teams/samples/edge_cases_0053/frames/real/frame_0004.jpg,202.000812
gs://live-deepfake-methods-real-and-fake-frames-cropped-teams/samples/edge_cases_0053/frames/real/frame_0006.jpg,193.904346
gs://live-deepfake-methods-real-and-fake-frames-cropped-teams/samples/edge_cases_0053/frames/real/frame_0008.jpg,200.704866
gs://live-deepfake-methods-real-and-fake-frames-cropped-teams/samples/edge_cases_0053/frames/real/frame_0010.jpg,191.977553
gs://live-deepfake-methods-real-and-fake-frames-cropped-teams/samples/edge_cases_0053/frames/real/frame_0012.jpg,154.010514
gs://live-deepfake-methods-real-and-fake-frames-cropped-teams/samples/edge_cases_0053/frames/real/frame_0014.jpg,162.018132
gs://live-deepfake-methods-real-and-fake-frames-cropped-teams/samples/edge_cases_0054/frames/real/frame_0000.jpg,116.712731
gs://live-deepfake-methods-real-and-fake-frames-cropped-teams/samples/edge_cases_0054/frames/real/frame_0006.jpg,149.048010
gs://live-deepfake-methods-real-and-fake-frames-cropped-teams/samples/edge_cases_0054/frames/real/frame_0008.jpg,153.022928
gs://live-deepfake-methods-real-and-fake-frames-cropped-teams/samples/edge_cases_0054/frames/real/frame_0010.jpg,173.535059
gs://live-deepfake-methods-real-and-fake-frames-cropped-teams/samples/edge_cases_0054/frames/real/frame_0012.jpg,131.373507
gs://live-deepfake-methods-real-and-fake-frames-cropped-teams/samples/edge_cases_0054/frames/real/frame_0014.jpg,141.447594
gs://live-deepfake-methods-real-and-fake-frames-cropped-teams/samples/edge_cases_0062/frames/real/frame_0000.jpg,104.343063
gs://live-deepfake-methods-real-and-fake-frames-cropped-teams/samples/edge_cases_0062/frames/real/frame_0002.jpg,108.524941
gs://live-deepfake-methods-real-and-fake-frames-cropped-teams/samples/edge_cases_0062/frames/real/frame_0004.jpg,102.168601
gs://live-deepfake-methods-real-and-fake-frames-cropped-teams/samples/edge_cases_0062/frames/real/frame_0006.jpg,108.568189
gs://live-deepfake-methods-real-and-fake-frames-cropped-teams/samples/edge_cases_0062/frames/real/frame_0008.jpg,103.165886
gs://live-deepfake-methods-real-and-fake-frames-cropped-teams/samples/edge_cases_0062/frames/real/frame_0010.jpg,109.842576
gs://live-deepfake-methods-real-and-fake-frames-cropped-teams/samples/edge_cases_0062/frames/real/frame_0012.jpg,96.965769
gs://live-deepfake-methods-real-and-fake-frames-cropped-teams/samples/edge_cases_0062/frames/real/frame_0014.jpg,95.436998
gs://live-deepfake-methods-real-and-fake-frames-cropped-teams/samples/edge_cases_0063/frames/real/frame_0000.jpg,63.350108
gs://live-deepfake-methods-real-and-fake-frames-cropped-teams/samples/edge_cases_0063/frames/real/frame_0002.jpg,79.208074
gs://live-deepfake-methods-real-and-fake-frames-cropped-teams/samples/edge_cases_0063/frames/real/frame_0004.jpg,77.379978
gs://live-deepfake-methods-real-and-fake-frames-cropped-teams/samples/edge_cases_0063/frames/real/frame_0006.jpg,88.317680
gs://live-deepfake-methods-real-and-fake-frames-cropped-teams/samples/edge_cases_0063/frames/real/frame_0008.jpg,127.069060
gs://live-deepfake-methods-real-and-fake-frames-cropped-teams/samples/edge_cases_0063/frames/real/frame_0010.jpg,84.774239
gs://live-deepfake-methods-real-and-fake-frames-cropped-teams/samples/edge_cases_0063/frames/real/frame_0012.jpg,78.672030
gs://live-deepfake-methods-real-and-fake-frames-cropped-teams/samples/edge_cases_0063/frames/real/frame_0014.jpg,80.914639
gs://live-deepfake-methods-real-and-fake-frames-cropped-teams/samples/edge_cases_0064/frames/real/frame_0000.jpg,104.716735
gs://live-deepfake-methods-real-and-fake-frames-cropped-teams/samples/edge_cases_0064/frames/real/frame_0002.jpg,110.771691
gs://live-deepfake-methods-real-and-fake-frames-cropped-teams/samples/edge_cases_0064/frames/real/frame_0004.jpg,110.518411
gs://live-deepfake-methods-real-and-fake-frames-cropped-teams/samples/edge_cases_0064/frames/real/frame_0006.jpg,115.064710
gs://live-deepfake-methods-real-and-fake-frames-cropped-teams/samples/edge_cases_0064/frames/real/frame_0008.jpg,133.692760
gs://live-deepfake-methods-real-and-fake-frames-cropped-teams/samples/edge_cases_0064/frames/real/frame_0010.jpg,131.323048
gs://live-deepfake-methods-real-and-fake-frames-cropped-teams/samples/edge_cases_0064/frames/real/frame_0012.jpg,134.359928
gs://live-deepfake-methods-real-and-fake-frames-cropped-teams/samples/edge_cases_0064/frames/real/frame_0014.jpg,121.322329
gs://live-deepfake-methods-real-and-fake-frames-cropped-teams/samples/edge_cases_0066/frames/real/frame_0000.jpg,91.020327
gs://live-deepfake-methods-real-and-fake-frames-cropped-teams/samples/edge_cases_0066/frames/real/frame_0002.jpg,92.275681
gs://live-deepfake-methods-real-and-fake-frames-cropped-teams/samples/edge_cases_0066/frames/real/frame_0004.jpg,85.898764
gs://live-deepfake-methods-real-and-fake-frames-cropped-teams/samples/edge_cases_0066/frames/real/frame_0006.jpg,84.904772
gs://live-deepfake-methods-real-and-fake-frames-cropped-teams/samples/edge_cases_0066/frames/real/frame_0008.jpg,88.902668
gs://live-deepfake-methods-real-and-fake-frames-cropped-teams/samples/edge_cases_0066/frames/real/frame_0010.jpg,88.035161
gs://live-deepfake-methods-real-and-fake-frames-cropped-teams/samples/edge_cases_0066/frames/real/frame_0012.jpg,89.802659
gs://live-deepfake-methods-real-and-fake-frames-cropped-teams/samples/edge_cases_0066/frames/real/frame_0014.jpg,80.149110
gs://live-deepfake-methods-real-and-fake-frames-cropped-teams/samples/edge_cases_0067/frames/real/frame_0000.jpg,164.628497
gs://live-deepfake-methods-real-and-fake-frames-cropped-teams/samples/edge_cases_0067/frames/real/frame_0002.jpg,172.307673
gs://live-deepfake-methods-real-and-fake-frames-cropped-teams/samples/edge_cases_0067/frames/real/frame_0004.jpg,156.405920
gs://live-deepfake-methods-real-and-fake-frames-cropped-teams/samples/edge_cases_0067/frames/real/frame_0010.jpg,199.628171
gs://live-deepfake-methods-real-and-fake-frames-cropped-teams/samples/edge_cases_0067/frames/real/frame_0014.jpg,245.225143
gs://live-deepfake-methods-real-and-fake-frames-cropped-teams/samples/edge_cases_0072/frames/real/frame_0012.jpg,230.325822
gs://live-deepfake-methods-real-and-fake-frames-cropped-teams/samples/edge_cases_0075/frames/real/frame_0000.jpg,167.717340
gs://live-deepfake-methods-real-and-fake-frames-cropped-teams/samples/edge_cases_0075/frames/real/frame_0002.jpg,196.540729
gs://live-deepfake-methods-real-and-fake-frames-cropped-teams/samples/edge_cases_0075/frames/real/frame_0006.jpg,201.954140
gs://live-deepfake-methods-real-and-fake-frames-cropped-teams/samples/edge_cases_0075/frames/real/frame_0008.jpg,165.879394
gs://live-deepfake-methods-real-and-fake-frames-cropped-teams/samples/edge_cases_0075/frames/real/frame_0010.jpg,188.119168
gs://live-deepfake-methods-real-and-fake-frames-cropped-teams/samples/edge_cases_0075/frames/real/frame_0012.jpg,166.450446
gs://live-deepfake-methods-real-and-fake-frames-cropped-teams/samples/edge_cases_0075/frames/real/frame_0014.jpg,131.086555
gs://live-deepfake-methods-real-and-fake-frames-cropped-teams/samples/edge_cases_0080/frames/real/frame_0000.jpg,111.390457
gs://live-deepfake-methods-real-and-fake-frames-cropped-teams/samples/edge_cases_0080/frames/real/frame_0002.jpg,113.061076
gs://live-deepfake-methods-real-and-fake-frames-cropped-teams/samples/edge_cases_0080/frames/real/frame_0004.jpg,106.664709
gs://live-deepfake-methods-real-and-fake-frames-cropped-teams/samples/edge_cases_0080/frames/real/frame_0006.jpg,122.086383
gs://live-deepfake-methods-real-and-fake-frames-cropped-teams/samples/edge_cases_0080/frames/real/frame_0008.jpg,99.323640
gs://live-deepfake-methods-real-and-fake-frames-cropped-teams/samples/edge_cases_0080/frames/real/frame_0010.jpg,86.539788
gs://live-deepfake-methods-real-and-fake-frames-cropped-teams/samples/edge_cases_0080/frames/real/frame_0012.jpg,149.737718
gs://live-deepfake-methods-real-and-fake-frames-cropped-teams/samples/edge_cases_0080/frames/real/frame_0014.jpg,137.771368
gs://live-deepfake-methods-real-and-fake-frames-cropped-teams/samples/edge_cases_0088/frames/real/frame_0000.jpg,243.008877
gs://live-deepfake-methods-real-and-fake-frames-cropped-teams/samples/edge_cases_0088/frames/real/frame_0002.jpg,238.779853
gs://live-deepfake-methods-real-and-fake-frames-cropped-teams/samples/edge_cases_0091/frames/real/frame_0000.jpg,44.705512
gs://live-deepfake-methods-real-and-fake-frames-cropped-teams/samples/edge_cases_0091/frames/real/frame_0002.jpg,40.356335
gs://live-deepfake-methods-real-and-fake-frames-cropped-teams/samples/edge_cases_0091/frames/real/frame_0004.jpg,44.996281
gs://live-deepfake-methods-real-and-fake-frames-cropped-teams/samples/edge_cases_0091/frames/real/frame_0006.jpg,58.894924
gs://live-deepfake-methods-real-and-fake-frames-cropped-teams/samples/edge_cases_0091/frames/real/frame_0008.jpg,51.773186
gs://live-deepfake-methods-real-and-fake-frames-cropped-teams/samples/edge_cases_0091/frames/real/frame_0010.jpg,53.090512
gs://live-deepfake-methods-real-and-fake-frames-cropped-teams/samples/edge_cases_0091/frames/real/frame_0012.jpg,43.482851
gs://live-deepfake-methods-real-and-fake-frames-cropped-teams/samples/edge_cases_0091/frames/real/frame_0014.jpg,46.436241
gs://live-deepfake-methods-real-and-fake-frames-cropped-teams/samples/edge_cases_0094/frames/real/frame_0000.jpg,86.693696
gs://live-deepfake-methods-real-and-fake-frames-cropped-teams/samples/edge_cases_0094/frames/real/frame_0002.jpg,82.397481
gs://live-deepfake-methods-real-and-fake-frames-cropped-teams/samples/edge_cases_0094/frames/real/frame_0004.jpg,80.298304
gs://live-deepfake-methods-real-and-fake-frames-cropped-teams/samples/edge_cases_0094/frames/real/frame_0006.jpg,51.897283
gs://live-deepfake-methods-real-and-fake-frames-cropped-teams/samples/edge_cases_0094/frames/real/frame_0008.jpg,49.410392
gs://live-deepfake-methods-real-and-fake-frames-cropped-teams/samples/edge_cases_0094/frames/real/frame_0010.jpg,49.082172
gs://live-deepfake-methods-real-and-fake-frames-cropped-teams/samples/edge_cases_0094/frames/real/frame_0012.jpg,51.020912
gs://live-deepfake-methods-real-and-fake-frames-cropped-teams/samples/edge_cases_0094/frames/real/frame_0014.jpg,51.421153
gs://live-deepfake-methods-real-and-fake-frames-cropped-teams/samples/edge_cases_0095/frames/real/frame_0004.jpg,137.620767
gs://live-deepfake-methods-real-and-fake-frames-cropped-teams/samples/edge_cases_0095/frames/real/frame_0006.jpg,236.680630
gs://live-deepfake-methods-real-and-fake-frames-cropped-teams/samples/edge_cases_0095/frames/real/frame_0012.jpg,205.882865
gs://live-deepfake-methods-real-and-fake-frames-cropped-teams/samples/edge_cases_0095/frames/real/frame_0014.jpg,163.928402
gs://live-deepfake-methods-real-and-fake-frames-cropped-teams/samples/edge_cases_0101/frames/real/frame_0000.jpg,133.091706
gs://live-deepfake-methods-real-and-fake-frames-cropped-teams/samples/edge_cases_0101/frames/real/frame_0002.jpg,128.301181
gs://live-deepfake-methods-real-and-fake-frames-cropped-teams/samples/edge_cases_0101/frames/real/frame_0004.jpg,142.435627
gs://live-deepfake-methods-real-and-fake-frames-cropped-teams/samples/edge_cases_0101/frames/real/frame_0006.jpg,164.659357
gs://live-deepfake-methods-real-and-fake-frames-cropped-teams/samples/edge_cases_0101/frames/real/frame_0008.jpg,138.723078
gs://live-deepfake-methods-real-and-fake-frames-cropped-teams/samples/edge_cases_0101/frames/real/frame_0010.jpg,151.496222
gs://live-deepfake-methods-real-and-fake-frames-cropped-teams/samples/edge_cases_0101/frames/real/frame_0012.jpg,146.175058
gs://live-deepfake-methods-real-and-fake-frames-cropped-teams/samples/edge_cases_0101/frames/real/frame_0014.jpg,131.479863
gs://live-deepfake-methods-real-and-fake-frames-cropped-teams/samples/edge_cases_0105/frames/real/frame_0000.jpg,205.349722
gs://live-deepfake-methods-real-and-fake-frames-cropped-teams/samples/edge_cases_0105/frames/real/frame_0002.jpg,226.521021
gs://live-deepfake-methods-real-and-fake-frames-cropped-teams/samples/edge_cases_0105/frames/real/frame_0004.jpg,217.755594
gs://live-deepfake-methods-real-and-fake-frames-cropped-teams/samples/edge_cases_0105/frames/real/frame_0006.jpg,217.726009
gs://live-deepfake-methods-real-and-fake-frames-cropped-teams/samples/edge_cases_0105/frames/real/frame_0010.jpg,220.927224
gs://live-deepfake-methods-real-and-fake-frames-cropped-teams/samples/edge_cases_0105/frames/real/frame_0012.jpg,215.671795
gs://live-deepfake-methods-real-and-fake-frames-cropped-teams/samples/edge_cases_0105/frames/real/frame_0014.jpg,224.389928
gs://live-deepfake-methods-real-and-fake-frames-cropped-teams/samples/edge_cases_0106/frames/real/frame_0006.jpg,197.644353
gs://live-deepfake-methods-real-and-fake-frames-cropped-teams/samples/edge_cases_0106/frames/real/frame_0008.jpg,207.639960
gs://live-deepfake-methods-real-and-fake-frames-cropped-teams/samples/edge_cases_0106/frames/real/frame_0010.jpg,219.536060
gs://live-deepfake-methods-real-and-fake-frames-cropped-teams/samples/edge_cases_0106/frames/real/frame_0012.jpg,200.461470
gs://live-deepfake-methods-real-and-fake-frames-cropped-teams/samples/edge_cases_0106/frames/real/frame_0014.jpg,193.852857
gs://live-deepfake-methods-real-and-fake-frames-cropped-teams/samples/edge_cases_0107/frames/real/frame_0000.jpg,101.359566
gs://live-deepfake-methods-real-and-fake-frames-cropped-teams/samples/edge_cases_0107/frames/real/frame_0002.jpg,98.152196
gs://live-deepfake-methods-real-and-fake-frames-cropped-teams/samples/edge_cases_0107/frames/real/frame_0004.jpg,91.658659
gs://live-deepfake-methods-real-and-fake-frames-cropped-teams/samples/edge_cases_0107/frames/real/frame_0006.jpg,96.432503
gs://live-deepfake-methods-real-and-fake-frames-cropped-teams/samples/edge_cases_0107/frames/real/frame_0008.jpg,94.784751
gs://live-deepfake-methods-real-and-fake-frames-cropped-teams/samples/edge_cases_0107/frames/real/frame_0010.jpg,94.259013
gs://live-deepfake-methods-real-and-fake-frames-cropped-teams/samples/edge_cases_0107/frames/real/frame_0012.jpg,108.387995
gs://live-deepfake-methods-real-and-fake-frames-cropped-teams/samples/edge_cases_0107/frames/real/frame_0014.jpg,96.907526
gs://live-deepfake-methods-real-and-fake-frames-cropped-teams/samples/edge_cases_0118/frames/real/frame_0000.jpg,181.738086
gs://live-deepfake-methods-real-and-fake-frames-cropped-teams/samples/edge_cases_0118/frames/real/frame_0002.jpg,113.026472
gs://live-deepfake-methods-real-and-fake-frames-cropped-teams/samples/edge_cases_0118/frames/real/frame_0004.jpg,116.855974
gs://live-deepfake-methods-real-and-fake-frames-cropped-teams/samples/edge_cases_0118/frames/real/frame_0006.jpg,114.935096
gs://live-deepfake-methods-real-and-fake-frames-cropped-teams/samples/edge_cases_0118/frames/real/frame_0008.jpg,112.024400
gs://live-deepfake-methods-real-and-fake-frames-cropped-teams/samples/edge_cases_0118/frames/real/frame_0010.jpg,101.186039
gs://live-deepfake-methods-real-and-fake-frames-cropped-teams/samples/edge_cases_0118/frames/real/frame_0012.jpg,99.332986
gs://live-deepfake-methods-real-and-fake-frames-cropped-teams/samples/edge_cases_0118/frames/real/frame_0014.jpg,102.781695
gs://live-deepfake-methods-real-and-fake-frames-cropped-teams/samples/edge_cases_0120/frames/real/frame_0000.jpg,211.227703
gs://live-deepfake-methods-real-and-fake-frames-cropped-teams/samples/edge_cases_0120/frames/real/frame_0002.jpg,120.511937
gs://live-deepfake-methods-real-and-fake-frames-cropped-teams/samples/edge_cases_0120/frames/real/frame_0004.jpg,118.932760
gs://live-deepfake-methods-real-and-fake-frames-cropped-teams/samples/edge_cases_0120/frames/real/frame_0006.jpg,143.385366
gs://live-deepfake-methods-real-and-fake-frames-cropped-teams/samples/edge_cases_0120/frames/real/frame_0008.jpg,124.360169
gs://live-deepfake-methods-real-and-fake-frames-cropped-teams/samples/edge_cases_0120/frames/real/frame_0010.jpg,88.980421
gs://live-deepfake-methods-real-and-fake-frames-cropped-teams/samples/edge_cases_0120/frames/real/frame_0012.jpg,204.523895
gs://live-deepfake-methods-real-and-fake-frames-cropped-teams/samples/edge_cases_0120/frames/real/frame_0014.jpg,185.505326
gs://live-deepfake-methods-real-and-fake-frames-cropped-teams/samples/edge_cases_0121/frames/real/frame_0000.jpg,67.677882
gs://live-deepfake-methods-real-and-fake-frames-cropped-teams/samples/edge_cases_0121/frames/real/frame_0002.jpg,182.336632
gs://live-deepfake-methods-real-and-fake-frames-cropped-teams/samples/edge_cases_0121/frames/real/frame_0004.jpg,172.392732
gs://live-deepfake-methods-real-and-fake-frames-cropped-teams/samples/edge_cases_0121/frames/real/frame_0006.jpg,68.491560
gs://live-deepfake-methods-real-and-fake-frames-cropped-teams/samples/edge_cases_0121/frames/real/frame_0008.jpg,70.870295
gs://live-deepfake-methods-real-and-fake-frames-cropped-teams/samples/edge_cases_0121/frames/real/frame_0010.jpg,67.170779
gs://live-deepfake-methods-real-and-fake-frames-cropped-teams/samples/edge_cases_0121/frames/real/frame_0012.jpg,99.434650
gs://live-deepfake-methods-real-and-fake-frames-cropped-teams/samples/edge_cases_0121/frames/real/frame_0014.jpg,100.511425
gs://live-deepfake-methods-real-and-fake-frames-cropped-teams/samples/edge_cases_0122/frames/real/frame_0004.jpg,229.104787
gs://live-deepfake-methods-real-and-fake-frames-cropped-teams/samples/edge_cases_0122/frames/real/frame_0006.jpg,238.203586
gs://live-deepfake-methods-real-and-fake-frames-cropped-teams/samples/edge_cases_0124/frames/real/frame_0000.jpg,163.046781
gs://live-deepfake-methods-real-and-fake-frames-cropped-teams/samples/edge_cases_0124/frames/real/frame_0002.jpg,133.119547
gs://live-deepfake-methods-real-and-fake-frames-cropped-teams/samples/edge_cases_0124/frames/real/frame_0004.jpg,136.887601
gs://live-deepfake-methods-real-and-fake-frames-cropped-teams/samples/edge_cases_0124/frames/real/frame_0006.jpg,143.679157
gs://live-deepfake-methods-real-and-fake-frames-cropped-teams/samples/edge_cases_0124/frames/real/frame_0008.jpg,161.460803
gs://live-deepfake-methods-real-and-fake-frames-cropped-teams/samples/edge_cases_0124/frames/real/frame_0010.jpg,117.193345
gs://live-deepfake-methods-real-and-fake-frames-cropped-teams/samples/edge_cases_0124/frames/real/frame_0012.jpg,125.217144
gs://live-deepfake-methods-real-and-fake-frames-cropped-teams/samples/edge_cases_0124/frames/real/frame_0014.jpg,126.017274
gs://live-deepfake-methods-real-and-fake-frames-cropped-teams/samples/edge_cases_0126/frames/real/frame_0000.jpg,99.092169
gs://live-deepfake-methods-real-and-fake-frames-cropped-teams/samples/edge_cases_0126/frames/real/frame_0002.jpg,83.547932
gs://live-deepfake-methods-real-and-fake-frames-cropped-teams/samples/edge_cases_0126/frames/real/frame_0004.jpg,85.826407
gs://live-deepfake-methods-real-and-fake-frames-cropped-teams/samples/edge_cases_0126/frames/real/frame_0006.jpg,83.353156
gs://live-deepfake-methods-real-and-fake-frames-cropped-teams/samples/edge_cases_0126/frames/real/frame_0008.jpg,85.256382
gs://live-deepfake-methods-real-and-fake-frames-cropped-teams/samples/edge_cases_0126/frames/real/frame_0010.jpg,97.217849
gs://live-deepfake-methods-real-and-fake-frames-cropped-teams/samples/edge_cases_0126/frames/real/frame_0012.jpg,85.694082
gs://live-deepfake-methods-real-and-fake-frames-cropped-teams/samples/edge_cases_0126/frames/real/frame_0014.jpg,102.189227
gs://live-deepfake-methods-real-and-fake-frames-cropped-teams/samples/edge_cases_0128/frames/real/frame_0000.jpg,50.584003
gs://live-deepfake-methods-real-and-fake-frames-cropped-teams/samples/edge_cases_0128/frames/real/frame_0002.jpg,49.500750
gs://live-deepfake-methods-real-and-fake-frames-cropped-teams/samples/edge_cases_0128/frames/real/frame_0004.jpg,79.071137
gs://live-deepfake-methods-real-and-fake-frames-cropped-teams/samples/edge_cases_0128/frames/real/frame_0006.jpg,81.612752
gs://live-deepfake-methods-real-and-fake-frames-cropped-teams/samples/edge_cases_0128/frames/real/frame_0008.jpg,67.770624
gs://live-deepfake-methods-real-and-fake-frames-cropped-teams/samples/edge_cases_0128/frames/real/frame_0010.jpg,74.718854
gs://live-deepfake-methods-real-and-fake-frames-cropped-teams/samples/edge_cases_0128/frames/real/frame_0012.jpg,72.556236
gs://live-deepfake-methods-real-and-fake-frames-cropped-teams/samples/edge_cases_0128/frames/real/frame_0014.jpg,81.900475
gs://live-deepfake-methods-real-and-fake-frames-cropped-teams/samples/edge_cases_0130/frames/real/frame_0000.jpg,176.744843
gs://live-deepfake-methods-real-and-fake-frames-cropped-teams/samples/edge_cases_0130/frames/real/frame_0002.jpg,174.772201
gs://live-deepfake-methods-real-and-fake-frames-cropped-teams/samples/edge_cases_0130/frames/real/frame_0004.jpg,191.604156
gs://live-deepfake-methods-real-and-fake-frames-cropped-teams/samples/edge_cases_0130/frames/real/frame_0006.jpg,197.137938
gs://live-deepfake-methods-real-and-fake-frames-cropped-teams/samples/edge_cases_0130/frames/real/frame_0008.jpg,171.678180
gs://live-deepfake-methods-real-and-fake-frames-cropped-teams/samples/edge_cases_0130/frames/real/frame_0010.jpg,178.360145
gs://live-deepfake-methods-real-and-fake-frames-cropped-teams/samples/edge_cases_0130/frames/real/frame_0012.jpg,143.408569
gs://live-deepfake-methods-real-and-fake-frames-cropped-teams/samples/edge_cases_0130/frames/real/frame_0014.jpg,154.300669
gs://live-deepfake-methods-real-and-fake-frames-cropped-teams/samples/edge_cases_0131/frames/real/frame_0012.jpg,250.957273
gs://live-deepfake-methods-real-and-fake-frames-cropped-teams/samples/edge_cases_0131/frames/real/frame_0014.jpg,233.626023
gs://live-deepfake-methods-real-and-fake-frames-cropped-teams/samples/edge_cases_0140/frames/real/frame_0000.jpg,207.830995
gs://live-deepfake-methods-real-and-fake-frames-cropped-teams/samples/edge_cases_0140/frames/real/frame_0004.jpg,247.592570
gs://live-deepfake-methods-real-and-fake-frames-cropped-teams/samples/edge_cases_0140/frames/real/frame_0006.jpg,249.070971
gs://live-deepfake-methods-real-and-fake-frames-cropped-teams/samples/edge_cases_0145/frames/real/frame_0000.jpg,119.993810
gs://live-deepfake-methods-real-and-fake-frames-cropped-teams/samples/edge_cases_0145/frames/real/frame_0002.jpg,117.348374
gs://live-deepfake-methods-real-and-fake-frames-cropped-teams/samples/edge_cases_0145/frames/real/frame_0004.jpg,115.433499
gs://live-deepfake-methods-real-and-fake-frames-cropped-teams/samples/edge_cases_0145/frames/real/frame_0006.jpg,82.508535
gs://live-deepfake-methods-real-and-fake-frames-cropped-teams/samples/edge_cases_0145/frames/real/frame_0008.jpg,77.255505
gs://live-deepfake-methods-real-and-fake-frames-cropped-teams/samples/edge_cases_0145/frames/real/frame_0010.jpg,72.209543
gs://live-deepfake-methods-real-and-fake-frames-cropped-teams/samples/edge_cases_0145/frames/real/frame_0012.jpg,72.607795
gs://live-deepfake-methods-real-and-fake-frames-cropped-teams/samples/edge_cases_0145/frames/real/frame_0014.jpg,73.529055
gs://live-deepfake-methods-real-and-fake-frames-cropped-teams/samples/edge_cases_0154/frames/real/frame_0002.jpg,172.167820
gs://live-deepfake-methods-real-and-fake-frames-cropped-teams/samples/edge_cases_0154/frames/real/frame_0004.jpg,188.947524
gs://live-deepfake-methods-real-and-fake-frames-cropped-teams/samples/edge_cases_0154/frames/real/frame_0006.jpg,146.125895
gs://live-deepfake-methods-real-and-fake-frames-cropped-teams/samples/edge_cases_0154/frames/real/frame_0008.jpg,156.544522
gs://live-deepfake-methods-real-and-fake-frames-cropped-teams/samples/edge_cases_0154/frames/real/frame_0010.jpg,140.903499
gs://live-deepfake-methods-real-and-fake-frames-cropped-teams/samples/edge_cases_0185/frames/real/frame_0004.jpg,247.708084
gs://live-deepfake-methods-real-and-fake-frames-cropped-teams/samples/edge_cases_0185/frames/real/frame_0006.jpg,233.802389
gs://live-deepfake-methods-real-and-fake-frames-cropped-teams/samples/edge_cases_0185/frames/real/frame_0008.jpg,220.024160
gs://live-deepfake-methods-real-and-fake-frames-cropped-teams/samples/edge_cases_0185/frames/real/frame_0010.jpg,228.078567
gs://live-deepfake-methods-real-and-fake-frames-cropped-teams/samples/edge_cases_0185/frames/real/frame_0012.jpg,186.146826
gs://live-deepfake-methods-real-and-fake-frames-cropped-teams/samples/edge_cases_0185/frames/real/frame_0014.jpg,173.361926
gs://live-deepfake-methods-real-and-fake-frames-cropped-teams/samples/edge_cases_0186/frames/real/frame_0000.jpg,243.057179
gs://live-deepfake-methods-real-and-fake-frames-cropped-teams/samples/edge_cases_0186/frames/real/frame_0002.jpg,227.477941
gs://live-deepfake-methods-real-and-fake-frames-cropped-teams/samples/edge_cases_0186/frames/real/frame_0004.jpg,193.410904
gs://live-deepfake-methods-real-and-fake-frames-cropped-teams/samples/edge_cases_0186/frames/real/frame_0006.jpg,189.231800
gs://live-deepfake-methods-real-and-fake-frames-cropped-teams/samples/edge_cases_0186/frames/real/frame_0008.jpg,199.277167
gs://live-deepfake-methods-real-and-fake-frames-cropped-teams/samples/edge_cases_0186/frames/real/frame_0010.jpg,194.705039
gs://live-deepfake-methods-real-and-fake-frames-cropped-teams/samples/edge_cases_0186/frames/real/frame_0012.jpg,175.780501
gs://live-deepfake-methods-real-and-fake-frames-cropped-teams/samples/edge_cases_0186/frames/real/frame_0014.jpg,170.303250
gs://live-deepfake-methods-real-and-fake-frames-cropped-teams/samples/edge_cases_0195/frames/real/frame_0002.jpg,155.161809
gs://live-deepfake-methods-real-and-fake-frames-cropped-teams/samples/edge_cases_0195/frames/real/frame_0004.jpg,136.841728
gs://live-deepfake-methods-real-and-fake-frames-cropped-teams/samples/edge_cases_0195/frames/real/frame_0006.jpg,138.205495
gs://live-deepfake-methods-real-and-fake-frames-cropped-teams/samples/edge_cases_0195/frames/real/frame_0008.jpg,138.041840
gs://live-deepfake-methods-real-and-fake-frames-cropped-teams/samples/edge_cases_0195/frames/real/frame_0010.jpg,140.456909
gs://live-deepfake-methods-real-and-fake-frames-cropped-teams/samples/edge_cases_0195/frames/real/frame_0012.jpg,135.277944
gs://live-deepfake-methods-real-and-fake-frames-cropped-teams/samples/edge_cases_0195/frames/real/frame_0014.jpg,126.395798
gs://live-deepfake-methods-real-and-fake-frames-cropped-teams/samples/edge_cases_0198/frames/real/frame_0000.jpg,56.824752
gs://live-deepfake-methods-real-and-fake-frames-cropped-teams/samples/edge_cases_0198/frames/real/frame_0002.jpg,94.031924
gs://live-deepfake-methods-real-and-fake-frames-cropped-teams/samples/edge_cases_0198/frames/real/frame_0004.jpg,87.097401
gs://live-deepfake-methods-real-and-fake-frames-cropped-teams/samples/edge_cases_0198/frames/real/frame_0006.jpg,93.252697
gs://live-deepfake-methods-real-and-fake-frames-cropped-teams/samples/edge_cases_0198/frames/real/frame_0008.jpg,89.883108
gs://live-deepfake-methods-real-and-fake-frames-cropped-teams/samples/edge_cases_0198/frames/real/frame_0010.jpg,89.091961
gs://live-deepfake-methods-real-and-fake-frames-cropped-teams/samples/edge_cases_0198/frames/real/frame_0012.jpg,99.350524
gs://live-deepfake-methods-real-and-fake-frames-cropped-teams/samples/edge_cases_0198/frames/real/frame_0014.jpg,97.648350
gs://live-deepfake-methods-real-and-fake-frames-cropped-teams/samples/edge_cases_0210/frames/real/frame_0004.jpg,164.207174
gs://live-deepfake-methods-real-and-fake-frames-cropped-teams/samples/edge_cases_0210/frames/real/frame_0006.jpg,158.236798
gs://live-deepfake-methods-real-and-fake-frames-cropped-teams/samples/edge_cases_0210/frames/real/frame_0008.jpg,129.375602
gs://live-deepfake-methods-real-and-fake-frames-cropped-teams/samples/edge_cases_0210/frames/real/frame_0010.jpg,218.618072
gs://live-deepfake-methods-real-and-fake-frames-cropped-teams/samples/edge_cases_0210/frames/real/frame_0012.jpg,207.845473
gs://live-deepfake-methods-real-and-fake-frames-cropped-teams/samples/edge_cases_0210/frames/real/frame_0014.jpg,184.879240
gs://live-deepfake-methods-real-and-fake-frames-cropped-teams/samples/edge_cases_0212/frames/real/frame_0000.jpg,34.389824
gs://live-deepfake-methods-real-and-fake-frames-cropped-teams/samples/edge_cases_0212/frames/real/frame_0002.jpg,36.985777
gs://live-deepfake-methods-real-and-fake-frames-cropped-teams/samples/edge_cases_0212/frames/real/frame_0004.jpg,38.184588
gs://live-deepfake-methods-real-and-fake-frames-cropped-teams/samples/edge_cases_0212/frames/real/frame_0006.jpg,37.129761
gs://live-deepfake-methods-real-and-fake-frames-cropped-teams/samples/edge_cases_0212/frames/real/frame_0008.jpg,33.706799
gs://live-deepfake-methods-real-and-fake-frames-cropped-teams/samples/edge_cases_0212/frames/real/frame_0010.jpg,33.813987
gs://live-deepfake-methods-real-and-fake-frames-cropped-teams/samples/edge_cases_0212/frames/real/frame_0012.jpg,38.190607
gs://live-deepfake-methods-real-and-fake-frames-cropped-teams/samples/edge_cases_0212/frames/real/frame_0014.jpg,34.482014
gs://live-deepfake-methods-real-and-fake-frames-cropped-teams/samples/edge_cases_0231/frames/real/frame_0000.jpg,138.916364
gs://live-deepfake-methods-real-and-fake-frames-cropped-teams/samples/edge_cases_0231/frames/real/frame_0002.jpg,132.946193
gs://live-deepfake-methods-real-and-fake-frames-cropped-teams/samples/edge_cases_0231/frames/real/frame_0004.jpg,138.460910
gs://live-deepfake-methods-real-and-fake-frames-cropped-teams/samples/edge_cases_0231/frames/real/frame_0006.jpg,136.768662
gs://live-deepfake-methods-real-and-fake-frames-cropped-teams/samples/edge_cases_0231/frames/real/frame_0008.jpg,173.572767
gs://live-deepfake-methods-real-and-fake-frames-cropped-teams/samples/edge_cases_0231/frames/real/frame_0010.jpg,207.583915
gs://live-deepfake-methods-real-and-fake-frames-cropped-teams/samples/edge_cases_0231/frames/real/frame_0012.jpg,189.504699
gs://live-deepfake-methods-real-and-fake-frames-cropped-teams/samples/edge_cases_0231/frames/real/frame_0014.jpg,213.894200
gs://live-deepfake-methods-real-and-fake-frames-cropped-teams/samples/edge_cases_0233/frames/real/frame_0000.jpg,205.815716
gs://live-deepfake-methods-real-and-fake-frames-cropped-teams/samples/edge_cases_0233/frames/real/frame_0002.jpg,165.799852
gs://live-deepfake-methods-real-and-fake-frames-cropped-teams/samples/edge_cases_0233/frames/real/frame_0004.jpg,158.995630
gs://live-deepfake-methods-real-and-fake-frames-cropped-teams/samples/edge_cases_0233/frames/real/frame_0006.jpg,149.772325
gs://live-deepfake-methods-real-and-fake-frames-cropped-teams/samples/edge_cases_0233/frames/real/frame_0008.jpg,199.136902
gs://live-deepfake-methods-real-and-fake-frames-cropped-teams/samples/edge_cases_0233/frames/real/frame_0014.jpg,242.441786
gs://live-deepfake-methods-real-and-fake-frames-cropped-teams/samples/edge_cases_0234/frames/real/frame_0000.jpg,116.184491
gs://live-deepfake-methods-real-and-fake-frames-cropped-teams/samples/edge_cases_0234/frames/real/frame_0002.jpg,116.151887
gs://live-deepfake-methods-real-and-fake-frames-cropped-teams/samples/edge_cases_0234/frames/real/frame_0004.jpg,145.696541
gs://live-deepfake-methods-real-and-fake-frames-cropped-teams/samples/edge_cases_0234/frames/real/frame_0006.jpg,123.715873
gs://live-deepfake-methods-real-and-fake-frames-cropped-teams/samples/edge_cases_0234/frames/real/frame_0008.jpg,154.891568
gs://live-deepfake-methods-real-and-fake-frames-cropped-teams/samples/edge_cases_0234/frames/real/frame_0010.jpg,134.173288
gs://live-deepfake-methods-real-and-fake-frames-cropped-teams/samples/edge_cases_0234/frames/real/frame_0012.jpg,141.513367
gs://live-deepfake-methods-real-and-fake-frames-cropped-teams/samples/edge_cases_0234/frames/real/frame_0014.jpg,116.168389
gs://live-deepfake-methods-real-and-fake-frames-cropped-teams/samples/edge_cases_0238/frames/real/frame_0000.jpg,80.515197
gs://live-deepfake-methods-real-and-fake-frames-cropped-teams/samples/edge_cases_0238/frames/real/frame_0002.jpg,110.004362
gs://live-deepfake-methods-real-and-fake-frames-cropped-teams/samples/edge_cases_0238/frames/real/frame_0004.jpg,85.927605
gs://live-deepfake-methods-real-and-fake-frames-cropped-teams/samples/edge_cases_0238/frames/real/frame_0006.jpg,60.635852
gs://live-deepfake-methods-real-and-fake-frames-cropped-teams/samples/edge_cases_0238/frames/real/frame_0008.jpg,61.848685
gs://live-deepfake-methods-real-and-fake-frames-cropped-teams/samples/edge_cases_0238/frames/real/frame_0010.jpg,90.907583
gs://live-deepfake-methods-real-and-fake-frames-cropped-teams/samples/edge_cases_0238/frames/real/frame_0012.jpg,111.671433
gs://live-deepfake-methods-real-and-fake-frames-cropped-teams/samples/edge_cases_0238/frames/real/frame_0014.jpg,67.219194
gs://live-deepfake-methods-real-and-fake-frames-cropped-teams/samples/edge_cases_0240/frames/real/frame_0000.jpg,164.804450
gs://live-deepfake-methods-real-and-fake-frames-cropped-teams/samples/edge_cases_0240/frames/real/frame_0002.jpg,159.248559
gs://live-deepfake-methods-real-and-fake-frames-cropped-teams/samples/edge_cases_0240/frames/real/frame_0004.jpg,154.585626
gs://live-deepfake-methods-real-and-fake-frames-cropped-teams/samples/edge_cases_0240/frames/real/frame_0006.jpg,156.518224
gs://live-deepfake-methods-real-and-fake-frames-cropped-teams/samples/edge_cases_0240/frames/real/frame_0008.jpg,160.537545
gs://live-deepfake-methods-real-and-fake-frames-cropped-teams/samples/edge_cases_0241/frames/real/frame_0000.jpg,120.735244
gs://live-deepfake-methods-real-and-fake-frames-cropped-teams/samples/edge_cases_0242/frames/real/frame_0000.jpg,85.635671
gs://live-deepfake-methods-real-and-fake-frames-cropped-teams/samples/edge_cases_0242/frames/real/frame_0002.jpg,85.791516
gs://live-deepfake-methods-real-and-fake-frames-cropped-teams/samples/edge_cases_0242/frames/real/frame_0004.jpg,90.118339
gs://live-deepfake-methods-real-and-fake-frames-cropped-teams/samples/edge_cases_0242/frames/real/frame_0006.jpg,77.792849
gs://live-deepfake-methods-real-and-fake-frames-cropped-teams/samples/edge_cases_0242/frames/real/frame_0008.jpg,81.009582
gs://live-deepfake-methods-real-and-fake-frames-cropped-teams/samples/edge_cases_0242/frames/real/frame_0010.jpg,69.476275
gs://live-deepfake-methods-real-and-fake-frames-cropped-teams/samples/edge_cases_0242/frames/real/frame_0012.jpg,80.951088
gs://live-deepfake-methods-real-and-fake-frames-cropped-teams/samples/edge_cases_0242/frames/real/frame_0014.jpg,92.281700
gs://live-deepfake-methods-real-and-fake-frames-cropped-teams/samples/edge_cases_0245/frames/real/frame_0000.jpg,172.572949
gs://live-deepfake-methods-real-and-fake-frames-cropped-teams/samples/edge_cases_0245/frames/real/frame_0002.jpg,198.951099
gs://live-deepfake-methods-real-and-fake-frames-cropped-teams/samples/edge_cases_0252/frames/real/frame_0000.jpg,68.276524
gs://live-deepfake-methods-real-and-fake-frames-cropped-teams/samples/edge_cases_0252/frames/real/frame_0002.jpg,136.137879
gs://live-deepfake-methods-real-and-fake-frames-cropped-teams/samples/edge_cases_0252/frames/real/frame_0004.jpg,119.905184
gs://live-deepfake-methods-real-and-fake-frames-cropped-teams/samples/edge_cases_0252/frames/real/frame_0006.jpg,131.710853
gs://live-deepfake-methods-real-and-fake-frames-cropped-teams/samples/edge_cases_0252/frames/real/frame_0008.jpg,151.052067
gs://live-deepfake-methods-real-and-fake-frames-cropped-teams/samples/edge_cases_0252/frames/real/frame_0010.jpg,115.457008
gs://live-deepfake-methods-real-and-fake-frames-cropped-teams/samples/edge_cases_0252/frames/real/frame_0012.jpg,104.948722
gs://live-deepfake-methods-real-and-fake-frames-cropped-teams/samples/edge_cases_0252/frames/real/frame_0014.jpg,88.925262
gs://live-deepfake-methods-real-and-fake-frames-cropped-teams/samples/edge_cases_0253/frames/real/frame_0000.jpg,102.874873
gs://live-deepfake-methods-real-and-fake-frames-cropped-teams/samples/edge_cases_0253/frames/real/frame_0002.jpg,99.098698
gs://live-deepfake-methods-real-and-fake-frames-cropped-teams/samples/edge_cases_0253/frames/real/frame_0004.jpg,105.345207
gs://live-deepfake-methods-real-and-fake-frames-cropped-teams/samples/edge_cases_0253/frames/real/frame_0006.jpg,106.391109
gs://live-deepfake-methods-real-and-fake-frames-cropped-teams/samples/edge_cases_0253/frames/real/frame_0008.jpg,90.068149
gs://live-deepfake-methods-real-and-fake-frames-cropped-teams/samples/edge_cases_0253/frames/real/frame_0010.jpg,103.654898
gs://live-deepfake-methods-real-and-fake-frames-cropped-teams/samples/edge_cases_0253/frames/real/frame_0012.jpg,92.881072
gs://live-deepfake-methods-real-and-fake-frames-cropped-teams/samples/edge_cases_0253/frames/real/frame_0014.jpg,106.044373
gs://live-deepfake-methods-real-and-fake-frames-cropped-teams/samples/edge_cases_0265/frames/real/frame_0000.jpg,39.167860
gs://live-deepfake-methods-real-and-fake-frames-cropped-teams/samples/edge_cases_0265/frames/real/frame_0002.jpg,50.132427
gs://live-deepfake-methods-real-and-fake-frames-cropped-teams/samples/edge_cases_0265/frames/real/frame_0004.jpg,29.714242
gs://live-deepfake-methods-real-and-fake-frames-cropped-teams/samples/edge_cases_0265/frames/real/frame_0006.jpg,58.509299
gs://live-deepfake-methods-real-and-fake-frames-cropped-teams/samples/edge_cases_0265/frames/real/frame_0008.jpg,192.356733
gs://live-deepfake-methods-real-and-fake-frames-cropped-teams/samples/edge_cases_0265/frames/real/frame_0010.jpg,183.422398
gs://live-deepfake-methods-real-and-fake-frames-cropped-teams/samples/edge_cases_0265/frames/real/frame_0012.jpg,108.277144
gs://live-deepfake-methods-real-and-fake-frames-cropped-teams/samples/edge_cases_0269/frames/real/frame_0000.jpg,59.366324
gs://live-deepfake-methods-real-and-fake-frames-cropped-teams/samples/edge_cases_0269/frames/real/frame_0002.jpg,57.286158
gs://live-deepfake-methods-real-and-fake-frames-cropped-teams/samples/edge_cases_0269/frames/real/frame_0004.jpg,60.758969
gs://live-deepfake-methods-real-and-fake-frames-cropped-teams/samples/edge_cases_0269/frames/real/frame_0006.jpg,63.403722
gs://live-deepfake-methods-real-and-fake-frames-cropped-teams/samples/edge_cases_0269/frames/real/frame_0008.jpg,92.389250
gs://live-deepfake-methods-real-and-fake-frames-cropped-teams/samples/edge_cases_0269/frames/real/frame_0010.jpg,62.613368
gs://live-deepfake-methods-real-and-fake-frames-cropped-teams/samples/edge_cases_0269/frames/real/frame_0012.jpg,73.340840
gs://live-deepfake-methods-real-and-fake-frames-cropped-teams/samples/edge_cases_0269/frames/real/frame_0014.jpg,108.175235
gs://live-deepfake-methods-real-and-fake-frames-cropped-teams/samples/edge_cases_0274/frames/real/frame_0000.jpg,30.417666
gs://live-deepfake-methods-real-and-fake-frames-cropped-teams/samples/edge_cases_0274/frames/real/frame_0002.jpg,31.966452
gs://live-deepfake-methods-real-and-fake-frames-cropped-teams/samples/edge_cases_0274/frames/real/frame_0004.jpg,35.268551
gs://live-deepfake-methods-real-and-fake-frames-cropped-teams/samples/edge_cases_0274/frames/real/frame_0006.jpg,61.682475
gs://live-deepfake-methods-real-and-fake-frames-cropped-teams/samples/edge_cases_0274/frames/real/frame_0008.jpg,84.569489
gs://live-deepfake-methods-real-and-fake-frames-cropped-teams/samples/edge_cases_0274/frames/real/frame_0010.jpg,79.078314
gs://live-deepfake-methods-real-and-fake-frames-cropped-teams/samples/edge_cases_0274/frames/real/frame_0012.jpg,63.899129
gs://live-deepfake-methods-real-and-fake-frames-cropped-teams/samples/edge_cases_0274/frames/real/frame_0014.jpg,77.951102
gs://live-deepfake-methods-real-and-fake-frames-cropped-teams/samples/edge_cases_0275/frames/real/frame_0000.jpg,207.289738
gs://live-deepfake-methods-real-and-fake-frames-cropped-teams/samples/edge_cases_0275/frames/real/frame_0002.jpg,238.964487
gs://live-deepfake-methods-real-and-fake-frames-cropped-teams/samples/edge_cases_0275/frames/real/frame_0008.jpg,195.826499
gs://live-deepfake-methods-real-and-fake-frames-cropped-teams/samples/edge_cases_0275/frames/real/frame_0010.jpg,203.369338
gs://live-deepfake-methods-real-and-fake-frames-cropped-teams/samples/edge_cases_0275/frames/real/frame_0012.jpg,215.576489
gs://live-deepfake-methods-real-and-fake-frames-cropped-teams/samples/edge_cases_0275/frames/real/frame_0014.jpg,217.138251
gs://live-deepfake-methods-real-and-fake-frames-cropped-teams/samples/edge_cases_0279/frames/real/frame_0000.jpg,133.268314
gs://live-deepfake-methods-real-and-fake-frames-cropped-teams/samples/edge_cases_0279/frames/real/frame_0002.jpg,115.107193
gs://live-deepfake-methods-real-and-fake-frames-cropped-teams/samples/edge_cases_0279/frames/real/frame_0004.jpg,189.027149
gs://live-deepfake-methods-real-and-fake-frames-cropped-teams/samples/edge_cases_0279/frames/real/frame_0006.jpg,170.028391
gs://live-deepfake-methods-real-and-fake-frames-cropped-teams/samples/edge_cases_0279/frames/real/frame_0008.jpg,237.127146
gs://live-deepfake-methods-real-and-fake-frames-cropped-teams/samples/edge_cases_0279/frames/real/frame_0010.jpg,148.618257
gs://live-deepfake-methods-real-and-fake-frames-cropped-teams/samples/edge_cases_0279/frames/real/frame_0012.jpg,164.723269
gs://live-deepfake-methods-real-and-fake-frames-cropped-teams/samples/edge_cases_0279/frames/real/frame_0014.jpg,234.527900
gs://live-deepfake-methods-real-and-fake-frames-cropped-teams/samples/edge_cases_0300/frames/real/frame_0000.jpg,105.835308
gs://live-deepfake-methods-real-and-fake-frames-cropped-teams/samples/edge_cases_0300/frames/real/frame_0002.jpg,96.431957
gs://live-deepfake-methods-real-and-fake-frames-cropped-teams/samples/edge_cases_0300/frames/real/frame_0004.jpg,95.497645
gs://live-deepfake-methods-real-and-fake-frames-cropped-teams/samples/edge_cases_0300/frames/real/frame_0006.jpg,98.201187
gs://live-deepfake-methods-real-and-fake-frames-cropped-teams/samples/edge_cases_0300/frames/real/frame_0008.jpg,95.918661
gs://live-deepfake-methods-real-and-fake-frames-cropped-teams/samples/edge_cases_0302/frames/real/frame_0000.jpg,79.316501
gs://live-deepfake-methods-real-and-fake-frames-cropped-teams/samples/edge_cases_0302/frames/real/frame_0002.jpg,82.985388
gs://live-deepfake-methods-real-and-fake-frames-cropped-teams/samples/edge_cases_0302/frames/real/frame_0004.jpg,121.616671
gs://live-deepfake-methods-real-and-fake-frames-cropped-teams/samples/edge_cases_0302/frames/real/frame_0006.jpg,128.679402
gs://live-deepfake-methods-real-and-fake-frames-cropped-teams/samples/edge_cases_0302/frames/real/frame_0008.jpg,134.030732
gs://live-deepfake-methods-real-and-fake-frames-cropped-teams/samples/edge_cases_0302/frames/real/frame_0010.jpg,119.500379
gs://live-deepfake-methods-real-and-fake-frames-cropped-teams/samples/edge_cases_0302/frames/real/frame_0012.jpg,116.286488
gs://live-deepfake-methods-real-and-fake-frames-cropped-teams/samples/edge_cases_0302/frames/real/frame_0014.jpg,124.468155
gs://live-deepfake-methods-real-and-fake-frames-cropped-teams/samples/edge_cases_0305/frames/real/frame_0000.jpg,68.682935
gs://live-deepfake-methods-real-and-fake-frames-cropped-teams/samples/edge_cases_0305/frames/real/frame_0002.jpg,71.132472
gs://live-deepfake-methods-real-and-fake-frames-cropped-teams/samples/edge_cases_0305/frames/real/frame_0004.jpg,58.098589
gs://live-deepfake-methods-real-and-fake-frames-cropped-teams/samples/edge_cases_0342/frames/real/frame_0000.jpg,224.848104
gs://live-deepfake-methods-real-and-fake-frames-cropped-teams/samples/edge_cases_0342/frames/real/frame_0008.jpg,228.613018
gs://live-deepfake-methods-real-and-fake-frames-cropped-teams/samples/edge_cases_0342/frames/real/frame_0012.jpg,223.690617
gs://live-deepfake-methods-real-and-fake-frames-cropped-teams/samples/edge_cases_0345/frames/real/frame_0000.jpg,132.765506
gs://live-deepfake-methods-real-and-fake-frames-cropped-teams/samples/edge_cases_0345/frames/real/frame_0002.jpg,133.647084
gs://live-deepfake-methods-real-and-fake-frames-cropped-teams/samples/edge_cases_0345/frames/real/frame_0004.jpg,112.859030
gs://live-deepfake-methods-real-and-fake-frames-cropped-teams/samples/edge_cases_0345/frames/real/frame_0006.jpg,118.930190
gs://live-deepfake-methods-real-and-fake-frames-cropped-teams/samples/edge_cases_0345/frames/real/frame_0008.jpg,110.548280
gs://live-deepfake-methods-real-and-fake-frames-cropped-teams/samples/edge_cases_0345/frames/real/frame_0010.jpg,92.128298
gs://live-deepfake-methods-real-and-fake-frames-cropped-teams/samples/edge_cases_0345/frames/real/frame_0012.jpg,103.051151
gs://live-deepfake-methods-real-and-fake-frames-cropped-teams/samples/edge_cases_0345/frames/real/frame_0014.jpg,95.154229
gs://live-deepfake-methods-real-and-fake-frames-cropped-teams/samples/edge_cases_0357/frames/real/frame_0000.jpg,107.366724
gs://live-deepfake-methods-real-and-fake-frames-cropped-teams/samples/edge_cases_0357/frames/real/frame_0002.jpg,99.617090
gs://live-deepfake-methods-real-and-fake-frames-cropped-teams/samples/edge_cases_0357/frames/real/frame_0004.jpg,111.786549
gs://live-deepfake-methods-real-and-fake-frames-cropped-teams/samples/edge_cases_0357/frames/real/frame_0006.jpg,122.419386
gs://live-deepfake-methods-real-and-fake-frames-cropped-teams/samples/edge_cases_0357/frames/real/frame_0008.jpg,113.602975
gs://live-deepfake-methods-real-and-fake-frames-cropped-teams/samples/edge_cases_0357/frames/real/frame_0010.jpg,138.899044
gs://live-deepfake-methods-real-and-fake-frames-cropped-teams/samples/edge_cases_0357/frames/real/frame_0012.jpg,141.436400
gs://live-deepfake-methods-real-and-fake-frames-cropped-teams/samples/edge_cases_0357/frames/real/frame_0014.jpg,131.761778
gs://live-deepfake-methods-real-and-fake-frames-cropped-teams/samples/edge_cases_0362/frames/real/frame_0000.jpg,84.027434
gs://live-deepfake-methods-real-and-fake-frames-cropped-teams/samples/edge_cases_0362/frames/real/frame_0002.jpg,89.479311
gs://live-deepfake-methods-real-and-fake-frames-cropped-teams/samples/edge_cases_0362/frames/real/frame_0004.jpg,72.884591
gs://live-deepfake-methods-real-and-fake-frames-cropped-teams/samples/edge_cases_0362/frames/real/frame_0006.jpg,95.635650
gs://live-deepfake-methods-real-and-fake-frames-cropped-teams/samples/edge_cases_0362/frames/real/frame_0008.jpg,129.259184
gs://live-deepfake-methods-real-and-fake-frames-cropped-teams/samples/edge_cases_0362/frames/real/frame_0010.jpg,144.212094
gs://live-deepfake-methods-real-and-fake-frames-cropped-teams/samples/edge_cases_0362/frames/real/frame_0012.jpg,139.032048
gs://live-deepfake-methods-real-and-fake-frames-cropped-teams/samples/edge_cases_0362/frames/real/frame_0014.jpg,129.557375
gs://live-deepfake-methods-real-and-fake-frames-cropped-teams/samples/edge_cases_0377/frames/real/frame_0000.jpg,38.910041
gs://live-deepfake-methods-real-and-fake-frames-cropped-teams/samples/edge_cases_0377/frames/real/frame_0002.jpg,31.452555
gs://live-deepfake-methods-real-and-fake-frames-cropped-teams/samples/edge_cases_0377/frames/real/frame_0004.jpg,33.937625
gs://live-deepfake-methods-real-and-fake-frames-cropped-teams/samples/edge_cases_0377/frames/real/frame_0006.jpg,32.199453
gs://live-deepfake-methods-real-and-fake-frames-cropped-teams/samples/edge_cases_0377/frames/real/frame_0008.jpg,34.208543
gs://live-deepfake-methods-real-and-fake-frames-cropped-teams/samples/edge_cases_0377/frames/real/frame_0010.jpg,32.224288
gs://live-deepfake-methods-real-and-fake-frames-cropped-teams/samples/edge_cases_0377/frames/real/frame_0012.jpg,39.060886
gs://live-deepfake-methods-real-and-fake-frames-cropped-teams/samples/edge_cases_0377/frames/real/frame_0014.jpg,27.678611
gs://live-deepfake-methods-real-and-fake-frames-cropped-teams/samples/edge_cases_0386/frames/real/frame_0008.jpg,142.149011
gs://live-deepfake-methods-real-and-fake-frames-cropped-teams/samples/edge_cases_0386/frames/real/frame_0010.jpg,147.925717
gs://live-deepfake-methods-real-and-fake-frames-cropped-teams/samples/edge_cases_0386/frames/real/frame_0012.jpg,173.754958
gs://live-deepfake-methods-real-and-fake-frames-cropped-teams/samples/edge_cases_0386/frames/real/frame_0014.jpg,187.306062
gs://live-deepfake-methods-real-and-fake-frames-cropped-teams/samples/edge_cases_0398/frames/real/frame_0000.jpg,115.150010
gs://live-deepfake-methods-real-and-fake-frames-cropped-teams/samples/edge_cases_0398/frames/real/frame_0002.jpg,124.314002
gs://live-deepfake-methods-real-and-fake-frames-cropped-teams/samples/edge_cases_0398/frames/real/frame_0004.jpg,112.807266
gs://live-deepfake-methods-real-and-fake-frames-cropped-teams/samples/edge_cases_0398/frames/real/frame_0006.jpg,87.783946
gs://live-deepfake-methods-real-and-fake-frames-cropped-teams/samples/edge_cases_0398/frames/real/frame_0008.jpg,92.745871
gs://live-deepfake-methods-real-and-fake-frames-cropped-teams/samples/edge_cases_0398/frames/real/frame_0010.jpg,120.380503
gs://live-deepfake-methods-real-and-fake-frames-cropped-teams/samples/edge_cases_0398/frames/real/frame_0012.jpg,117.181095
gs://live-deepfake-methods-real-and-fake-frames-cropped-teams/samples/edge_cases_0398/frames/real/frame_0014.jpg,97.396662
gs://live-deepfake-methods-real-and-fake-frames-cropped-teams/samples/edge_cases_0407/frames/real/frame_0000.jpg,229.516759
gs://live-deepfake-methods-real-and-fake-frames-cropped-teams/samples/edge_cases_0407/frames/real/frame_0002.jpg,233.982633
gs://live-deepfake-methods-real-and-fake-frames-cropped-teams/samples/edge_cases_0407/frames/real/frame_0004.jpg,220.107708
gs://live-deepfake-methods-real-and-fake-frames-cropped-teams/samples/edge_cases_0407/frames/real/frame_0008.jpg,223.454621
gs://live-deepfake-methods-real-and-fake-frames-cropped-teams/samples/edge_cases_0407/frames/real/frame_0010.jpg,207.986007
gs://live-deepfake-methods-real-and-fake-frames-cropped-teams/samples/edge_cases_0407/frames/real/frame_0012.jpg,213.547402
gs://live-deepfake-methods-real-and-fake-frames-cropped-teams/samples/edge_cases_0407/frames/real/frame_0014.jpg,207.877109
gs://live-deepfake-methods-real-and-fake-frames-cropped-teams/samples/edge_cases_0442/frames/real/frame_0000.jpg,131.412533
gs://live-deepfake-methods-real-and-fake-frames-cropped-teams/samples/edge_cases_0442/frames/real/frame_0002.jpg,126.865958
gs://live-deepfake-methods-real-and-fake-frames-cropped-teams/samples/edge_cases_0442/frames/real/frame_0004.jpg,110.634170
gs://live-deepfake-methods-real-and-fake-frames-cropped-teams/samples/edge_cases_0442/frames/real/frame_0006.jpg,111.192011
gs://live-deepfake-methods-real-and-fake-frames-cropped-teams/samples/edge_cases_0442/frames/real/frame_0008.jpg,142.174725
gs://live-deepfake-methods-real-and-fake-frames-cropped-teams/samples/edge_cases_0442/frames/real/frame_0010.jpg,136.343302
gs://live-deepfake-methods-real-and-fake-frames-cropped-teams/samples/edge_cases_0442/frames/real/frame_0012.jpg,105.330786
gs://live-deepfake-methods-real-and-fake-frames-cropped-teams/samples/edge_cases_0442/frames/real/frame_0014.jpg,129.660261
gs://live-deepfake-methods-real-and-fake-frames-cropped-teams/samples/edge_cases_0457/frames/real/frame_0000.jpg,137.295994
gs://live-deepfake-methods-real-and-fake-frames-cropped-teams/samples/edge_cases_0457/frames/real/frame_0002.jpg,113.887460
gs://live-deepfake-methods-real-and-fake-frames-cropped-teams/samples/edge_cases_0457/frames/real/frame_0004.jpg,148.583921
gs://live-deepfake-methods-real-and-fake-frames-cropped-teams/samples/edge_cases_0457/frames/real/frame_0006.jpg,133.394008
gs://live-deepfake-methods-real-and-fake-frames-cropped-teams/samples/edge_cases_0457/frames/real/frame_0008.jpg,148.711055
gs://live-deepfake-methods-real-and-fake-frames-cropped-teams/samples/edge_cases_0457/frames/real/frame_0010.jpg,144.307613
gs://live-deepfake-methods-real-and-fake-frames-cropped-teams/samples/edge_cases_0457/frames/real/frame_0012.jpg,141.232949
gs://live-deepfake-methods-real-and-fake-frames-cropped-teams/samples/edge_cases_0457/frames/real/frame_0014.jpg,83.947950
gs://live-deepfake-methods-real-and-fake-frames-cropped-teams/samples/edge_cases_0472/frames/real/frame_0000.jpg,246.642650
gs://live-deepfake-methods-real-and-fake-frames-cropped-teams/samples/edge_cases_0472/frames/real/frame_0002.jpg,236.872626
gs://live-deepfake-methods-real-and-fake-frames-cropped-teams/samples/edge_cases_0492/frames/real/frame_0004.jpg,154.676487
gs://live-deepfake-methods-real-and-fake-frames-cropped-teams/samples/edge_cases_0492/frames/real/frame_0006.jpg,99.671842
gs://live-deepfake-methods-real-and-fake-frames-cropped-teams/samples/edge_cases_0492/frames/real/frame_0008.jpg,75.362704
gs://live-deepfake-methods-real-and-fake-frames-cropped-teams/samples/edge_cases_0492/frames/real/frame_0012.jpg,239.982870
gs://live-deepfake-methods-real-and-fake-frames-cropped-teams/samples/edge_cases_0492/frames/real/frame_0014.jpg,109.010913
gs://live-deepfake-methods-real-and-fake-frames-cropped-teams/samples/edge_cases_0503/frames/real/frame_0000.jpg,24.003694
gs://live-deepfake-methods-real-and-fake-frames-cropped-teams/samples/edge_cases_0503/frames/real/frame_0002.jpg,85.516472
gs://live-deepfake-methods-real-and-fake-frames-cropped-teams/samples/edge_cases_0503/frames/real/frame_0004.jpg,59.117069
gs://live-deepfake-methods-real-and-fake-frames-cropped-teams/samples/edge_cases_0503/frames/real/frame_0006.jpg,37.168206
gs://live-deepfake-methods-real-and-fake-frames-cropped-teams/samples/edge_cases_0503/frames/real/frame_0008.jpg,136.936102
gs://live-deepfake-methods-real-and-fake-frames-cropped-teams/samples/edge_cases_0503/frames/real/frame_0010.jpg,121.063759
gs://live-deepfake-methods-real-and-fake-frames-cropped-teams/samples/edge_cases_0503/frames/real/frame_0012.jpg,198.577001
gs://live-deepfake-methods-real-and-fake-frames-cropped-teams/samples/edge_cases_0503/frames/real/frame_0014.jpg,185.766315
gs://live-deepfake-methods-real-and-fake-frames-cropped-teams/samples/edge_cases_0511/frames/real/frame_0000.jpg,75.472642
gs://live-deepfake-methods-real-and-fake-frames-cropped-teams/samples/edge_cases_0511/frames/real/frame_0002.jpg,73.645056
gs://live-deepfake-methods-real-and-fake-frames-cropped-teams/samples/edge_cases_0511/frames/real/frame_0004.jpg,153.660428
gs://live-deepfake-methods-real-and-fake-frames-cropped-teams/samples/edge_cases_0511/frames/real/frame_0006.jpg,141.157551
gs://live-deepfake-methods-real-and-fake-frames-cropped-teams/samples/edge_cases_0511/frames/real/frame_0008.jpg,157.437940
gs://live-deepfake-methods-real-and-fake-frames-cropped-teams/samples/edge_cases_0511/frames/real/frame_0010.jpg,94.261796
gs://live-deepfake-methods-real-and-fake-frames-cropped-teams/samples/edge_cases_0511/frames/real/frame_0012.jpg,68.115767
gs://live-deepfake-methods-real-and-fake-frames-cropped-teams/samples/edge_cases_0511/frames/real/frame_0014.jpg,73.962424
gs://live-deepfake-methods-real-and-fake-frames-cropped-teams/samples/edge_cases_0519/frames/real/frame_0000.jpg,76.745990
gs://live-deepfake-methods-real-and-fake-frames-cropped-teams/samples/edge_cases_0525/frames/real/frame_0000.jpg,51.505923
gs://live-deepfake-methods-real-and-fake-frames-cropped-teams/samples/edge_cases_0525/frames/real/frame_0002.jpg,52.632956
gs://live-deepfake-methods-real-and-fake-frames-cropped-teams/samples/edge_cases_0525/frames/real/frame_0004.jpg,64.760728
gs://live-deepfake-methods-real-and-fake-frames-cropped-teams/samples/edge_cases_0525/frames/real/frame_0006.jpg,52.366095
gs://live-deepfake-methods-real-and-fake-frames-cropped-teams/samples/edge_cases_0525/frames/real/frame_0008.jpg,47.247937
gs://live-deepfake-methods-real-and-fake-frames-cropped-teams/samples/edge_cases_0525/frames/real/frame_0010.jpg,45.026975
gs://live-deepfake-methods-real-and-fake-frames-cropped-teams/samples/edge_cases_0525/frames/real/frame_0012.jpg,39.423223
gs://live-deepfake-methods-real-and-fake-frames-cropped-teams/samples/edge_cases_0525/frames/real/frame_0014.jpg,51.436836
gs://live-deepfake-methods-real-and-fake-frames-cropped-teams/samples/edge_cases_0528/frames/real/frame_0000.jpg,91.294256
gs://live-deepfake-methods-real-and-fake-frames-cropped-teams/samples/edge_cases_0528/frames/real/frame_0002.jpg,104.981379
gs://live-deepfake-methods-real-and-fake-frames-cropped-teams/samples/edge_cases_0528/frames/real/frame_0004.jpg,84.852707
gs://live-deepfake-methods-real-and-fake-frames-cropped-teams/samples/edge_cases_0528/frames/real/frame_0006.jpg,99.319826
gs://live-deepfake-methods-real-and-fake-frames-cropped-teams/samples/edge_cases_0528/frames/real/frame_0008.jpg,90.946125
gs://live-deepfake-methods-real-and-fake-frames-cropped-teams/samples/edge_cases_0528/frames/real/frame_0010.jpg,82.273578
gs://live-deepfake-methods-real-and-fake-frames-cropped-teams/samples/edge_cases_0528/frames/real/frame_0012.jpg,86.571962
gs://live-deepfake-methods-real-and-fake-frames-cropped-teams/samples/edge_cases_0528/frames/real/frame_0014.jpg,75.684327
gs://live-deepfake-methods-real-and-fake-frames-cropped-teams/samples/edge_cases_0534/frames/real/frame_0000.jpg,206.979367
gs://live-deepfake-methods-real-and-fake-frames-cropped-teams/samples/edge_cases_0534/frames/real/frame_0004.jpg,191.399955
gs://live-deepfake-methods-real-and-fake-frames-cropped-teams/samples/edge_cases_0534/frames/real/frame_0006.jpg,197.682607
gs://live-deepfake-methods-real-and-fake-frames-cropped-teams/samples/edge_cases_0534/frames/real/frame_0010.jpg,241.462117
gs://live-deepfake-methods-real-and-fake-frames-cropped-teams/samples/edge_cases_0534/frames/real/frame_0012.jpg,206.189907
gs://live-deepfake-methods-real-and-fake-frames-cropped-teams/samples/edge_cases_0541/frames/real/frame_0000.jpg,52.165738
gs://live-deepfake-methods-real-and-fake-frames-cropped-teams/samples/edge_cases_0541/frames/real/frame_0002.jpg,52.585694
gs://live-deepfake-methods-real-and-fake-frames-cropped-teams/samples/edge_cases_0541/frames/real/frame_0004.jpg,69.337278
gs://live-deepfake-methods-real-and-fake-frames-cropped-teams/samples/edge_cases_0541/frames/real/frame_0006.jpg,66.465454
gs://live-deepfake-methods-real-and-fake-frames-cropped-teams/samples/edge_cases_0541/frames/real/frame_0008.jpg,60.883917
gs://live-deepfake-methods-real-and-fake-frames-cropped-teams/samples/edge_cases_0541/frames/real/frame_0010.jpg,75.192553
gs://live-deepfake-methods-real-and-fake-frames-cropped-teams/samples/edge_cases_0541/frames/real/frame_0012.jpg,70.608437
gs://live-deepfake-methods-real-and-fake-frames-cropped-teams/samples/edge_cases_0541/frames/real/frame_0014.jpg,69.231088
gs://live-deepfake-methods-real-and-fake-frames-cropped-teams/samples/edge_cases_0553/frames/real/frame_0004.jpg,192.959978
gs://live-deepfake-methods-real-and-fake-frames-cropped-teams/samples/edge_cases_0553/frames/real/frame_0006.jpg,187.925803
gs://live-deepfake-methods-real-and-fake-frames-cropped-teams/samples/edge_cases_0553/frames/real/frame_0008.jpg,175.142741
gs://live-deepfake-methods-real-and-fake-frames-cropped-teams/samples/edge_cases_0553/frames/real/frame_0010.jpg,185.982745
gs://live-deepfake-methods-real-and-fake-frames-cropped-teams/samples/edge_cases_0553/frames/real/frame_0012.jpg,118.597783
gs://live-deepfake-methods-real-and-fake-frames-cropped-teams/samples/edge_cases_0554/frames/real/frame_0000.jpg,132.975500
gs://live-deepfake-methods-real-and-fake-frames-cropped-teams/samples/edge_cases_0554/frames/real/frame_0002.jpg,115.769936
gs://live-deepfake-methods-real-and-fake-frames-cropped-teams/samples/edge_cases_0554/frames/real/frame_0004.jpg,99.529646
gs://live-deepfake-methods-real-and-fake-frames-cropped-teams/samples/edge_cases_0554/frames/real/frame_0006.jpg,168.709346
gs://live-deepfake-methods-real-and-fake-frames-cropped-teams/samples/edge_cases_0554/frames/real/frame_0008.jpg,143.492293
gs://live-deepfake-methods-real-and-fake-frames-cropped-teams/samples/edge_cases_0554/frames/real/frame_0010.jpg,138.136671
gs://live-deepfake-methods-real-and-fake-frames-cropped-teams/samples/edge_cases_0554/frames/real/frame_0012.jpg,95.076189
gs://live-deepfake-methods-real-and-fake-frames-cropped-teams/samples/edge_cases_0554/frames/real/frame_0014.jpg,153.700719
gs://live-deepfake-methods-real-and-fake-frames-cropped-teams/samples/edge_cases_0568/frames/real/frame_0000.jpg,154.742796
gs://live-deepfake-methods-real-and-fake-frames-cropped-teams/samples/edge_cases_0568/frames/real/frame_0002.jpg,128.875552
gs://live-deepfake-methods-real-and-fake-frames-cropped-teams/samples/edge_cases_0568/frames/real/frame_0004.jpg,122.222074
gs://live-deepfake-methods-real-and-fake-frames-cropped-teams/samples/edge_cases_0568/frames/real/frame_0006.jpg,117.894200
gs://live-deepfake-methods-real-and-fake-frames-cropped-teams/samples/edge_cases_0568/frames/real/frame_0008.jpg,222.716553
gs://live-deepfake-methods-real-and-fake-frames-cropped-teams/samples/edge_cases_0568/frames/real/frame_0014.jpg,195.065896
gs://live-deepfake-methods-real-and-fake-frames-cropped-teams/samples/edge_cases_0569/frames/real/frame_0002.jpg,211.398249
gs://live-deepfake-methods-real-and-fake-frames-cropped-teams/samples/edge_cases_0569/frames/real/frame_0004.jpg,204.529731
gs://live-deepfake-methods-real-and-fake-frames-cropped-teams/samples/edge_cases_0569/frames/real/frame_0006.jpg,230.724794
gs://live-deepfake-methods-real-and-fake-frames-cropped-teams/samples/edge_cases_0577/frames/real/frame_0000.jpg,156.372611
gs://live-deepfake-methods-real-and-fake-frames-cropped-teams/samples/edge_cases_0577/frames/real/frame_0002.jpg,150.500763
gs://live-deepfake-methods-real-and-fake-frames-cropped-teams/samples/edge_cases_0577/frames/real/frame_0004.jpg,139.531535
gs://live-deepfake-methods-real-and-fake-frames-cropped-teams/samples/edge_cases_0577/frames/real/frame_0006.jpg,170.733166
gs://live-deepfake-methods-real-and-fake-frames-cropped-teams/samples/edge_cases_0577/frames/real/frame_0010.jpg,208.268182
gs://live-deepfake-methods-real-and-fake-frames-cropped-teams/samples/edge_cases_0587/frames/real/frame_0000.jpg,238.455362
gs://live-deepfake-methods-real-and-fake-frames-cropped-teams/samples/edge_cases_0587/frames/real/frame_0002.jpg,242.968551
gs://live-deepfake-methods-real-and-fake-frames-cropped-teams/samples/edge_cases_0587/frames/real/frame_0010.jpg,238.576807
gs://live-deepfake-methods-real-and-fake-frames-cropped-teams/samples/edge_cases_0591/frames/real/frame_0000.jpg,106.636495
gs://live-deepfake-methods-real-and-fake-frames-cropped-teams/samples/edge_cases_0591/frames/real/frame_0002.jpg,103.608640
gs://live-deepfake-methods-real-and-fake-frames-cropped-teams/samples/edge_cases_0591/frames/real/frame_0004.jpg,108.976497
gs://live-deepfake-methods-real-and-fake-frames-cropped-teams/samples/edge_cases_0591/frames/real/frame_0006.jpg,81.579556
gs://live-deepfake-methods-real-and-fake-frames-cropped-teams/samples/edge_cases_0591/frames/real/frame_0008.jpg,113.663096
gs://live-deepfake-methods-real-and-fake-frames-cropped-teams/samples/edge_cases_0591/frames/real/frame_0010.jpg,168.350384
gs://live-deepfake-methods-real-and-fake-frames-cropped-teams/samples/edge_cases_0591/frames/real/frame_0012.jpg,160.707375
gs://live-deepfake-methods-real-and-fake-frames-cropped-teams/samples/edge_cases_0591/frames/real/frame_0014.jpg,70.030233
gs://live-deepfake-methods-real-and-fake-frames-cropped-teams/samples/edge_cases_0601/frames/real/frame_0000.jpg,233.573719
gs://live-deepfake-methods-real-and-fake-frames-cropped-teams/samples/edge_cases_0601/frames/real/frame_0002.jpg,246.369730
gs://live-deepfake-methods-real-and-fake-frames-cropped-teams/samples/edge_cases_0601/frames/real/frame_0004.jpg,241.641097
gs://live-deepfake-methods-real-and-fake-frames-cropped-teams/samples/edge_cases_0601/frames/real/frame_0006.jpg,241.675987
gs://live-deepfake-methods-real-and-fake-frames-cropped-teams/samples/edge_cases_0601/frames/real/frame_0008.jpg,250.269876
gs://live-deepfake-methods-real-and-fake-frames-cropped-teams/samples/edge_cases_0601/frames/real/frame_0010.jpg,245.271181
gs://live-deepfake-methods-real-and-fake-frames-cropped-teams/samples/edge_cases_0601/frames/real/frame_0012.jpg,191.521417
gs://live-deepfake-methods-real-and-fake-frames-cropped-teams/samples/edge_cases_0603/frames/real/frame_0000.jpg,123.503936
gs://live-deepfake-methods-real-and-fake-frames-cropped-teams/samples/edge_cases_0603/frames/real/frame_0010.jpg,251.257476
gs://live-deepfake-methods-real-and-fake-frames-cropped-teams/samples/edge_cases_0603/frames/real/frame_0012.jpg,249.563708
gs://live-deepfake-methods-real-and-fake-frames-cropped-teams/samples/edge_cases_0625/frames/real/frame_0000.jpg,188.131789
gs://live-deepfake-methods-real-and-fake-frames-cropped-teams/samples/edge_cases_0625/frames/real/frame_0002.jpg,208.892148
gs://live-deepfake-methods-real-and-fake-frames-cropped-teams/samples/edge_cases_0625/frames/real/frame_0008.jpg,230.883760
gs://live-deepfake-methods-real-and-fake-frames-cropped-teams/samples/edge_cases_0625/frames/real/frame_0010.jpg,238.026329
gs://live-deepfake-methods-real-and-fake-frames-cropped-teams/samples/edge_cases_0640/frames/real/frame_0000.jpg,100.886541
gs://live-deepfake-methods-real-and-fake-frames-cropped-teams/samples/edge_cases_0640/frames/real/frame_0002.jpg,115.675331
gs://live-deepfake-methods-real-and-fake-frames-cropped-teams/samples/edge_cases_0640/frames/real/frame_0004.jpg,102.946407
gs://live-deepfake-methods-real-and-fake-frames-cropped-teams/samples/edge_cases_0640/frames/real/frame_0006.jpg,128.573760
gs://live-deepfake-methods-real-and-fake-frames-cropped-teams/samples/edge_cases_0640/frames/real/frame_0008.jpg,115.799968
gs://live-deepfake-methods-real-and-fake-frames-cropped-teams/samples/edge_cases_0640/frames/real/frame_0010.jpg,103.597590
gs://live-deepfake-methods-real-and-fake-frames-cropped-teams/samples/edge_cases_0640/frames/real/frame_0012.jpg,115.025360
gs://live-deepfake-methods-real-and-fake-frames-cropped-teams/samples/edge_cases_0640/frames/real/frame_0014.jpg,112.567553
gs://live-deepfake-methods-real-and-fake-frames-cropped-teams/samples/edge_cases_0646/frames/real/frame_0000.jpg,148.316391
gs://live-deepfake-methods-real-and-fake-frames-cropped-teams/samples/edge_cases_0646/frames/real/frame_0006.jpg,55.334041
gs://live-deepfake-methods-real-and-fake-frames-cropped-teams/samples/edge_cases_0646/frames/real/frame_0008.jpg,49.103336
gs://live-deepfake-methods-real-and-fake-frames-cropped-teams/samples/edge_cases_0646/frames/real/frame_0010.jpg,67.979547
gs://live-deepfake-methods-real-and-fake-frames-cropped-teams/samples/edge_cases_0646/frames/real/frame_0012.jpg,86.978275
gs://live-deepfake-methods-real-and-fake-frames-cropped-teams/samples/edge_cases_0646/frames/real/frame_0014.jpg,69.300639
gs://live-deepfake-methods-real-and-fake-frames-cropped-teams/samples/edge_cases_0694/frames/real/frame_0000.jpg,110.433928
gs://live-deepfake-methods-real-and-fake-frames-cropped-teams/samples/edge_cases_0694/frames/real/frame_0002.jpg,158.975958
gs://live-deepfake-methods-real-and-fake-frames-cropped-teams/samples/edge_cases_0694/frames/real/frame_0004.jpg,168.664399
gs://live-deepfake-methods-real-and-fake-frames-cropped-teams/samples/edge_cases_0694/frames/real/frame_0006.jpg,138.486666
gs://live-deepfake-methods-real-and-fake-frames-cropped-teams/samples/edge_cases_0694/frames/real/frame_0008.jpg,133.101683
gs://live-deepfake-methods-real-and-fake-frames-cropped-teams/samples/edge_cases_0694/frames/real/frame_0010.jpg,147.529535
gs://live-deepfake-methods-real-and-fake-frames-cropped-teams/samples/edge_cases_0694/frames/real/frame_0012.jpg,136.070623
gs://live-deepfake-methods-real-and-fake-frames-cropped-teams/samples/edge_cases_0694/frames/real/frame_0014.jpg,90.474788
gs://live-deepfake-methods-real-and-fake-frames-cropped-teams/samples/edge_cases_0697/frames/real/frame_0000.jpg,111.360354
gs://live-deepfake-methods-real-and-fake-frames-cropped-teams/samples/edge_cases_0697/frames/real/frame_0002.jpg,88.764469
gs://live-deepfake-methods-real-and-fake-frames-cropped-teams/samples/edge_cases_0697/frames/real/frame_0004.jpg,128.565523
gs://live-deepfake-methods-real-and-fake-frames-cropped-teams/samples/edge_cases_0697/frames/real/frame_0006.jpg,119.745036
gs://live-deepfake-methods-real-and-fake-frames-cropped-teams/samples/edge_cases_0697/frames/real/frame_0008.jpg,141.147142
gs://live-deepfake-methods-real-and-fake-frames-cropped-teams/samples/edge_cases_0697/frames/real/frame_0010.jpg,144.752392
gs://live-deepfake-methods-real-and-fake-frames-cropped-teams/samples/edge_cases_0697/frames/real/frame_0012.jpg,147.680434
gs://live-deepfake-methods-real-and-fake-frames-cropped-teams/samples/edge_cases_0697/frames/real/frame_0014.jpg,147.894373
gs://live-deepfake-methods-real-and-fake-frames-cropped-teams/samples/edge_cases_0728/frames/real/frame_0014.jpg,6.779216
gs://live-deepfake-methods-real-and-fake-frames-cropped-teams/samples/edge_cases_0730/frames/real/frame_0000.jpg,75.869045
gs://live-deepfake-methods-real-and-fake-frames-cropped-teams/samples/edge_cases_0730/frames/real/frame_0002.jpg,74.272451
gs://live-deepfake-methods-real-and-fake-frames-cropped-teams/samples/edge_cases_0730/frames/real/frame_0004.jpg,80.519328
gs://live-deepfake-methods-real-and-fake-frames-cropped-teams/samples/edge_cases_0730/frames/real/frame_0006.jpg,75.416190
gs://live-deepfake-methods-real-and-fake-frames-cropped-teams/samples/edge_cases_0730/frames/real/frame_0008.jpg,75.799148
gs://live-deepfake-methods-real-and-fake-frames-cropped-teams/samples/edge_cases_0730/frames/real/frame_0010.jpg,69.165388
gs://live-deepfake-methods-real-and-fake-frames-cropped-teams/samples/edge_cases_0730/frames/real/frame_0012.jpg,81.562683
gs://live-deepfake-methods-real-and-fake-frames-cropped-teams/samples/edge_cases_0755/frames/real/frame_0000.jpg,249.496447
gs://live-deepfake-methods-real-and-fake-frames-cropped-teams/samples/edge_cases_0755/frames/real/frame_0002.jpg,232.640158
gs://live-deepfake-methods-real-and-fake-frames-cropped-teams/samples/edge_cases_0755/frames/real/frame_0004.jpg,215.972517
gs://live-deepfake-methods-real-and-fake-frames-cropped-teams/samples/edge_cases_0755/frames/real/frame_0006.jpg,220.239191
gs://live-deepfake-methods-real-and-fake-frames-cropped-teams/samples/edge_cases_0755/frames/real/frame_0008.jpg,212.639145
gs://live-deepfake-methods-real-and-fake-frames-cropped-teams/samples/edge_cases_0762/frames/real/frame_0000.jpg,94.146156
gs://live-deepfake-methods-real-and-fake-frames-cropped-teams/samples/edge_cases_0762/frames/real/frame_0002.jpg,77.045855
gs://live-deepfake-methods-real-and-fake-frames-cropped-teams/samples/edge_cases_0762/frames/real/frame_0004.jpg,51.774523
gs://live-deepfake-methods-real-and-fake-frames-cropped-teams/samples/edge_cases_0763/frames/real/frame_0000.jpg,110.108567
gs://live-deepfake-methods-real-and-fake-frames-cropped-teams/samples/edge_cases_0763/frames/real/frame_0002.jpg,73.311338
gs://live-deepfake-methods-real-and-fake-frames-cropped-teams/samples/edge_cases_0763/frames/real/frame_0004.jpg,91.235767
gs://live-deepfake-methods-real-and-fake-frames-cropped-teams/samples/edge_cases_0763/frames/real/frame_0006.jpg,187.864537
gs://live-deepfake-methods-real-and-fake-frames-cropped-teams/samples/edge_cases_0763/frames/real/frame_0008.jpg,167.027589
gs://live-deepfake-methods-real-and-fake-frames-cropped-teams/samples/edge_cases_0763/frames/real/frame_0010.jpg,43.901850
gs://live-deepfake-methods-real-and-fake-frames-cropped-teams/samples/edge_cases_0763/frames/real/frame_0012.jpg,44.973718
gs://live-deepfake-methods-real-and-fake-frames-cropped-teams/samples/edge_cases_0763/frames/real/frame_0014.jpg,149.763126
gs://live-deepfake-methods-real-and-fake-frames-cropped-teams/samples/edge_cases_0775/frames/real/frame_0000.jpg,4.136194
gs://live-deepfake-methods-real-and-fake-frames-cropped-teams/samples/edge_cases_0775/frames/real/frame_0002.jpg,11.772324
gs://live-deepfake-methods-real-and-fake-frames-cropped-teams/samples/edge_cases_0775/frames/real/frame_0004.jpg,83.133462
gs://live-deepfake-methods-real-and-fake-frames-cropped-teams/samples/edge_cases_0775/frames/real/frame_0006.jpg,73.790864
gs://live-deepfake-methods-real-and-fake-frames-cropped-teams/samples/edge_cases_0775/frames/real/frame_0008.jpg,204.700779
gs://live-deepfake-methods-real-and-fake-frames-cropped-teams/samples/edge_cases_0775/frames/real/frame_0010.jpg,194.037868
gs://live-deepfake-methods-real-and-fake-frames-cropped-teams/samples/edge_cases_0775/frames/real/frame_0012.jpg,233.164339
gs://live-deepfake-methods-real-and-fake-frames-cropped-teams/samples/edge_cases_0777/frames/real/frame_0012.jpg,107.026057
gs://live-deepfake-methods-real-and-fake-frames-cropped-teams/samples/edge_cases_0784/frames/real/frame_0006.jpg,188.238057
gs://live-deepfake-methods-real-and-fake-frames-cropped-teams/samples/edge_cases_0784/frames/real/frame_0008.jpg,144.684175
gs://live-deepfake-methods-real-and-fake-frames-cropped-teams/samples/edge_cases_0785/frames/real/frame_0008.jpg,64.180723
gs://live-deepfake-methods-real-and-fake-frames-cropped-teams/samples/edge_cases_0785/frames/real/frame_0014.jpg,65.517689
gs://live-deepfake-methods-real-and-fake-frames-cropped-teams/samples/edge_cases_0800/frames/real/frame_0000.jpg,188.503616
gs://live-deepfake-methods-real-and-fake-frames-cropped-teams/samples/edge_cases_0800/frames/real/frame_0002.jpg,191.058941
gs://live-deepfake-methods-real-and-fake-frames-cropped-teams/samples/edge_cases_0800/frames/real/frame_0004.jpg,154.929141
gs://live-deepfake-methods-real-and-fake-frames-cropped-teams/samples/edge_cases_0800/frames/real/frame_0006.jpg,220.731793
gs://live-deepfake-methods-real-and-fake-frames-cropped-teams/samples/edge_cases_0800/frames/real/frame_0008.jpg,224.887113
gs://live-deepfake-methods-real-and-fake-frames-cropped-teams/samples/edge_cases_0800/frames/real/frame_0010.jpg,246.867788
gs://live-deepfake-methods-real-and-fake-frames-cropped-teams/samples/edge_cases_0802/frames/real/frame_0000.jpg,152.285963
gs://live-deepfake-methods-real-and-fake-frames-cropped-teams/samples/edge_cases_0802/frames/real/frame_0002.jpg,221.369348
gs://live-deepfake-methods-real-and-fake-frames-cropped-teams/samples/edge_cases_0802/frames/real/frame_0004.jpg,174.831282
gs://live-deepfake-methods-real-and-fake-frames-cropped-teams/samples/edge_cases_0802/frames/real/frame_0006.jpg,146.128420
gs://live-deepfake-methods-real-and-fake-frames-cropped-teams/samples/edge_cases_0802/frames/real/frame_0010.jpg,204.011957
gs://live-deepfake-methods-real-and-fake-frames-cropped-teams/samples/edge_cases_0802/frames/real/frame_0012.jpg,184.840642
gs://live-deepfake-methods-real-and-fake-frames-cropped-teams/samples/edge_cases_0802/frames/real/frame_0014.jpg,201.671885
gs://live-deepfake-methods-real-and-fake-frames-cropped-teams/samples/edge_cases_0825/frames/real/frame_0002.jpg,244.047180
gs://live-deepfake-methods-real-and-fake-frames-cropped-teams/samples/edge_cases_0825/frames/real/frame_0004.jpg,224.975254
gs://live-deepfake-methods-real-and-fake-frames-cropped-teams/samples/edge_cases_0825/frames/real/frame_0012.jpg,215.542215
gs://live-deepfake-methods-real-and-fake-frames-cropped-teams/samples/edge_cases_0825/frames/real/frame_0014.jpg,203.604184
gs://live-deepfake-methods-real-and-fake-frames-cropped-teams/samples/edge_cases_0828/frames/real/frame_0000.jpg,199.716249
gs://live-deepfake-methods-real-and-fake-frames-cropped-teams/samples/edge_cases_0828/frames/real/frame_0002.jpg,206.627782
gs://live-deepfake-methods-real-and-fake-frames-cropped-teams/samples/edge_cases_0828/frames/real/frame_0004.jpg,205.123771
gs://live-deepfake-methods-real-and-fake-frames-cropped-teams/samples/edge_cases_0828/frames/real/frame_0006.jpg,205.899207
gs://live-deepfake-methods-real-and-fake-frames-cropped-teams/samples/edge_cases_0828/frames/real/frame_0008.jpg,212.874501
gs://live-deepfake-methods-real-and-fake-frames-cropped-teams/samples/edge_cases_0828/frames/real/frame_0010.jpg,208.743213
gs://live-deepfake-methods-real-and-fake-frames-cropped-teams/samples/edge_cases_0828/frames/real/frame_0012.jpg,211.119134
gs://live-deepfake-methods-real-and-fake-frames-cropped-teams/samples/edge_cases_0828/frames/real/frame_0014.jpg,207.078972
gs://live-deepfake-methods-real-and-fake-frames-cropped-teams/samples/edge_cases_0841/frames/real/frame_0000.jpg,112.872787
gs://live-deepfake-methods-real-and-fake-frames-cropped-teams/samples/edge_cases_0841/frames/real/frame_0002.jpg,136.419180
gs://live-deepfake-methods-real-and-fake-frames-cropped-teams/samples/edge_cases_0841/frames/real/frame_0004.jpg,112.877300
gs://live-deepfake-methods-real-and-fake-frames-cropped-teams/samples/edge_cases_0841/frames/real/frame_0006.jpg,139.228807
gs://live-deepfake-methods-real-and-fake-frames-cropped-teams/samples/edge_cases_0841/frames/real/frame_0008.jpg,129.662424
gs://live-deepfake-methods-real-and-fake-frames-cropped-teams/samples/edge_cases_0841/frames/real/frame_0010.jpg,118.794929
gs://live-deepfake-methods-real-and-fake-frames-cropped-teams/samples/edge_cases_0841/frames/real/frame_0012.jpg,118.343605
gs://live-deepfake-methods-real-and-fake-frames-cropped-teams/samples/edge_cases_0841/frames/real/frame_0014.jpg,122.161693
gs://live-deepfake-methods-real-and-fake-frames-cropped-teams/samples/edge_cases_0842/frames/real/frame_0000.jpg,90.646538
gs://live-deepfake-methods-real-and-fake-frames-cropped-teams/samples/edge_cases_0842/frames/real/frame_0002.jpg,102.227292
gs://live-deepfake-methods-real-and-fake-frames-cropped-teams/samples/edge_cases_0842/frames/real/frame_0004.jpg,93.673034
gs://live-deepfake-methods-real-and-fake-frames-cropped-teams/samples/edge_cases_0842/frames/real/frame_0006.jpg,110.865835
gs://live-deepfake-methods-real-and-fake-frames-cropped-teams/samples/edge_cases_0842/frames/real/frame_0008.jpg,101.837185
gs://live-deepfake-methods-real-and-fake-frames-cropped-teams/samples/edge_cases_0842/frames/real/frame_0010.jpg,100.822341
gs://live-deepfake-methods-real-and-fake-frames-cropped-teams/samples/edge_cases_0842/frames/real/frame_0012.jpg,110.314743
gs://live-deepfake-methods-real-and-fake-frames-cropped-teams/samples/edge_cases_0842/frames/real/frame_0014.jpg,105.870375
gs://live-deepfake-methods-real-and-fake-frames-cropped-teams/samples/edge_cases_0877/frames/real/frame_0000.jpg,152.299702
gs://live-deepfake-methods-real-and-fake-frames-cropped-teams/samples/edge_cases_0877/frames/real/frame_0002.jpg,159.990591
gs://live-deepfake-methods-real-and-fake-frames-cropped-teams/samples/edge_cases_0877/frames/real/frame_0004.jpg,160.479832
gs://live-deepfake-methods-real-and-fake-frames-cropped-teams/samples/edge_cases_0877/frames/real/frame_0006.jpg,218.691581
gs://live-deepfake-methods-real-and-fake-frames-cropped-teams/samples/edge_cases_0877/frames/real/frame_0008.jpg,228.012328
gs://live-deepfake-methods-real-and-fake-frames-cropped-teams/samples/edge_cases_0877/frames/real/frame_0010.jpg,244.883788
gs://live-deepfake-methods-real-and-fake-frames-cropped-teams/samples/edge_cases_0877/frames/real/frame_0012.jpg,236.258308
gs://live-deepfake-methods-real-and-fake-frames-cropped-teams/samples/edge_cases_0877/frames/real/frame_0014.jpg,179.430857
gs://live-deepfake-methods-real-and-fake-frames-cropped-teams/samples/edge_cases_0890/frames/real/frame_0000.jpg,159.970968
gs://live-deepfake-methods-real-and-fake-frames-cropped-teams/samples/edge_cases_0890/frames/real/frame_0002.jpg,137.017706
gs://live-deepfake-methods-real-and-fake-frames-cropped-teams/samples/edge_cases_0890/frames/real/frame_0004.jpg,140.056879
gs://live-deepfake-methods-real-and-fake-frames-cropped-teams/samples/edge_cases_0890/frames/real/frame_0006.jpg,116.053982
gs://live-deepfake-methods-real-and-fake-frames-cropped-teams/samples/edge_cases_0890/frames/real/frame_0008.jpg,150.270229
gs://live-deepfake-methods-real-and-fake-frames-cropped-teams/samples/edge_cases_0890/frames/real/frame_0010.jpg,163.716476
gs://live-deepfake-methods-real-and-fake-frames-cropped-teams/samples/edge_cases_0890/frames/real/frame_0012.jpg,144.154052
gs://live-deepfake-methods-real-and-fake-frames-cropped-teams/samples/edge_cases_0890/frames/real/frame_0014.jpg,94.125220
gs://live-deepfake-methods-real-and-fake-frames-cropped-teams/samples/edge_cases_0899/frames/real/frame_0004.jpg,249.897722
gs://live-deepfake-methods-real-and-fake-frames-cropped-teams/samples/edge_cases_0899/frames/real/frame_0006.jpg,126.151162
gs://live-deepfake-methods-real-and-fake-frames-cropped-teams/samples/edge_cases_0899/frames/real/frame_0008.jpg,140.504061
gs://live-deepfake-methods-real-and-fake-frames-cropped-teams/samples/edge_cases_0899/frames/real/frame_0012.jpg,184.134717
gs://live-deepfake-methods-real-and-fake-frames-cropped-teams/samples/edge_cases_0899/frames/real/frame_0014.jpg,174.251597
gs://live-deepfake-methods-real-and-fake-frames-cropped-teams/samples/edge_cases_0901/frames/real/frame_0000.jpg,215.944699
gs://live-deepfake-methods-real-and-fake-frames-cropped-teams/samples/edge_cases_0901/frames/real/frame_0002.jpg,207.436652
gs://live-deepfake-methods-real-and-fake-frames-cropped-teams/samples/edge_cases_0901/frames/real/frame_0004.jpg,192.067670
gs://live-deepfake-methods-real-and-fake-frames-cropped-teams/samples/edge_cases_0901/frames/real/frame_0006.jpg,178.175191
gs://live-deepfake-methods-real-and-fake-frames-cropped-teams/samples/edge_cases_0901/frames/real/frame_0008.jpg,180.230680
gs://live-deepfake-methods-real-and-fake-frames-cropped-teams/samples/edge_cases_0901/frames/real/frame_0010.jpg,161.767675
gs://live-deepfake-methods-real-and-fake-frames-cropped-teams/samples/edge_cases_0901/frames/real/frame_0012.jpg,185.627054
gs://live-deepfake-methods-real-and-fake-frames-cropped-teams/samples/edge_cases_0901/frames/real/frame_0014.jpg,202.683943
gs://live-deepfake-methods-real-and-fake-frames-cropped-teams/samples/edge_cases_0912/frames/real/frame_0004.jpg,27.164422
gs://live-deepfake-methods-real-and-fake-frames-cropped-teams/samples/edge_cases_0912/frames/real/frame_0006.jpg,28.617966
gs://live-deepfake-methods-real-and-fake-frames-cropped-teams/samples/edge_cases_0912/frames/real/frame_0008.jpg,32.106526
gs://live-deepfake-methods-real-and-fake-frames-cropped-teams/samples/edge_cases_0912/frames/real/frame_0010.jpg,32.717724
gs://live-deepfake-methods-real-and-fake-frames-cropped-teams/samples/edge_cases_0912/frames/real/frame_0012.jpg,27.969825
gs://live-deepfake-methods-real-and-fake-frames-cropped-teams/samples/edge_cases_0912/frames/real/frame_0014.jpg,29.401861
gs://live-deepfake-methods-real-and-fake-frames-cropped-teams/samples/edge_cases_0913/frames/real/frame_0000.jpg,127.948132
gs://live-deepfake-methods-real-and-fake-frames-cropped-teams/samples/edge_cases_0913/frames/real/frame_0002.jpg,103.512731
gs://live-deepfake-methods-real-and-fake-frames-cropped-teams/samples/edge_cases_0913/frames/real/frame_0004.jpg,106.987916
gs://live-deepfake-methods-real-and-fake-frames-cropped-teams/samples/edge_cases_0913/frames/real/frame_0006.jpg,98.927483
gs://live-deepfake-methods-real-and-fake-frames-cropped-teams/samples/edge_cases_0913/frames/real/frame_0008.jpg,133.728125
gs://live-deepfake-methods-real-and-fake-frames-cropped-teams/samples/edge_cases_0913/frames/real/frame_0010.jpg,82.474416
gs://live-deepfake-methods-real-and-fake-frames-cropped-teams/samples/edge_cases_0916/frames/real/frame_0000.jpg,173.140529
gs://live-deepfake-methods-real-and-fake-frames-cropped-teams/samples/edge_cases_0916/frames/real/frame_0002.jpg,151.593063
gs://live-deepfake-methods-real-and-fake-frames-cropped-teams/samples/edge_cases_0920/frames/real/frame_0002.jpg,27.985402
gs://live-deepfake-methods-real-and-fake-frames-cropped-teams/samples/edge_cases_0920/frames/real/frame_0004.jpg,24.643309
gs://live-deepfake-methods-real-and-fake-frames-cropped-teams/samples/edge_cases_0920/frames/real/frame_0006.jpg,25.719522
gs://live-deepfake-methods-real-and-fake-frames-cropped-teams/samples/edge_cases_0920/frames/real/frame_0008.jpg,26.419923
gs://live-deepfake-methods-real-and-fake-frames-cropped-teams/samples/edge_cases_0920/frames/real/frame_0010.jpg,24.670690
gs://live-deepfake-methods-real-and-fake-frames-cropped-teams/samples/edge_cases_0920/frames/real/frame_0012.jpg,23.667347
gs://live-deepfake-methods-real-and-fake-frames-cropped-teams/samples/edge_cases_0920/frames/real/frame_0014.jpg,25.702936
gs://live-deepfake-methods-real-and-fake-frames-cropped-teams/samples/edge_cases_0933/frames/real/frame_0000.jpg,38.537892
gs://live-deepfake-methods-real-and-fake-frames-cropped-teams/samples/edge_cases_0933/frames/real/frame_0002.jpg,99.494485
gs://live-deepfake-methods-real-and-fake-frames-cropped-teams/samples/edge_cases_0933/frames/real/frame_0004.jpg,248.048196
gs://live-deepfake-methods-real-and-fake-frames-cropped-teams/samples/edge_cases_0933/frames/real/frame_0006.jpg,176.365205
gs://live-deepfake-methods-real-and-fake-frames-cropped-teams/samples/edge_cases_0933/frames/real/frame_0008.jpg,184.903042
gs://live-deepfake-methods-real-and-fake-frames-cropped-teams/samples/edge_cases_0933/frames/real/frame_0010.jpg,135.470196
gs://live-deepfake-methods-real-and-fake-frames-cropped-teams/samples/edge_cases_0933/frames/real/frame_0012.jpg,102.462005
gs://live-deepfake-methods-real-and-fake-frames-cropped-teams/samples/edge_cases_0933/frames/real/frame_0014.jpg,122.165868
gs://live-deepfake-methods-real-and-fake-frames-cropped-teams/samples/edge_cases_0940/frames/real/frame_0000.jpg,132.595091
gs://live-deepfake-methods-real-and-fake-frames-cropped-teams/samples/edge_cases_0940/frames/real/frame_0002.jpg,95.061090
gs://live-deepfake-methods-real-and-fake-frames-cropped-teams/samples/edge_cases_0940/frames/real/frame_0004.jpg,92.468788
gs://live-deepfake-methods-real-and-fake-frames-cropped-teams/samples/edge_cases_0940/frames/real/frame_0010.jpg,99.391730
gs://live-deepfake-methods-real-and-fake-frames-cropped-teams/samples/edge_cases_0940/frames/real/frame_0012.jpg,97.922676
gs://live-deepfake-methods-real-and-fake-frames-cropped-teams/samples/edge_cases_0940/frames/real/frame_0014.jpg,61.648149
gs://live-deepfake-methods-real-and-fake-frames-cropped-teams/samples/edge_cases_0952/frames/real/frame_0012.jpg,206.731624
gs://live-deepfake-methods-real-and-fake-frames-cropped-teams/samples/edge_cases_0952/frames/real/frame_0014.jpg,251.685993
gs://live-deepfake-methods-real-and-fake-frames-cropped-teams/samples/edge_cases_0983/frames/real/frame_0004.jpg,185.683037
gs://live-deepfake-methods-real-and-fake-frames-cropped-teams/samples/edge_cases_0986/frames/real/frame_0000.jpg,161.322224
gs://live-deepfake-methods-real-and-fake-frames-cropped-teams/samples/edge_cases_0986/frames/real/frame_0002.jpg,119.584662
gs://live-deepfake-methods-real-and-fake-frames-cropped-teams/samples/edge_cases_0986/frames/real/frame_0004.jpg,188.955938
gs://live-deepfake-methods-real-and-fake-frames-cropped-teams/samples/edge_cases_0986/frames/real/frame_0006.jpg,111.470325
gs://live-deepfake-methods-real-and-fake-frames-cropped-teams/samples/edge_cases_0986/frames/real/frame_0008.jpg,127.661778
gs://live-deepfake-methods-real-and-fake-frames-cropped-teams/samples/edge_cases_0986/frames/real/frame_0010.jpg,131.600549
gs://live-deepfake-methods-real-and-fake-frames-cropped-teams/samples/edge_cases_0986/frames/real/frame_0012.jpg,135.231054
gs://live-deepfake-methods-real-and-fake-frames-cropped-teams/samples/edge_cases_0986/frames/real/frame_0014.jpg,108.646114
gs://live-deepfake-methods-real-and-fake-frames-cropped-teams/samples/edge_cases_1000/frames/real/frame_0000.jpg,197.796380
gs://live-deepfake-methods-real-and-fake-frames-cropped-teams/samples/edge_cases_1000/frames/real/frame_0002.jpg,212.918498
gs://live-deepfake-methods-real-and-fake-frames-cropped-teams/samples/edge_cases_1000/frames/real/frame_0004.jpg,183.081180
gs://live-deepfake-methods-real-and-fake-frames-cropped-teams/samples/edge_cases_1000/frames/real/frame_0006.jpg,191.525764
gs://live-deepfake-methods-real-and-fake-frames-cropped-teams/samples/edge_cases_1000/frames/real/frame_0008.jpg,233.009599
gs://live-deepfake-methods-real-and-fake-frames-cropped-teams/samples/edge_cases_1000/frames/real/frame_0010.jpg,236.802674
gs://live-deepfake-methods-real-and-fake-frames-cropped-teams/samples/edge_cases_1000/frames/real/frame_0012.jpg,205.235700
gs://live-deepfake-methods-real-and-fake-frames-cropped-teams/samples/edge_cases_1000/frames/real/frame_0014.jpg,205.294601
gs://live-deepfake-methods-real-and-fake-frames-cropped-teams/samples/edge_cases_1002/frames/real/frame_0000.jpg,152.451046
gs://live-deepfake-methods-real-and-fake-frames-cropped-teams/samples/edge_cases_1002/frames/real/frame_0002.jpg,162.248418
gs://live-deepfake-methods-real-and-fake-frames-cropped-teams/samples/edge_cases_1002/frames/real/frame_0004.jpg,165.925059
gs://live-deepfake-methods-real-and-fake-frames-cropped-teams/samples/edge_cases_1002/frames/real/frame_0006.jpg,148.653327
gs://live-deepfake-methods-real-and-fake-frames-cropped-teams/samples/edge_cases_1002/frames/real/frame_0008.jpg,158.312386
gs://live-deepfake-methods-real-and-fake-frames-cropped-teams/samples/edge_cases_1002/frames/real/frame_0010.jpg,162.618603
gs://live-deepfake-methods-real-and-fake-frames-cropped-teams/samples/edge_cases_1002/frames/real/frame_0012.jpg,154.157018
gs://live-deepfake-methods-real-and-fake-frames-cropped-teams/samples/edge_cases_1002/frames/real/frame_0014.jpg,156.199183
gs://live-deepfake-methods-real-and-fake-frames-cropped-teams/samples/edge_cases_1010/frames/real/frame_0000.jpg,59.368924
gs://live-deepfake-methods-real-and-fake-frames-cropped-teams/samples/edge_cases_1010/frames/real/frame_0002.jpg,57.570907
gs://live-deepfake-methods-real-and-fake-frames-cropped-teams/samples/edge_cases_1010/frames/real/frame_0004.jpg,60.053691
gs://live-deepfake-methods-real-and-fake-frames-cropped-teams/samples/edge_cases_1010/frames/real/frame_0006.jpg,48.439112
gs://live-deepfake-methods-real-and-fake-frames-cropped-teams/samples/edge_cases_1010/frames/real/frame_0008.jpg,47.927047
gs://live-deepfake-methods-real-and-fake-frames-cropped-teams/samples/edge_cases_1010/frames/real/frame_0010.jpg,51.251325
gs://live-deepfake-methods-real-and-fake-frames-cropped-teams/samples/edge_cases_1010/frames/real/frame_0012.jpg,57.997578
gs://live-deepfake-methods-real-and-fake-frames-cropped-teams/samples/edge_cases_1010/frames/real/frame_0014.jpg,64.774973
gs://live-deepfake-methods-real-and-fake-frames-cropped-teams/samples/edge_cases_1011/frames/real/frame_0000.jpg,40.039180
gs://live-deepfake-methods-real-and-fake-frames-cropped-teams/samples/edge_cases_1011/frames/real/frame_0002.jpg,45.028279
gs://live-deepfake-methods-real-and-fake-frames-cropped-teams/samples/edge_cases_1011/frames/real/frame_0004.jpg,43.898260
gs://live-deepfake-methods-real-and-fake-frames-cropped-teams/samples/edge_cases_1011/frames/real/frame_0006.jpg,28.336067
gs://live-deepfake-methods-real-and-fake-frames-cropped-teams/samples/edge_cases_1011/frames/real/frame_0008.jpg,42.493484
gs://live-deepfake-methods-real-and-fake-frames-cropped-teams/samples/edge_cases_1011/frames/real/frame_0010.jpg,49.160830
gs://live-deepfake-methods-real-and-fake-frames-cropped-teams/samples/edge_cases_1011/frames/real/frame_0012.jpg,51.923412
gs://live-deepfake-methods-real-and-fake-frames-cropped-teams/samples/edge_cases_1011/frames/real/frame_0014.jpg,28.777439
gs://live-deepfake-methods-real-and-fake-frames-cropped-teams/samples/edge_cases_1047/frames/real/frame_0000.jpg,181.637110
gs://live-deepfake-methods-real-and-fake-frames-cropped-teams/samples/edge_cases_1047/frames/real/frame_0004.jpg,242.149110
gs://live-deepfake-methods-real-and-fake-frames-cropped-teams/samples/edge_cases_1047/frames/real/frame_0006.jpg,251.633961
gs://live-deepfake-methods-real-and-fake-frames-cropped-teams/samples/edge_cases_1047/frames/real/frame_0008.jpg,235.856944
gs://live-deepfake-methods-real-and-fake-frames-cropped-teams/samples/edge_cases_1047/frames/real/frame_0014.jpg,235.895345
gs://live-deepfake-methods-real-and-fake-frames-cropped-teams/samples/edge_cases_1051/frames/real/frame_0000.jpg,170.928816
gs://live-deepfake-methods-real-and-fake-frames-cropped-teams/samples/edge_cases_1051/frames/real/frame_0008.jpg,171.955922
gs://live-deepfake-methods-real-and-fake-frames-cropped-teams/samples/edge_cases_1051/frames/real/frame_0010.jpg,174.849537
gs://live-deepfake-methods-real-and-fake-frames-cropped-teams/samples/edge_cases_1051/frames/real/frame_0012.jpg,194.186115
gs://live-deepfake-methods-real-and-fake-frames-cropped-teams/samples/edge_cases_1075/frames/real/frame_0000.jpg,161.830444
gs://live-deepfake-methods-real-and-fake-frames-cropped-teams/samples/edge_cases_1075/frames/real/frame_0002.jpg,135.748564
gs://live-deepfake-methods-real-and-fake-frames-cropped-teams/samples/edge_cases_1075/frames/real/frame_0004.jpg,144.878353
gs://live-deepfake-methods-real-and-fake-frames-cropped-teams/samples/edge_cases_1075/frames/real/frame_0006.jpg,137.819790
gs://live-deepfake-methods-real-and-fake-frames-cropped-teams/samples/edge_cases_1075/frames/real/frame_0008.jpg,182.699266
gs://live-deepfake-methods-real-and-fake-frames-cropped-teams/samples/edge_cases_1075/frames/real/frame_0010.jpg,177.793450
gs://live-deepfake-methods-real-and-fake-frames-cropped-teams/samples/edge_cases_1075/frames/real/frame_0012.jpg,174.666706
gs://live-deepfake-methods-real-and-fake-frames-cropped-teams/samples/edge_cases_1075/frames/real/frame_0014.jpg,170.201474
gs://live-deepfake-methods-real-and-fake-frames-cropped-teams/samples/edge_cases_1092/frames/real/frame_0000.jpg,164.108502
gs://live-deepfake-methods-real-and-fake-frames-cropped-teams/samples/edge_cases_1092/frames/real/frame_0002.jpg,161.914617
gs://live-deepfake-methods-real-and-fake-frames-cropped-teams/samples/edge_cases_1092/frames/real/frame_0004.jpg,150.651541
gs://live-deepfake-methods-real-and-fake-frames-cropped-teams/samples/edge_cases_1092/frames/real/frame_0006.jpg,133.345230
gs://live-deepfake-methods-real-and-fake-frames-cropped-teams/samples/edge_cases_1092/frames/real/frame_0008.jpg,199.167291
gs://live-deepfake-methods-real-and-fake-frames-cropped-teams/samples/edge_cases_1092/frames/real/frame_0010.jpg,160.635186
gs://live-deepfake-methods-real-and-fake-frames-cropped-teams/samples/edge_cases_1092/frames/real/frame_0012.jpg,186.099264
gs://live-deepfake-methods-real-and-fake-frames-cropped-teams/samples/edge_cases_1092/frames/real/frame_0014.jpg,194.975553
gs://live-deepfake-methods-real-and-fake-frames-cropped-teams/samples/edge_cases_1102/frames/real/frame_0000.jpg,106.131311
gs://live-deepfake-methods-real-and-fake-frames-cropped-teams/samples/edge_cases_1102/frames/real/frame_0002.jpg,93.795989
gs://live-deepfake-methods-real-and-fake-frames-cropped-teams/samples/edge_cases_1102/frames/real/frame_0004.jpg,90.394743
gs://live-deepfake-methods-real-and-fake-frames-cropped-teams/samples/edge_cases_1102/frames/real/frame_0006.jpg,82.382695
gs://live-deepfake-methods-real-and-fake-frames-cropped-teams/samples/edge_cases_1102/frames/real/frame_0008.jpg,109.384686
gs://live-deepfake-methods-real-and-fake-frames-cropped-teams/samples/edge_cases_1102/frames/real/frame_0010.jpg,105.080988
gs://live-deepfake-methods-real-and-fake-frames-cropped-teams/samples/edge_cases_1102/frames/real/frame_0012.jpg,127.401126
gs://live-deepfake-methods-real-and-fake-frames-cropped-teams/samples/edge_cases_1102/frames/real/frame_0014.jpg,86.454584
gs://live-deepfake-methods-real-and-fake-frames-cropped-teams/samples/edge_cases_1104/frames/real/frame_0000.jpg,87.622337
gs://live-deepfake-methods-real-and-fake-frames-cropped-teams/samples/edge_cases_1104/frames/real/frame_0002.jpg,80.811917
gs://live-deepfake-methods-real-and-fake-frames-cropped-teams/samples/edge_cases_1104/frames/real/frame_0004.jpg,114.539789
gs://live-deepfake-methods-real-and-fake-frames-cropped-teams/samples/edge_cases_1104/frames/real/frame_0006.jpg,89.879348
gs://live-deepfake-methods-real-and-fake-frames-cropped-teams/samples/edge_cases_1104/frames/real/frame_0008.jpg,147.703435
gs://live-deepfake-methods-real-and-fake-frames-cropped-teams/samples/edge_cases_1104/frames/real/frame_0010.jpg,119.211048
gs://live-deepfake-methods-real-and-fake-frames-cropped-teams/samples/edge_cases_1104/frames/real/frame_0012.jpg,150.491775
gs://live-deepfake-methods-real-and-fake-frames-cropped-teams/samples/edge_cases_1104/frames/real/frame_0014.jpg,132.927366
gs://live-deepfake-methods-real-and-fake-frames-cropped-teams/samples/edge_cases_1116/frames/real/frame_0000.jpg,98.191563
gs://live-deepfake-methods-real-and-fake-frames-cropped-teams/samples/edge_cases_1116/frames/real/frame_0008.jpg,97.739692
gs://live-deepfake-methods-real-and-fake-frames-cropped-teams/samples/edge_cases_1116/frames/real/frame_0010.jpg,99.681795
gs://live-deepfake-methods-real-and-fake-frames-cropped-teams/samples/edge_cases_1116/frames/real/frame_0012.jpg,96.679921
gs://live-deepfake-methods-real-and-fake-frames-cropped-teams/samples/edge_cases_1116/frames/real/frame_0014.jpg,85.237465
gs://live-deepfake-methods-real-and-fake-frames-cropped-teams/samples/edge_cases_1134/frames/real/frame_0000.jpg,145.488840
gs://live-deepfake-methods-real-and-fake-frames-cropped-teams/samples/edge_cases_1134/frames/real/frame_0002.jpg,146.034748
gs://live-deepfake-methods-real-and-fake-frames-cropped-teams/samples/edge_cases_1134/frames/real/frame_0004.jpg,130.023898
gs://live-deepfake-methods-real-and-fake-frames-cropped-teams/samples/edge_cases_1134/frames/real/frame_0006.jpg,137.296524
gs://live-deepfake-methods-real-and-fake-frames-cropped-teams/samples/edge_cases_1134/frames/real/frame_0008.jpg,149.720880
gs://live-deepfake-methods-real-and-fake-frames-cropped-teams/samples/edge_cases_1134/frames/real/frame_0010.jpg,150.433407
gs://live-deepfake-methods-real-and-fake-frames-cropped-teams/samples/edge_cases_1134/frames/real/frame_0012.jpg,165.546974
gs://live-deepfake-methods-real-and-fake-frames-cropped-teams/samples/edge_cases_1134/frames/real/frame_0014.jpg,153.072990
gs://live-deepfake-methods-real-and-fake-frames-cropped-teams/samples/edge_cases_1135/frames/real/frame_0000.jpg,53.354811
gs://live-deepfake-methods-real-and-fake-frames-cropped-teams/samples/edge_cases_1135/frames/real/frame_0002.jpg,55.464083
gs://live-deepfake-methods-real-and-fake-frames-cropped-teams/samples/edge_cases_1135/frames/real/frame_0004.jpg,54.024238
gs://live-deepfake-methods-real-and-fake-frames-cropped-teams/samples/edge_cases_1135/frames/real/frame_0006.jpg,89.170869
gs://live-deepfake-methods-real-and-fake-frames-cropped-teams/samples/edge_cases_1135/frames/real/frame_0008.jpg,89.570647
gs://live-deepfake-methods-real-and-fake-frames-cropped-teams/samples/edge_cases_1135/frames/real/frame_0010.jpg,84.295771
gs://live-deepfake-methods-real-and-fake-frames-cropped-teams/samples/edge_cases_1135/frames/real/frame_0012.jpg,88.117362
gs://live-deepfake-methods-real-and-fake-frames-cropped-teams/samples/edge_cases_1135/frames/real/frame_0014.jpg,85.973910
gs://live-deepfake-methods-real-and-fake-frames-cropped-teams/samples/edge_cases_1164/frames/real/frame_0002.jpg,242.074945
gs://live-deepfake-methods-real-and-fake-frames-cropped-teams/samples/edge_cases_1164/frames/real/frame_0004.jpg,246.672699
gs://live-deepfake-methods-real-and-fake-frames-cropped-teams/samples/edge_cases_1167/frames/real/frame_0000.jpg,240.407058
gs://live-deepfake-methods-real-and-fake-frames-cropped-teams/samples/edge_cases_1167/frames/real/frame_0008.jpg,186.095061
gs://live-deepfake-methods-real-and-fake-frames-cropped-teams/samples/edge_cases_1167/frames/real/frame_0010.jpg,181.046065
gs://live-deepfake-methods-real-and-fake-frames-cropped-teams/samples/edge_cases_1184/frames/real/frame_0000.jpg,88.387621
gs://live-deepfake-methods-real-and-fake-frames-cropped-teams/samples/edge_cases_1184/frames/real/frame_0002.jpg,85.491371
gs://live-deepfake-methods-real-and-fake-frames-cropped-teams/samples/edge_cases_1184/frames/real/frame_0004.jpg,82.562163
gs://live-deepfake-methods-real-and-fake-frames-cropped-teams/samples/edge_cases_1184/frames/real/frame_0006.jpg,77.188571
gs://live-deepfake-methods-real-and-fake-frames-cropped-teams/samples/edge_cases_1184/frames/real/frame_0008.jpg,71.931158
gs://live-deepfake-methods-real-and-fake-frames-cropped-teams/samples/edge_cases_1190/frames/real/frame_0000.jpg,141.636358
gs://live-deepfake-methods-real-and-fake-frames-cropped-teams/samples/edge_cases_1190/frames/real/frame_0002.jpg,138.635151
gs://live-deepfake-methods-real-and-fake-frames-cropped-teams/samples/edge_cases_1190/frames/real/frame_0004.jpg,125.969505
gs://live-deepfake-methods-real-and-fake-frames-cropped-teams/samples/edge_cases_1190/frames/real/frame_0006.jpg,133.345836
gs://live-deepfake-methods-real-and-fake-frames-cropped-teams/samples/edge_cases_1190/frames/real/frame_0008.jpg,139.510028
gs://live-deepfake-methods-real-and-fake-frames-cropped-teams/samples/edge_cases_1190/frames/real/frame_0010.jpg,131.415991
gs://live-deepfake-methods-real-and-fake-frames-cropped-teams/samples/edge_cases_1190/frames/real/frame_0012.jpg,147.053209
gs://live-deepfake-methods-real-and-fake-frames-cropped-teams/samples/edge_cases_1190/frames/real/frame_0014.jpg,134.868985
gs://live-deepfake-methods-real-and-fake-frames-cropped-teams/samples/edge_cases_1207/frames/real/frame_0000.jpg,69.756126
gs://live-deepfake-methods-real-and-fake-frames-cropped-teams/samples/edge_cases_1207/frames/real/frame_0002.jpg,69.727550
gs://live-deepfake-methods-real-and-fake-frames-cropped-teams/samples/edge_cases_1207/frames/real/frame_0004.jpg,69.718584
gs://live-deepfake-methods-real-and-fake-frames-cropped-teams/samples/edge_cases_1207/frames/real/frame_0006.jpg,76.555079
gs://live-deepfake-methods-real-and-fake-frames-cropped-teams/samples/edge_cases_1207/frames/real/frame_0008.jpg,70.452530
gs://live-deepfake-methods-real-and-fake-frames-cropped-teams/samples/edge_cases_1207/frames/real/frame_0010.jpg,66.453714
gs://live-deepfake-methods-real-and-fake-frames-cropped-teams/samples/edge_cases_1207/frames/real/frame_0012.jpg,66.154660
gs://live-deepfake-methods-real-and-fake-frames-cropped-teams/samples/edge_cases_1207/frames/real/frame_0014.jpg,80.051667
gs://live-deepfake-methods-real-and-fake-frames-cropped-teams/samples/edge_cases_1213/frames/real/frame_0000.jpg,51.337308
gs://live-deepfake-methods-real-and-fake-frames-cropped-teams/samples/edge_cases_1213/frames/real/frame_0002.jpg,128.452283
gs://live-deepfake-methods-real-and-fake-frames-cropped-teams/samples/edge_cases_1213/frames/real/frame_0004.jpg,149.768987
gs://live-deepfake-methods-real-and-fake-frames-cropped-teams/samples/edge_cases_1213/frames/real/frame_0006.jpg,182.185826
gs://live-deepfake-methods-real-and-fake-frames-cropped-teams/samples/edge_cases_1213/frames/real/frame_0008.jpg,198.149146
gs://live-deepfake-methods-real-and-fake-frames-cropped-teams/samples/edge_cases_1213/frames/real/frame_0010.jpg,190.427243
gs://live-deepfake-methods-real-and-fake-frames-cropped-teams/samples/edge_cases_1213/frames/real/frame_0012.jpg,178.219377
gs://live-deepfake-methods-real-and-fake-frames-cropped-teams/samples/edge_cases_1213/frames/real/frame_0014.jpg,179.681853
gs://live-deepfake-methods-real-and-fake-frames-cropped-teams/samples/edge_cases_1225/frames/real/frame_0000.jpg,120.921728
gs://live-deepfake-methods-real-and-fake-frames-cropped-teams/samples/edge_cases_1225/frames/real/frame_0002.jpg,114.489605
gs://live-deepfake-methods-real-and-fake-frames-cropped-teams/samples/edge_cases_1225/frames/real/frame_0004.jpg,144.785303
gs://live-deepfake-methods-real-and-fake-frames-cropped-teams/samples/edge_cases_1225/frames/real/frame_0006.jpg,105.023536
gs://live-deepfake-methods-real-and-fake-frames-cropped-teams/samples/edge_cases_1225/frames/real/frame_0008.jpg,133.264176
gs://live-deepfake-methods-real-and-fake-frames-cropped-teams/samples/edge_cases_1225/frames/real/frame_0010.jpg,107.045844
gs://live-deepfake-methods-real-and-fake-frames-cropped-teams/samples/edge_cases_1225/frames/real/frame_0012.jpg,104.177217
gs://live-deepfake-methods-real-and-fake-frames-cropped-teams/samples/edge_cases_1225/frames/real/frame_0014.jpg,144.046550
gs://live-deepfake-methods-real-and-fake-frames-cropped-teams/samples/edge_cases_1260/frames/real/frame_0000.jpg,114.189072
gs://live-deepfake-methods-real-and-fake-frames-cropped-teams/samples/edge_cases_1260/frames/real/frame_0002.jpg,137.371793
gs://live-deepfake-methods-real-and-fake-frames-cropped-teams/samples/edge_cases_1260/frames/real/frame_0004.jpg,137.937437
gs://live-deepfake-methods-real-and-fake-frames-cropped-teams/samples/edge_cases_1260/frames/real/frame_0006.jpg,146.208275
gs://live-deepfake-methods-real-and-fake-frames-cropped-teams/samples/edge_cases_1260/frames/real/frame_0008.jpg,144.669828
gs://live-deepfake-methods-real-and-fake-frames-cropped-teams/samples/edge_cases_1260/frames/real/frame_0010.jpg,153.313485
gs://live-deepfake-methods-real-and-fake-frames-cropped-teams/samples/edge_cases_1260/frames/real/frame_0012.jpg,153.421285
gs://live-deepfake-methods-real-and-fake-frames-cropped-teams/samples/edge_cases_1260/frames/real/frame_0014.jpg,124.656656
gs://live-deepfake-methods-real-and-fake-frames-cropped-teams/samples/edge_cases_1263/frames/real/frame_0000.jpg,145.483001
gs://live-deepfake-methods-real-and-fake-frames-cropped-teams/samples/edge_cases_1263/frames/real/frame_0002.jpg,140.298607
gs://live-deepfake-methods-real-and-fake-frames-cropped-teams/samples/edge_cases_1263/frames/real/frame_0004.jpg,130.807129
gs://live-deepfake-methods-real-and-fake-frames-cropped-teams/samples/edge_cases_1263/frames/real/frame_0006.jpg,141.070872
gs://live-deepfake-methods-real-and-fake-frames-cropped-teams/samples/edge_cases_1263/frames/real/frame_0008.jpg,134.348012
gs://live-deepfake-methods-real-and-fake-frames-cropped-teams/samples/edge_cases_1263/frames/real/frame_0010.jpg,129.137826
gs://live-deepfake-methods-real-and-fake-frames-cropped-teams/samples/edge_cases_1263/frames/real/frame_0012.jpg,145.446359
gs://live-deepfake-methods-real-and-fake-frames-cropped-teams/samples/edge_cases_1263/frames/real/frame_0014.jpg,155.463922
gs://live-deepfake-methods-real-and-fake-frames-cropped-teams/samples/edge_cases_1265/frames/real/frame_0000.jpg,157.708956
gs://live-deepfake-methods-real-and-fake-frames-cropped-teams/samples/edge_cases_1265/frames/real/frame_0006.jpg,156.652675
gs://live-deepfake-methods-real-and-fake-frames-cropped-teams/samples/edge_cases_1265/frames/real/frame_0008.jpg,158.586048
gs://live-deepfake-methods-real-and-fake-frames-cropped-teams/samples/edge_cases_1265/frames/real/frame_0010.jpg,137.713846
gs://live-deepfake-methods-real-and-fake-frames-cropped-teams/samples/edge_cases_1265/frames/real/frame_0012.jpg,134.285988
gs://live-deepfake-methods-real-and-fake-frames-cropped-teams/samples/edge_cases_1265/frames/real/frame_0014.jpg,126.824543
gs://live-deepfake-methods-real-and-fake-frames-cropped-teams/samples/edge_cases_1283/frames/real/frame_0000.jpg,176.679184
gs://live-deepfake-methods-real-and-fake-frames-cropped-teams/samples/edge_cases_1283/frames/real/frame_0002.jpg,132.824161
gs://live-deepfake-methods-real-and-fake-frames-cropped-teams/samples/edge_cases_1283/frames/real/frame_0010.jpg,213.412105
gs://live-deepfake-methods-real-and-fake-frames-cropped-teams/samples/edge_cases_1283/frames/real/frame_0014.jpg,12.991237
gs://live-deepfake-methods-real-and-fake-frames-cropped-teams/samples/edge_cases_1287/frames/real/frame_0000.jpg,96.561126
gs://live-deepfake-methods-real-and-fake-frames-cropped-teams/samples/edge_cases_1287/frames/real/frame_0002.jpg,96.927037
gs://live-deepfake-methods-real-and-fake-frames-cropped-teams/samples/edge_cases_1287/frames/real/frame_0004.jpg,100.946936
gs://live-deepfake-methods-real-and-fake-frames-cropped-teams/samples/edge_cases_1287/frames/real/frame_0006.jpg,98.317753
gs://live-deepfake-methods-real-and-fake-frames-cropped-teams/samples/edge_cases_1287/frames/real/frame_0008.jpg,85.304641
gs://live-deepfake-methods-real-and-fake-frames-cropped-teams/samples/edge_cases_1287/frames/real/frame_0010.jpg,89.992108
gs://live-deepfake-methods-real-and-fake-frames-cropped-teams/samples/edge_cases_1287/frames/real/frame_0012.jpg,72.397209
gs://live-deepfake-methods-real-and-fake-frames-cropped-teams/samples/edge_cases_1287/frames/real/frame_0014.jpg,78.637992
gs://live-deepfake-methods-real-and-fake-frames-cropped-teams/samples/edge_cases_1329/frames/real/frame_0000.jpg,74.378325
gs://live-deepfake-methods-real-and-fake-frames-cropped-teams/samples/edge_cases_1329/frames/real/frame_0002.jpg,53.986306
gs://live-deepfake-methods-real-and-fake-frames-cropped-teams/samples/edge_cases_1329/frames/real/frame_0004.jpg,49.907303
gs://live-deepfake-methods-real-and-fake-frames-cropped-teams/samples/edge_cases_1329/frames/real/frame_0006.jpg,71.341230
gs://live-deepfake-methods-real-and-fake-frames-cropped-teams/samples/edge_cases_1329/frames/real/frame_0008.jpg,69.630271
gs://live-deepfake-methods-real-and-fake-frames-cropped-teams/samples/edge_cases_1329/frames/real/frame_0010.jpg,65.788278
gs://live-deepfake-methods-real-and-fake-frames-cropped-teams/samples/edge_cases_1329/frames/real/frame_0012.jpg,68.335179
gs://live-deepfake-methods-real-and-fake-frames-cropped-teams/samples/edge_cases_1329/frames/real/frame_0014.jpg,63.972426
gs://live-deepfake-methods-real-and-fake-frames-cropped-teams/samples/edge_cases_1331/frames/real/frame_0000.jpg,216.798258
gs://live-deepfake-methods-real-and-fake-frames-cropped-teams/samples/edge_cases_1331/frames/real/frame_0002.jpg,205.662370
gs://live-deepfake-methods-real-and-fake-frames-cropped-teams/samples/edge_cases_1331/frames/real/frame_0004.jpg,203.425562
gs://live-deepfake-methods-real-and-fake-frames-cropped-teams/samples/edge_cases_1331/frames/real/frame_0006.jpg,213.788309
gs://live-deepfake-methods-real-and-fake-frames-cropped-teams/samples/edge_cases_1331/frames/real/frame_0008.jpg,211.732965
gs://live-deepfake-methods-real-and-fake-frames-cropped-teams/samples/edge_cases_1331/frames/real/frame_0010.jpg,198.496467
gs://live-deepfake-methods-real-and-fake-frames-cropped-teams/samples/edge_cases_1331/frames/real/frame_0012.jpg,232.855251
gs://live-deepfake-methods-real-and-fake-frames-cropped-teams/samples/edge_cases_1342/frames/real/frame_0000.jpg,50.137505
gs://live-deepfake-methods-real-and-fake-frames-cropped-teams/samples/edge_cases_1342/frames/real/frame_0002.jpg,68.429637
gs://live-deepfake-methods-real-and-fake-frames-cropped-teams/samples/edge_cases_1342/frames/real/frame_0004.jpg,78.255359
gs://live-deepfake-methods-real-and-fake-frames-cropped-teams/samples/edge_cases_1342/frames/real/frame_0006.jpg,73.296953
gs://live-deepfake-methods-real-and-fake-frames-cropped-teams/samples/edge_cases_1342/frames/real/frame_0008.jpg,62.936401
gs://live-deepfake-methods-real-and-fake-frames-cropped-teams/samples/edge_cases_1342/frames/real/frame_0010.jpg,69.070139
gs://live-deepfake-methods-real-and-fake-frames-cropped-teams/samples/edge_cases_1342/frames/real/frame_0012.jpg,64.911376
gs://live-deepfake-methods-real-and-fake-frames-cropped-teams/samples/edge_cases_1342/frames/real/frame_0014.jpg,73.124217
gs://live-deepfake-methods-real-and-fake-frames-cropped-teams/samples/edge_cases_1347/frames/real/frame_0004.jpg,104.875358
gs://live-deepfake-methods-real-and-fake-frames-cropped-teams/samples/edge_cases_1393/frames/real/frame_0000.jpg,112.359255
gs://live-deepfake-methods-real-and-fake-frames-cropped-teams/samples/edge_cases_1393/frames/real/frame_0002.jpg,108.928031
gs://live-deepfake-methods-real-and-fake-frames-cropped-teams/samples/edge_cases_1393/frames/real/frame_0004.jpg,108.605267
gs://live-deepfake-methods-real-and-fake-frames-cropped-teams/samples/edge_cases_1393/frames/real/frame_0006.jpg,111.616066
gs://live-deepfake-methods-real-and-fake-frames-cropped-teams/samples/edge_cases_1393/frames/real/frame_0008.jpg,93.948790
gs://live-deepfake-methods-real-and-fake-frames-cropped-teams/samples/edge_cases_1393/frames/real/frame_0010.jpg,121.313448
gs://live-deepfake-methods-real-and-fake-frames-cropped-teams/samples/edge_cases_1393/frames/real/frame_0012.jpg,117.974179
gs://live-deepfake-methods-real-and-fake-frames-cropped-teams/samples/edge_cases_1393/frames/real/frame_0014.jpg,112.976895
gs://live-deepfake-methods-real-and-fake-frames-cropped-teams/samples/edge_cases_1401/frames/real/frame_0000.jpg,137.261617
gs://live-deepfake-methods-real-and-fake-frames-cropped-teams/samples/edge_cases_1401/frames/real/frame_0002.jpg,150.224376
gs://live-deepfake-methods-real-and-fake-frames-cropped-teams/samples/edge_cases_1421/frames/real/frame_0000.jpg,35.246172
gs://live-deepfake-methods-real-and-fake-frames-cropped-teams/samples/edge_cases_1421/frames/real/frame_0002.jpg,29.524857
gs://live-deepfake-methods-real-and-fake-frames-cropped-teams/samples/edge_cases_1421/frames/real/frame_0004.jpg,33.768638
gs://live-deepfake-methods-real-and-fake-frames-cropped-teams/samples/edge_cases_1421/frames/real/frame_0006.jpg,36.946119
gs://live-deepfake-methods-real-and-fake-frames-cropped-teams/samples/edge_cases_1421/frames/real/frame_0008.jpg,40.027899
gs://live-deepfake-methods-real-and-fake-frames-cropped-teams/samples/edge_cases_1421/frames/real/frame_0010.jpg,67.084407
gs://live-deepfake-methods-real-and-fake-frames-cropped-teams/samples/edge_cases_1421/frames/real/frame_0012.jpg,59.033131
gs://live-deepfake-methods-real-and-fake-frames-cropped-teams/samples/edge_cases_1421/frames/real/frame_0014.jpg,55.606491
gs://live-deepfake-methods-real-and-fake-frames-cropped-teams/samples/edge_cases_1428/frames/real/frame_0006.jpg,185.578173
gs://live-deepfake-methods-real-and-fake-frames-cropped-teams/samples/edge_cases_1428/frames/real/frame_0008.jpg,186.595907
gs://live-deepfake-methods-real-and-fake-frames-cropped-teams/samples/edge_cases_1428/frames/real/frame_0010.jpg,164.011857
gs://live-deepfake-methods-real-and-fake-frames-cropped-teams/samples/edge_cases_1428/frames/real/frame_0012.jpg,157.606558
gs://live-deepfake-methods-real-and-fake-frames-cropped-teams/samples/edge_cases_1428/frames/real/frame_0014.jpg,152.368485
gs://live-deepfake-methods-real-and-fake-frames-cropped-teams/samples/edge_cases_1450/frames/real/frame_0000.jpg,132.182189
gs://live-deepfake-methods-real-and-fake-frames-cropped-teams/samples/edge_cases_1450/frames/real/frame_0002.jpg,133.476318
gs://live-deepfake-methods-real-and-fake-frames-cropped-teams/samples/edge_cases_1450/frames/real/frame_0004.jpg,130.680022
gs://live-deepfake-methods-real-and-fake-frames-cropped-teams/samples/edge_cases_1450/frames/real/frame_0006.jpg,145.992997
gs://live-deepfake-methods-real-and-fake-frames-cropped-teams/samples/edge_cases_1450/frames/real/frame_0008.jpg,136.985348
gs://live-deepfake-methods-real-and-fake-frames-cropped-teams/samples/edge_cases_1450/frames/real/frame_0010.jpg,117.529147
gs://live-deepfake-methods-real-and-fake-frames-cropped-teams/samples/edge_cases_1450/frames/real/frame_0012.jpg,129.996271
gs://live-deepfake-methods-real-and-fake-frames-cropped-teams/samples/edge_cases_1450/frames/real/frame_0014.jpg,119.890820
gs://live-deepfake-methods-real-and-fake-frames-cropped-teams/samples/edge_cases_1454/frames/real/frame_0000.jpg,57.141524
gs://live-deepfake-methods-real-and-fake-frames-cropped-teams/samples/edge_cases_1454/frames/real/frame_0002.jpg,51.109849
gs://live-deepfake-methods-real-and-fake-frames-cropped-teams/samples/edge_cases_1454/frames/real/frame_0004.jpg,68.869301
gs://live-deepfake-methods-real-and-fake-frames-cropped-teams/samples/edge_cases_1454/frames/real/frame_0006.jpg,51.138715
gs://live-deepfake-methods-real-and-fake-frames-cropped-teams/samples/edge_cases_1454/frames/real/frame_0008.jpg,57.013769
gs://live-deepfake-methods-real-and-fake-frames-cropped-teams/samples/edge_cases_1454/frames/real/frame_0010.jpg,47.724959
gs://live-deepfake-methods-real-and-fake-frames-cropped-teams/samples/edge_cases_1454/frames/real/frame_0012.jpg,43.208419
gs://live-deepfake-methods-real-and-fake-frames-cropped-teams/samples/edge_cases_1479/frames/real/frame_0000.jpg,80.279782
gs://live-deepfake-methods-real-and-fake-frames-cropped-teams/samples/edge_cases_1479/frames/real/frame_0002.jpg,91.907895
gs://live-deepfake-methods-real-and-fake-frames-cropped-teams/samples/edge_cases_1479/frames/real/frame_0004.jpg,79.028108
gs://live-deepfake-methods-real-and-fake-frames-cropped-teams/samples/edge_cases_1479/frames/real/frame_0006.jpg,91.432837
gs://live-deepfake-methods-real-and-fake-frames-cropped-teams/samples/edge_cases_1479/frames/real/frame_0008.jpg,90.101710
gs://live-deepfake-methods-real-and-fake-frames-cropped-teams/samples/edge_cases_1479/frames/real/frame_0010.jpg,87.772294
gs://live-deepfake-methods-real-and-fake-frames-cropped-teams/samples/edge_cases_1479/frames/real/frame_0012.jpg,90.060871
gs://live-deepfake-methods-real-and-fake-frames-cropped-teams/samples/edge_cases_1479/frames/real/frame_0014.jpg,79.611352
gs://live-deepfake-methods-real-and-fake-frames-cropped-teams/samples/edge_cases_1480/frames/real/frame_0000.jpg,193.229453
gs://live-deepfake-methods-real-and-fake-frames-cropped-teams/samples/edge_cases_1480/frames/real/frame_0002.jpg,194.133441
gs://live-deepfake-methods-real-and-fake-frames-cropped-teams/samples/edge_cases_1480/frames/real/frame_0008.jpg,226.693465
gs://live-deepfake-methods-real-and-fake-frames-cropped-teams/samples/edge_cases_1480/frames/real/frame_0010.jpg,179.303943
gs://live-deepfake-methods-real-and-fake-frames-cropped-teams/samples/edge_cases_1480/frames/real/frame_0012.jpg,172.392315
gs://live-deepfake-methods-real-and-fake-frames-cropped-teams/samples/edge_cases_1480/frames/real/frame_0014.jpg,184.244253
gs://live-deepfake-methods-real-and-fake-frames-cropped-teams/samples/edge_cases_1514/frames/real/frame_0000.jpg,102.241660
gs://live-deepfake-methods-real-and-fake-frames-cropped-teams/samples/edge_cases_1514/frames/real/frame_0002.jpg,78.166423
gs://live-deepfake-methods-real-and-fake-frames-cropped-teams/samples/edge_cases_1514/frames/real/frame_0004.jpg,83.152691
gs://live-deepfake-methods-real-and-fake-frames-cropped-teams/samples/edge_cases_1514/frames/real/frame_0006.jpg,86.685030
gs://live-deepfake-methods-real-and-fake-frames-cropped-teams/samples/edge_cases_1514/frames/real/frame_0008.jpg,65.413597
gs://live-deepfake-methods-real-and-fake-frames-cropped-teams/samples/edge_cases_1514/frames/real/frame_0010.jpg,81.173006
gs://live-deepfake-methods-real-and-fake-frames-cropped-teams/samples/edge_cases_1514/frames/real/frame_0012.jpg,77.620628
gs://live-deepfake-methods-real-and-fake-frames-cropped-teams/samples/edge_cases_1514/frames/real/frame_0014.jpg,87.858481
gs://live-deepfake-methods-real-and-fake-frames-cropped-teams/samples/edge_cases_1521/frames/real/frame_0004.jpg,194.791329
gs://live-deepfake-methods-real-and-fake-frames-cropped-teams/samples/edge_cases_1521/frames/real/frame_0006.jpg,190.442564
gs://live-deepfake-methods-real-and-fake-frames-cropped-teams/samples/edge_cases_1521/frames/real/frame_0008.jpg,195.605890
gs://live-deepfake-methods-real-and-fake-frames-cropped-teams/samples/edge_cases_1521/frames/real/frame_0010.jpg,197.702962
gs://live-deepfake-methods-real-and-fake-frames-cropped-teams/samples/edge_cases_1521/frames/real/frame_0012.jpg,180.492828
gs://live-deepfake-methods-real-and-fake-frames-cropped-teams/samples/edge_cases_1521/frames/real/frame_0014.jpg,174.568424
gs://live-deepfake-methods-real-and-fake-frames-cropped-teams/samples/edge_cases_1551/frames/real/frame_0000.jpg,244.099341
gs://live-deepfake-methods-real-and-fake-frames-cropped-teams/samples/edge_cases_1551/frames/real/frame_0004.jpg,222.052424
gs://live-deepfake-methods-real-and-fake-frames-cropped-teams/samples/edge_cases_1551/frames/real/frame_0006.jpg,168.794318
gs://live-deepfake-methods-real-and-fake-frames-cropped-teams/samples/edge_cases_1551/frames/real/frame_0008.jpg,151.146418
gs://live-deepfake-methods-real-and-fake-frames-cropped-teams/samples/edge_cases_1551/frames/real/frame_0010.jpg,14.731647
gs://live-deepfake-methods-real-and-fake-frames-cropped-teams/samples/edge_cases_1557/frames/real/frame_0000.jpg,59.206480
gs://live-deepfake-methods-real-and-fake-frames-cropped-teams/samples/edge_cases_1557/frames/real/frame_0002.jpg,81.124827
gs://live-deepfake-methods-real-and-fake-frames-cropped-teams/samples/edge_cases_1557/frames/real/frame_0004.jpg,82.914284
gs://live-deepfake-methods-real-and-fake-frames-cropped-teams/samples/edge_cases_1557/frames/real/frame_0006.jpg,82.809105
gs://live-deepfake-methods-real-and-fake-frames-cropped-teams/samples/edge_cases_1557/frames/real/frame_0008.jpg,75.320403
gs://live-deepfake-methods-real-and-fake-frames-cropped-teams/samples/edge_cases_1557/frames/real/frame_0010.jpg,76.668092
gs://live-deepfake-methods-real-and-fake-frames-cropped-teams/samples/edge_cases_1557/frames/real/frame_0012.jpg,83.037237
gs://live-deepfake-methods-real-and-fake-frames-cropped-teams/samples/edge_cases_1557/frames/real/frame_0014.jpg,59.248906
gs://live-deepfake-methods-real-and-fake-frames-cropped-teams/samples/edge_cases_1574/frames/real/frame_0000.jpg,87.676858
gs://live-deepfake-methods-real-and-fake-frames-cropped-teams/samples/edge_cases_1574/frames/real/frame_0002.jpg,90.579919
gs://live-deepfake-methods-real-and-fake-frames-cropped-teams/samples/edge_cases_1574/frames/real/frame_0004.jpg,85.624303
gs://live-deepfake-methods-real-and-fake-frames-cropped-teams/samples/edge_cases_1574/frames/real/frame_0006.jpg,81.143541
gs://live-deepfake-methods-real-and-fake-frames-cropped-teams/samples/edge_cases_1574/frames/real/frame_0008.jpg,90.697065
gs://live-deepfake-methods-real-and-fake-frames-cropped-teams/samples/edge_cases_1574/frames/real/frame_0010.jpg,73.571273
gs://live-deepfake-methods-real-and-fake-frames-cropped-teams/samples/edge_cases_1574/frames/real/frame_0012.jpg,90.816639
gs://live-deepfake-methods-real-and-fake-frames-cropped-teams/samples/edge_cases_1574/frames/real/frame_0014.jpg,81.148573
gs://live-deepfake-methods-real-and-fake-frames-cropped-teams/samples/edge_cases_1580/frames/real/frame_0000.jpg,232.948892
gs://live-deepfake-methods-real-and-fake-frames-cropped-teams/samples/edge_cases_1580/frames/real/frame_0004.jpg,152.979446
gs://live-deepfake-methods-real-and-fake-frames-cropped-teams/samples/edge_cases_1580/frames/real/frame_0006.jpg,163.811333
gs://live-deepfake-methods-real-and-fake-frames-cropped-teams/samples/edge_cases_1580/frames/real/frame_0008.jpg,143.460046
gs://live-deepfake-methods-real-and-fake-frames-cropped-teams/samples/edge_cases_1580/frames/real/frame_0010.jpg,137.715152
gs://live-deepfake-methods-real-and-fake-frames-cropped-teams/samples/edge_cases_1580/frames/real/frame_0012.jpg,127.219570
gs://live-deepfake-methods-real-and-fake-frames-cropped-teams/samples/edge_cases_1595/frames/real/frame_0000.jpg,248.475535
gs://live-deepfake-methods-real-and-fake-frames-cropped-teams/samples/edge_cases_1595/frames/real/frame_0010.jpg,242.731398
gs://live-deepfake-methods-real-and-fake-frames-cropped-teams/samples/edge_cases_1595/frames/real/frame_0012.jpg,189.406634
gs://live-deepfake-methods-real-and-fake-frames-cropped-teams/samples/edge_cases_1595/frames/real/frame_0014.jpg,66.723333
gs://live-deepfake-methods-real-and-fake-frames-cropped-teams/samples/edge_cases_1597/frames/real/frame_0000.jpg,226.072437
gs://live-deepfake-methods-real-and-fake-frames-cropped-teams/samples/edge_cases_1597/frames/real/frame_0002.jpg,221.385074
gs://live-deepfake-methods-real-and-fake-frames-cropped-teams/samples/edge_cases_1597/frames/real/frame_0004.jpg,221.580044
gs://live-deepfake-methods-real-and-fake-frames-cropped-teams/samples/edge_cases_1597/frames/real/frame_0008.jpg,219.718549
gs://live-deepfake-methods-real-and-fake-frames-cropped-teams/samples/edge_cases_1597/frames/real/frame_0010.jpg,236.293909
gs://live-deepfake-methods-real-and-fake-frames-cropped-teams/samples/edge_cases_1597/frames/real/frame_0012.jpg,227.338992
gs://live-deepfake-methods-real-and-fake-frames-cropped-teams/samples/edge_cases_1597/frames/real/frame_0014.jpg,223.664268
gs://live-deepfake-methods-real-and-fake-frames-cropped-teams/samples/edge_cases_1632/frames/real/frame_0000.jpg,161.171485
gs://live-deepfake-methods-real-and-fake-frames-cropped-teams/samples/edge_cases_1632/frames/real/frame_0002.jpg,151.548686
gs://live-deepfake-methods-real-and-fake-frames-cropped-teams/samples/edge_cases_1632/frames/real/frame_0004.jpg,165.421355
gs://live-deepfake-methods-real-and-fake-frames-cropped-teams/samples/edge_cases_1632/frames/real/frame_0006.jpg,165.635787
gs://live-deepfake-methods-real-and-fake-frames-cropped-teams/samples/edge_cases_1632/frames/real/frame_0008.jpg,163.720785
gs://live-deepfake-methods-real-and-fake-frames-cropped-teams/samples/edge_cases_1632/frames/real/frame_0010.jpg,203.144125
gs://live-deepfake-methods-real-and-fake-frames-cropped-teams/samples/edge_cases_1632/frames/real/frame_0012.jpg,225.156127
gs://live-deepfake-methods-real-and-fake-frames-cropped-teams/samples/edge_cases_1633/frames/real/frame_0000.jpg,199.508142
gs://live-deepfake-methods-real-and-fake-frames-cropped-teams/samples/edge_cases_1679/frames/real/frame_0000.jpg,189.008350
gs://live-deepfake-methods-real-and-fake-frames-cropped-teams/samples/edge_cases_1679/frames/real/frame_0008.jpg,238.477029
gs://live-deepfake-methods-real-and-fake-frames-cropped-teams/samples/edge_cases_1679/frames/real/frame_0010.jpg,238.633038
gs://live-deepfake-methods-real-and-fake-frames-cropped-teams/samples/edge_cases_1679/frames/real/frame_0012.jpg,218.988255
gs://live-deepfake-methods-real-and-fake-frames-cropped-teams/samples/edge_cases_1679/frames/real/frame_0014.jpg,231.652812
gs://live-deepfake-methods-real-and-fake-frames-cropped-teams/samples/edge_cases_1681/frames/real/frame_0004.jpg,248.099168
gs://live-deepfake-methods-real-and-fake-frames-cropped-teams/samples/edge_cases_1713/frames/real/frame_0000.jpg,73.431494
gs://live-deepfake-methods-real-and-fake-frames-cropped-teams/samples/edge_cases_1713/frames/real/frame_0002.jpg,69.865398
gs://live-deepfake-methods-real-and-fake-frames-cropped-teams/samples/edge_cases_1713/frames/real/frame_0004.jpg,90.227691
gs://live-deepfake-methods-real-and-fake-frames-cropped-teams/samples/edge_cases_1713/frames/real/frame_0006.jpg,226.088577
gs://live-deepfake-methods-real-and-fake-frames-cropped-teams/samples/edge_cases_1713/frames/real/frame_0008.jpg,83.599419
gs://live-deepfake-methods-real-and-fake-frames-cropped-teams/samples/edge_cases_1713/frames/real/frame_0010.jpg,71.682893
gs://live-deepfake-methods-real-and-fake-frames-cropped-teams/samples/edge_cases_1713/frames/real/frame_0012.jpg,80.682464
gs://live-deepfake-methods-real-and-fake-frames-cropped-teams/samples/edge_cases_1713/frames/real/frame_0014.jpg,84.232093
gs://live-deepfake-methods-real-and-fake-frames-cropped-teams/samples/edge_cases_1718/frames/real/frame_0014.jpg,227.643665
gs://live-deepfake-methods-real-and-fake-frames-cropped-teams/samples/edge_cases_1735/frames/real/frame_0000.jpg,44.245846
gs://live-deepfake-methods-real-and-fake-frames-cropped-teams/samples/edge_cases_1735/frames/real/frame_0002.jpg,42.051805
gs://live-deepfake-methods-real-and-fake-frames-cropped-teams/samples/edge_cases_1735/frames/real/frame_0004.jpg,45.979012
gs://live-deepfake-methods-real-and-fake-frames-cropped-teams/samples/edge_cases_1735/frames/real/frame_0006.jpg,52.614398
gs://live-deepfake-methods-real-and-fake-frames-cropped-teams/samples/edge_cases_1735/frames/real/frame_0008.jpg,72.562678
gs://live-deepfake-methods-real-and-fake-frames-cropped-teams/samples/edge_cases_1735/frames/real/frame_0010.jpg,62.507255
gs://live-deepfake-methods-real-and-fake-frames-cropped-teams/samples/edge_cases_1735/frames/real/frame_0012.jpg,71.205442
gs://live-deepfake-methods-real-and-fake-frames-cropped-teams/samples/edge_cases_1735/frames/real/frame_0014.jpg,62.213624
gs://live-deepfake-methods-real-and-fake-frames-cropped-teams/samples/edge_cases_1753/frames/real/frame_0000.jpg,102.924227
gs://live-deepfake-methods-real-and-fake-frames-cropped-teams/samples/edge_cases_1753/frames/real/frame_0002.jpg,111.315733
gs://live-deepfake-methods-real-and-fake-frames-cropped-teams/samples/edge_cases_1753/frames/real/frame_0004.jpg,99.344316
gs://live-deepfake-methods-real-and-fake-frames-cropped-teams/samples/edge_cases_1753/frames/real/frame_0006.jpg,104.616773
gs://live-deepfake-methods-real-and-fake-frames-cropped-teams/samples/edge_cases_1753/frames/real/frame_0008.jpg,114.486620
gs://live-deepfake-methods-real-and-fake-frames-cropped-teams/samples/edge_cases_1753/frames/real/frame_0010.jpg,119.158626
gs://live-deepfake-methods-real-and-fake-frames-cropped-teams/samples/edge_cases_1753/frames/real/frame_0012.jpg,96.763704
gs://live-deepfake-methods-real-and-fake-frames-cropped-teams/samples/edge_cases_1753/frames/real/frame_0014.jpg,69.305281
gs://live-deepfake-methods-real-and-fake-frames-cropped-teams/samples/edge_cases_1778/frames/real/frame_0000.jpg,188.361784
gs://live-deepfake-methods-real-and-fake-frames-cropped-teams/samples/edge_cases_1778/frames/real/frame_0002.jpg,184.459944
gs://live-deepfake-methods-real-and-fake-frames-cropped-teams/samples/edge_cases_1778/frames/real/frame_0004.jpg,176.968948
gs://live-deepfake-methods-real-and-fake-frames-cropped-teams/samples/edge_cases_1802/frames/real/frame_0000.jpg,121.791315
gs://live-deepfake-methods-real-and-fake-frames-cropped-teams/samples/edge_cases_1802/frames/real/frame_0002.jpg,71.302603
gs://live-deepfake-methods-real-and-fake-frames-cropped-teams/samples/edge_cases_1802/frames/real/frame_0004.jpg,58.824542
gs://live-deepfake-methods-real-and-fake-frames-cropped-teams/samples/edge_cases_1802/frames/real/frame_0006.jpg,138.495832
gs://live-deepfake-methods-real-and-fake-frames-cropped-teams/samples/edge_cases_1802/frames/real/frame_0008.jpg,124.839003
gs://live-deepfake-methods-real-and-fake-frames-cropped-teams/samples/edge_cases_1802/frames/real/frame_0010.jpg,112.431378
gs://live-deepfake-methods-real-and-fake-frames-cropped-teams/samples/edge_cases_1802/frames/real/frame_0012.jpg,71.478683
gs://live-deepfake-methods-real-and-fake-frames-cropped-teams/samples/edge_cases_1802/frames/real/frame_0014.jpg,49.046548
gs://live-deepfake-methods-real-and-fake-frames-cropped-teams/samples/edge_cases_1806/frames/real/frame_0000.jpg,36.665229
gs://live-deepfake-methods-real-and-fake-frames-cropped-teams/samples/edge_cases_1806/frames/real/frame_0002.jpg,35.637280
gs://live-deepfake-methods-real-and-fake-frames-cropped-teams/samples/edge_cases_1806/frames/real/frame_0004.jpg,35.740954
gs://live-deepfake-methods-real-and-fake-frames-cropped-teams/samples/edge_cases_1806/frames/real/frame_0006.jpg,38.776820
gs://live-deepfake-methods-real-and-fake-frames-cropped-teams/samples/edge_cases_1806/frames/real/frame_0008.jpg,36.416102
gs://live-deepfake-methods-real-and-fake-frames-cropped-teams/samples/edge_cases_1806/frames/real/frame_0010.jpg,37.230434
gs://live-deepfake-methods-real-and-fake-frames-cropped-teams/samples/edge_cases_1806/frames/real/frame_0012.jpg,34.721752
gs://live-deepfake-methods-real-and-fake-frames-cropped-teams/samples/edge_cases_1806/frames/real/frame_0014.jpg,41.441496
gs://live-deepfake-methods-real-and-fake-frames-cropped-teams/samples/edge_cases_1842/frames/real/frame_0000.jpg,135.545531
gs://live-deepfake-methods-real-and-fake-frames-cropped-teams/samples/edge_cases_1842/frames/real/frame_0002.jpg,135.740604
gs://live-deepfake-methods-real-and-fake-frames-cropped-teams/samples/edge_cases_1842/frames/real/frame_0004.jpg,158.251093
gs://live-deepfake-methods-real-and-fake-frames-cropped-teams/samples/edge_cases_1842/frames/real/frame_0006.jpg,151.771679
gs://live-deepfake-methods-real-and-fake-frames-cropped-teams/samples/edge_cases_1842/frames/real/frame_0008.jpg,176.729350
gs://live-deepfake-methods-real-and-fake-frames-cropped-teams/samples/edge_cases_1842/frames/real/frame_0010.jpg,168.382337
gs://live-deepfake-methods-real-and-fake-frames-cropped-teams/samples/edge_cases_1842/frames/real/frame_0012.jpg,168.575161
gs://live-deepfake-methods-real-and-fake-frames-cropped-teams/samples/edge_cases_1842/frames/real/frame_0014.jpg,157.061477
gs://live-deepfake-methods-real-and-fake-frames-cropped-teams/samples/edge_cases_1853/frames/real/frame_0012.jpg,247.656535
gs://live-deepfake-methods-real-and-fake-frames-cropped-teams/samples/edge_cases_1853/frames/real/frame_0014.jpg,226.824053
gs://live-deepfake-methods-real-and-fake-frames-cropped-teams/samples/edge_cases_1875/frames/real/frame_0000.jpg,226.179604
gs://live-deepfake-methods-real-and-fake-frames-cropped-teams/samples/edge_cases_1875/frames/real/frame_0002.jpg,232.846478
gs://live-deepfake-methods-real-and-fake-frames-cropped-teams/samples/edge_cases_1875/frames/real/frame_0006.jpg,233.674260
gs://live-deepfake-methods-real-and-fake-frames-cropped-teams/samples/edge_cases_1875/frames/real/frame_0008.jpg,248.909423
gs://live-deepfake-methods-real-and-fake-frames-cropped-teams/samples/edge_cases_1875/frames/real/frame_0012.jpg,218.536260
gs://live-deepfake-methods-real-and-fake-frames-cropped-teams/samples/edge_cases_1875/frames/real/frame_0014.jpg,108.568335
gs://live-deepfake-methods-real-and-fake-frames-cropped-teams/samples/edge_cases_1892/frames/real/frame_0000.jpg,178.677511
gs://live-deepfake-methods-real-and-fake-frames-cropped-teams/samples/edge_cases_1892/frames/real/frame_0002.jpg,174.770754
gs://live-deepfake-methods-real-and-fake-frames-cropped-teams/samples/edge_cases_1892/frames/real/frame_0004.jpg,177.059237
gs://live-deepfake-methods-real-and-fake-frames-cropped-teams/samples/edge_cases_1892/frames/real/frame_0006.jpg,168.118965
gs://live-deepfake-methods-real-and-fake-frames-cropped-teams/samples/edge_cases_1892/frames/real/frame_0008.jpg,168.188695
gs://live-deepfake-methods-real-and-fake-frames-cropped-teams/samples/edge_cases_1918/frames/real/frame_0000.jpg,135.518176
gs://live-deepfake-methods-real-and-fake-frames-cropped-teams/samples/edge_cases_1918/frames/real/frame_0002.jpg,141.669892
gs://live-deepfake-methods-real-and-fake-frames-cropped-teams/samples/edge_cases_1918/frames/real/frame_0004.jpg,203.057981
gs://live-deepfake-methods-real-and-fake-frames-cropped-teams/samples/edge_cases_1918/frames/real/frame_0006.jpg,189.397616
gs://live-deepfake-methods-real-and-fake-frames-cropped-teams/samples/edge_cases_1918/frames/real/frame_0008.jpg,160.765093
gs://live-deepfake-methods-real-and-fake-frames-cropped-teams/samples/edge_cases_1918/frames/real/frame_0010.jpg,191.112827
gs://live-deepfake-methods-real-and-fake-frames-cropped-teams/samples/edge_cases_1918/frames/real/frame_0012.jpg,187.993055
gs://live-deepfake-methods-real-and-fake-frames-cropped-teams/samples/edge_cases_1918/frames/real/frame_0014.jpg,198.566886
gs://live-deepfake-methods-real-and-fake-frames-cropped-teams/samples/edge_cases_1920/frames/real/frame_0000.jpg,194.775418
gs://live-deepfake-methods-real-and-fake-frames-cropped-teams/samples/edge_cases_1920/frames/real/frame_0002.jpg,170.395808
gs://live-deepfake-methods-real-and-fake-frames-cropped-teams/samples/edge_cases_1920/frames/real/frame_0004.jpg,184.908351
gs://live-deepfake-methods-real-and-fake-frames-cropped-teams/samples/edge_cases_1920/frames/real/frame_0006.jpg,198.763395
gs://live-deepfake-methods-real-and-fake-frames-cropped-teams/samples/edge_cases_1920/frames/real/frame_0008.jpg,196.017190
gs://live-deepfake-methods-real-and-fake-frames-cropped-teams/samples/edge_cases_1920/frames/real/frame_0010.jpg,190.453201
gs://live-deepfake-methods-real-and-fake-frames-cropped-teams/samples/edge_cases_1920/frames/real/frame_0012.jpg,238.278161
gs://live-deepfake-methods-real-and-fake-frames-cropped-teams/samples/edge_cases_1920/frames/real/frame_0014.jpg,237.024122
gs://live-deepfake-methods-real-and-fake-frames-cropped-teams/samples/edge_cases_1931/frames/real/frame_0000.jpg,132.933987
gs://live-deepfake-methods-real-and-fake-frames-cropped-teams/samples/edge_cases_1937/frames/real/frame_0000.jpg,98.333457
gs://live-deepfake-methods-real-and-fake-frames-cropped-teams/samples/edge_cases_1937/frames/real/frame_0002.jpg,114.103839
gs://live-deepfake-methods-real-and-fake-frames-cropped-teams/samples/edge_cases_1937/frames/real/frame_0004.jpg,88.499041
gs://live-deepfake-methods-real-and-fake-frames-cropped-teams/samples/edge_cases_1937/frames/real/frame_0006.jpg,96.765487
gs://live-deepfake-methods-real-and-fake-frames-cropped-teams/samples/edge_cases_1937/frames/real/frame_0008.jpg,99.208162
gs://live-deepfake-methods-real-and-fake-frames-cropped-teams/samples/edge_cases_1937/frames/real/frame_0010.jpg,95.454013
gs://live-deepfake-methods-real-and-fake-frames-cropped-teams/samples/edge_cases_1937/frames/real/frame_0012.jpg,102.587681
gs://live-deepfake-methods-real-and-fake-frames-cropped-teams/samples/edge_cases_1937/frames/real/frame_0014.jpg,91.811977
gs://live-deepfake-methods-real-and-fake-frames-cropped-teams/samples/edge_cases_1943/frames/real/frame_0000.jpg,95.941648
gs://live-deepfake-methods-real-and-fake-frames-cropped-teams/samples/edge_cases_1943/frames/real/frame_0002.jpg,94.875085
gs://live-deepfake-methods-real-and-fake-frames-cropped-teams/samples/edge_cases_1943/frames/real/frame_0004.jpg,105.318462
gs://live-deepfake-methods-real-and-fake-frames-cropped-teams/samples/edge_cases_1943/frames/real/frame_0012.jpg,134.203343
gs://live-deepfake-methods-real-and-fake-frames-cropped-teams/samples/edge_cases_1981/frames/real/frame_0000.jpg,133.196484
gs://live-deepfake-methods-real-and-fake-frames-cropped-teams/samples/edge_cases_1981/frames/real/frame_0002.jpg,123.685348
gs://live-deepfake-methods-real-and-fake-frames-cropped-teams/samples/edge_cases_1981/frames/real/frame_0004.jpg,129.180977
gs://live-deepfake-methods-real-and-fake-frames-cropped-teams/samples/edge_cases_1981/frames/real/frame_0006.jpg,125.958092
gs://live-deepfake-methods-real-and-fake-frames-cropped-teams/samples/edge_cases_1981/frames/real/frame_0008.jpg,122.532599
gs://live-deepfake-methods-real-and-fake-frames-cropped-teams/samples/edge_cases_1981/frames/real/frame_0010.jpg,122.131898
gs://live-deepfake-methods-real-and-fake-frames-cropped-teams/samples/edge_cases_1981/frames/real/frame_0012.jpg,149.810948
gs://live-deepfake-methods-real-and-fake-frames-cropped-teams/samples/edge_cases_1981/frames/real/frame_0014.jpg,140.775481
gs://live-deepfake-methods-real-and-fake-frames-cropped-teams/samples/minimal_processing_0000/frames/real/frame_0000.jpg,112.278071
gs://live-deepfake-methods-real-and-fake-frames-cropped-teams/samples/minimal_processing_0000/frames/real/frame_0002.jpg,109.516152
gs://live-deepfake-methods-real-and-fake-frames-cropped-teams/samples/minimal_processing_0000/frames/real/frame_0004.jpg,105.881665
gs://live-deepfake-methods-real-and-fake-frames-cropped-teams/samples/minimal_processing_0000/frames/real/frame_0006.jpg,112.636821
gs://live-deepfake-methods-real-and-fake-frames-cropped-teams/samples/minimal_processing_0000/frames/real/frame_0008.jpg,108.890829
gs://live-deepfake-methods-real-and-fake-frames-cropped-teams/samples/minimal_processing_0000/frames/real/frame_0010.jpg,112.410836
gs://live-deepfake-methods-real-and-fake-frames-cropped-teams/samples/minimal_processing_0000/frames/real/frame_0012.jpg,89.718301
gs://live-deepfake-methods-real-and-fake-frames-cropped-teams/samples/minimal_processing_0000/frames/real/frame_0014.jpg,73.899035
gs://live-deepfake-methods-real-and-fake-frames-cropped-teams/samples/minimal_processing_0010/frames/real/frame_0000.jpg,118.874048
gs://live-deepfake-methods-real-and-fake-frames-cropped-teams/samples/minimal_processing_0010/frames/real/frame_0002.jpg,115.157410
gs://live-deepfake-methods-real-and-fake-frames-cropped-teams/samples/minimal_processing_0010/frames/real/frame_0004.jpg,123.563870
gs://live-deepfake-methods-real-and-fake-frames-cropped-teams/samples/minimal_processing_0010/frames/real/frame_0006.jpg,122.129624
gs://live-deepfake-methods-real-and-fake-frames-cropped-teams/samples/minimal_processing_0010/frames/real/frame_0008.jpg,97.052200
gs://live-deepfake-methods-real-and-fake-frames-cropped-teams/samples/minimal_processing_0010/frames/real/frame_0010.jpg,96.499224
gs://live-deepfake-methods-real-and-fake-frames-cropped-teams/samples/minimal_processing_0010/frames/real/frame_0012.jpg,91.541938
gs://live-deepfake-methods-real-and-fake-frames-cropped-teams/samples/minimal_processing_0010/frames/real/frame_0014.jpg,110.873193
gs://live-deepfake-methods-real-and-fake-frames-cropped-teams/samples/minimal_processing_0032/frames/real/frame_0000.jpg,94.383456
gs://live-deepfake-methods-real-and-fake-frames-cropped-teams/samples/minimal_processing_0032/frames/real/frame_0002.jpg,86.638187
gs://live-deepfake-methods-real-and-fake-frames-cropped-teams/samples/minimal_processing_0032/frames/real/frame_0004.jpg,83.890649
gs://live-deepfake-methods-real-and-fake-frames-cropped-teams/samples/minimal_processing_0032/frames/real/frame_0006.jpg,76.519230
gs://live-deepfake-methods-real-and-fake-frames-cropped-teams/samples/minimal_processing_0032/frames/real/frame_0008.jpg,83.082892
gs://live-deepfake-methods-real-and-fake-frames-cropped-teams/samples/minimal_processing_0032/frames/real/frame_0010.jpg,89.817420
gs://live-deepfake-methods-real-and-fake-frames-cropped-teams/samples/minimal_processing_0032/frames/real/frame_0012.jpg,82.269971
gs://live-deepfake-methods-real-and-fake-frames-cropped-teams/samples/minimal_processing_0032/frames/real/frame_0014.jpg,77.954872
gs://live-deepfake-methods-real-and-fake-frames-cropped-teams/samples/minimal_processing_0034/frames/real/frame_0000.jpg,103.300973
gs://live-deepfake-methods-real-and-fake-frames-cropped-teams/samples/minimal_processing_0034/frames/real/frame_0002.jpg,105.158574
gs://live-deepfake-methods-real-and-fake-frames-cropped-teams/samples/minimal_processing_0034/frames/real/frame_0004.jpg,109.318923
gs://live-deepfake-methods-real-and-fake-frames-cropped-teams/samples/minimal_processing_0034/frames/real/frame_0006.jpg,94.849362
gs://live-deepfake-methods-real-and-fake-frames-cropped-teams/samples/minimal_processing_0034/frames/real/frame_0008.jpg,99.687534
gs://live-deepfake-methods-real-and-fake-frames-cropped-teams/samples/minimal_processing_0034/frames/real/frame_0010.jpg,94.327453
gs://live-deepfake-methods-real-and-fake-frames-cropped-teams/samples/minimal_processing_0061/frames/real/frame_0000.jpg,56.102554
gs://live-deepfake-methods-real-and-fake-frames-cropped-teams/samples/minimal_processing_0061/frames/real/frame_0002.jpg,49.997023
gs://live-deepfake-methods-real-and-fake-frames-cropped-teams/samples/minimal_processing_0061/frames/real/frame_0004.jpg,41.395368
gs://live-deepfake-methods-real-and-fake-frames-cropped-teams/samples/minimal_processing_0061/frames/real/frame_0006.jpg,59.888358
gs://live-deepfake-methods-real-and-fake-frames-cropped-teams/samples/minimal_processing_0061/frames/real/frame_0008.jpg,82.130232
gs://live-deepfake-methods-real-and-fake-frames-cropped-teams/samples/minimal_processing_0061/frames/real/frame_0010.jpg,70.349654
gs://live-deepfake-methods-real-and-fake-frames-cropped-teams/samples/minimal_processing_0061/frames/real/frame_0012.jpg,74.315336
gs://live-deepfake-methods-real-and-fake-frames-cropped-teams/samples/minimal_processing_0061/frames/real/frame_0014.jpg,77.847119
gs://live-deepfake-methods-real-and-fake-frames-cropped-teams/samples/minimal_processing_0071/frames/real/frame_0000.jpg,170.734445
gs://live-deepfake-methods-real-and-fake-frames-cropped-teams/samples/minimal_processing_0071/frames/real/frame_0002.jpg,166.981005
gs://live-deepfake-methods-real-and-fake-frames-cropped-teams/samples/minimal_processing_0071/frames/real/frame_0004.jpg,227.343789
gs://live-deepfake-methods-real-and-fake-frames-cropped-teams/samples/minimal_processing_0071/frames/real/frame_0006.jpg,174.073074
gs://live-deepfake-methods-real-and-fake-frames-cropped-teams/samples/minimal_processing_0071/frames/real/frame_0008.jpg,194.715781
gs://live-deepfake-methods-real-and-fake-frames-cropped-teams/samples/minimal_processing_0071/frames/real/frame_0010.jpg,197.473333
gs://live-deepfake-methods-real-and-fake-frames-cropped-teams/samples/minimal_processing_0071/frames/real/frame_0012.jpg,206.082367
gs://live-deepfake-methods-real-and-fake-frames-cropped-teams/samples/minimal_processing_0071/frames/real/frame_0014.jpg,217.140230
gs://live-deepfake-methods-real-and-fake-frames-cropped-teams/samples/minimal_processing_0072/frames/real/frame_0000.jpg,98.492335
gs://live-deepfake-methods-real-and-fake-frames-cropped-teams/samples/minimal_processing_0072/frames/real/frame_0002.jpg,130.659726
gs://live-deepfake-methods-real-and-fake-frames-cropped-teams/samples/minimal_processing_0072/frames/real/frame_0004.jpg,154.627152
gs://live-deepfake-methods-real-and-fake-frames-cropped-teams/samples/minimal_processing_0072/frames/real/frame_0006.jpg,163.956425
gs://live-deepfake-methods-real-and-fake-frames-cropped-teams/samples/minimal_processing_0072/frames/real/frame_0008.jpg,223.841858
gs://live-deepfake-methods-real-and-fake-frames-cropped-teams/samples/minimal_processing_0072/frames/real/frame_0010.jpg,223.201134
gs://live-deepfake-methods-real-and-fake-frames-cropped-teams/samples/minimal_processing_0072/frames/real/frame_0012.jpg,129.523581
gs://live-deepfake-methods-real-and-fake-frames-cropped-teams/samples/minimal_processing_0072/frames/real/frame_0014.jpg,148.655243
gs://live-deepfake-methods-real-and-fake-frames-cropped-teams/samples/minimal_processing_0088/frames/real/frame_0000.jpg,109.009564
gs://live-deepfake-methods-real-and-fake-frames-cropped-teams/samples/minimal_processing_0088/frames/real/frame_0002.jpg,110.591884
gs://live-deepfake-methods-real-and-fake-frames-cropped-teams/samples/minimal_processing_0088/frames/real/frame_0004.jpg,111.014714
gs://live-deepfake-methods-real-and-fake-frames-cropped-teams/samples/minimal_processing_0088/frames/real/frame_0006.jpg,98.082033
gs://live-deepfake-methods-real-and-fake-frames-cropped-teams/samples/minimal_processing_0088/frames/real/frame_0008.jpg,138.264291
gs://live-deepfake-methods-real-and-fake-frames-cropped-teams/samples/minimal_processing_0088/frames/real/frame_0010.jpg,134.501740
gs://live-deepfake-methods-real-and-fake-frames-cropped-teams/samples/minimal_processing_0088/frames/real/frame_0012.jpg,147.407132
gs://live-deepfake-methods-real-and-fake-frames-cropped-teams/samples/minimal_processing_0088/frames/real/frame_0014.jpg,146.937100
gs://live-deepfake-methods-real-and-fake-frames-cropped-teams/samples/minimal_processing_0089/frames/real/frame_0000.jpg,57.259968
gs://live-deepfake-methods-real-and-fake-frames-cropped-teams/samples/minimal_processing_0089/frames/real/frame_0002.jpg,55.104673
gs://live-deepfake-methods-real-and-fake-frames-cropped-teams/samples/minimal_processing_0089/frames/real/frame_0004.jpg,124.075825
gs://live-deepfake-methods-real-and-fake-frames-cropped-teams/samples/minimal_processing_0089/frames/real/frame_0006.jpg,77.991159
gs://live-deepfake-methods-real-and-fake-frames-cropped-teams/samples/minimal_processing_0089/frames/real/frame_0008.jpg,68.356783
gs://live-deepfake-methods-real-and-fake-frames-cropped-teams/samples/minimal_processing_0089/frames/real/frame_0010.jpg,64.946267
gs://live-deepfake-methods-real-and-fake-frames-cropped-teams/samples/minimal_processing_0089/frames/real/frame_0012.jpg,41.618188
gs://live-deepfake-methods-real-and-fake-frames-cropped-teams/samples/minimal_processing_0089/frames/real/frame_0014.jpg,40.482987
gs://live-deepfake-methods-real-and-fake-frames-cropped-teams/samples/minimal_processing_0105/frames/real/frame_0000.jpg,223.779517
gs://live-deepfake-methods-real-and-fake-frames-cropped-teams/samples/minimal_processing_0105/frames/real/frame_0004.jpg,243.365271
gs://live-deepfake-methods-real-and-fake-frames-cropped-teams/samples/minimal_processing_0105/frames/real/frame_0006.jpg,247.043354
gs://live-deepfake-methods-real-and-fake-frames-cropped-teams/samples/minimal_processing_0105/frames/real/frame_0008.jpg,228.853433
gs://live-deepfake-methods-real-and-fake-frames-cropped-teams/samples/minimal_processing_0105/frames/real/frame_0012.jpg,240.515277
gs://live-deepfake-methods-real-and-fake-frames-cropped-teams/samples/minimal_processing_0105/frames/real/frame_0014.jpg,232.837254
gs://live-deepfake-methods-real-and-fake-frames-cropped-teams/samples/minimal_processing_0119/frames/real/frame_0000.jpg,83.618593
gs://live-deepfake-methods-real-and-fake-frames-cropped-teams/samples/minimal_processing_0119/frames/real/frame_0002.jpg,75.200029
gs://live-deepfake-methods-real-and-fake-frames-cropped-teams/samples/minimal_processing_0119/frames/real/frame_0004.jpg,136.391393
gs://live-deepfake-methods-real-and-fake-frames-cropped-teams/samples/minimal_processing_0119/frames/real/frame_0006.jpg,134.696022
gs://live-deepfake-methods-real-and-fake-frames-cropped-teams/samples/minimal_processing_0119/frames/real/frame_0008.jpg,59.044979
gs://live-deepfake-methods-real-and-fake-frames-cropped-teams/samples/minimal_processing_0119/frames/real/frame_0010.jpg,237.342698
gs://live-deepfake-methods-real-and-fake-frames-cropped-teams/samples/minimal_processing_0119/frames/real/frame_0012.jpg,232.853533
gs://live-deepfake-methods-real-and-fake-frames-cropped-teams/samples/minimal_processing_0119/frames/real/frame_0014.jpg,100.298525
gs://live-deepfake-methods-real-and-fake-frames-cropped-teams/samples/minimal_processing_0121/frames/real/frame_0000.jpg,135.591946
gs://live-deepfake-methods-real-and-fake-frames-cropped-teams/samples/minimal_processing_0121/frames/real/frame_0002.jpg,154.799115
gs://live-deepfake-methods-real-and-fake-frames-cropped-teams/samples/minimal_processing_0121/frames/real/frame_0004.jpg,186.063037
gs://live-deepfake-methods-real-and-fake-frames-cropped-teams/samples/minimal_processing_0121/frames/real/frame_0006.jpg,193.513637
gs://live-deepfake-methods-real-and-fake-frames-cropped-teams/samples/minimal_processing_0121/frames/real/frame_0008.jpg,159.037870
gs://live-deepfake-methods-real-and-fake-frames-cropped-teams/samples/minimal_processing_0121/frames/real/frame_0010.jpg,168.989847
gs://live-deepfake-methods-real-and-fake-frames-cropped-teams/samples/minimal_processing_0121/frames/real/frame_0012.jpg,161.523242
gs://live-deepfake-methods-real-and-fake-frames-cropped-teams/samples/minimal_processing_0121/frames/real/frame_0014.jpg,198.479052
gs://live-deepfake-methods-real-and-fake-frames-cropped-teams/samples/minimal_processing_0134/frames/real/frame_0000.jpg,137.607431
gs://live-deepfake-methods-real-and-fake-frames-cropped-teams/samples/minimal_processing_0134/frames/real/frame_0002.jpg,140.601649
gs://live-deepfake-methods-real-and-fake-frames-cropped-teams/samples/minimal_processing_0134/frames/real/frame_0004.jpg,140.486779
gs://live-deepfake-methods-real-and-fake-frames-cropped-teams/samples/minimal_processing_0134/frames/real/frame_0006.jpg,137.550480
gs://live-deepfake-methods-real-and-fake-frames-cropped-teams/samples/minimal_processing_0134/frames/real/frame_0008.jpg,137.739390
gs://live-deepfake-methods-real-and-fake-frames-cropped-teams/samples/minimal_processing_0134/frames/real/frame_0010.jpg,137.312206
gs://live-deepfake-methods-real-and-fake-frames-cropped-teams/samples/minimal_processing_0140/frames/real/frame_0004.jpg,238.007730
gs://live-deepfake-methods-real-and-fake-frames-cropped-teams/samples/minimal_processing_0141/frames/real/frame_0000.jpg,197.204167
gs://live-deepfake-methods-real-and-fake-frames-cropped-teams/samples/minimal_processing_0141/frames/real/frame_0008.jpg,188.779465
gs://live-deepfake-methods-real-and-fake-frames-cropped-teams/samples/minimal_processing_0152/frames/real/frame_0004.jpg,141.482767
gs://live-deepfake-methods-real-and-fake-frames-cropped-teams/samples/minimal_processing_0152/frames/real/frame_0006.jpg,145.124559
gs://live-deepfake-methods-real-and-fake-frames-cropped-teams/samples/minimal_processing_0152/frames/real/frame_0008.jpg,137.870362
gs://live-deepfake-methods-real-and-fake-frames-cropped-teams/samples/minimal_processing_0152/frames/real/frame_0010.jpg,45.298738
gs://live-deepfake-methods-real-and-fake-frames-cropped-teams/samples/minimal_processing_0152/frames/real/frame_0012.jpg,139.723957
gs://live-deepfake-methods-real-and-fake-frames-cropped-teams/samples/minimal_processing_0152/frames/real/frame_0014.jpg,142.756216
gs://live-deepfake-methods-real-and-fake-frames-cropped-teams/samples/minimal_processing_0153/frames/real/frame_0000.jpg,26.974983
gs://live-deepfake-methods-real-and-fake-frames-cropped-teams/samples/minimal_processing_0153/frames/real/frame_0002.jpg,27.261390
gs://live-deepfake-methods-real-and-fake-frames-cropped-teams/samples/minimal_processing_0153/frames/real/frame_0004.jpg,178.206969
gs://live-deepfake-methods-real-and-fake-frames-cropped-teams/samples/minimal_processing_0153/frames/real/frame_0006.jpg,96.497548
gs://live-deepfake-methods-real-and-fake-frames-cropped-teams/samples/minimal_processing_0153/frames/real/frame_0008.jpg,34.220753
gs://live-deepfake-methods-real-and-fake-frames-cropped-teams/samples/minimal_processing_0153/frames/real/frame_0010.jpg,39.283867
gs://live-deepfake-methods-real-and-fake-frames-cropped-teams/samples/minimal_processing_0153/frames/real/frame_0012.jpg,28.116184
gs://live-deepfake-methods-real-and-fake-frames-cropped-teams/samples/minimal_processing_0153/frames/real/frame_0014.jpg,26.975675
gs://live-deepfake-methods-real-and-fake-frames-cropped-teams/samples/minimal_processing_0186/frames/real/frame_0000.jpg,156.092982
gs://live-deepfake-methods-real-and-fake-frames-cropped-teams/samples/minimal_processing_0186/frames/real/frame_0002.jpg,146.228001
gs://live-deepfake-methods-real-and-fake-frames-cropped-teams/samples/minimal_processing_0186/frames/real/frame_0004.jpg,159.893051
gs://live-deepfake-methods-real-and-fake-frames-cropped-teams/samples/minimal_processing_0186/frames/real/frame_0006.jpg,211.628524
gs://live-deepfake-methods-real-and-fake-frames-cropped-teams/samples/minimal_processing_0186/frames/real/frame_0010.jpg,143.712637
gs://live-deepfake-methods-real-and-fake-frames-cropped-teams/samples/minimal_processing_0186/frames/real/frame_0012.jpg,149.870015
gs://live-deepfake-methods-real-and-fake-frames-cropped-teams/samples/minimal_processing_0186/frames/real/frame_0014.jpg,142.672632
gs://live-deepfake-methods-real-and-fake-frames-cropped-teams/samples/minimal_processing_0192/frames/real/frame_0000.jpg,186.543074
gs://live-deepfake-methods-real-and-fake-frames-cropped-teams/samples/minimal_processing_0192/frames/real/frame_0002.jpg,84.848897
gs://live-deepfake-methods-real-and-fake-frames-cropped-teams/samples/minimal_processing_0192/frames/real/frame_0004.jpg,91.295431
gs://live-deepfake-methods-real-and-fake-frames-cropped-teams/samples/minimal_processing_0192/frames/real/frame_0006.jpg,87.725649
gs://live-deepfake-methods-real-and-fake-frames-cropped-teams/samples/minimal_processing_0192/frames/real/frame_0008.jpg,93.595501
gs://live-deepfake-methods-real-and-fake-frames-cropped-teams/samples/minimal_processing_0192/frames/real/frame_0010.jpg,87.008991
gs://live-deepfake-methods-real-and-fake-frames-cropped-teams/samples/minimal_processing_0192/frames/real/frame_0012.jpg,93.115552
gs://live-deepfake-methods-real-and-fake-frames-cropped-teams/samples/minimal_processing_0205/frames/real/frame_0000.jpg,122.152929
gs://live-deepfake-methods-real-and-fake-frames-cropped-teams/samples/minimal_processing_0205/frames/real/frame_0002.jpg,118.820724
gs://live-deepfake-methods-real-and-fake-frames-cropped-teams/samples/minimal_processing_0205/frames/real/frame_0004.jpg,144.722129
gs://live-deepfake-methods-real-and-fake-frames-cropped-teams/samples/minimal_processing_0205/frames/real/frame_0010.jpg,196.012369
gs://live-deepfake-methods-real-and-fake-frames-cropped-teams/samples/minimal_processing_0209/frames/real/frame_0002.jpg,219.723366
gs://live-deepfake-methods-real-and-fake-frames-cropped-teams/samples/minimal_processing_0239/frames/real/frame_0000.jpg,91.494804
gs://live-deepfake-methods-real-and-fake-frames-cropped-teams/samples/minimal_processing_0239/frames/real/frame_0002.jpg,113.873305
gs://live-deepfake-methods-real-and-fake-frames-cropped-teams/samples/minimal_processing_0239/frames/real/frame_0004.jpg,140.187308
gs://live-deepfake-methods-real-and-fake-frames-cropped-teams/samples/minimal_processing_0239/frames/real/frame_0006.jpg,142.401936
gs://live-deepfake-methods-real-and-fake-frames-cropped-teams/samples/minimal_processing_0239/frames/real/frame_0008.jpg,129.261273
gs://live-deepfake-methods-real-and-fake-frames-cropped-teams/samples/minimal_processing_0239/frames/real/frame_0010.jpg,134.511464
gs://live-deepfake-methods-real-and-fake-frames-cropped-teams/samples/minimal_processing_0239/frames/real/frame_0012.jpg,139.881008
gs://live-deepfake-methods-real-and-fake-frames-cropped-teams/samples/minimal_processing_0239/frames/real/frame_0014.jpg,138.352301
gs://live-deepfake-methods-real-and-fake-frames-cropped-teams/samples/minimal_processing_0240/frames/real/frame_0000.jpg,186.142745
gs://live-deepfake-methods-real-and-fake-frames-cropped-teams/samples/minimal_processing_0240/frames/real/frame_0002.jpg,179.342664
gs://live-deepfake-methods-real-and-fake-frames-cropped-teams/samples/minimal_processing_0240/frames/real/frame_0004.jpg,168.437207
gs://live-deepfake-methods-real-and-fake-frames-cropped-teams/samples/minimal_processing_0240/frames/real/frame_0006.jpg,169.301740
gs://live-deepfake-methods-real-and-fake-frames-cropped-teams/samples/minimal_processing_0240/frames/real/frame_0008.jpg,181.139278
gs://live-deepfake-methods-real-and-fake-frames-cropped-teams/samples/minimal_processing_0240/frames/real/frame_0010.jpg,163.513459
gs://live-deepfake-methods-real-and-fake-frames-cropped-teams/samples/minimal_processing_0266/frames/real/frame_0004.jpg,84.513235
gs://live-deepfake-methods-real-and-fake-frames-cropped-teams/samples/minimal_processing_0266/frames/real/frame_0006.jpg,144.608688
gs://live-deepfake-methods-real-and-fake-frames-cropped-teams/samples/minimal_processing_0266/frames/real/frame_0008.jpg,162.319449
gs://live-deepfake-methods-real-and-fake-frames-cropped-teams/samples/minimal_processing_0266/frames/real/frame_0010.jpg,127.605941
gs://live-deepfake-methods-real-and-fake-frames-cropped-teams/samples/minimal_processing_0266/frames/real/frame_0012.jpg,171.735715
gs://live-deepfake-methods-real-and-fake-frames-cropped-teams/samples/minimal_processing_0266/frames/real/frame_0014.jpg,229.759569
gs://live-deepfake-methods-real-and-fake-frames-cropped-teams/samples/minimal_processing_0267/frames/real/frame_0000.jpg,63.972483
gs://live-deepfake-methods-real-and-fake-frames-cropped-teams/samples/minimal_processing_0267/frames/real/frame_0002.jpg,59.420779
gs://live-deepfake-methods-real-and-fake-frames-cropped-teams/samples/minimal_processing_0267/frames/real/frame_0004.jpg,59.752587
gs://live-deepfake-methods-real-and-fake-frames-cropped-teams/samples/minimal_processing_0267/frames/real/frame_0006.jpg,55.267395
gs://live-deepfake-methods-real-and-fake-frames-cropped-teams/samples/minimal_processing_0267/frames/real/frame_0008.jpg,102.414435
gs://live-deepfake-methods-real-and-fake-frames-cropped-teams/samples/minimal_processing_0267/frames/real/frame_0010.jpg,134.685009
gs://live-deepfake-methods-real-and-fake-frames-cropped-teams/samples/minimal_processing_0267/frames/real/frame_0012.jpg,131.101488
gs://live-deepfake-methods-real-and-fake-frames-cropped-teams/samples/minimal_processing_0267/frames/real/frame_0014.jpg,133.287128
gs://live-deepfake-methods-real-and-fake-frames-cropped-teams/samples/minimal_processing_0313/frames/real/frame_0000.jpg,216.017891
gs://live-deepfake-methods-real-and-fake-frames-cropped-teams/samples/minimal_processing_0316/frames/real/frame_0002.jpg,248.473582
gs://live-deepfake-methods-real-and-fake-frames-cropped-teams/samples/minimal_processing_0316/frames/real/frame_0004.jpg,211.191293
gs://live-deepfake-methods-real-and-fake-frames-cropped-teams/samples/minimal_processing_0316/frames/real/frame_0006.jpg,245.419021
gs://live-deepfake-methods-real-and-fake-frames-cropped-teams/samples/minimal_processing_0316/frames/real/frame_0010.jpg,206.146134
gs://live-deepfake-methods-real-and-fake-frames-cropped-teams/samples/minimal_processing_0316/frames/real/frame_0012.jpg,245.442999
gs://live-deepfake-methods-real-and-fake-frames-cropped-teams/samples/minimal_processing_0316/frames/real/frame_0014.jpg,106.942957
gs://live-deepfake-methods-real-and-fake-frames-cropped-teams/samples/minimal_processing_0330/frames/real/frame_0000.jpg,94.399681
gs://live-deepfake-methods-real-and-fake-frames-cropped-teams/samples/minimal_processing_0330/frames/real/frame_0002.jpg,103.067387
gs://live-deepfake-methods-real-and-fake-frames-cropped-teams/samples/minimal_processing_0330/frames/real/frame_0004.jpg,109.940251
gs://live-deepfake-methods-real-and-fake-frames-cropped-teams/samples/minimal_processing_0330/frames/real/frame_0006.jpg,77.818878
gs://live-deepfake-methods-real-and-fake-frames-cropped-teams/samples/minimal_processing_0330/frames/real/frame_0008.jpg,109.276318
gs://live-deepfake-methods-real-and-fake-frames-cropped-teams/samples/minimal_processing_0330/frames/real/frame_0010.jpg,103.195150
gs://live-deepfake-methods-real-and-fake-frames-cropped-teams/samples/minimal_processing_0330/frames/real/frame_0012.jpg,84.445494
gs://live-deepfake-methods-real-and-fake-frames-cropped-teams/samples/minimal_processing_0330/frames/real/frame_0014.jpg,95.716271
gs://live-deepfake-methods-real-and-fake-frames-cropped-teams/samples/minimal_processing_0351/frames/real/frame_0000.jpg,69.740610
gs://live-deepfake-methods-real-and-fake-frames-cropped-teams/samples/minimal_processing_0351/frames/real/frame_0002.jpg,89.854767
gs://live-deepfake-methods-real-and-fake-frames-cropped-teams/samples/minimal_processing_0351/frames/real/frame_0004.jpg,102.172752
gs://live-deepfake-methods-real-and-fake-frames-cropped-teams/samples/minimal_processing_0351/frames/real/frame_0006.jpg,77.178728
gs://live-deepfake-methods-real-and-fake-frames-cropped-teams/samples/minimal_processing_0351/frames/real/frame_0008.jpg,67.558810
gs://live-deepfake-methods-real-and-fake-frames-cropped-teams/samples/minimal_processing_0351/frames/real/frame_0010.jpg,100.758505
gs://live-deepfake-methods-real-and-fake-frames-cropped-teams/samples/minimal_processing_0351/frames/real/frame_0012.jpg,86.648707
gs://live-deepfake-methods-real-and-fake-frames-cropped-teams/samples/minimal_processing_0351/frames/real/frame_0014.jpg,62.481329
gs://live-deepfake-methods-real-and-fake-frames-cropped-teams/samples/minimal_processing_0354/frames/real/frame_0000.jpg,59.449163
gs://live-deepfake-methods-real-and-fake-frames-cropped-teams/samples/minimal_processing_0354/frames/real/frame_0002.jpg,57.464508
gs://live-deepfake-methods-real-and-fake-frames-cropped-teams/samples/minimal_processing_0354/frames/real/frame_0004.jpg,57.738546
gs://live-deepfake-methods-real-and-fake-frames-cropped-teams/samples/minimal_processing_0354/frames/real/frame_0006.jpg,55.008042
gs://live-deepfake-methods-real-and-fake-frames-cropped-teams/samples/minimal_processing_0354/frames/real/frame_0008.jpg,59.154987
gs://live-deepfake-methods-real-and-fake-frames-cropped-teams/samples/minimal_processing_0354/frames/real/frame_0010.jpg,43.320473
gs://live-deepfake-methods-real-and-fake-frames-cropped-teams/samples/minimal_processing_0354/frames/real/frame_0012.jpg,61.487098
gs://live-deepfake-methods-real-and-fake-frames-cropped-teams/samples/minimal_processing_0373/frames/real/frame_0000.jpg,170.526889
gs://live-deepfake-methods-real-and-fake-frames-cropped-teams/samples/minimal_processing_0373/frames/real/frame_0002.jpg,160.293908
gs://live-deepfake-methods-real-and-fake-frames-cropped-teams/samples/minimal_processing_0373/frames/real/frame_0004.jpg,157.155195
gs://live-deepfake-methods-real-and-fake-frames-cropped-teams/samples/minimal_processing_0373/frames/real/frame_0006.jpg,131.464950
gs://live-deepfake-methods-real-and-fake-frames-cropped-teams/samples/minimal_processing_0373/frames/real/frame_0008.jpg,144.665178
gs://live-deepfake-methods-real-and-fake-frames-cropped-teams/samples/minimal_processing_0373/frames/real/frame_0010.jpg,130.551769
gs://live-deepfake-methods-real-and-fake-frames-cropped-teams/samples/minimal_processing_0373/frames/real/frame_0012.jpg,136.595422
gs://live-deepfake-methods-real-and-fake-frames-cropped-teams/samples/minimal_processing_0373/frames/real/frame_0014.jpg,132.238601
gs://live-deepfake-methods-real-and-fake-frames-cropped-teams/samples/minimal_processing_0388/frames/real/frame_0004.jpg,250.748094
gs://live-deepfake-methods-real-and-fake-frames-cropped-teams/samples/minimal_processing_0388/frames/real/frame_0006.jpg,237.706363
gs://live-deepfake-methods-real-and-fake-frames-cropped-teams/samples/minimal_processing_0388/frames/real/frame_0010.jpg,243.938432
gs://live-deepfake-methods-real-and-fake-frames-cropped-teams/samples/minimal_processing_0395/frames/real/frame_0000.jpg,74.003457
gs://live-deepfake-methods-real-and-fake-frames-cropped-teams/samples/minimal_processing_0395/frames/real/frame_0002.jpg,41.738627
gs://live-deepfake-methods-real-and-fake-frames-cropped-teams/samples/minimal_processing_0395/frames/real/frame_0004.jpg,49.813921
gs://live-deepfake-methods-real-and-fake-frames-cropped-teams/samples/minimal_processing_0395/frames/real/frame_0006.jpg,45.944413
gs://live-deepfake-methods-real-and-fake-frames-cropped-teams/samples/minimal_processing_0439/frames/real/frame_0000.jpg,53.457196
gs://live-deepfake-methods-real-and-fake-frames-cropped-teams/samples/minimal_processing_0439/frames/real/frame_0002.jpg,31.962125
gs://live-deepfake-methods-real-and-fake-frames-cropped-teams/samples/minimal_processing_0439/frames/real/frame_0004.jpg,48.198496
gs://live-deepfake-methods-real-and-fake-frames-cropped-teams/samples/minimal_processing_0439/frames/real/frame_0006.jpg,57.984419
gs://live-deepfake-methods-real-and-fake-frames-cropped-teams/samples/minimal_processing_0439/frames/real/frame_0008.jpg,63.655636
gs://live-deepfake-methods-real-and-fake-frames-cropped-teams/samples/minimal_processing_0439/frames/real/frame_0010.jpg,36.385037
gs://live-deepfake-methods-real-and-fake-frames-cropped-teams/samples/minimal_processing_0439/frames/real/frame_0012.jpg,37.243980
gs://live-deepfake-methods-real-and-fake-frames-cropped-teams/samples/minimal_processing_0439/frames/real/frame_0014.jpg,36.867263
gs://live-deepfake-methods-real-and-fake-frames-cropped-teams/samples/minimal_processing_0453/frames/real/frame_0004.jpg,166.159652
gs://live-deepfake-methods-real-and-fake-frames-cropped-teams/samples/minimal_processing_0453/frames/real/frame_0006.jpg,155.063345
gs://live-deepfake-methods-real-and-fake-frames-cropped-teams/samples/minimal_processing_0453/frames/real/frame_0012.jpg,165.573059
gs://live-deepfake-methods-real-and-fake-frames-cropped-teams/samples/minimal_processing_0453/frames/real/frame_0014.jpg,144.285290
gs://live-deepfake-methods-real-and-fake-frames-cropped-teams/samples/minimal_processing_0515/frames/real/frame_0000.jpg,114.785473
gs://live-deepfake-methods-real-and-fake-frames-cropped-teams/samples/minimal_processing_0515/frames/real/frame_0002.jpg,122.430015
gs://live-deepfake-methods-real-and-fake-frames-cropped-teams/samples/minimal_processing_0515/frames/real/frame_0004.jpg,115.802430
gs://live-deepfake-methods-real-and-fake-frames-cropped-teams/samples/minimal_processing_0515/frames/real/frame_0006.jpg,112.078198
gs://live-deepfake-methods-real-and-fake-frames-cropped-teams/samples/minimal_processing_0515/frames/real/frame_0008.jpg,202.670485
gs://live-deepfake-methods-real-and-fake-frames-cropped-teams/samples/minimal_processing_0515/frames/real/frame_0010.jpg,192.132340
gs://live-deepfake-methods-real-and-fake-frames-cropped-teams/samples/minimal_processing_0515/frames/real/frame_0012.jpg,148.857734
gs://live-deepfake-methods-real-and-fake-frames-cropped-teams/samples/minimal_processing_0515/frames/real/frame_0014.jpg,158.987109
gs://live-deepfake-methods-real-and-fake-frames-cropped-teams/samples/minimal_processing_0524/frames/real/frame_0000.jpg,141.407818
gs://live-deepfake-methods-real-and-fake-frames-cropped-teams/samples/minimal_processing_0524/frames/real/frame_0002.jpg,159.445799
gs://live-deepfake-methods-real-and-fake-frames-cropped-teams/samples/minimal_processing_0524/frames/real/frame_0004.jpg,159.131587
gs://live-deepfake-methods-real-and-fake-frames-cropped-teams/samples/minimal_processing_0524/frames/real/frame_0006.jpg,156.447558
gs://live-deepfake-methods-real-and-fake-frames-cropped-teams/samples/minimal_processing_0524/frames/real/frame_0008.jpg,172.672697
gs://live-deepfake-methods-real-and-fake-frames-cropped-teams/samples/minimal_processing_0524/frames/real/frame_0010.jpg,181.157463
gs://live-deepfake-methods-real-and-fake-frames-cropped-teams/samples/minimal_processing_0524/frames/real/frame_0012.jpg,163.384075
gs://live-deepfake-methods-real-and-fake-frames-cropped-teams/samples/minimal_processing_0524/frames/real/frame_0014.jpg,149.187620
gs://live-deepfake-methods-real-and-fake-frames-cropped-teams/samples/minimal_processing_0578/frames/real/frame_0000.jpg,74.268506
gs://live-deepfake-methods-real-and-fake-frames-cropped-teams/samples/minimal_processing_0578/frames/real/frame_0002.jpg,73.848752
gs://live-deepfake-methods-real-and-fake-frames-cropped-teams/samples/minimal_processing_0578/frames/real/frame_0004.jpg,92.042939
gs://live-deepfake-methods-real-and-fake-frames-cropped-teams/samples/minimal_processing_0578/frames/real/frame_0006.jpg,62.980836
gs://live-deepfake-methods-real-and-fake-frames-cropped-teams/samples/minimal_processing_0578/frames/real/frame_0008.jpg,70.801809
gs://live-deepfake-methods-real-and-fake-frames-cropped-teams/samples/minimal_processing_0578/frames/real/frame_0010.jpg,64.240448
gs://live-deepfake-methods-real-and-fake-frames-cropped-teams/samples/minimal_processing_0578/frames/real/frame_0012.jpg,70.243930
gs://live-deepfake-methods-real-and-fake-frames-cropped-teams/samples/minimal_processing_0578/frames/real/frame_0014.jpg,238.147005
gs://live-deepfake-methods-real-and-fake-frames-cropped-teams/samples/minimal_processing_0581/frames/real/frame_0000.jpg,136.374808
gs://live-deepfake-methods-real-and-fake-frames-cropped-teams/samples/minimal_processing_0581/frames/real/frame_0002.jpg,50.955874
gs://live-deepfake-methods-real-and-fake-frames-cropped-teams/samples/minimal_processing_0581/frames/real/frame_0004.jpg,32.006494
gs://live-deepfake-methods-real-and-fake-frames-cropped-teams/samples/minimal_processing_0581/frames/real/frame_0006.jpg,53.789247
gs://live-deepfake-methods-real-and-fake-frames-cropped-teams/samples/minimal_processing_0581/frames/real/frame_0008.jpg,61.437700
gs://live-deepfake-methods-real-and-fake-frames-cropped-teams/samples/minimal_processing_0581/frames/real/frame_0010.jpg,83.888793
gs://live-deepfake-methods-real-and-fake-frames-cropped-teams/samples/minimal_processing_0581/frames/real/frame_0012.jpg,99.132060
gs://live-deepfake-methods-real-and-fake-frames-cropped-teams/samples/minimal_processing_0581/frames/real/frame_0014.jpg,100.475836
gs://live-deepfake-methods-real-and-fake-frames-cropped-teams/samples/minimal_processing_0585/frames/real/frame_0000.jpg,99.472362
gs://live-deepfake-methods-real-and-fake-frames-cropped-teams/samples/minimal_processing_0585/frames/real/frame_0002.jpg,100.357164
gs://live-deepfake-methods-real-and-fake-frames-cropped-teams/samples/minimal_processing_0585/frames/real/frame_0004.jpg,86.597597
gs://live-deepfake-methods-real-and-fake-frames-cropped-teams/samples/minimal_processing_0627/frames/real/frame_0004.jpg,170.065848
gs://live-deepfake-methods-real-and-fake-frames-cropped-teams/samples/minimal_processing_0627/frames/real/frame_0006.jpg,175.279013
gs://live-deepfake-methods-real-and-fake-frames-cropped-teams/samples/minimal_processing_0627/frames/real/frame_0008.jpg,141.129913
gs://live-deepfake-methods-real-and-fake-frames-cropped-teams/samples/minimal_processing_0627/frames/real/frame_0010.jpg,164.590307
gs://live-deepfake-methods-real-and-fake-frames-cropped-teams/samples/minimal_processing_0627/frames/real/frame_0012.jpg,184.442615
gs://live-deepfake-methods-real-and-fake-frames-cropped-teams/samples/minimal_processing_0627/frames/real/frame_0014.jpg,177.224810
gs://live-deepfake-methods-real-and-fake-frames-cropped-teams/samples/minimal_processing_0705/frames/real/frame_0000.jpg,54.523566
gs://live-deepfake-methods-real-and-fake-frames-cropped-teams/samples/minimal_processing_0705/frames/real/frame_0002.jpg,55.250484
gs://live-deepfake-methods-real-and-fake-frames-cropped-teams/samples/minimal_processing_0705/frames/real/frame_0004.jpg,99.400589
gs://live-deepfake-methods-real-and-fake-frames-cropped-teams/samples/minimal_processing_0705/frames/real/frame_0006.jpg,53.735705
gs://live-deepfake-methods-real-and-fake-frames-cropped-teams/samples/minimal_processing_0705/frames/real/frame_0008.jpg,68.097391
gs://live-deepfake-methods-real-and-fake-frames-cropped-teams/samples/minimal_processing_0705/frames/real/frame_0010.jpg,113.171097
gs://live-deepfake-methods-real-and-fake-frames-cropped-teams/samples/minimal_processing_0713/frames/real/frame_0000.jpg,73.323010
gs://live-deepfake-methods-real-and-fake-frames-cropped-teams/samples/minimal_processing_0713/frames/real/frame_0002.jpg,74.014550
gs://live-deepfake-methods-real-and-fake-frames-cropped-teams/samples/minimal_processing_0713/frames/real/frame_0004.jpg,77.020514
gs://live-deepfake-methods-real-and-fake-frames-cropped-teams/samples/minimal_processing_0713/frames/real/frame_0006.jpg,69.988411
gs://live-deepfake-methods-real-and-fake-frames-cropped-teams/samples/minimal_processing_0713/frames/real/frame_0008.jpg,66.573452
gs://live-deepfake-methods-real-and-fake-frames-cropped-teams/samples/minimal_processing_0713/frames/real/frame_0010.jpg,66.784826
gs://live-deepfake-methods-real-and-fake-frames-cropped-teams/samples/minimal_processing_0713/frames/real/frame_0012.jpg,86.515380
gs://live-deepfake-methods-real-and-fake-frames-cropped-teams/samples/minimal_processing_0713/frames/real/frame_0014.jpg,72.926312
gs://live-deepfake-methods-real-and-fake-frames-cropped-teams/samples/minimal_processing_0757/frames/real/frame_0000.jpg,165.223291
gs://live-deepfake-methods-real-and-fake-frames-cropped-teams/samples/minimal_processing_0757/frames/real/frame_0002.jpg,170.287746
gs://live-deepfake-methods-real-and-fake-frames-cropped-teams/samples/minimal_processing_0757/frames/real/frame_0004.jpg,188.876422
gs://live-deepfake-methods-real-and-fake-frames-cropped-teams/samples/minimal_processing_0757/frames/real/frame_0006.jpg,240.568443
gs://live-deepfake-methods-real-and-fake-frames-cropped-teams/samples/minimal_processing_0757/frames/real/frame_0008.jpg,190.584430
gs://live-deepfake-methods-real-and-fake-frames-cropped-teams/samples/minimal_processing_0757/frames/real/frame_0010.jpg,245.500500
gs://live-deepfake-methods-real-and-fake-frames-cropped-teams/samples/minimal_processing_0757/frames/real/frame_0012.jpg,227.056906
gs://live-deepfake-methods-real-and-fake-frames-cropped-teams/samples/minimal_processing_0757/frames/real/frame_0014.jpg,186.824163
gs://live-deepfake-methods-real-and-fake-frames-cropped-teams/samples/minimal_processing_0761/frames/real/frame_0000.jpg,126.573327
gs://live-deepfake-methods-real-and-fake-frames-cropped-teams/samples/minimal_processing_0761/frames/real/frame_0002.jpg,129.595970
gs://live-deepfake-methods-real-and-fake-frames-cropped-teams/samples/minimal_processing_0761/frames/real/frame_0004.jpg,85.422367
gs://live-deepfake-methods-real-and-fake-frames-cropped-teams/samples/minimal_processing_0761/frames/real/frame_0006.jpg,118.295137
gs://live-deepfake-methods-real-and-fake-frames-cropped-teams/samples/minimal_processing_0761/frames/real/frame_0008.jpg,90.184057
gs://live-deepfake-methods-real-and-fake-frames-cropped-teams/samples/minimal_processing_0761/frames/real/frame_0010.jpg,96.701154
gs://live-deepfake-methods-real-and-fake-frames-cropped-teams/samples/minimal_processing_0761/frames/real/frame_0012.jpg,118.404767
gs://live-deepfake-methods-real-and-fake-frames-cropped-teams/samples/minimal_processing_0761/frames/real/frame_0014.jpg,57.475586
gs://live-deepfake-methods-real-and-fake-frames-cropped-teams/samples/minimal_processing_0787/frames/real/frame_0000.jpg,67.892288
gs://live-deepfake-methods-real-and-fake-frames-cropped-teams/samples/minimal_processing_0787/frames/real/frame_0002.jpg,63.985605
gs://live-deepfake-methods-real-and-fake-frames-cropped-teams/samples/minimal_processing_0787/frames/real/frame_0004.jpg,87.516256
gs://live-deepfake-methods-real-and-fake-frames-cropped-teams/samples/minimal_processing_0787/frames/real/frame_0006.jpg,97.226762
gs://live-deepfake-methods-real-and-fake-frames-cropped-teams/samples/minimal_processing_0787/frames/real/frame_0008.jpg,71.572568
gs://live-deepfake-methods-real-and-fake-frames-cropped-teams/samples/minimal_processing_0787/frames/real/frame_0010.jpg,74.734153
gs://live-deepfake-methods-real-and-fake-frames-cropped-teams/samples/minimal_processing_0787/frames/real/frame_0012.jpg,60.491173
gs://live-deepfake-methods-real-and-fake-frames-cropped-teams/samples/minimal_processing_0787/frames/real/frame_0014.jpg,63.056529
gs://live-deepfake-methods-real-and-fake-frames-cropped-teams/samples/minimal_processing_0793/frames/real/frame_0004.jpg,242.762643
gs://live-deepfake-methods-real-and-fake-frames-cropped-teams/samples/minimal_processing_0793/frames/real/frame_0008.jpg,243.816411
gs://live-deepfake-methods-real-and-fake-frames-cropped-teams/samples/minimal_processing_0793/frames/real/frame_0012.jpg,189.100989
gs://live-deepfake-methods-real-and-fake-frames-cropped-teams/samples/minimal_processing_0813/frames/real/frame_0000.jpg,114.806307
gs://live-deepfake-methods-real-and-fake-frames-cropped-teams/samples/minimal_processing_0813/frames/real/frame_0002.jpg,100.249496
gs://live-deepfake-methods-real-and-fake-frames-cropped-teams/samples/minimal_processing_0813/frames/real/frame_0004.jpg,63.162447
gs://live-deepfake-methods-real-and-fake-frames-cropped-teams/samples/minimal_processing_0813/frames/real/frame_0006.jpg,71.974904
gs://live-deepfake-methods-real-and-fake-frames-cropped-teams/samples/minimal_processing_0813/frames/real/frame_0008.jpg,79.614250
gs://live-deepfake-methods-real-and-fake-frames-cropped-teams/samples/minimal_processing_0813/frames/real/frame_0010.jpg,103.042740
gs://live-deepfake-methods-real-and-fake-frames-cropped-teams/samples/minimal_processing_0813/frames/real/frame_0012.jpg,95.655669
gs://live-deepfake-methods-real-and-fake-frames-cropped-teams/samples/minimal_processing_0813/frames/real/frame_0014.jpg,77.630857
gs://live-deepfake-methods-real-and-fake-frames-cropped-teams/samples/minimal_processing_0830/frames/real/frame_0004.jpg,121.530822
gs://live-deepfake-methods-real-and-fake-frames-cropped-teams/samples/minimal_processing_0830/frames/real/frame_0006.jpg,123.554302
gs://live-deepfake-methods-real-and-fake-frames-cropped-teams/samples/minimal_processing_0830/frames/real/frame_0008.jpg,136.602387
gs://live-deepfake-methods-real-and-fake-frames-cropped-teams/samples/minimal_processing_0830/frames/real/frame_0010.jpg,149.113244
gs://live-deepfake-methods-real-and-fake-frames-cropped-teams/samples/minimal_processing_0830/frames/real/frame_0012.jpg,160.658750
gs://live-deepfake-methods-real-and-fake-frames-cropped-teams/samples/minimal_processing_0830/frames/real/frame_0014.jpg,169.834486
gs://live-deepfake-methods-real-and-fake-frames-cropped-teams/samples/minimal_processing_0857/frames/real/frame_0008.jpg,104.756968
gs://live-deepfake-methods-real-and-fake-frames-cropped-teams/samples/minimal_processing_0857/frames/real/frame_0010.jpg,34.795749
gs://live-deepfake-methods-real-and-fake-frames-cropped-teams/samples/minimal_processing_0857/frames/real/frame_0012.jpg,45.057225
gs://live-deepfake-methods-real-and-fake-frames-cropped-teams/samples/minimal_processing_0857/frames/real/frame_0014.jpg,56.908501
gs://live-deepfake-methods-real-and-fake-frames-cropped-teams/samples/minimal_processing_0859/frames/real/frame_0004.jpg,139.680090
gs://live-deepfake-methods-real-and-fake-frames-cropped-teams/samples/minimal_processing_0859/frames/real/frame_0006.jpg,190.460144
gs://live-deepfake-methods-real-and-fake-frames-cropped-teams/samples/minimal_processing_0859/frames/real/frame_0008.jpg,150.882699
gs://live-deepfake-methods-real-and-fake-frames-cropped-teams/samples/minimal_processing_0859/frames/real/frame_0010.jpg,190.052018
gs://live-deepfake-methods-real-and-fake-frames-cropped-teams/samples/minimal_processing_0859/frames/real/frame_0012.jpg,211.343722
gs://live-deepfake-methods-real-and-fake-frames-cropped-teams/samples/minimal_processing_0859/frames/real/frame_0014.jpg,185.298046
gs://live-deepfake-methods-real-and-fake-frames-cropped-teams/samples/minimal_processing_0894/frames/real/frame_0000.jpg,153.198352
gs://live-deepfake-methods-real-and-fake-frames-cropped-teams/samples/minimal_processing_0894/frames/real/frame_0002.jpg,153.649593
gs://live-deepfake-methods-real-and-fake-frames-cropped-teams/samples/minimal_processing_0894/frames/real/frame_0004.jpg,59.044984
gs://live-deepfake-methods-real-and-fake-frames-cropped-teams/samples/minimal_processing_0894/frames/real/frame_0006.jpg,51.408675
gs://live-deepfake-methods-real-and-fake-frames-cropped-teams/samples/minimal_processing_0894/frames/real/frame_0008.jpg,64.359236
gs://live-deepfake-methods-real-and-fake-frames-cropped-teams/samples/minimal_processing_0899/frames/real/frame_0000.jpg,205.099895
gs://live-deepfake-methods-real-and-fake-frames-cropped-teams/samples/minimal_processing_0899/frames/real/frame_0002.jpg,218.517601
gs://live-deepfake-methods-real-and-fake-frames-cropped-teams/samples/minimal_processing_0899/frames/real/frame_0006.jpg,246.316294
gs://live-deepfake-methods-real-and-fake-frames-cropped-teams/samples/minimal_processing_0899/frames/real/frame_0008.jpg,245.007574
gs://live-deepfake-methods-real-and-fake-frames-cropped-teams/samples/minimal_processing_0899/frames/real/frame_0010.jpg,204.143461
gs://live-deepfake-methods-real-and-fake-frames-cropped-teams/samples/minimal_processing_0899/frames/real/frame_0012.jpg,197.924932
gs://live-deepfake-methods-real-and-fake-frames-cropped-teams/samples/minimal_processing_0907/frames/real/frame_0000.jpg,227.652932
gs://live-deepfake-methods-real-and-fake-frames-cropped-teams/samples/minimal_processing_0932/frames/real/frame_0000.jpg,220.518936
gs://live-deepfake-methods-real-and-fake-frames-cropped-teams/samples/minimal_processing_0932/frames/real/frame_0002.jpg,204.606244
gs://live-deepfake-methods-real-and-fake-frames-cropped-teams/samples/minimal_processing_0932/frames/real/frame_0010.jpg,232.958681
gs://live-deepfake-methods-real-and-fake-frames-cropped-teams/samples/minimal_processing_0932/frames/real/frame_0014.jpg,232.794854
gs://live-deepfake-methods-real-and-fake-frames-cropped-teams/samples/minimal_processing_0933/frames/real/frame_0000.jpg,45.719680
gs://live-deepfake-methods-real-and-fake-frames-cropped-teams/samples/minimal_processing_0933/frames/real/frame_0002.jpg,43.878452
gs://live-deepfake-methods-real-and-fake-frames-cropped-teams/samples/minimal_processing_0933/frames/real/frame_0004.jpg,42.842862
gs://live-deepfake-methods-real-and-fake-frames-cropped-teams/samples/minimal_processing_0933/frames/real/frame_0006.jpg,52.851162
gs://live-deepfake-methods-real-and-fake-frames-cropped-teams/samples/minimal_processing_0933/frames/real/frame_0008.jpg,53.100488
gs://live-deepfake-methods-real-and-fake-frames-cropped-teams/samples/minimal_processing_0933/frames/real/frame_0010.jpg,48.882070
gs://live-deepfake-methods-real-and-fake-frames-cropped-teams/samples/minimal_processing_0933/frames/real/frame_0012.jpg,42.440775
gs://live-deepfake-methods-real-and-fake-frames-cropped-teams/samples/minimal_processing_0933/frames/real/frame_0014.jpg,41.281991
gs://live-deepfake-methods-real-and-fake-frames-cropped-teams/samples/minimal_processing_0978/frames/real/frame_0000.jpg,145.564497
gs://live-deepfake-methods-real-and-fake-frames-cropped-teams/samples/minimal_processing_0978/frames/real/frame_0002.jpg,136.834038
gs://live-deepfake-methods-real-and-fake-frames-cropped-teams/samples/minimal_processing_0983/frames/real/frame_0000.jpg,96.630927
gs://live-deepfake-methods-real-and-fake-frames-cropped-teams/samples/minimal_processing_0983/frames/real/frame_0002.jpg,100.759591
gs://live-deepfake-methods-real-and-fake-frames-cropped-teams/samples/minimal_processing_0983/frames/real/frame_0004.jpg,96.499313
gs://live-deepfake-methods-real-and-fake-frames-cropped-teams/samples/minimal_processing_0983/frames/real/frame_0006.jpg,99.933343
gs://live-deepfake-methods-real-and-fake-frames-cropped-teams/samples/minimal_processing_0983/frames/real/frame_0008.jpg,106.817364
gs://live-deepfake-methods-real-and-fake-frames-cropped-teams/samples/minimal_processing_0983/frames/real/frame_0010.jpg,84.227384
gs://live-deepfake-methods-real-and-fake-frames-cropped-teams/samples/minimal_processing_0983/frames/real/frame_0012.jpg,75.763375
gs://live-deepfake-methods-real-and-fake-frames-cropped-teams/samples/minimal_processing_0983/frames/real/frame_0014.jpg,114.372429
gs://live-deepfake-methods-real-and-fake-frames-cropped-teams/samples/minimal_processing_0987/frames/real/frame_0000.jpg,48.445074
gs://live-deepfake-methods-real-and-fake-frames-cropped-teams/samples/minimal_processing_0987/frames/real/frame_0002.jpg,51.170876
gs://live-deepfake-methods-real-and-fake-frames-cropped-teams/samples/minimal_processing_0987/frames/real/frame_0004.jpg,51.718250
gs://live-deepfake-methods-real-and-fake-frames-cropped-teams/samples/minimal_processing_0987/frames/real/frame_0006.jpg,75.856731
gs://live-deepfake-methods-real-and-fake-frames-cropped-teams/samples/minimal_processing_0987/frames/real/frame_0008.jpg,78.830954
gs://live-deepfake-methods-real-and-fake-frames-cropped-teams/samples/minimal_processing_0987/frames/real/frame_0010.jpg,79.693727
gs://live-deepfake-methods-real-and-fake-frames-cropped-teams/samples/minimal_processing_0987/frames/real/frame_0012.jpg,206.520883
gs://live-deepfake-methods-real-and-fake-frames-cropped-teams/samples/minimal_processing_0987/frames/real/frame_0014.jpg,186.988729
gs://live-deepfake-methods-real-and-fake-frames-cropped-teams/samples/minimal_processing_1037/frames/real/frame_0004.jpg,91.819810
gs://live-deepfake-methods-real-and-fake-frames-cropped-teams/samples/minimal_processing_1037/frames/real/frame_0006.jpg,112.300371
gs://live-deepfake-methods-real-and-fake-frames-cropped-teams/samples/minimal_processing_1037/frames/real/frame_0008.jpg,100.822494
gs://live-deepfake-methods-real-and-fake-frames-cropped-teams/samples/minimal_processing_1037/frames/real/frame_0010.jpg,108.124211
gs://live-deepfake-methods-real-and-fake-frames-cropped-teams/samples/minimal_processing_1037/frames/real/frame_0012.jpg,100.030543
gs://live-deepfake-methods-real-and-fake-frames-cropped-teams/samples/minimal_processing_1037/frames/real/frame_0014.jpg,103.242096
gs://live-deepfake-methods-real-and-fake-frames-cropped-teams/samples/minimal_processing_1041/frames/real/frame_0000.jpg,220.158887
gs://live-deepfake-methods-real-and-fake-frames-cropped-teams/samples/minimal_processing_1041/frames/real/frame_0002.jpg,212.512313
gs://live-deepfake-methods-real-and-fake-frames-cropped-teams/samples/minimal_processing_1041/frames/real/frame_0004.jpg,218.806470
gs://live-deepfake-methods-real-and-fake-frames-cropped-teams/samples/minimal_processing_1041/frames/real/frame_0006.jpg,216.586544
gs://live-deepfake-methods-real-and-fake-frames-cropped-teams/samples/minimal_processing_1041/frames/real/frame_0008.jpg,243.222226
gs://live-deepfake-methods-real-and-fake-frames-cropped-teams/samples/minimal_processing_1041/frames/real/frame_0010.jpg,245.382734
gs://live-deepfake-methods-real-and-fake-frames-cropped-teams/samples/minimal_processing_1041/frames/real/frame_0012.jpg,231.255966
gs://live-deepfake-methods-real-and-fake-frames-cropped-teams/samples/minimal_processing_1041/frames/real/frame_0014.jpg,228.731427
gs://live-deepfake-methods-real-and-fake-frames-cropped-teams/samples/minimal_processing_1084/frames/real/frame_0000.jpg,178.057451
gs://live-deepfake-methods-real-and-fake-frames-cropped-teams/samples/minimal_processing_1084/frames/real/frame_0002.jpg,167.890014
gs://live-deepfake-methods-real-and-fake-frames-cropped-teams/samples/minimal_processing_1084/frames/real/frame_0004.jpg,169.816412
gs://live-deepfake-methods-real-and-fake-frames-cropped-teams/samples/minimal_processing_1084/frames/real/frame_0006.jpg,181.462738
gs://live-deepfake-methods-real-and-fake-frames-cropped-teams/samples/minimal_processing_1084/frames/real/frame_0008.jpg,182.222699
gs://live-deepfake-methods-real-and-fake-frames-cropped-teams/samples/minimal_processing_1084/frames/real/frame_0010.jpg,183.080952
gs://live-deepfake-methods-real-and-fake-frames-cropped-teams/samples/minimal_processing_1084/frames/real/frame_0012.jpg,182.519315
gs://live-deepfake-methods-real-and-fake-frames-cropped-teams/samples/minimal_processing_1084/frames/real/frame_0014.jpg,159.351421
gs://live-deepfake-methods-real-and-fake-frames-cropped-teams/samples/minimal_processing_1085/frames/real/frame_0000.jpg,118.839518
gs://live-deepfake-methods-real-and-fake-frames-cropped-teams/samples/minimal_processing_1085/frames/real/frame_0002.jpg,107.893818
gs://live-deepfake-methods-real-and-fake-frames-cropped-teams/samples/minimal_processing_1085/frames/real/frame_0004.jpg,109.264227
gs://live-deepfake-methods-real-and-fake-frames-cropped-teams/samples/minimal_processing_1085/frames/real/frame_0006.jpg,91.975540
gs://live-deepfake-methods-real-and-fake-frames-cropped-teams/samples/minimal_processing_1085/frames/real/frame_0008.jpg,97.395578
gs://live-deepfake-methods-real-and-fake-frames-cropped-teams/samples/minimal_processing_1085/frames/real/frame_0010.jpg,62.322280
gs://live-deepfake-methods-real-and-fake-frames-cropped-teams/samples/minimal_processing_1085/frames/real/frame_0012.jpg,79.789728
gs://live-deepfake-methods-real-and-fake-frames-cropped-teams/samples/minimal_processing_1085/frames/real/frame_0014.jpg,88.850554
gs://live-deepfake-methods-real-and-fake-frames-cropped-teams/samples/minimal_processing_1107/frames/real/frame_0000.jpg,100.686569
gs://live-deepfake-methods-real-and-fake-frames-cropped-teams/samples/minimal_processing_1107/frames/real/frame_0002.jpg,95.098658
gs://live-deepfake-methods-real-and-fake-frames-cropped-teams/samples/minimal_processing_1107/frames/real/frame_0004.jpg,106.830488
gs://live-deepfake-methods-real-and-fake-frames-cropped-teams/samples/minimal_processing_1107/frames/real/frame_0006.jpg,89.079482
gs://live-deepfake-methods-real-and-fake-frames-cropped-teams/samples/minimal_processing_1107/frames/real/frame_0008.jpg,88.154780
gs://live-deepfake-methods-real-and-fake-frames-cropped-teams/samples/minimal_processing_1107/frames/real/frame_0010.jpg,90.938873
gs://live-deepfake-methods-real-and-fake-frames-cropped-teams/samples/minimal_processing_1107/frames/real/frame_0012.jpg,95.803816
gs://live-deepfake-methods-real-and-fake-frames-cropped-teams/samples/minimal_processing_1107/frames/real/frame_0014.jpg,245.650135
gs://live-deepfake-methods-real-and-fake-frames-cropped-teams/samples/minimal_processing_1109/frames/real/frame_0000.jpg,71.930677
gs://live-deepfake-methods-real-and-fake-frames-cropped-teams/samples/minimal_processing_1109/frames/real/frame_0002.jpg,74.522514
gs://live-deepfake-methods-real-and-fake-frames-cropped-teams/samples/minimal_processing_1109/frames/real/frame_0004.jpg,67.458346
gs://live-deepfake-methods-real-and-fake-frames-cropped-teams/samples/minimal_processing_1109/frames/real/frame_0006.jpg,78.508382
gs://live-deepfake-methods-real-and-fake-frames-cropped-teams/samples/minimal_processing_1109/frames/real/frame_0008.jpg,107.572358
gs://live-deepfake-methods-real-and-fake-frames-cropped-teams/samples/minimal_processing_1109/frames/real/frame_0010.jpg,101.936274
gs://live-deepfake-methods-real-and-fake-frames-cropped-teams/samples/minimal_processing_1109/frames/real/frame_0012.jpg,115.193793
gs://live-deepfake-methods-real-and-fake-frames-cropped-teams/samples/minimal_processing_1109/frames/real/frame_0014.jpg,113.326029
gs://live-deepfake-methods-real-and-fake-frames-cropped-teams/samples/minimal_processing_1143/frames/real/frame_0000.jpg,29.244220
gs://live-deepfake-methods-real-and-fake-frames-cropped-teams/samples/minimal_processing_1143/frames/real/frame_0002.jpg,25.653136
gs://live-deepfake-methods-real-and-fake-frames-cropped-teams/samples/minimal_processing_1143/frames/real/frame_0004.jpg,37.542134
gs://live-deepfake-methods-real-and-fake-frames-cropped-teams/samples/minimal_processing_1143/frames/real/frame_0006.jpg,52.138080
gs://live-deepfake-methods-real-and-fake-frames-cropped-teams/samples/minimal_processing_1143/frames/real/frame_0008.jpg,51.425112
gs://live-deepfake-methods-real-and-fake-frames-cropped-teams/samples/minimal_processing_1143/frames/real/frame_0010.jpg,46.987618
gs://live-deepfake-methods-real-and-fake-frames-cropped-teams/samples/minimal_processing_1143/frames/real/frame_0012.jpg,30.490531
gs://live-deepfake-methods-real-and-fake-frames-cropped-teams/samples/minimal_processing_1143/frames/real/frame_0014.jpg,39.507146
gs://live-deepfake-methods-real-and-fake-frames-cropped-teams/samples/minimal_processing_1150/frames/real/frame_0008.jpg,202.505224
gs://live-deepfake-methods-real-and-fake-frames-cropped-teams/samples/minimal_processing_1150/frames/real/frame_0010.jpg,224.675293
gs://live-deepfake-methods-real-and-fake-frames-cropped-teams/samples/minimal_processing_1150/frames/real/frame_0012.jpg,242.709267
gs://live-deepfake-methods-real-and-fake-frames-cropped-teams/samples/minimal_processing_1193/frames/real/frame_0000.jpg,162.212385
gs://live-deepfake-methods-real-and-fake-frames-cropped-teams/samples/minimal_processing_1193/frames/real/frame_0002.jpg,118.255825
gs://live-deepfake-methods-real-and-fake-frames-cropped-teams/samples/minimal_processing_1193/frames/real/frame_0004.jpg,126.545640
gs://live-deepfake-methods-real-and-fake-frames-cropped-teams/samples/minimal_processing_1193/frames/real/frame_0006.jpg,224.391997
gs://live-deepfake-methods-real-and-fake-frames-cropped-teams/samples/minimal_processing_1193/frames/real/frame_0008.jpg,137.796745
gs://live-deepfake-methods-real-and-fake-frames-cropped-teams/samples/minimal_processing_1193/frames/real/frame_0010.jpg,143.049866
gs://live-deepfake-methods-real-and-fake-frames-cropped-teams/samples/minimal_processing_1193/frames/real/frame_0014.jpg,235.489872
gs://live-deepfake-methods-real-and-fake-frames-cropped-teams/samples/minimal_processing_1194/frames/real/frame_0000.jpg,181.570526
gs://live-deepfake-methods-real-and-fake-frames-cropped-teams/samples/minimal_processing_1194/frames/real/frame_0002.jpg,229.060796
gs://live-deepfake-methods-real-and-fake-frames-cropped-teams/samples/minimal_processing_1194/frames/real/frame_0010.jpg,227.563777
gs://live-deepfake-methods-real-and-fake-frames-cropped-teams/samples/minimal_processing_1194/frames/real/frame_0012.jpg,214.183171
gs://live-deepfake-methods-real-and-fake-frames-cropped-teams/samples/minimal_processing_1222/frames/real/frame_0000.jpg,218.678820
gs://live-deepfake-methods-real-and-fake-frames-cropped-teams/samples/minimal_processing_1222/frames/real/frame_0002.jpg,197.067567
gs://live-deepfake-methods-real-and-fake-frames-cropped-teams/samples/minimal_processing_1222/frames/real/frame_0004.jpg,207.334075
gs://live-deepfake-methods-real-and-fake-frames-cropped-teams/samples/minimal_processing_1222/frames/real/frame_0006.jpg,213.420576
gs://live-deepfake-methods-real-and-fake-frames-cropped-teams/samples/minimal_processing_1222/frames/real/frame_0008.jpg,221.047912
gs://live-deepfake-methods-real-and-fake-frames-cropped-teams/samples/minimal_processing_1222/frames/real/frame_0010.jpg,188.971239
gs://live-deepfake-methods-real-and-fake-frames-cropped-teams/samples/minimal_processing_1222/frames/real/frame_0012.jpg,203.736831
gs://live-deepfake-methods-real-and-fake-frames-cropped-teams/samples/minimal_processing_1222/frames/real/frame_0014.jpg,202.852049
gs://live-deepfake-methods-real-and-fake-frames-cropped-teams/samples/minimal_processing_1223/frames/real/frame_0000.jpg,56.839646
gs://live-deepfake-methods-real-and-fake-frames-cropped-teams/samples/minimal_processing_1223/frames/real/frame_0002.jpg,57.888842
gs://live-deepfake-methods-real-and-fake-frames-cropped-teams/samples/minimal_processing_1223/frames/real/frame_0004.jpg,62.875960
gs://live-deepfake-methods-real-and-fake-frames-cropped-teams/samples/minimal_processing_1223/frames/real/frame_0008.jpg,213.646488
gs://live-deepfake-methods-real-and-fake-frames-cropped-teams/samples/minimal_processing_1255/frames/real/frame_0000.jpg,122.977009
gs://live-deepfake-methods-real-and-fake-frames-cropped-teams/samples/minimal_processing_1255/frames/real/frame_0002.jpg,143.722591
gs://live-deepfake-methods-real-and-fake-frames-cropped-teams/samples/minimal_processing_1255/frames/real/frame_0004.jpg,128.101091
gs://live-deepfake-methods-real-and-fake-frames-cropped-teams/samples/minimal_processing_1255/frames/real/frame_0006.jpg,127.565166
gs://live-deepfake-methods-real-and-fake-frames-cropped-teams/samples/minimal_processing_1255/frames/real/frame_0008.jpg,116.674532
gs://live-deepfake-methods-real-and-fake-frames-cropped-teams/samples/minimal_processing_1255/frames/real/frame_0010.jpg,127.765095
gs://live-deepfake-methods-real-and-fake-frames-cropped-teams/samples/minimal_processing_1255/frames/real/frame_0012.jpg,114.731683
gs://live-deepfake-methods-real-and-fake-frames-cropped-teams/samples/minimal_processing_1255/frames/real/frame_0014.jpg,115.260204
gs://live-deepfake-methods-real-and-fake-frames-cropped-teams/samples/minimal_processing_1260/frames/real/frame_0000.jpg,217.478547
gs://live-deepfake-methods-real-and-fake-frames-cropped-teams/samples/minimal_processing_1260/frames/real/frame_0002.jpg,197.587268
gs://live-deepfake-methods-real-and-fake-frames-cropped-teams/samples/minimal_processing_1260/frames/real/frame_0004.jpg,224.917403
gs://live-deepfake-methods-real-and-fake-frames-cropped-teams/samples/minimal_processing_1260/frames/real/frame_0008.jpg,241.427406
gs://live-deepfake-methods-real-and-fake-frames-cropped-teams/samples/minimal_processing_1260/frames/real/frame_0010.jpg,219.926321
gs://live-deepfake-methods-real-and-fake-frames-cropped-teams/samples/minimal_processing_1260/frames/real/frame_0012.jpg,53.956143
gs://live-deepfake-methods-real-and-fake-frames-cropped-teams/samples/minimal_processing_1260/frames/real/frame_0014.jpg,160.873105
gs://live-deepfake-methods-real-and-fake-frames-cropped-teams/samples/minimal_processing_1329/frames/real/frame_0000.jpg,221.366713
gs://live-deepfake-methods-real-and-fake-frames-cropped-teams/samples/minimal_processing_1329/frames/real/frame_0002.jpg,116.988580
gs://live-deepfake-methods-real-and-fake-frames-cropped-teams/samples/minimal_processing_1329/frames/real/frame_0004.jpg,146.366446
gs://live-deepfake-methods-real-and-fake-frames-cropped-teams/samples/minimal_processing_1329/frames/real/frame_0006.jpg,169.503967
gs://live-deepfake-methods-real-and-fake-frames-cropped-teams/samples/minimal_processing_1329/frames/real/frame_0008.jpg,100.566420
gs://live-deepfake-methods-real-and-fake-frames-cropped-teams/samples/minimal_processing_1329/frames/real/frame_0010.jpg,113.904728
gs://live-deepfake-methods-real-and-fake-frames-cropped-teams/samples/minimal_processing_1329/frames/real/frame_0012.jpg,121.367137
gs://live-deepfake-methods-real-and-fake-frames-cropped-teams/samples/minimal_processing_1329/frames/real/frame_0014.jpg,101.040449
gs://live-deepfake-methods-real-and-fake-frames-cropped-teams/samples/minimal_processing_1339/frames/real/frame_0000.jpg,142.757477
gs://live-deepfake-methods-real-and-fake-frames-cropped-teams/samples/minimal_processing_1339/frames/real/frame_0002.jpg,159.056613
gs://live-deepfake-methods-real-and-fake-frames-cropped-teams/samples/minimal_processing_1339/frames/real/frame_0004.jpg,155.088350
gs://live-deepfake-methods-real-and-fake-frames-cropped-teams/samples/minimal_processing_1339/frames/real/frame_0006.jpg,146.744469
gs://live-deepfake-methods-real-and-fake-frames-cropped-teams/samples/minimal_processing_1339/frames/real/frame_0008.jpg,125.255553
gs://live-deepfake-methods-real-and-fake-frames-cropped-teams/samples/minimal_processing_1339/frames/real/frame_0010.jpg,122.516310
gs://live-deepfake-methods-real-and-fake-frames-cropped-teams/samples/minimal_processing_1339/frames/real/frame_0012.jpg,133.652624
gs://live-deepfake-methods-real-and-fake-frames-cropped-teams/samples/minimal_processing_1339/frames/real/frame_0014.jpg,135.229893
gs://live-deepfake-methods-real-and-fake-frames-cropped-teams/samples/minimal_processing_1413/frames/real/frame_0002.jpg,230.327793
gs://live-deepfake-methods-real-and-fake-frames-cropped-teams/samples/minimal_processing_1413/frames/real/frame_0004.jpg,199.539147
gs://live-deepfake-methods-real-and-fake-frames-cropped-teams/samples/minimal_processing_1413/frames/real/frame_0008.jpg,241.429518
gs://live-deepfake-methods-real-and-fake-frames-cropped-teams/samples/minimal_processing_1413/frames/real/frame_0014.jpg,224.189019
gs://live-deepfake-methods-real-and-fake-frames-cropped-teams/samples/minimal_processing_1511/frames/real/frame_0014.jpg,246.217128
gs://live-deepfake-methods-real-and-fake-frames-cropped-teams/samples/minimal_processing_1513/frames/real/frame_0000.jpg,79.677648
gs://live-deepfake-methods-real-and-fake-frames-cropped-teams/samples/minimal_processing_1513/frames/real/frame_0002.jpg,80.093173
gs://live-deepfake-methods-real-and-fake-frames-cropped-teams/samples/minimal_processing_1513/frames/real/frame_0004.jpg,79.769616
gs://live-deepfake-methods-real-and-fake-frames-cropped-teams/samples/minimal_processing_1513/frames/real/frame_0006.jpg,86.840875
gs://live-deepfake-methods-real-and-fake-frames-cropped-teams/samples/minimal_processing_1513/frames/real/frame_0008.jpg,99.258214
gs://live-deepfake-methods-real-and-fake-frames-cropped-teams/samples/minimal_processing_1513/frames/real/frame_0010.jpg,55.459947
gs://live-deepfake-methods-real-and-fake-frames-cropped-teams/samples/minimal_processing_1513/frames/real/frame_0012.jpg,57.428867
gs://live-deepfake-methods-real-and-fake-frames-cropped-teams/samples/minimal_processing_1513/frames/real/frame_0014.jpg,52.009663
gs://live-deepfake-methods-real-and-fake-frames-cropped-teams/samples/minimal_processing_1581/frames/real/frame_0000.jpg,98.712161
gs://live-deepfake-methods-real-and-fake-frames-cropped-teams/samples/minimal_processing_1581/frames/real/frame_0002.jpg,91.918786
gs://live-deepfake-methods-real-and-fake-frames-cropped-teams/samples/minimal_processing_1581/frames/real/frame_0004.jpg,105.120275
gs://live-deepfake-methods-real-and-fake-frames-cropped-teams/samples/minimal_processing_1581/frames/real/frame_0006.jpg,107.099639
gs://live-deepfake-methods-real-and-fake-frames-cropped-teams/samples/minimal_processing_1581/frames/real/frame_0008.jpg,111.962992
gs://live-deepfake-methods-real-and-fake-frames-cropped-teams/samples/minimal_processing_1587/frames/real/frame_0000.jpg,246.239961
gs://live-deepfake-methods-real-and-fake-frames-cropped-teams/samples/minimal_processing_1587/frames/real/frame_0002.jpg,213.994254
gs://live-deepfake-methods-real-and-fake-frames-cropped-teams/samples/minimal_processing_1587/frames/real/frame_0004.jpg,218.985594
gs://live-deepfake-methods-real-and-fake-frames-cropped-teams/samples/minimal_processing_1587/frames/real/frame_0006.jpg,227.121296
gs://live-deepfake-methods-real-and-fake-frames-cropped-teams/samples/minimal_processing_1587/frames/real/frame_0008.jpg,226.165668
gs://live-deepfake-methods-real-and-fake-frames-cropped-teams/samples/minimal_processing_1587/frames/real/frame_0010.jpg,226.824592
gs://live-deepfake-methods-real-and-fake-frames-cropped-teams/samples/minimal_processing_1587/frames/real/frame_0012.jpg,211.426766
gs://live-deepfake-methods-real-and-fake-frames-cropped-teams/samples/minimal_processing_1587/frames/real/frame_0014.jpg,226.248913
gs://live-deepfake-methods-real-and-fake-frames-cropped-teams/samples/minimal_processing_1627/frames/real/frame_0000.jpg,47.517800
gs://live-deepfake-methods-real-and-fake-frames-cropped-teams/samples/minimal_processing_1627/frames/real/frame_0002.jpg,58.976308
gs://live-deepfake-methods-real-and-fake-frames-cropped-teams/samples/minimal_processing_1627/frames/real/frame_0004.jpg,66.372804
gs://live-deepfake-methods-real-and-fake-frames-cropped-teams/samples/minimal_processing_1627/frames/real/frame_0006.jpg,72.417207
gs://live-deepfake-methods-real-and-fake-frames-cropped-teams/samples/minimal_processing_1627/frames/real/frame_0008.jpg,63.972631
gs://live-deepfake-methods-real-and-fake-frames-cropped-teams/samples/minimal_processing_1627/frames/real/frame_0010.jpg,59.414522
gs://live-deepfake-methods-real-and-fake-frames-cropped-teams/samples/minimal_processing_1627/frames/real/frame_0012.jpg,73.886176
gs://live-deepfake-methods-real-and-fake-frames-cropped-teams/samples/minimal_processing_1627/frames/real/frame_0014.jpg,69.706805
gs://live-deepfake-methods-real-and-fake-frames-cropped-teams/samples/minimal_processing_1713/frames/real/frame_0000.jpg,107.943857
gs://live-deepfake-methods-real-and-fake-frames-cropped-teams/samples/minimal_processing_1714/frames/real/frame_0000.jpg,83.336774
gs://live-deepfake-methods-real-and-fake-frames-cropped-teams/samples/minimal_processing_1714/frames/real/frame_0002.jpg,88.766933
gs://live-deepfake-methods-real-and-fake-frames-cropped-teams/samples/minimal_processing_1714/frames/real/frame_0006.jpg,92.840824
gs://live-deepfake-methods-real-and-fake-frames-cropped-teams/samples/minimal_processing_1714/frames/real/frame_0008.jpg,88.683562
gs://live-deepfake-methods-real-and-fake-frames-cropped-teams/samples/minimal_processing_1714/frames/real/frame_0010.jpg,93.733204
gs://live-deepfake-methods-real-and-fake-frames-cropped-teams/samples/minimal_processing_1714/frames/real/frame_0012.jpg,87.220291
gs://live-deepfake-methods-real-and-fake-frames-cropped-teams/samples/minimal_processing_1714/frames/real/frame_0014.jpg,87.310110
gs://live-deepfake-methods-real-and-fake-frames-cropped-teams/samples/minimal_processing_1774/frames/real/frame_0000.jpg,182.925008
gs://live-deepfake-methods-real-and-fake-frames-cropped-teams/samples/minimal_processing_1774/frames/real/frame_0002.jpg,48.686397
gs://live-deepfake-methods-real-and-fake-frames-cropped-teams/samples/minimal_processing_1774/frames/real/frame_0004.jpg,112.872638
gs://live-deepfake-methods-real-and-fake-frames-cropped-teams/samples/minimal_processing_1774/frames/real/frame_0006.jpg,147.245281
gs://live-deepfake-methods-real-and-fake-frames-cropped-teams/samples/minimal_processing_1774/frames/real/frame_0008.jpg,174.944981
gs://live-deepfake-methods-real-and-fake-frames-cropped-teams/samples/minimal_processing_1774/frames/real/frame_0010.jpg,126.143557
gs://live-deepfake-methods-real-and-fake-frames-cropped-teams/samples/minimal_processing_1774/frames/real/frame_0012.jpg,129.203772
gs://live-deepfake-methods-real-and-fake-frames-cropped-teams/samples/minimal_processing_1774/frames/real/frame_0014.jpg,221.067902
gs://live-deepfake-methods-real-and-fake-frames-cropped-teams/samples/minimal_processing_1788/frames/real/frame_0000.jpg,166.479407
gs://live-deepfake-methods-real-and-fake-frames-cropped-teams/samples/minimal_processing_1788/frames/real/frame_0002.jpg,186.314221
gs://live-deepfake-methods-real-and-fake-frames-cropped-teams/samples/minimal_processing_1788/frames/real/frame_0004.jpg,142.566953
gs://live-deepfake-methods-real-and-fake-frames-cropped-teams/samples/minimal_processing_1788/frames/real/frame_0006.jpg,143.681401
gs://live-deepfake-methods-real-and-fake-frames-cropped-teams/samples/minimal_processing_1788/frames/real/frame_0008.jpg,173.763061
gs://live-deepfake-methods-real-and-fake-frames-cropped-teams/samples/minimal_processing_1788/frames/real/frame_0010.jpg,175.264522
gs://live-deepfake-methods-real-and-fake-frames-cropped-teams/samples/minimal_processing_1788/frames/real/frame_0012.jpg,148.012773
gs://live-deepfake-methods-real-and-fake-frames-cropped-teams/samples/minimal_processing_1788/frames/real/frame_0014.jpg,166.432208
gs://live-deepfake-methods-real-and-fake-frames-cropped-teams/samples/minimal_processing_1789/frames/real/frame_0006.jpg,194.758017
gs://live-deepfake-methods-real-and-fake-frames-cropped-teams/samples/minimal_processing_1789/frames/real/frame_0008.jpg,170.422583
gs://live-deepfake-methods-real-and-fake-frames-cropped-teams/samples/minimal_processing_1789/frames/real/frame_0010.jpg,148.147691
gs://live-deepfake-methods-real-and-fake-frames-cropped-teams/samples/minimal_processing_1789/frames/real/frame_0012.jpg,177.507156
gs://live-deepfake-methods-real-and-fake-frames-cropped-teams/samples/minimal_processing_1821/frames/real/frame_0000.jpg,177.461012
gs://live-deepfake-methods-real-and-fake-frames-cropped-teams/samples/minimal_processing_1821/frames/real/frame_0002.jpg,182.734874
gs://live-deepfake-methods-real-and-fake-frames-cropped-teams/samples/minimal_processing_1821/frames/real/frame_0004.jpg,194.366903
gs://live-deepfake-methods-real-and-fake-frames-cropped-teams/samples/minimal_processing_1821/frames/real/frame_0006.jpg,209.478133
gs://live-deepfake-methods-real-and-fake-frames-cropped-teams/samples/minimal_processing_1821/frames/real/frame_0008.jpg,122.433985
gs://live-deepfake-methods-real-and-fake-frames-cropped-teams/samples/minimal_processing_1821/frames/real/frame_0010.jpg,118.835837
gs://live-deepfake-methods-real-and-fake-frames-cropped-teams/samples/minimal_processing_1821/frames/real/frame_0012.jpg,125.720608
gs://live-deepfake-methods-real-and-fake-frames-cropped-teams/samples/minimal_processing_1821/frames/real/frame_0014.jpg,124.160970
gs://live-deepfake-methods-real-and-fake-frames-cropped-teams/samples/minimal_processing_1828/frames/real/frame_0004.jpg,145.185908
gs://live-deepfake-methods-real-and-fake-frames-cropped-teams/samples/minimal_processing_1828/frames/real/frame_0006.jpg,148.112181
gs://live-deepfake-methods-real-and-fake-frames-cropped-teams/samples/minimal_processing_1828/frames/real/frame_0008.jpg,149.052421
gs://live-deepfake-methods-real-and-fake-frames-cropped-teams/samples/minimal_processing_1828/frames/real/frame_0010.jpg,149.704590
gs://live-deepfake-methods-real-and-fake-frames-cropped-teams/samples/minimal_processing_1828/frames/real/frame_0012.jpg,154.525404
gs://live-deepfake-methods-real-and-fake-frames-cropped-teams/samples/minimal_processing_1828/frames/real/frame_0014.jpg,153.546543
gs://live-deepfake-methods-real-and-fake-frames-cropped-teams/samples/minimal_processing_1861/frames/real/frame_0000.jpg,162.948276
gs://live-deepfake-methods-real-and-fake-frames-cropped-teams/samples/minimal_processing_1861/frames/real/frame_0002.jpg,167.253034
gs://live-deepfake-methods-real-and-fake-frames-cropped-teams/samples/minimal_processing_1861/frames/real/frame_0004.jpg,181.803787
gs://live-deepfake-methods-real-and-fake-frames-cropped-teams/samples/minimal_processing_1861/frames/real/frame_0006.jpg,134.016706
gs://live-deepfake-methods-real-and-fake-frames-cropped-teams/samples/minimal_processing_1861/frames/real/frame_0008.jpg,144.505330
gs://live-deepfake-methods-real-and-fake-frames-cropped-teams/samples/minimal_processing_1861/frames/real/frame_0010.jpg,143.053492
gs://live-deepfake-methods-real-and-fake-frames-cropped-teams/samples/minimal_processing_1862/frames/real/frame_0002.jpg,231.137747
gs://live-deepfake-methods-real-and-fake-frames-cropped-teams/samples/minimal_processing_1862/frames/real/frame_0004.jpg,237.873381
gs://live-deepfake-methods-real-and-fake-frames-cropped-teams/samples/minimal_processing_1862/frames/real/frame_0008.jpg,236.539272
gs://live-deepfake-methods-real-and-fake-frames-cropped-teams/samples/minimal_processing_1862/frames/real/frame_0010.jpg,227.977868
gs://live-deepfake-methods-real-and-fake-frames-cropped-teams/samples/minimal_processing_1862/frames/real/frame_0012.jpg,215.515900
gs://live-deepfake-methods-real-and-fake-frames-cropped-teams/samples/minimal_processing_1862/frames/real/frame_0014.jpg,75.258935
gs://live-deepfake-methods-real-and-fake-frames-cropped-teams/samples/minimal_processing_1877/frames/real/frame_0000.jpg,55.469429
gs://live-deepfake-methods-real-and-fake-frames-cropped-teams/samples/minimal_processing_1877/frames/real/frame_0002.jpg,73.291881
gs://live-deepfake-methods-real-and-fake-frames-cropped-teams/samples/minimal_processing_1877/frames/real/frame_0004.jpg,142.061351
gs://live-deepfake-methods-real-and-fake-frames-cropped-teams/samples/minimal_processing_1877/frames/real/frame_0006.jpg,74.060950
gs://live-deepfake-methods-real-and-fake-frames-cropped-teams/samples/minimal_processing_1877/frames/real/frame_0008.jpg,91.731869
gs://live-deepfake-methods-real-and-fake-frames-cropped-teams/samples/minimal_processing_1877/frames/real/frame_0010.jpg,155.505835
gs://live-deepfake-methods-real-and-fake-frames-cropped-teams/samples/minimal_processing_1877/frames/real/frame_0014.jpg,84.175205
gs://live-deepfake-methods-real-and-fake-frames-cropped-teams/samples/minimal_processing_1906/frames/real/frame_0000.jpg,70.713941
gs://live-deepfake-methods-real-and-fake-frames-cropped-teams/samples/minimal_processing_1906/frames/real/frame_0002.jpg,67.994750
gs://live-deepfake-methods-real-and-fake-frames-cropped-teams/samples/minimal_processing_1906/frames/real/frame_0004.jpg,90.367549
gs://live-deepfake-methods-real-and-fake-frames-cropped-teams/samples/minimal_processing_1906/frames/real/frame_0006.jpg,94.636591
gs://live-deepfake-methods-real-and-fake-frames-cropped-teams/samples/minimal_processing_1906/frames/real/frame_0008.jpg,90.559806
gs://live-deepfake-methods-real-and-fake-frames-cropped-teams/samples/minimal_processing_1906/frames/real/frame_0010.jpg,92.867521
gs://live-deepfake-methods-real-and-fake-frames-cropped-teams/samples/minimal_processing_1908/frames/real/frame_0004.jpg,163.519562
gs://live-deepfake-methods-real-and-fake-frames-cropped-teams/samples/minimal_processing_1908/frames/real/frame_0006.jpg,167.351690
gs://live-deepfake-methods-real-and-fake-frames-cropped-teams/samples/minimal_processing_1908/frames/real/frame_0008.jpg,182.828317
gs://live-deepfake-methods-real-and-fake-frames-cropped-teams/samples/minimal_processing_1908/frames/real/frame_0010.jpg,132.482967
gs://live-deepfake-methods-real-and-fake-frames-cropped-teams/samples/minimal_processing_1908/frames/real/frame_0012.jpg,172.894300
gs://live-deepfake-methods-real-and-fake-frames-cropped-teams/samples/minimal_processing_1909/frames/real/frame_0000.jpg,192.119300
gs://live-deepfake-methods-real-and-fake-frames-cropped-teams/samples/minimal_processing_1909/frames/real/frame_0002.jpg,183.038350
gs://live-deepfake-methods-real-and-fake-frames-cropped-teams/samples/minimal_processing_1909/frames/real/frame_0004.jpg,174.613403
gs://live-deepfake-methods-real-and-fake-frames-cropped-teams/samples/minimal_processing_1909/frames/real/frame_0006.jpg,187.697609
gs://live-deepfake-methods-real-and-fake-frames-cropped-teams/samples/minimal_processing_1909/frames/real/frame_0008.jpg,191.752925
gs://live-deepfake-methods-real-and-fake-frames-cropped-teams/samples/minimal_processing_1909/frames/real/frame_0010.jpg,199.998841
gs://live-deepfake-methods-real-and-fake-frames-cropped-teams/samples/minimal_processing_1909/frames/real/frame_0014.jpg,229.835804
gs://live-deepfake-methods-real-and-fake-frames-cropped-teams/samples/minimal_processing_1932/frames/real/frame_0000.jpg,147.066229
gs://live-deepfake-methods-real-and-fake-frames-cropped-teams/samples/minimal_processing_1932/frames/real/frame_0006.jpg,109.701432
gs://live-deepfake-methods-real-and-fake-frames-cropped-teams/samples/minimal_processing_1932/frames/real/frame_0008.jpg,149.578925
gs://live-deepfake-methods-real-and-fake-frames-cropped-teams/samples/minimal_processing_1932/frames/real/frame_0010.jpg,155.321298
gs://live-deepfake-methods-real-and-fake-frames-cropped-teams/samples/minimal_processing_1932/frames/real/frame_0012.jpg,66.561439
gs://live-deepfake-methods-real-and-fake-frames-cropped-teams/samples/minimal_processing_1932/frames/real/frame_0014.jpg,125.276159
gs://live-deepfake-methods-real-and-fake-frames-cropped-teams/samples/minimal_processing_1933/frames/real/frame_0000.jpg,94.834874
gs://live-deepfake-methods-real-and-fake-frames-cropped-teams/samples/minimal_processing_1933/frames/real/frame_0002.jpg,121.146688
gs://live-deepfake-methods-real-and-fake-frames-cropped-teams/samples/minimal_processing_1933/frames/real/frame_0004.jpg,139.697872
gs://live-deepfake-methods-real-and-fake-frames-cropped-teams/samples/minimal_processing_1933/frames/real/frame_0006.jpg,148.485720
gs://live-deepfake-methods-real-and-fake-frames-cropped-teams/samples/minimal_processing_1933/frames/real/frame_0008.jpg,157.270790
gs://live-deepfake-methods-real-and-fake-frames-cropped-teams/samples/minimal_processing_1933/frames/real/frame_0010.jpg,148.990882
gs://live-deepfake-methods-real-and-fake-frames-cropped-teams/samples/minimal_processing_1933/frames/real/frame_0012.jpg,123.274387
gs://live-deepfake-methods-real-and-fake-frames-cropped-teams/samples/minimal_processing_1933/frames/real/frame_0014.jpg,74.716443
gs://live-deepfake-methods-real-and-fake-frames-cropped-teams/samples/minimal_processing_1956/frames/real/frame_0010.jpg,247.423084
gs://live-deepfake-methods-real-and-fake-frames-cropped-teams/samples/minimal_processing_1956/frames/real/frame_0012.jpg,251.408957
gs://live-deepfake-methods-real-and-fake-frames-cropped-teams/samples/minimal_processing_1956/frames/real/frame_0014.jpg,232.662200
gs://live-deepfake-methods-real-and-fake-frames-cropped-teams/samples/minimal_processing_1971/frames/real/frame_0000.jpg,115.531557
gs://live-deepfake-methods-real-and-fake-frames-cropped-teams/samples/minimal_processing_1971/frames/real/frame_0002.jpg,123.467715
gs://live-deepfake-methods-real-and-fake-frames-cropped-teams/samples/minimal_processing_1971/frames/real/frame_0004.jpg,126.657647
gs://live-deepfake-methods-real-and-fake-frames-cropped-teams/samples/minimal_processing_1971/frames/real/frame_0006.jpg,126.359612
gs://live-deepfake-methods-real-and-fake-frames-cropped-teams/samples/minimal_processing_1971/frames/real/frame_0008.jpg,97.794833
gs://live-deepfake-methods-real-and-fake-frames-cropped-teams/samples/minimal_processing_1971/frames/real/frame_0010.jpg,115.980307
gs://live-deepfake-methods-real-and-fake-frames-cropped-teams/samples/minimal_processing_1971/frames/real/frame_0012.jpg,138.855238
gs://live-deepfake-methods-real-and-fake-frames-cropped-teams/samples/minimal_processing_1971/frames/real/frame_0014.jpg,111.688121
gs://live-deepfake-methods-real-and-fake-frames-cropped-teams/samples/quality_enhancement_0002/frames/real/frame_0000.jpg,82.459485
gs://live-deepfake-methods-real-and-fake-frames-cropped-teams/samples/quality_enhancement_0002/frames/real/frame_0002.jpg,177.016633
gs://live-deepfake-methods-real-and-fake-frames-cropped-teams/samples/quality_enhancement_0002/frames/real/frame_0004.jpg,131.920950
gs://live-deepfake-methods-real-and-fake-frames-cropped-teams/samples/quality_enhancement_0002/frames/real/frame_0006.jpg,72.738810
gs://live-deepfake-methods-real-and-fake-frames-cropped-teams/samples/quality_enhancement_0002/frames/real/frame_0008.jpg,73.995452
gs://live-deepfake-methods-real-and-fake-frames-cropped-teams/samples/quality_enhancement_0002/frames/real/frame_0010.jpg,199.001681
gs://live-deepfake-methods-real-and-fake-frames-cropped-teams/samples/quality_enhancement_0002/frames/real/frame_0012.jpg,155.357569
gs://live-deepfake-methods-real-and-fake-frames-cropped-teams/samples/quality_enhancement_0002/frames/real/frame_0014.jpg,69.868803
gs://live-deepfake-methods-real-and-fake-frames-cropped-teams/samples/quality_enhancement_0051/frames/real/frame_0000.jpg,174.940244
gs://live-deepfake-methods-real-and-fake-frames-cropped-teams/samples/quality_enhancement_0051/frames/real/frame_0002.jpg,184.483762
gs://live-deepfake-methods-real-and-fake-frames-cropped-teams/samples/quality_enhancement_0051/frames/real/frame_0004.jpg,214.183771
gs://live-deepfake-methods-real-and-fake-frames-cropped-teams/samples/quality_enhancement_0051/frames/real/frame_0006.jpg,205.855006
gs://live-deepfake-methods-real-and-fake-frames-cropped-teams/samples/quality_enhancement_0051/frames/real/frame_0008.jpg,242.720537
gs://live-deepfake-methods-real-and-fake-frames-cropped-teams/samples/quality_enhancement_0051/frames/real/frame_0010.jpg,178.569416
gs://live-deepfake-methods-real-and-fake-frames-cropped-teams/samples/quality_enhancement_0051/frames/real/frame_0012.jpg,182.592588
gs://live-deepfake-methods-real-and-fake-frames-cropped-teams/samples/quality_enhancement_0051/frames/real/frame_0014.jpg,213.404932
gs://live-deepfake-methods-real-and-fake-frames-cropped-teams/samples/quality_enhancement_0087/frames/real/frame_0000.jpg,178.174354
gs://live-deepfake-methods-real-and-fake-frames-cropped-teams/samples/quality_enhancement_0087/frames/real/frame_0002.jpg,173.253119
gs://live-deepfake-methods-real-and-fake-frames-cropped-teams/samples/quality_enhancement_0087/frames/real/frame_0004.jpg,162.789825
gs://live-deepfake-methods-real-and-fake-frames-cropped-teams/samples/quality_enhancement_0087/frames/real/frame_0006.jpg,157.489468
gs://live-deepfake-methods-real-and-fake-frames-cropped-teams/samples/quality_enhancement_0087/frames/real/frame_0008.jpg,151.843711
gs://live-deepfake-methods-real-and-fake-frames-cropped-teams/samples/quality_enhancement_0087/frames/real/frame_0010.jpg,142.103270
gs://live-deepfake-methods-real-and-fake-frames-cropped-teams/samples/quality_enhancement_0087/frames/real/frame_0012.jpg,154.030181
gs://live-deepfake-methods-real-and-fake-frames-cropped-teams/samples/quality_enhancement_0087/frames/real/frame_0014.jpg,146.288123
gs://live-deepfake-methods-real-and-fake-frames-cropped-teams/samples/quality_enhancement_0088/frames/real/frame_0000.jpg,203.243930
gs://live-deepfake-methods-real-and-fake-frames-cropped-teams/samples/quality_enhancement_0088/frames/real/frame_0002.jpg,168.775674
gs://live-deepfake-methods-real-and-fake-frames-cropped-teams/samples/quality_enhancement_0088/frames/real/frame_0004.jpg,173.775248
gs://live-deepfake-methods-real-and-fake-frames-cropped-teams/samples/quality_enhancement_0088/frames/real/frame_0006.jpg,180.724224
gs://live-deepfake-methods-real-and-fake-frames-cropped-teams/samples/quality_enhancement_0088/frames/real/frame_0008.jpg,206.455694
gs://live-deepfake-methods-real-and-fake-frames-cropped-teams/samples/quality_enhancement_0088/frames/real/frame_0010.jpg,162.589542
gs://live-deepfake-methods-real-and-fake-frames-cropped-teams/samples/quality_enhancement_0088/frames/real/frame_0012.jpg,130.718150
gs://live-deepfake-methods-real-and-fake-frames-cropped-teams/samples/quality_enhancement_0088/frames/real/frame_0014.jpg,120.802177
gs://live-deepfake-methods-real-and-fake-frames-cropped-teams/samples/quality_enhancement_0116/frames/real/frame_0000.jpg,208.984868
gs://live-deepfake-methods-real-and-fake-frames-cropped-teams/samples/quality_enhancement_0116/frames/real/frame_0012.jpg,229.226897
gs://live-deepfake-methods-real-and-fake-frames-cropped-teams/samples/quality_enhancement_0116/frames/real/frame_0014.jpg,87.247402
gs://live-deepfake-methods-real-and-fake-frames-cropped-teams/samples/quality_enhancement_0118/frames/real/frame_0000.jpg,119.787766
gs://live-deepfake-methods-real-and-fake-frames-cropped-teams/samples/quality_enhancement_0118/frames/real/frame_0002.jpg,127.130721
gs://live-deepfake-methods-real-and-fake-frames-cropped-teams/samples/quality_enhancement_0118/frames/real/frame_0004.jpg,124.128532
gs://live-deepfake-methods-real-and-fake-frames-cropped-teams/samples/quality_enhancement_0118/frames/real/frame_0006.jpg,159.152991
gs://live-deepfake-methods-real-and-fake-frames-cropped-teams/samples/quality_enhancement_0118/frames/real/frame_0008.jpg,127.906875
gs://live-deepfake-methods-real-and-fake-frames-cropped-teams/samples/quality_enhancement_0118/frames/real/frame_0010.jpg,126.480226
gs://live-deepfake-methods-real-and-fake-frames-cropped-teams/samples/quality_enhancement_0118/frames/real/frame_0012.jpg,149.167605
gs://live-deepfake-methods-real-and-fake-frames-cropped-teams/samples/quality_enhancement_0118/frames/real/frame_0014.jpg,173.311787
gs://live-deepfake-methods-real-and-fake-frames-cropped-teams/samples/quality_enhancement_0148/frames/real/frame_0000.jpg,116.008151
gs://live-deepfake-methods-real-and-fake-frames-cropped-teams/samples/quality_enhancement_0148/frames/real/frame_0002.jpg,121.178332
gs://live-deepfake-methods-real-and-fake-frames-cropped-teams/samples/quality_enhancement_0148/frames/real/frame_0004.jpg,125.268878
gs://live-deepfake-methods-real-and-fake-frames-cropped-teams/samples/quality_enhancement_0148/frames/real/frame_0006.jpg,124.149732
gs://live-deepfake-methods-real-and-fake-frames-cropped-teams/samples/quality_enhancement_0148/frames/real/frame_0008.jpg,86.301410
gs://live-deepfake-methods-real-and-fake-frames-cropped-teams/samples/quality_enhancement_0148/frames/real/frame_0010.jpg,103.431551
gs://live-deepfake-methods-real-and-fake-frames-cropped-teams/samples/quality_enhancement_0148/frames/real/frame_0012.jpg,119.334940
gs://live-deepfake-methods-real-and-fake-frames-cropped-teams/samples/quality_enhancement_0148/frames/real/frame_0014.jpg,124.616743
gs://live-deepfake-methods-real-and-fake-frames-cropped-teams/samples/quality_enhancement_0202/frames/real/frame_0000.jpg,130.933475
gs://live-deepfake-methods-real-and-fake-frames-cropped-teams/samples/quality_enhancement_0202/frames/real/frame_0002.jpg,33.306519
gs://live-deepfake-methods-real-and-fake-frames-cropped-teams/samples/quality_enhancement_0202/frames/real/frame_0004.jpg,227.501013
gs://live-deepfake-methods-real-and-fake-frames-cropped-teams/samples/quality_enhancement_0202/frames/real/frame_0006.jpg,224.918550
gs://live-deepfake-methods-real-and-fake-frames-cropped-teams/samples/quality_enhancement_0212/frames/real/frame_0000.jpg,188.490396
gs://live-deepfake-methods-real-and-fake-frames-cropped-teams/samples/quality_enhancement_0212/frames/real/frame_0002.jpg,177.424598
gs://live-deepfake-methods-real-and-fake-frames-cropped-teams/samples/quality_enhancement_0212/frames/real/frame_0004.jpg,173.783793
gs://live-deepfake-methods-real-and-fake-frames-cropped-teams/samples/quality_enhancement_0212/frames/real/frame_0006.jpg,186.208397
gs://live-deepfake-methods-real-and-fake-frames-cropped-teams/samples/quality_enhancement_0212/frames/real/frame_0008.jpg,143.327246
gs://live-deepfake-methods-real-and-fake-frames-cropped-teams/samples/quality_enhancement_0212/frames/real/frame_0010.jpg,144.582477
gs://live-deepfake-methods-real-and-fake-frames-cropped-teams/samples/quality_enhancement_0212/frames/real/frame_0012.jpg,146.078506
gs://live-deepfake-methods-real-and-fake-frames-cropped-teams/samples/quality_enhancement_0212/frames/real/frame_0014.jpg,149.146665
gs://live-deepfake-methods-real-and-fake-frames-cropped-teams/samples/quality_enhancement_0263/frames/real/frame_0000.jpg,162.936769
gs://live-deepfake-methods-real-and-fake-frames-cropped-teams/samples/quality_enhancement_0263/frames/real/frame_0002.jpg,182.039241
gs://live-deepfake-methods-real-and-fake-frames-cropped-teams/samples/quality_enhancement_0263/frames/real/frame_0004.jpg,161.201885
gs://live-deepfake-methods-real-and-fake-frames-cropped-teams/samples/quality_enhancement_0263/frames/real/frame_0006.jpg,169.660828
gs://live-deepfake-methods-real-and-fake-frames-cropped-teams/samples/quality_enhancement_0263/frames/real/frame_0008.jpg,154.148893
gs://live-deepfake-methods-real-and-fake-frames-cropped-teams/samples/quality_enhancement_0263/frames/real/frame_0010.jpg,155.723148
gs://live-deepfake-methods-real-and-fake-frames-cropped-teams/samples/quality_enhancement_0263/frames/real/frame_0012.jpg,191.163538
gs://live-deepfake-methods-real-and-fake-frames-cropped-teams/samples/quality_enhancement_0263/frames/real/frame_0014.jpg,82.120347
gs://live-deepfake-methods-real-and-fake-frames-cropped-teams/samples/quality_enhancement_0266/frames/real/frame_0000.jpg,233.715868
gs://live-deepfake-methods-real-and-fake-frames-cropped-teams/samples/quality_enhancement_0266/frames/real/frame_0002.jpg,85.372156
gs://live-deepfake-methods-real-and-fake-frames-cropped-teams/samples/quality_enhancement_0266/frames/real/frame_0004.jpg,87.391870
gs://live-deepfake-methods-real-and-fake-frames-cropped-teams/samples/quality_enhancement_0266/frames/real/frame_0006.jpg,75.648772
gs://live-deepfake-methods-real-and-fake-frames-cropped-teams/samples/quality_enhancement_0266/frames/real/frame_0008.jpg,79.136251
gs://live-deepfake-methods-real-and-fake-frames-cropped-teams/samples/quality_enhancement_0266/frames/real/frame_0010.jpg,91.116600
gs://live-deepfake-methods-real-and-fake-frames-cropped-teams/samples/quality_enhancement_0314/frames/real/frame_0000.jpg,107.147582
gs://live-deepfake-methods-real-and-fake-frames-cropped-teams/samples/quality_enhancement_0314/frames/real/frame_0002.jpg,59.832817
gs://live-deepfake-methods-real-and-fake-frames-cropped-teams/samples/quality_enhancement_0314/frames/real/frame_0004.jpg,59.494030
gs://live-deepfake-methods-real-and-fake-frames-cropped-teams/samples/quality_enhancement_0314/frames/real/frame_0006.jpg,57.623816
gs://live-deepfake-methods-real-and-fake-frames-cropped-teams/samples/quality_enhancement_0314/frames/real/frame_0008.jpg,71.373257
gs://live-deepfake-methods-real-and-fake-frames-cropped-teams/samples/quality_enhancement_0314/frames/real/frame_0010.jpg,69.982377
gs://live-deepfake-methods-real-and-fake-frames-cropped-teams/samples/quality_enhancement_0314/frames/real/frame_0012.jpg,65.003610
gs://live-deepfake-methods-real-and-fake-frames-cropped-teams/samples/quality_enhancement_0314/frames/real/frame_0014.jpg,64.901121
gs://live-deepfake-methods-real-and-fake-frames-cropped-teams/samples/quality_enhancement_0355/frames/real/frame_0000.jpg,238.945080
gs://live-deepfake-methods-real-and-fake-frames-cropped-teams/samples/quality_enhancement_0355/frames/real/frame_0002.jpg,232.043827
gs://live-deepfake-methods-real-and-fake-frames-cropped-teams/samples/quality_enhancement_0355/frames/real/frame_0004.jpg,228.783325
gs://live-deepfake-methods-real-and-fake-frames-cropped-teams/samples/quality_enhancement_0355/frames/real/frame_0006.jpg,203.770216
gs://live-deepfake-methods-real-and-fake-frames-cropped-teams/samples/quality_enhancement_0355/frames/real/frame_0008.jpg,176.985991
gs://live-deepfake-methods-real-and-fake-frames-cropped-teams/samples/quality_enhancement_0355/frames/real/frame_0010.jpg,122.447664
gs://live-deepfake-methods-real-and-fake-frames-cropped-teams/samples/quality_enhancement_0355/frames/real/frame_0012.jpg,186.574601
gs://live-deepfake-methods-real-and-fake-frames-cropped-teams/samples/quality_enhancement_0358/frames/real/frame_0000.jpg,56.447513
gs://live-deepfake-methods-real-and-fake-frames-cropped-teams/samples/quality_enhancement_0358/frames/real/frame_0002.jpg,50.497835
gs://live-deepfake-methods-real-and-fake-frames-cropped-teams/samples/quality_enhancement_0388/frames/real/frame_0000.jpg,72.403470
gs://live-deepfake-methods-real-and-fake-frames-cropped-teams/samples/quality_enhancement_0388/frames/real/frame_0002.jpg,66.419189
gs://live-deepfake-methods-real-and-fake-frames-cropped-teams/samples/quality_enhancement_0388/frames/real/frame_0004.jpg,92.582408
gs://live-deepfake-methods-real-and-fake-frames-cropped-teams/samples/quality_enhancement_0388/frames/real/frame_0008.jpg,88.129756
gs://live-deepfake-methods-real-and-fake-frames-cropped-teams/samples/quality_enhancement_0388/frames/real/frame_0010.jpg,94.767467
gs://live-deepfake-methods-real-and-fake-frames-cropped-teams/samples/quality_enhancement_0388/frames/real/frame_0012.jpg,108.262524
gs://live-deepfake-methods-real-and-fake-frames-cropped-teams/samples/quality_enhancement_0388/frames/real/frame_0014.jpg,76.827157
gs://live-deepfake-methods-real-and-fake-frames-cropped-teams/samples/quality_enhancement_0424/frames/real/frame_0014.jpg,150.089210
gs://live-deepfake-methods-real-and-fake-frames-cropped-teams/samples/quality_enhancement_0430/frames/real/frame_0000.jpg,74.920689
gs://live-deepfake-methods-real-and-fake-frames-cropped-teams/samples/quality_enhancement_0430/frames/real/frame_0002.jpg,69.297693
gs://live-deepfake-methods-real-and-fake-frames-cropped-teams/samples/quality_enhancement_0430/frames/real/frame_0004.jpg,83.935958
gs://live-deepfake-methods-real-and-fake-frames-cropped-teams/samples/quality_enhancement_0430/frames/real/frame_0006.jpg,119.406702
gs://live-deepfake-methods-real-and-fake-frames-cropped-teams/samples/quality_enhancement_0430/frames/real/frame_0008.jpg,113.873102
gs://live-deepfake-methods-real-and-fake-frames-cropped-teams/samples/quality_enhancement_0430/frames/real/frame_0010.jpg,132.914138
gs://live-deepfake-methods-real-and-fake-frames-cropped-teams/samples/quality_enhancement_0430/frames/real/frame_0012.jpg,79.670200
gs://live-deepfake-methods-real-and-fake-frames-cropped-teams/samples/quality_enhancement_0430/frames/real/frame_0014.jpg,66.547485
gs://live-deepfake-methods-real-and-fake-frames-cropped-teams/samples/quality_enhancement_0468/frames/real/frame_0000.jpg,141.657233
gs://live-deepfake-methods-real-and-fake-frames-cropped-teams/samples/quality_enhancement_0468/frames/real/frame_0002.jpg,152.686298
gs://live-deepfake-methods-real-and-fake-frames-cropped-teams/samples/quality_enhancement_0469/frames/real/frame_0000.jpg,56.320216
gs://live-deepfake-methods-real-and-fake-frames-cropped-teams/samples/quality_enhancement_0469/frames/real/frame_0002.jpg,74.786573
gs://live-deepfake-methods-real-and-fake-frames-cropped-teams/samples/quality_enhancement_0469/frames/real/frame_0004.jpg,104.998866
gs://live-deepfake-methods-real-and-fake-frames-cropped-teams/samples/quality_enhancement_0469/frames/real/frame_0006.jpg,178.026664
gs://live-deepfake-methods-real-and-fake-frames-cropped-teams/samples/quality_enhancement_0469/frames/real/frame_0008.jpg,154.443520
gs://live-deepfake-methods-real-and-fake-frames-cropped-teams/samples/quality_enhancement_0469/frames/real/frame_0010.jpg,161.207536
gs://live-deepfake-methods-real-and-fake-frames-cropped-teams/samples/quality_enhancement_0469/frames/real/frame_0012.jpg,122.417335
gs://live-deepfake-methods-real-and-fake-frames-cropped-teams/samples/quality_enhancement_0469/frames/real/frame_0014.jpg,108.365752
gs://live-deepfake-methods-real-and-fake-frames-cropped-teams/samples/quality_enhancement_0524/frames/real/frame_0000.jpg,139.172193
gs://live-deepfake-methods-real-and-fake-frames-cropped-teams/samples/quality_enhancement_0524/frames/real/frame_0002.jpg,128.417649
gs://live-deepfake-methods-real-and-fake-frames-cropped-teams/samples/quality_enhancement_0524/frames/real/frame_0004.jpg,130.252616
gs://live-deepfake-methods-real-and-fake-frames-cropped-teams/samples/quality_enhancement_0524/frames/real/frame_0006.jpg,167.663418
gs://live-deepfake-methods-real-and-fake-frames-cropped-teams/samples/quality_enhancement_0524/frames/real/frame_0008.jpg,188.088703
gs://live-deepfake-methods-real-and-fake-frames-cropped-teams/samples/quality_enhancement_0524/frames/real/frame_0010.jpg,164.670337
gs://live-deepfake-methods-real-and-fake-frames-cropped-teams/samples/quality_enhancement_0524/frames/real/frame_0012.jpg,176.540156
gs://live-deepfake-methods-real-and-fake-frames-cropped-teams/samples/quality_enhancement_0524/frames/real/frame_0014.jpg,174.947680
gs://live-deepfake-methods-real-and-fake-frames-cropped-teams/samples/quality_enhancement_0537/frames/real/frame_0000.jpg,148.815952
gs://live-deepfake-methods-real-and-fake-frames-cropped-teams/samples/quality_enhancement_0537/frames/real/frame_0002.jpg,149.549610
gs://live-deepfake-methods-real-and-fake-frames-cropped-teams/samples/quality_enhancement_0569/frames/real/frame_0000.jpg,202.698622
gs://live-deepfake-methods-real-and-fake-frames-cropped-teams/samples/quality_enhancement_0569/frames/real/frame_0004.jpg,243.283185
gs://live-deepfake-methods-real-and-fake-frames-cropped-teams/samples/quality_enhancement_0569/frames/real/frame_0006.jpg,192.888188
gs://live-deepfake-methods-real-and-fake-frames-cropped-teams/samples/quality_enhancement_0569/frames/real/frame_0008.jpg,200.904446
gs://live-deepfake-methods-real-and-fake-frames-cropped-teams/samples/quality_enhancement_0570/frames/real/frame_0000.jpg,146.148240
gs://live-deepfake-methods-real-and-fake-frames-cropped-teams/samples/quality_enhancement_0570/frames/real/frame_0002.jpg,145.100127
gs://live-deepfake-methods-real-and-fake-frames-cropped-teams/samples/quality_enhancement_0570/frames/real/frame_0004.jpg,140.195517
gs://live-deepfake-methods-real-and-fake-frames-cropped-teams/samples/quality_enhancement_0570/frames/real/frame_0006.jpg,127.609115
gs://live-deepfake-methods-real-and-fake-frames-cropped-teams/samples/quality_enhancement_0570/frames/real/frame_0008.jpg,137.528168
gs://live-deepfake-methods-real-and-fake-frames-cropped-teams/samples/quality_enhancement_0570/frames/real/frame_0010.jpg,117.293459
gs://live-deepfake-methods-real-and-fake-frames-cropped-teams/samples/quality_enhancement_0570/frames/real/frame_0012.jpg,109.361531
gs://live-deepfake-methods-real-and-fake-frames-cropped-teams/samples/quality_enhancement_0570/frames/real/frame_0014.jpg,112.252070
gs://live-deepfake-methods-real-and-fake-frames-cropped-teams/samples/quality_enhancement_0626/frames/real/frame_0000.jpg,230.539850
gs://live-deepfake-methods-real-and-fake-frames-cropped-teams/samples/quality_enhancement_0626/frames/real/frame_0004.jpg,243.405637
gs://live-deepfake-methods-real-and-fake-frames-cropped-teams/samples/quality_enhancement_0626/frames/real/frame_0006.jpg,217.966636
gs://live-deepfake-methods-real-and-fake-frames-cropped-teams/samples/quality_enhancement_0626/frames/real/frame_0008.jpg,197.461953
gs://live-deepfake-methods-real-and-fake-frames-cropped-teams/samples/quality_enhancement_0626/frames/real/frame_0010.jpg,208.470343
gs://live-deepfake-methods-real-and-fake-frames-cropped-teams/samples/quality_enhancement_0626/frames/real/frame_0012.jpg,247.977729
gs://live-deepfake-methods-real-and-fake-frames-cropped-teams/samples/quality_enhancement_0626/frames/real/frame_0014.jpg,240.827362
gs://live-deepfake-methods-real-and-fake-frames-cropped-teams/samples/quality_enhancement_0692/frames/real/frame_0000.jpg,81.916809
gs://live-deepfake-methods-real-and-fake-frames-cropped-teams/samples/quality_enhancement_0692/frames/real/frame_0002.jpg,91.494548
gs://live-deepfake-methods-real-and-fake-frames-cropped-teams/samples/quality_enhancement_0692/frames/real/frame_0004.jpg,138.530863
gs://live-deepfake-methods-real-and-fake-frames-cropped-teams/samples/quality_enhancement_0692/frames/real/frame_0006.jpg,131.633068
gs://live-deepfake-methods-real-and-fake-frames-cropped-teams/samples/quality_enhancement_0692/frames/real/frame_0008.jpg,152.497643
gs://live-deepfake-methods-real-and-fake-frames-cropped-teams/samples/quality_enhancement_0692/frames/real/frame_0010.jpg,82.924312
gs://live-deepfake-methods-real-and-fake-frames-cropped-teams/samples/quality_enhancement_0698/frames/real/frame_0000.jpg,97.936836
gs://live-deepfake-methods-real-and-fake-frames-cropped-teams/samples/quality_enhancement_0698/frames/real/frame_0002.jpg,124.938646
gs://live-deepfake-methods-real-and-fake-frames-cropped-teams/samples/quality_enhancement_0698/frames/real/frame_0004.jpg,63.203024
gs://live-deepfake-methods-real-and-fake-frames-cropped-teams/samples/quality_enhancement_0698/frames/real/frame_0006.jpg,53.613160
gs://live-deepfake-methods-real-and-fake-frames-cropped-teams/samples/quality_enhancement_0698/frames/real/frame_0008.jpg,93.838955
gs://live-deepfake-methods-real-and-fake-frames-cropped-teams/samples/quality_enhancement_0698/frames/real/frame_0010.jpg,79.016981
gs://live-deepfake-methods-real-and-fake-frames-cropped-teams/samples/quality_enhancement_0698/frames/real/frame_0012.jpg,98.537523
gs://live-deepfake-methods-real-and-fake-frames-cropped-teams/samples/quality_enhancement_0698/frames/real/frame_0014.jpg,65.327262
gs://live-deepfake-methods-real-and-fake-frames-cropped-teams/samples/quality_enhancement_0701/frames/real/frame_0000.jpg,84.740553
gs://live-deepfake-methods-real-and-fake-frames-cropped-teams/samples/quality_enhancement_0701/frames/real/frame_0002.jpg,93.842626
gs://live-deepfake-methods-real-and-fake-frames-cropped-teams/samples/quality_enhancement_0701/frames/real/frame_0004.jpg,95.531526
gs://live-deepfake-methods-real-and-fake-frames-cropped-teams/samples/quality_enhancement_0701/frames/real/frame_0006.jpg,85.498843
gs://live-deepfake-methods-real-and-fake-frames-cropped-teams/samples/quality_enhancement_0701/frames/real/frame_0008.jpg,83.827882
gs://live-deepfake-methods-real-and-fake-frames-cropped-teams/samples/quality_enhancement_0701/frames/real/frame_0010.jpg,85.036929
gs://live-deepfake-methods-real-and-fake-frames-cropped-teams/samples/quality_enhancement_0701/frames/real/frame_0012.jpg,84.567465
gs://live-deepfake-methods-real-and-fake-frames-cropped-teams/samples/quality_enhancement_0701/frames/real/frame_0014.jpg,73.069129
gs://live-deepfake-methods-real-and-fake-frames-cropped-teams/samples/quality_enhancement_0748/frames/real/frame_0000.jpg,179.862920
gs://live-deepfake-methods-real-and-fake-frames-cropped-teams/samples/quality_enhancement_0748/frames/real/frame_0002.jpg,163.855984
gs://live-deepfake-methods-real-and-fake-frames-cropped-teams/samples/quality_enhancement_0748/frames/real/frame_0004.jpg,155.558071
gs://live-deepfake-methods-real-and-fake-frames-cropped-teams/samples/quality_enhancement_0748/frames/real/frame_0006.jpg,251.614386
gs://live-deepfake-methods-real-and-fake-frames-cropped-teams/samples/quality_enhancement_0748/frames/real/frame_0008.jpg,220.720015
gs://live-deepfake-methods-real-and-fake-frames-cropped-teams/samples/quality_enhancement_0748/frames/real/frame_0010.jpg,180.246204
gs://live-deepfake-methods-real-and-fake-frames-cropped-teams/samples/quality_enhancement_0748/frames/real/frame_0012.jpg,148.322448
gs://live-deepfake-methods-real-and-fake-frames-cropped-teams/samples/quality_enhancement_0748/frames/real/frame_0014.jpg,130.392240
gs://live-deepfake-methods-real-and-fake-frames-cropped-teams/samples/quality_enhancement_0755/frames/real/frame_0008.jpg,197.762484
gs://live-deepfake-methods-real-and-fake-frames-cropped-teams/samples/quality_enhancement_0755/frames/real/frame_0010.jpg,170.654811
gs://live-deepfake-methods-real-and-fake-frames-cropped-teams/samples/quality_enhancement_0755/frames/real/frame_0012.jpg,144.829184
gs://live-deepfake-methods-real-and-fake-frames-cropped-teams/samples/quality_enhancement_0755/frames/real/frame_0014.jpg,223.024534
gs://live-deepfake-methods-real-and-fake-frames-cropped-teams/samples/quality_enhancement_0803/frames/real/frame_0004.jpg,164.851229
gs://live-deepfake-methods-real-and-fake-frames-cropped-teams/samples/quality_enhancement_0803/frames/real/frame_0006.jpg,219.752919
gs://live-deepfake-methods-real-and-fake-frames-cropped-teams/samples/quality_enhancement_0803/frames/real/frame_0008.jpg,151.486434
gs://live-deepfake-methods-real-and-fake-frames-cropped-teams/samples/quality_enhancement_0803/frames/real/frame_0010.jpg,205.299692
gs://live-deepfake-methods-real-and-fake-frames-cropped-teams/samples/quality_enhancement_0803/frames/real/frame_0012.jpg,247.083405
gs://live-deepfake-methods-real-and-fake-frames-cropped-teams/samples/quality_enhancement_0813/frames/real/frame_0000.jpg,244.024027
gs://live-deepfake-methods-real-and-fake-frames-cropped-teams/samples/quality_enhancement_0813/frames/real/frame_0004.jpg,217.228322
gs://live-deepfake-methods-real-and-fake-frames-cropped-teams/samples/quality_enhancement_0813/frames/real/frame_0006.jpg,220.693140
gs://live-deepfake-methods-real-and-fake-frames-cropped-teams/samples/quality_enhancement_0813/frames/real/frame_0008.jpg,220.776783
gs://live-deepfake-methods-real-and-fake-frames-cropped-teams/samples/quality_enhancement_0893/frames/real/frame_0000.jpg,84.351830
gs://live-deepfake-methods-real-and-fake-frames-cropped-teams/samples/quality_enhancement_0896/frames/real/frame_0000.jpg,199.302353
gs://live-deepfake-methods-real-and-fake-frames-cropped-teams/samples/quality_enhancement_0896/frames/real/frame_0004.jpg,212.271685
gs://live-deepfake-methods-real-and-fake-frames-cropped-teams/samples/quality_enhancement_0896/frames/real/frame_0006.jpg,217.699180
gs://live-deepfake-methods-real-and-fake-frames-cropped-teams/samples/quality_enhancement_0896/frames/real/frame_0008.jpg,216.723685
gs://live-deepfake-methods-real-and-fake-frames-cropped-teams/samples/quality_enhancement_0896/frames/real/frame_0010.jpg,248.860613
gs://live-deepfake-methods-real-and-fake-frames-cropped-teams/samples/quality_enhancement_0896/frames/real/frame_0012.jpg,207.438828
gs://live-deepfake-methods-real-and-fake-frames-cropped-teams/samples/quality_enhancement_0896/frames/real/frame_0014.jpg,178.135568
gs://live-deepfake-methods-real-and-fake-frames-cropped-teams/samples/quality_enhancement_0962/frames/real/frame_0000.jpg,230.617811
gs://live-deepfake-methods-real-and-fake-frames-cropped-teams/samples/quality_enhancement_0962/frames/real/frame_0002.jpg,193.530663
gs://live-deepfake-methods-real-and-fake-frames-cropped-teams/samples/quality_enhancement_0962/frames/real/frame_0004.jpg,237.607246
gs://live-deepfake-methods-real-and-fake-frames-cropped-teams/samples/quality_enhancement_0962/frames/real/frame_0010.jpg,248.667706
gs://live-deepfake-methods-real-and-fake-frames-cropped-teams/samples/quality_enhancement_0962/frames/real/frame_0012.jpg,197.079654
gs://live-deepfake-methods-real-and-fake-frames-cropped-teams/samples/quality_enhancement_0962/frames/real/frame_0014.jpg,245.734434
gs://live-deepfake-methods-real-and-fake-frames-cropped-teams/samples/quality_enhancement_1056/frames/real/frame_0000.jpg,141.759408
gs://live-deepfake-methods-real-and-fake-frames-cropped-teams/samples/quality_enhancement_1056/frames/real/frame_0002.jpg,130.057524
gs://live-deepfake-methods-real-and-fake-frames-cropped-teams/samples/quality_enhancement_1056/frames/real/frame_0004.jpg,142.090261
gs://live-deepfake-methods-real-and-fake-frames-cropped-teams/samples/quality_enhancement_1056/frames/real/frame_0006.jpg,153.055165
gs://live-deepfake-methods-real-and-fake-frames-cropped-teams/samples/quality_enhancement_1056/frames/real/frame_0008.jpg,154.887623
gs://live-deepfake-methods-real-and-fake-frames-cropped-teams/samples/quality_enhancement_1056/frames/real/frame_0010.jpg,146.380432
gs://live-deepfake-methods-real-and-fake-frames-cropped-teams/samples/quality_enhancement_1056/frames/real/frame_0012.jpg,87.259903
gs://live-deepfake-methods-real-and-fake-frames-cropped-teams/samples/quality_enhancement_1056/frames/real/frame_0014.jpg,142.899571
gs://live-deepfake-methods-real-and-fake-frames-cropped-teams/samples/quality_enhancement_1099/frames/real/frame_0000.jpg,199.436963
gs://live-deepfake-methods-real-and-fake-frames-cropped-teams/samples/quality_enhancement_1099/frames/real/frame_0002.jpg,220.114713
gs://live-deepfake-methods-real-and-fake-frames-cropped-teams/samples/quality_enhancement_1101/frames/real/frame_0000.jpg,113.929505
gs://live-deepfake-methods-real-and-fake-frames-cropped-teams/samples/quality_enhancement_1101/frames/real/frame_0002.jpg,123.116920
gs://live-deepfake-methods-real-and-fake-frames-cropped-teams/samples/quality_enhancement_1101/frames/real/frame_0004.jpg,110.338369
gs://live-deepfake-methods-real-and-fake-frames-cropped-teams/samples/quality_enhancement_1101/frames/real/frame_0006.jpg,89.555593
gs://live-deepfake-methods-real-and-fake-frames-cropped-teams/samples/quality_enhancement_1101/frames/real/frame_0008.jpg,90.092082
gs://live-deepfake-methods-real-and-fake-frames-cropped-teams/samples/quality_enhancement_1101/frames/real/frame_0010.jpg,91.762397
gs://live-deepfake-methods-real-and-fake-frames-cropped-teams/samples/quality_enhancement_1101/frames/real/frame_0012.jpg,109.737658
gs://live-deepfake-methods-real-and-fake-frames-cropped-teams/samples/quality_enhancement_1101/frames/real/frame_0014.jpg,117.305285
gs://live-deepfake-methods-real-and-fake-frames-cropped-teams/samples/quality_enhancement_1154/frames/real/frame_0000.jpg,181.758648
gs://live-deepfake-methods-real-and-fake-frames-cropped-teams/samples/quality_enhancement_1154/frames/real/frame_0002.jpg,123.386741
gs://live-deepfake-methods-real-and-fake-frames-cropped-teams/samples/quality_enhancement_1154/frames/real/frame_0004.jpg,154.610136
gs://live-deepfake-methods-real-and-fake-frames-cropped-teams/samples/quality_enhancement_1154/frames/real/frame_0006.jpg,118.083006
gs://live-deepfake-methods-real-and-fake-frames-cropped-teams/samples/quality_enhancement_1154/frames/real/frame_0008.jpg,155.427210
gs://live-deepfake-methods-real-and-fake-frames-cropped-teams/samples/quality_enhancement_1154/frames/real/frame_0010.jpg,177.330751
gs://live-deepfake-methods-real-and-fake-frames-cropped-teams/samples/quality_enhancement_1154/frames/real/frame_0012.jpg,160.339123
gs://live-deepfake-methods-real-and-fake-frames-cropped-teams/samples/quality_enhancement_1154/frames/real/frame_0014.jpg,247.826521
gs://live-deepfake-methods-real-and-fake-frames-cropped-teams/samples/quality_enhancement_1211/frames/real/frame_0000.jpg,205.020714
gs://live-deepfake-methods-real-and-fake-frames-cropped-teams/samples/quality_enhancement_1211/frames/real/frame_0002.jpg,221.654815
gs://live-deepfake-methods-real-and-fake-frames-cropped-teams/samples/quality_enhancement_1211/frames/real/frame_0004.jpg,190.998002
gs://live-deepfake-methods-real-and-fake-frames-cropped-teams/samples/quality_enhancement_1211/frames/real/frame_0006.jpg,175.589604
gs://live-deepfake-methods-real-and-fake-frames-cropped-teams/samples/quality_enhancement_1211/frames/real/frame_0008.jpg,189.385321
gs://live-deepfake-methods-real-and-fake-frames-cropped-teams/samples/quality_enhancement_1211/frames/real/frame_0010.jpg,192.006483
gs://live-deepfake-methods-real-and-fake-frames-cropped-teams/samples/quality_enhancement_1211/frames/real/frame_0012.jpg,197.572683
gs://live-deepfake-methods-real-and-fake-frames-cropped-teams/samples/quality_enhancement_1211/frames/real/frame_0014.jpg,193.578565
gs://live-deepfake-methods-real-and-fake-frames-cropped-teams/samples/quality_enhancement_1222/frames/real/frame_0000.jpg,127.541912
gs://live-deepfake-methods-real-and-fake-frames-cropped-teams/samples/quality_enhancement_1222/frames/real/frame_0002.jpg,111.687873
gs://live-deepfake-methods-real-and-fake-frames-cropped-teams/samples/quality_enhancement_1222/frames/real/frame_0004.jpg,91.704101
gs://live-deepfake-methods-real-and-fake-frames-cropped-teams/samples/quality_enhancement_1222/frames/real/frame_0006.jpg,95.582722
gs://live-deepfake-methods-real-and-fake-frames-cropped-teams/samples/quality_enhancement_1222/frames/real/frame_0008.jpg,107.858879
gs://live-deepfake-methods-real-and-fake-frames-cropped-teams/samples/quality_enhancement_1222/frames/real/frame_0010.jpg,111.527105
gs://live-deepfake-methods-real-and-fake-frames-cropped-teams/samples/quality_enhancement_1222/frames/real/frame_0012.jpg,106.144489
gs://live-deepfake-methods-real-and-fake-frames-cropped-teams/samples/quality_enhancement_1222/frames/real/frame_0014.jpg,98.577061
gs://live-deepfake-methods-real-and-fake-frames-cropped-teams/samples/quality_enhancement_1278/frames/real/frame_0000.jpg,81.725104
gs://live-deepfake-methods-real-and-fake-frames-cropped-teams/samples/quality_enhancement_1278/frames/real/frame_0002.jpg,79.150276
gs://live-deepfake-methods-real-and-fake-frames-cropped-teams/samples/quality_enhancement_1278/frames/real/frame_0004.jpg,63.970482
gs://live-deepfake-methods-real-and-fake-frames-cropped-teams/samples/quality_enhancement_1278/frames/real/frame_0006.jpg,78.123124
gs://live-deepfake-methods-real-and-fake-frames-cropped-teams/samples/quality_enhancement_1278/frames/real/frame_0008.jpg,111.770365
gs://live-deepfake-methods-real-and-fake-frames-cropped-teams/samples/quality_enhancement_1278/frames/real/frame_0010.jpg,81.353335
gs://live-deepfake-methods-real-and-fake-frames-cropped-teams/samples/quality_enhancement_1278/frames/real/frame_0012.jpg,77.623597
gs://live-deepfake-methods-real-and-fake-frames-cropped-teams/samples/quality_enhancement_1278/frames/real/frame_0014.jpg,81.245958
gs://live-deepfake-methods-real-and-fake-frames-cropped-teams/samples/quality_enhancement_1358/frames/real/frame_0000.jpg,204.422862
gs://live-deepfake-methods-real-and-fake-frames-cropped-teams/samples/quality_enhancement_1358/frames/real/frame_0002.jpg,179.224229
gs://live-deepfake-methods-real-and-fake-frames-cropped-teams/samples/quality_enhancement_1358/frames/real/frame_0004.jpg,176.983983
gs://live-deepfake-methods-real-and-fake-frames-cropped-teams/samples/quality_enhancement_1358/frames/real/frame_0006.jpg,241.936249
gs://live-deepfake-methods-real-and-fake-frames-cropped-teams/samples/quality_enhancement_1358/frames/real/frame_0008.jpg,203.113798
gs://live-deepfake-methods-real-and-fake-frames-cropped-teams/samples/quality_enhancement_1358/frames/real/frame_0010.jpg,192.530961
gs://live-deepfake-methods-real-and-fake-frames-cropped-teams/samples/quality_enhancement_1358/frames/real/frame_0012.jpg,183.465076
gs://live-deepfake-methods-real-and-fake-frames-cropped-teams/samples/quality_enhancement_1358/frames/real/frame_0014.jpg,165.881412
gs://live-deepfake-methods-real-and-fake-frames-cropped-teams/samples/quality_enhancement_1364/frames/real/frame_0000.jpg,113.743499
gs://live-deepfake-methods-real-and-fake-frames-cropped-teams/samples/quality_enhancement_1364/frames/real/frame_0002.jpg,169.183969
gs://live-deepfake-methods-real-and-fake-frames-cropped-teams/samples/quality_enhancement_1364/frames/real/frame_0004.jpg,125.956081
gs://live-deepfake-methods-real-and-fake-frames-cropped-teams/samples/quality_enhancement_1364/frames/real/frame_0006.jpg,137.948924
gs://live-deepfake-methods-real-and-fake-frames-cropped-teams/samples/quality_enhancement_1364/frames/real/frame_0008.jpg,186.410912
gs://live-deepfake-methods-real-and-fake-frames-cropped-teams/samples/quality_enhancement_1364/frames/real/frame_0010.jpg,163.844424
gs://live-deepfake-methods-real-and-fake-frames-cropped-teams/samples/quality_enhancement_1364/frames/real/frame_0012.jpg,178.507840
gs://live-deepfake-methods-real-and-fake-frames-cropped-teams/samples/quality_enhancement_1364/frames/real/frame_0014.jpg,156.307740
gs://live-deepfake-methods-real-and-fake-frames-cropped-teams/samples/quality_enhancement_1409/frames/real/frame_0000.jpg,112.309153
gs://live-deepfake-methods-real-and-fake-frames-cropped-teams/samples/quality_enhancement_1409/frames/real/frame_0002.jpg,114.103683
gs://live-deepfake-methods-real-and-fake-frames-cropped-teams/samples/quality_enhancement_1409/frames/real/frame_0004.jpg,109.748871
gs://live-deepfake-methods-real-and-fake-frames-cropped-teams/samples/quality_enhancement_1409/frames/real/frame_0006.jpg,97.119658
gs://live-deepfake-methods-real-and-fake-frames-cropped-teams/samples/quality_enhancement_1409/frames/real/frame_0008.jpg,101.674907
gs://live-deepfake-methods-real-and-fake-frames-cropped-teams/samples/quality_enhancement_1409/frames/real/frame_0010.jpg,116.926315
gs://live-deepfake-methods-real-and-fake-frames-cropped-teams/samples/quality_enhancement_1409/frames/real/frame_0012.jpg,123.586176
gs://live-deepfake-methods-real-and-fake-frames-cropped-teams/samples/quality_enhancement_1409/frames/real/frame_0014.jpg,145.475354
gs://live-deepfake-methods-real-and-fake-frames-cropped-teams/samples/quality_enhancement_1496/frames/real/frame_0000.jpg,180.046791
gs://live-deepfake-methods-real-and-fake-frames-cropped-teams/samples/quality_enhancement_1496/frames/real/frame_0002.jpg,187.934692
gs://live-deepfake-methods-real-and-fake-frames-cropped-teams/samples/quality_enhancement_1496/frames/real/frame_0004.jpg,171.735044
gs://live-deepfake-methods-real-and-fake-frames-cropped-teams/samples/quality_enhancement_1496/frames/real/frame_0006.jpg,188.877128
gs://live-deepfake-methods-real-and-fake-frames-cropped-teams/samples/quality_enhancement_1496/frames/real/frame_0008.jpg,182.714095
gs://live-deepfake-methods-real-and-fake-frames-cropped-teams/samples/quality_enhancement_1496/frames/real/frame_0010.jpg,181.079551
gs://live-deepfake-methods-real-and-fake-frames-cropped-teams/samples/quality_enhancement_1496/frames/real/frame_0014.jpg,226.739544
gs://live-deepfake-methods-real-and-fake-frames-cropped-teams/samples/quality_enhancement_1508/frames/real/frame_0008.jpg,208.903352
gs://live-deepfake-methods-real-and-fake-frames-cropped-teams/samples/quality_enhancement_1508/frames/real/frame_0010.jpg,229.201754
gs://live-deepfake-methods-real-and-fake-frames-cropped-teams/samples/quality_enhancement_1588/frames/real/frame_0000.jpg,245.862008
gs://live-deepfake-methods-real-and-fake-frames-cropped-teams/samples/quality_enhancement_1588/frames/real/frame_0002.jpg,108.749112
gs://live-deepfake-methods-real-and-fake-frames-cropped-teams/samples/quality_enhancement_1588/frames/real/frame_0004.jpg,102.704087
gs://live-deepfake-methods-real-and-fake-frames-cropped-teams/samples/quality_enhancement_1588/frames/real/frame_0006.jpg,117.456630
gs://live-deepfake-methods-real-and-fake-frames-cropped-teams/samples/quality_enhancement_1588/frames/real/frame_0008.jpg,102.473220
gs://live-deepfake-methods-real-and-fake-frames-cropped-teams/samples/quality_enhancement_1588/frames/real/frame_0010.jpg,100.793232
gs://live-deepfake-methods-real-and-fake-frames-cropped-teams/samples/quality_enhancement_1588/frames/real/frame_0012.jpg,118.538156
gs://live-deepfake-methods-real-and-fake-frames-cropped-teams/samples/quality_enhancement_1588/frames/real/frame_0014.jpg,223.384331
gs://live-deepfake-methods-real-and-fake-frames-cropped-teams/samples/quality_enhancement_1596/frames/real/frame_0000.jpg,87.648572
gs://live-deepfake-methods-real-and-fake-frames-cropped-teams/samples/quality_enhancement_1596/frames/real/frame_0002.jpg,93.501775
gs://live-deepfake-methods-real-and-fake-frames-cropped-teams/samples/quality_enhancement_1596/frames/real/frame_0004.jpg,85.909622
gs://live-deepfake-methods-real-and-fake-frames-cropped-teams/samples/quality_enhancement_1596/frames/real/frame_0006.jpg,133.434729
gs://live-deepfake-methods-real-and-fake-frames-cropped-teams/samples/quality_enhancement_1596/frames/real/frame_0008.jpg,108.797977
gs://live-deepfake-methods-real-and-fake-frames-cropped-teams/samples/quality_enhancement_1596/frames/real/frame_0010.jpg,109.795439
gs://live-deepfake-methods-real-and-fake-frames-cropped-teams/samples/quality_enhancement_1596/frames/real/frame_0012.jpg,71.037858
gs://live-deepfake-methods-real-and-fake-frames-cropped-teams/samples/quality_enhancement_1596/frames/real/frame_0014.jpg,76.546306
gs://live-deepfake-methods-real-and-fake-frames-cropped-teams/samples/quality_enhancement_1732/frames/real/frame_0012.jpg,249.095215
gs://live-deepfake-methods-real-and-fake-frames-cropped-teams/samples/quality_enhancement_1747/frames/real/frame_0000.jpg,187.652903
gs://live-deepfake-methods-real-and-fake-frames-cropped-teams/samples/quality_enhancement_1747/frames/real/frame_0002.jpg,204.346016
gs://live-deepfake-methods-real-and-fake-frames-cropped-teams/samples/quality_enhancement_1747/frames/real/frame_0004.jpg,208.737499
gs://live-deepfake-methods-real-and-fake-frames-cropped-teams/samples/quality_enhancement_1747/frames/real/frame_0006.jpg,236.200337
gs://live-deepfake-methods-real-and-fake-frames-cropped-teams/samples/quality_enhancement_1877/frames/real/frame_0000.jpg,104.182629
gs://live-deepfake-methods-real-and-fake-frames-cropped-teams/samples/quality_enhancement_1877/frames/real/frame_0002.jpg,95.433796
gs://live-deepfake-methods-real-and-fake-frames-cropped-teams/samples/quality_enhancement_1877/frames/real/frame_0004.jpg,99.405912
gs://live-deepfake-methods-real-and-fake-frames-cropped-teams/samples/quality_enhancement_1877/frames/real/frame_0006.jpg,87.473745
gs://live-deepfake-methods-real-and-fake-frames-cropped-teams/samples/quality_enhancement_1877/frames/real/frame_0008.jpg,98.842269
gs://live-deepfake-methods-real-and-fake-frames-cropped-teams/samples/quality_enhancement_1877/frames/real/frame_0010.jpg,91.022408
gs://live-deepfake-methods-real-and-fake-frames-cropped-teams/samples/quality_enhancement_1877/frames/real/frame_0012.jpg,92.051221
gs://live-deepfake-methods-real-and-fake-frames-cropped-teams/samples/quality_enhancement_1877/frames/real/frame_0014.jpg,104.764012
gs://live-deepfake-methods-real-and-fake-frames-cropped-teams/samples/quality_enhancement_1912/frames/real/frame_0000.jpg,147.654008
gs://live-deepfake-methods-real-and-fake-frames-cropped-teams/samples/quality_enhancement_1912/frames/real/frame_0002.jpg,158.937534
gs://live-deepfake-methods-real-and-fake-frames-cropped-teams/samples/quality_enhancement_1912/frames/real/frame_0004.jpg,84.211249
gs://live-deepfake-methods-real-and-fake-frames-cropped-teams/samples/quality_enhancement_1912/frames/real/frame_0006.jpg,79.936925
gs://live-deepfake-methods-real-and-fake-frames-cropped-teams/samples/quality_enhancement_1912/frames/real/frame_0008.jpg,64.428307
gs://live-deepfake-methods-real-and-fake-frames-cropped-teams/samples/quality_enhancement_1912/frames/real/frame_0010.jpg,65.929525
gs://live-deepfake-methods-real-and-fake-frames-cropped-teams/samples/quality_enhancement_1912/frames/real/frame_0012.jpg,75.943577
gs://live-deepfake-methods-real-and-fake-frames-cropped-teams/samples/quality_enhancement_1912/frames/real/frame_0014.jpg,100.414389
gs://live-deepfake-methods-real-and-fake-frames-cropped-teams/samples/quality_enhancement_1926/frames/real/frame_0000.jpg,110.595300
gs://live-deepfake-methods-real-and-fake-frames-cropped-teams/samples/quality_enhancement_1926/frames/real/frame_0002.jpg,118.938403
