ckpt_key,pair_id,identity_id,source,projection_value
P8A_step5000,0,RD_Radio14,hdtf_visomaster_teams,0.002327722652748437
P8A_step5000,1,RD_Radio27,hdtf_visomaster_teams,-0.007897038132257065
P8A_step5000,2,RD_Radio33,hdtf_visomaster_teams,-0.010070588787595022
P8A_step5000,3,RD_Radio38,hdtf_visomaster_teams,-0.008472707485892138
P8A_step5000,4,RD_Radio51,hdtf_visomaster_teams,-0.01574531123224343
P8A_step5000,5,WDA_BrianSchatz0,hdtf_visomaster_teams,0.015137151471155595
P8A_step5000,6,WDA_JoeDonnelly,hdtf_visomaster_teams,0.005356603574149294
P8A_step5000,7,WRA_DebFischer2,hdtf_visomaster_teams,0.0051254471277659
P8A_step5000,8,WRA_JohnKasich3,hdtf_visomaster_teams,0.002154346171910412
P8A_step5000,9,WRA_MarshaBlackburn0,hdtf_visomaster_teams,0.006673610535313745
P8A_step5000,10,WRA_PeterRoskam0,hdtf_visomaster_teams,-0.010887095105025148
P8A_step5000,11,WRA_ReincePriebus,hdtf_visomaster_teams,-0.0007173241475756085
P8A_step5000,12,RD_Radio45,hdtf_visomaster_teams,0.0023285437825921957
P8A_step5000,13,WDA_CatherineCortezMasto,hdtf_visomaster_teams,-0.0027854860311046434
P8A_step5000,14,WDA_ChrisCoons1,hdtf_visomaster_teams,-0.003115007692524118
P8A_step5000,15,WDA_DebbieDingell1,hdtf_visomaster_teams,-0.012905682970212929
P8A_step5000,16,WDA_EricSwalwell,hdtf_visomaster_teams,-0.0020154116097297683
P8A_step5000,17,WRA_CoryGardner,hdtf_visomaster_teams,-0.000706642050244024
P8A_step5000,18,WRA_DavidVitter,hdtf_visomaster_teams,-0.014072816986232453
P8A_step5000,19,WRA_DianeBlack1,hdtf_visomaster_teams,0.008210777110187596
P8A_step5000,20,WRA_JoeHeck1,hdtf_visomaster_teams,0.003422251276713376
P8A_step5000,21,WRA_RichardShelby,hdtf_visomaster_teams,0.011668830926892054
P8A_step5000,22,WRA_RogerWicker1,hdtf_visomaster_teams,0.004696554870947951
P8A_step5000,23,WDA_JackReed0,hdtf_visomaster_teams,-0.01355297583175022
P8A_step5000,24,WRA_MarcoRubio,hdtf_visomaster_teams,0.003321444680234563
P8A_step5000,25,RD_Radio29,hdtf_visomaster_teams,0.003646839935598019
P8A_step5000,26,RD_Radio36,hdtf_visomaster_teams,-0.004823855688802776
P8A_step5000,27,RD_Radio53,hdtf_visomaster_teams,0.006295415970988609
P8A_step5000,28,WDA_AmyKlobuchar1,hdtf_visomaster_teams,0.019017250900340475
P8A_step5000,29,WDA_BobCasey1,hdtf_visomaster_teams,-0.006144991240649522
P8A_step5000,30,WDA_LucyMcBath,hdtf_visomaster_teams,0.0012715289399510329
P8A_step5000,31,WRA_CoryGardner0,hdtf_visomaster_teams,-0.000965962282115586
P8A_step5000,32,WRA_DebFischer1,hdtf_visomaster_teams,0.0017766818387369735
P8A_step5000,33,WRA_ErikPaulsen,hdtf_visomaster_teams,-0.0027526604033600265
P8A_step5000,34,WRA_RogerWicker2,hdtf_visomaster_teams,-0.007145941699504597
P8A_step5000,35,WDA_StenyHoyer,hdtf_visomaster_teams,0.0028638717461694444
P8A_step5000,36,WDA_ZoeLofgren,hdtf_visomaster_teams,-0.006163572830631599
P8A_step5000,37,WRA_AllenWest,hdtf_visomaster_teams,0.008969446789149692
P8A_step5000,38,WRA_DebFischer0,hdtf_visomaster_teams,-0.009732697953258457
P8A_step5000,39,WRA_JohnBoehner1,hdtf_visomaster_teams,0.007738467085680962
P8A_step5000,40,WRA_JoniErnst1,hdtf_visomaster_teams,0.004929060178610633
P8A_step5000,41,WRA_MarkwayneMullin,hdtf_visomaster_teams,0.004165022800743683
P8A_step5000,42,WDA_TimWalz,hdtf_visomaster_teams,0.005157361578131894
P8A_step5000,43,WRA_JoePitts,hdtf_visomaster_teams,0.012658511001439221
P8A_step5000,44,WRA_RobPortman,hdtf_visomaster_teams,0.0001593009975232451
P8A_step5000,45,WDA_ElijahCummings,hdtf_visomaster_teams,0.008712960500281265
P8A_step5000,46,WDA_VeronicaEscobar0,hdtf_visomaster_teams,-0.011089392603740955
P8A_step5000,47,WRA_JaimeHerreraBeutler0,hdtf_visomaster_teams,0.004218059690694636
P8A_step5000,48,WRA_PaulRyan1,hdtf_visomaster_teams,0.0010117904232311377
P8A_step5000,49,RD_Radio13,hdtf_visomaster_teams,0.0041392343088641256
P8A_step5000,50,WDA_ChuckSchumer1,hdtf_visomaster_teams,-0.003136800179693351
P8A_step5000,51,WDA_JoaquinCastro,hdtf_visomaster_teams,-0.013495117627489799
P8A_step5000,52,WDA_LloydDoggett0,hdtf_visomaster_teams,-0.0009208081897592382
P8A_step5000,53,WDA_PeterDeFazio,hdtf_visomaster_teams,-0.00017072808764426054
P8A_step5000,54,WDA_RichardNeal0,hdtf_visomaster_teams,-0.005348262477683541
P8A_step5000,55,WDA_TammyBaldwin1,hdtf_visomaster_teams,-0.009717900327914612
P8A_step5000,56,WRA_JohnKasich1,hdtf_visomaster_teams,0.005738589096620691
P8A_step5000,57,WRA_PeteHoekstra,hdtf_visomaster_teams,-0.0004575595422872361
P8A_step5000,58,RD_Radio2,hdtf_visomaster_teams,0.001216947309386466
P8A_step5000,59,RD_Radio41,hdtf_visomaster_teams,-0.010531318219071596
P8A_step5000,60,RD_Radio8,hdtf_visomaster_teams,0.006273958843642817
P8A_step5000,61,WDA_AndyKim,hdtf_visomaster_teams,-0.007941662359405754
P8A_step5000,62,WDA_BarbaraLee1,hdtf_visomaster_teams,0.008294854416413606
P8A_step5000,63,WDA_CedricRichmond,hdtf_visomaster_teams,0.0029633106266673884
P8A_step5000,64,WDA_ChrisCoons,hdtf_visomaster_teams,0.00432689835754464
P8A_step5000,65,WDA_ChrisMurphy1,hdtf_visomaster_teams,-0.0013240149339972668
P8A_step5000,66,WDA_DebbieWassermanSchultz,hdtf_visomaster_teams,0.012460287725037315
P8A_step5000,67,WDA_DonaldMcEachin,hdtf_visomaster_teams,0.0029879758503020253
P8A_step5000,68,WDA_DonnaShalala1,hdtf_visomaster_teams,-0.0009358511131476215
P8A_step5000,69,WDA_HillaryClinton,hdtf_visomaster_teams,0.0029775114954244558
P8A_step5000,70,WDA_JoeCrowley0,hdtf_visomaster_teams,-0.004635936800192286
P8A_step5000,71,WDA_JoeManchin,hdtf_visomaster_teams,0.007303260800807042
P8A_step5000,72,WDA_JohnSarbanes1,hdtf_visomaster_teams,-0.006608784817045313
P8A_step5000,73,WDA_KarenBass,hdtf_visomaster_teams,0.005661846908779581
P8A_step5000,74,WDA_LaurenUnderwood,hdtf_visomaster_teams,0.0031631561341407114
P8A_step5000,75,WDA_LisaBluntRochester,hdtf_visomaster_teams,-0.00019614050939943984
P8A_step5000,76,WDA_MichaelBennet,hdtf_visomaster_teams,0.013885305776954822
P8A_step5000,77,WDA_MichelleLujanGrisham,hdtf_visomaster_teams,-0.0025710306096283133
P8A_step5000,78,WDA_NancyPelosi3,hdtf_visomaster_teams,0.0038743438739818558
P8A_step5000,79,WDA_PeterDeFazio,hdtf_visomaster_teams,-0.0028901243745588483
P8A_step5000,80,WDA_ScottPeters1,hdtf_visomaster_teams,-0.010231727249602616
P8A_step5000,81,WDA_SheldonWhitehouse1,hdtf_visomaster_teams,-0.00048110513658805424
P8A_step5000,82,WDA_TammyBaldwin1,hdtf_visomaster_teams,-0.007273659259540463
P8A_step5000,83,WDA_TomUdall,hdtf_visomaster_teams,0.009050933625050637
P8A_step5000,84,WRA_CarlyFiorina0,hdtf_visomaster_teams,-0.0069499742633176015
P8A_step5000,85,WRA_EricCantor,hdtf_visomaster_teams,0.005291895550158035
P8A_step5000,86,WRA_GeorgeLeMieux,hdtf_visomaster_teams,0.003385124930559553
P8A_step5000,87,WRA_JebHensarling0,hdtf_visomaster_teams,-0.005741282887318882
P8A_step5000,88,WRA_JebHensarling2,hdtf_visomaster_teams,-0.0011013623852549025
P8A_step5000,89,WRA_JimRisch,hdtf_visomaster_teams,0.0038493107634224298
P8A_step5000,90,WRA_JohnKasich1,hdtf_visomaster_teams,0.0034389400088359074
P8A_step5000,91,WRA_KayBaileyHutchison,hdtf_visomaster_teams,0.0006175190555212917
P8A_step5000,92,WRA_KevinMcCarthy0,hdtf_visomaster_teams,8.65973327679099e-05
P8A_step5000,93,WRA_LamarAlexander0,hdtf_visomaster_teams,-0.0028190428956718786
P8A_step5000,94,WRA_NanHayworth,hdtf_visomaster_teams,-0.005738526329004473
P8A_step5000,95,WRA_PeteHoekstra,hdtf_visomaster_teams,-0.006106561723700208
P8A_step5000,96,WRA_RogerWicker0,hdtf_visomaster_teams,-0.0037394710508528075
P8A_step5000,97,WRA_SteveDaines0,hdtf_visomaster_teams,-0.0015303882867087905
P8A_step5000,98,WRA_TomPrice,hdtf_visomaster_teams,0.005715040383522801
P8A_step5000,99,RD_Radio35,hdtf_visomaster_teams,-0.0004976010295184303
P8A_step5000,100,RD_Radio57,hdtf_visomaster_teams,0.007480543365138116
P8A_step5000,101,WDA_AdamSmith,hdtf_visomaster_teams,0.008185732634216066
P8A_step5000,102,WDA_BernieSanders,hdtf_visomaster_teams,-0.013472402408791802
P8A_step5000,103,WDA_BillRichardson,hdtf_visomaster_teams,-0.009051298074693334
P8A_step5000,104,WDA_DebbieDingell0,hdtf_visomaster_teams,-0.008770400174337367
P8A_step5000,105,WDA_DianaDeGette1,hdtf_visomaster_teams,-0.008161808143780713
P8A_step5000,106,WDA_JackReed0,hdtf_visomaster_teams,-0.012484149468351271
P8A_step5000,107,WDA_VeronicaEscobar0,hdtf_visomaster_teams,-0.013953777010835021
P8A_step5000,108,WRA_DuncanHunter,hdtf_visomaster_teams,-0.0030266452578862906
P8A_step5000,109,WRA_JohnBarrasso0,hdtf_visomaster_teams,-0.0031252384269518972
P8A_step5000,110,WDA_ChrisCoons1,hdtf_visomaster_teams,-0.0005725080829214859
P8A_step5000,111,WDA_DebbieDingell1,hdtf_visomaster_teams,-0.002878724138296703
P8A_step5000,112,WDA_EricSwalwell,hdtf_visomaster_teams,4.376970453849778e-05
P8A_step5000,113,WDA_HakeemJeffries,hdtf_visomaster_teams,-0.00012255845937994667
P8A_step5000,114,WDA_HenryWaxman,hdtf_visomaster_teams,0.003758713220842927
P8A_step5000,115,WRA_CoryGardner,hdtf_visomaster_teams,0.0019606044988582597
P8A_step5000,116,WRA_RichardShelby,hdtf_visomaster_teams,-0.005904194227674982
P8A_step5000,117,RD_Radio34,hdtf_visomaster_teams,-0.003039381534721305
P8A_step5000,118,RD_Radio39,hdtf_visomaster_teams,-0.0016226636130408983
P8A_step5000,119,RD_Radio51,hdtf_visomaster_teams,-0.002166806034925954
P8A_step5000,120,WDA_DanKildee1,hdtf_visomaster_teams,0.0013199328066588118
P8A_step5000,121,WDA_FrankPallone0,hdtf_visomaster_teams,0.003680268670627724
P8A_step5000,122,WDA_TedDeutch,hdtf_visomaster_teams,-0.00481911144680713
P8A_step5000,123,WDA_TimWalz,hdtf_visomaster_teams,-0.00853643683416543
P8A_step5000,124,WRA_JoePitts,hdtf_visomaster_teams,0.0030196958824213796
P8A_step5000,125,WRA_JohnBoozman,hdtf_visomaster_teams,-0.007449419357271025
P8A_step5000,126,WRA_JohnHoeven,hdtf_visomaster_teams,0.009332431268433776
P8A_step5000,127,WRA_JohnKasich3,hdtf_visomaster_teams,0.001521036456805621
P8A_step5000,128,WRA_MitchDaniels0,hdtf_visomaster_teams,-1.3598858336146165e-05
P8A_step5000,129,WRA_RobPortman,hdtf_visomaster_teams,-0.01119287546980624
P8A_step5000,130,WDA_BobbyScott,hdtf_visomaster_teams,-0.00629993091247619
P8A_step5000,131,WDA_KimSchrier,hdtf_visomaster_teams,0.002686348840975875
P8A_step5000,132,WDA_KirstenGillibrand,hdtf_visomaster_teams,0.008077883359100585
P8A_step5000,133,WDA_RaulRuiz,hdtf_visomaster_teams,0.000565656815473483
P8A_step5000,134,WDA_TinaSmith,hdtf_visomaster_teams,0.006745483597926989
P8A_step5000,135,WRA_CoryGardner0,hdtf_visomaster_teams,-0.0063302755021907185
P8A_step5000,136,WRA_CoryGardner1,hdtf_visomaster_teams,-0.00784630909291485
P8A_step5000,137,WRA_ErikPaulsen,hdtf_visomaster_teams,0.002896677757562608
P8A_step5000,138,WRA_JaimeHerreraBeutler0,hdtf_visomaster_teams,-0.015592086436136863
P8A_step5000,139,WRA_KevinBrady,hdtf_visomaster_teams,-0.0029208207665691686
P8A_step5000,140,WRA_KristiNoem2,hdtf_visomaster_teams,-0.003549139942477431
P8A_step5000,141,RD_Radio48,hdtf_visomaster_teams,-0.0006122508506975937
P8A_step5000,142,RD_Radio9,hdtf_visomaster_teams,-0.001998917208146219
P8A_step5000,143,WDA_ChuckSchumer0,hdtf_visomaster_teams,0.0027560097778573955
P8A_step5000,144,WDA_EdMarkey0,hdtf_visomaster_teams,0.001457431080235313
P8A_step5000,145,WDA_EliotEngel,hdtf_visomaster_teams,0.0008334534342921457
P8A_step5000,146,WDA_FrankPallone1,hdtf_visomaster_teams,-0.006725815231117267
P8A_step5000,147,WDA_GerryConnolly,hdtf_visomaster_teams,-0.0016111261721784174
P8A_step5000,148,WDA_JonTester0,hdtf_visomaster_teams,-0.007511213370317118
P8A_step5000,149,WDA_NancyPelosi0,hdtf_visomaster_teams,-0.0005946752548305397
P8A_step5000,150,WDA_TerriSewell0,hdtf_visomaster_teams,0.0026594458177735016
P8A_step5000,151,WRA_AllenWest,hdtf_visomaster_teams,0.015035671004278578
P8A_step5000,152,WRA_JoniErnst0,hdtf_visomaster_teams,-0.007079839719841649
P8A_step5000,153,WRA_MarshaBlackburn0,hdtf_visomaster_teams,-0.0047120386545938635
P8A_step5000,154,WRA_MittRomney,hdtf_visomaster_teams,-0.0010822063510327817
P8A_step5000,155,RD_Radio33,hdtf_visomaster_teams,-0.009818081402969296
P8A_step5000,156,RD_Radio5,hdtf_visomaster_teams,-0.00924522711367818
P8A_step5000,157,WDA_CarolynMaloney1,hdtf_visomaster_teams,-0.003180761211833461
P8A_step5000,158,WDA_JoeKennedy,hdtf_visomaster_teams,-0.008604907195797987
P8A_step5000,159,WDA_ScottPeters0,hdtf_visomaster_teams,0.0046505152266963015
P8A_step5000,160,WDA_StenyHoyer,hdtf_visomaster_teams,0.005053622030922959
P8A_step5000,161,WDA_ZoeLofgren,hdtf_visomaster_teams,0.005482419398895795
P8A_step5000,162,WRA_DebFischer0,hdtf_visomaster_teams,-0.011617704646395813
P8A_step5000,163,WRA_GregWalden,hdtf_visomaster_teams,-0.005096220748580074
P8A_step5000,164,WRA_GregWalden1,hdtf_visomaster_teams,-0.009737802285792843
P8A_step5000,165,WRA_JoniErnst1,hdtf_visomaster_teams,0.003441140071044861
P8A_step5000,166,WRA_MarkwayneMullin,hdtf_visomaster_teams,0.002537058199423155
P8A_step5000,167,WRA_MichaelSteele,hdtf_visomaster_teams,0.01714282913486381
P8A_step5000,168,WRA_PatRoberts,hdtf_visomaster_teams,0.012661825964800737
P8A_step5000,169,WRA_PeterRoskam0,hdtf_visomaster_teams,-0.00514200724241688
P8A_step5000,170,RD_Radio14,hdtf_visomaster_teams,-0.002706708981040526
P8A_step5000,171,RD_Radio27,hdtf_visomaster_teams,-0.004286833900333831
P8A_step5000,172,RD_Radio36,hdtf_visomaster_teams,-0.006478281705415735
P8A_step5000,173,RD_Radio49,hdtf_visomaster_teams,-0.0028077723870304997
P8A_step5000,174,RD_Radio53,hdtf_visomaster_teams,0.008591793266698691
P8A_step5000,175,WDA_JoeDonnelly,hdtf_visomaster_teams,0.0063669677425556475
P8A_step5000,176,WDA_MazieHirono0,hdtf_visomaster_teams,-0.008377597500262932
P8A_step5000,177,WDA_MikeThompson0,hdtf_visomaster_teams,0.0025453677820990884
P8A_step5000,178,WDA_RichardNeal1,hdtf_visomaster_teams,-0.0075066020623321215
P8A_step5000,179,WRA_JebHensarling1,hdtf_visomaster_teams,-0.002586540770084288
P8A_step5000,180,WRA_JohnBarrasso1,hdtf_visomaster_teams,-0.011120684334373365
P8A_step5000,181,WRA_MikeEnzi,hdtf_visomaster_teams,-0.006947369028279037
P8A_step5000,182,WRA_RogerWicker2,hdtf_visomaster_teams,-0.000843899788546129
P8A_step5000,183,WRA_ShelleyMooreCapito1,hdtf_visomaster_teams,0.00455624505295783
P8A_step5000,184,RD_Radio16,hdtf_visomaster_teams,0.006643609499271747
P8A_step5000,185,RD_Radio17,hdtf_visomaster_teams,9.538969107303168e-05
P8A_step5000,186,RD_Radio31,hdtf_visomaster_teams,-0.001916776823200596
P8A_step5000,187,RD_Radio37,hdtf_visomaster_teams,-0.0016768820742566427
P8A_step5000,188,RD_Radio41,hdtf_visomaster_teams,-0.004640999387806344
P8A_step5000,189,RD_Radio45,hdtf_visomaster_teams,-0.003343292473933279
P8A_step5000,190,RD_Radio49,hdtf_visomaster_teams,-0.0011911459653659306
P8A_step5000,191,WDA_AlexandriaOcasioCortez,hdtf_visomaster_teams,0.005293588766170022
P8A_step5000,192,WDA_BarbaraLee0,hdtf_visomaster_teams,-0.004038886484650031
P8A_step5000,193,WDA_BenRayLujn,hdtf_visomaster_teams,0.015680739941958427
P8A_step5000,194,WDA_BrendaLawrence,hdtf_visomaster_teams,0.008405462379536374
P8A_step5000,195,WDA_CatherineCortezMasto,hdtf_visomaster_teams,0.012283867916764772
P8A_step5000,196,WDA_DebHaaland,hdtf_visomaster_teams,-0.005085735341019016
P8A_step5000,197,WDA_DebbieStabenow0,hdtf_visomaster_teams,-0.006744911268773089
P8A_step5000,198,WDA_JamesClyburn,hdtf_visomaster_teams,0.002366388611333072
P8A_step5000,199,WDA_JanSchakowsky0,hdtf_visomaster_teams,-0.014536645931924202
P8A_step5000,200,WDA_JoeCrowley0,hdtf_visomaster_teams,0.0005986607443886622
P8A_step5000,201,WDA_KarenBass,hdtf_visomaster_teams,-0.006426088313687304
P8A_step5000,202,WDA_KathyCastor1,hdtf_visomaster_teams,-0.0040583484525927565
P8A_step5000,203,WDA_LaurenUnderwood,hdtf_visomaster_teams,-0.002402206790661683
P8A_step5000,204,WDA_MazieHirono0,hdtf_visomaster_teams,-0.007860841897014
P8A_step5000,205,WDA_NancyPelosi1,hdtf_visomaster_teams,0.012051813358664466
P8A_step5000,206,WDA_PatrickLeahy1,hdtf_visomaster_teams,-0.0044383452815604
P8A_step5000,207,WDA_RichardBlumenthal,hdtf_visomaster_teams,0.012449902071930474
P8A_step5000,208,WDA_RichardNeal1,hdtf_visomaster_teams,-0.008714226966311047
P8A_step5000,209,WDA_SuzanDelBene,hdtf_visomaster_teams,0.0023618118064324778
P8A_step5000,210,WDA_TedLieu,hdtf_visomaster_teams,-0.0005064481707088529
P8A_step5000,211,WDA_WhipJimClyburn,hdtf_visomaster_teams,-0.0006925110932576512
P8A_step5000,212,WRA_AdamKinzinger1,hdtf_visomaster_teams,-0.004920348498059164
P8A_step5000,213,WRA_AustinScott0,hdtf_visomaster_teams,0.0006636856479631638
P8A_step5000,214,WRA_CandiceMiller0,hdtf_visomaster_teams,-0.005496590247232157
P8A_step5000,215,WRA_CathyMcMorrisRodgers2,hdtf_visomaster_teams,0.0002934433267011761
P8A_step5000,216,WRA_DianeBlack1,hdtf_visomaster_teams,0.0077092990338919806
P8A_step5000,217,WRA_EricCantor,hdtf_visomaster_teams,-0.0014769154404091255
P8A_step5000,218,WRA_GeorgeLeMieux,hdtf_visomaster_teams,-0.001703706659951011
P8A_step5000,219,WRA_JebHensarling1,hdtf_visomaster_teams,-0.005322326290240643
P8A_step5000,220,WRA_JeffFlake,hdtf_visomaster_teams,0.0031143417910758486
P8A_step5000,221,WRA_JimRisch,hdtf_visomaster_teams,-0.003933531922488359
P8A_step5000,222,WRA_KristiNoem1,hdtf_visomaster_teams,0.001151202339601607
P8A_step5000,223,WRA_ShelleyMooreCapito0,hdtf_visomaster_teams,-0.0025177022150883036
P8A_step5000,224,WRA_VickyHartzler,hdtf_visomaster_teams,-0.010476780600511708
P8A_step5000,225,RD_Radio51,hdtf_visomaster_teams,-0.014541797565315474
P8A_step5000,226,WDA_AndyKim,hdtf_visomaster_teams,-0.005094945494104118
P8A_step5000,227,WDA_DickDurbin,hdtf_visomaster_teams,-0.003963093615975358
P8A_step5000,228,WDA_LisaBluntRochester,hdtf_visomaster_teams,-0.007087031392820596
P8A_step5000,229,WDA_MaggieHassan,hdtf_visomaster_teams,0.0004152196171212088
P8A_step5000,230,WDA_MichaelBennet,hdtf_visomaster_teams,0.0037465588349672083
P8A_step5000,231,WDA_PattyMurray0,hdtf_visomaster_teams,0.008992310861422732
P8A_step5000,232,WDA_SeanCasten,hdtf_visomaster_teams,0.0034065911050965084
P8A_step5000,233,WDA_TammyDuckworth,hdtf_visomaster_teams,-0.007182355927008973
P8A_step5000,234,WDA_TedDeutch,hdtf_visomaster_teams,-0.010563491689238681
P8A_step5000,235,WRA_JohnKasich3,hdtf_visomaster_teams,0.0018881013671394435
P8A_step5000,236,WRA_KayBaileyHutchison,hdtf_visomaster_teams,-0.013662311690679368
P8A_step5000,237,WRA_MitchDaniels0,hdtf_visomaster_teams,0.010437292405726693
P8A_step5000,238,WRA_TimScott,hdtf_visomaster_teams,-0.011073161384889067
P8A_step5000,239,RD_Radio12,hdtf_visomaster_teams,-0.00039652460661777607
P8A_step5000,240,RD_Radio59,hdtf_visomaster_teams,-0.0007437772378950785
P8A_step5000,241,RD_Radio8,hdtf_visomaster_teams,-0.004709123540170447
P8A_step5000,242,WDA_AmyKlobuchar0,hdtf_visomaster_teams,0.01487769873788301
P8A_step5000,243,WDA_AndyLevin,hdtf_visomaster_teams,-0.004638253688103649
P8A_step5000,244,WDA_CedricRichmond,hdtf_visomaster_teams,0.010308861745338476
P8A_step5000,245,WDA_ChrisMurphy1,hdtf_visomaster_teams,-0.0009951055072517927
P8A_step5000,246,WDA_PeterDeFazio,hdtf_visomaster_teams,-0.005531438548225056
P8A_step5000,247,WDA_TammyBaldwin1,hdtf_visomaster_teams,-0.0017113002760772668
P8A_step5000,248,WRA_JohnKasich1,hdtf_visomaster_teams,0.005571224011323925
P8A_step5000,249,WRA_PeteHoekstra,hdtf_visomaster_teams,0.0004249543850934665
P8A_step5000,250,WRA_TomCotton,hdtf_visomaster_teams,0.00721996560322061
P8A_step5000,251,WDA_BarbaraLee1,hdtf_visomaster_teams,0.00378807425936577
P8A_step5000,252,WDA_DavidCicilline,hdtf_visomaster_teams,-0.014552827316664687
P8A_step5000,253,WDA_DebbieDingell1,hdtf_visomaster_teams,-0.0062686916523544125
P8A_step5000,254,WDA_DebbieWassermanSchultz,hdtf_visomaster_teams,0.0037023489100003132
P8A_step5000,255,WDA_EricSwalwell,hdtf_visomaster_teams,0.0034753335197430777
P8A_step5000,256,WDA_JohnSarbanes1,hdtf_visomaster_teams,0.00038061252007872814
P8A_step5000,257,WRA_CarlyFiorina0,hdtf_visomaster_teams,-0.012731515937386285
P8A_step5000,258,WRA_JebHensarling2,hdtf_visomaster_teams,-0.007107102328656585
P8A_step5000,259,WRA_JoeHeck1,hdtf_visomaster_teams,-0.00025562677906018096
P8A_step5000,260,WRA_LamarAlexander0,hdtf_visomaster_teams,0.006191750568445524
P8A_step5000,261,WRA_NanHayworth,hdtf_visomaster_teams,-0.006434676664358138
P8A_step5000,262,WRA_RichardShelby,hdtf_visomaster_teams,-0.0023316547068122718
P8A_step5000,263,RD_Radio33,hdtf_visomaster_teams,-0.003482503263407145
P8A_step5000,264,RD_Radio36,hdtf_visomaster_teams,-0.006568844796935097
P8A_step5000,265,RD_Radio53,hdtf_visomaster_teams,0.004836153711092501
P8A_step5000,266,WDA_DebbieStabenow1,hdtf_visomaster_teams,0.0014314025185986497
P8A_step5000,267,WDA_JonTester1,hdtf_visomaster_teams,-0.004299544256247146
P8A_step5000,268,WDA_KatieHill,hdtf_visomaster_teams,-0.0007903280585404241
P8A_step5000,269,WDA_MikeThompson0,hdtf_visomaster_teams,0.0003145547023799659
P8A_step5000,270,WDA_ScottPeters0,hdtf_visomaster_teams,-0.004892592370381206
P8A_step5000,271,WRA_GregWalden,hdtf_visomaster_teams,0.001017799695012203
P8A_step5000,272,WRA_JebHensarling0,hdtf_visomaster_teams,-0.003945375239846538
P8A_step5000,273,WRA_MikeEnzi,hdtf_visomaster_teams,-0.004681349177904635
P8A_step5000,274,WRA_PatRoberts,hdtf_visomaster_teams,0.008519617510828487
P8A_step5000,275,WRA_PeterRoskam0,hdtf_visomaster_teams,-0.017305305635894414
P8A_step5000,276,RD_Radio29,hdtf_visomaster_teams,0.0063468727782172284
P8A_step5000,277,RD_Radio57,hdtf_visomaster_teams,0.013386209592172363
P8A_step5000,278,WDA_BernieSanders,hdtf_visomaster_teams,-0.003298643271859554
P8A_step5000,279,WDA_BillRichardson,hdtf_visomaster_teams,-0.009158308425265257
P8A_step5000,280,WDA_JoeKennedy,hdtf_visomaster_teams,0.0035959252599618305
P8A_step5000,281,WDA_KirstenGillibrand,hdtf_visomaster_teams,-0.002743935231074679
P8A_step5000,282,WDA_LucyMcBath,hdtf_visomaster_teams,-0.0005346802677694803
P8A_step5000,283,WDA_StenyHoyer,hdtf_visomaster_teams,-0.002823241869105649
P8A_step5000,284,WDA_ZoeLofgren,hdtf_visomaster_teams,-0.0053645458101321975
P8A_step5000,286,WRA_DebFischer0,hdtf_visomaster_teams,-0.009373204078803906
P8A_step5000,287,WRA_ErikPaulsen,hdtf_visomaster_teams,-0.0018114322613623146
P8A_step5000,288,WRA_JoniErnst1,hdtf_visomaster_teams,-0.0010340375079389164
P8A_step5000,289,WRA_KevinBrady,hdtf_visomaster_teams,0.0023995636244404156
P8A_step5000,290,RD_Radio26,hdtf_visomaster_teams,-0.0015021700623283393
P8A_step5000,291,RD_Radio9,hdtf_visomaster_teams,6.247831278822277e-05
P8A_step5000,292,WDA_DonaldMcEachin,hdtf_visomaster_teams,0.023578852605776364
P8A_step5000,293,WDA_DonnaShalala1,hdtf_visomaster_teams,-0.011632394538936242
P8A_step5000,294,WDA_EdMarkey0,hdtf_visomaster_teams,-0.005211379699724149
P8A_step5000,295,WDA_GerryConnolly,hdtf_visomaster_teams,-0.008737150385833361
P8A_step5000,296,WDA_MichelleObama,hdtf_visomaster_teams,0.015580666756041504
P8A_step5000,297,WRA_AllenWest,hdtf_visomaster_teams,0.017532428782894797
P8A_step5000,298,WRA_DanSullivan,hdtf_visomaster_teams,-0.008984695198489157
P8A_step5000,299,RD_Radio48,hdtf_visomaster_teams,-0.0014976454991192998
P8A_step5000,300,WDA_EliotEngel,hdtf_visomaster_teams,-0.0033631243968321343
P8A_step5000,301,WDA_FrankPallone1,hdtf_visomaster_teams,-0.0070538530013264985
P8A_step5000,302,WDA_NancyPelosi0,hdtf_visomaster_teams,-0.005689507040005751
P8A_step5000,303,WDA_TerriSewell0,hdtf_visomaster_teams,0.001612396989548283
P8A_step5000,304,WRA_CarlyFiorina,hdtf_visomaster_teams,-0.011693399963226162
P8A_step5000,305,WRA_CoryGardner,hdtf_visomaster_teams,-0.012651955692245613
P8A_step5000,306,WRA_DavidVitter,hdtf_visomaster_teams,-0.022502033122460224
P8A_step5000,307,WRA_JoniErnst0,hdtf_visomaster_teams,-0.004935959790288257
P8A_step5000,308,WRA_MarshaBlackburn0,hdtf_visomaster_teams,-0.009230791460473491
P8A_step5000,309,RD_Radio1,hdtf_visomaster_teams,-0.006191524421525638
P8A_step5000,310,RD_Radio11,hdtf_visomaster_teams,0.0024739870821398544
P8A_step5000,311,RD_Radio22,hdtf_visomaster_teams,-0.0033780553687589475
P8A_step5000,312,RD_Radio37,hdtf_visomaster_teams,-0.0012462934280489397
P8A_step5000,313,RD_Radio4,hdtf_visomaster_teams,-0.028808003602924556
P8A_step5000,314,RD_Radio41,hdtf_visomaster_teams,-0.01066135596333026
P8A_step5000,315,RD_Radio42,hdtf_visomaster_teams,-0.009582509287652988
P8A_step5000,316,RD_Radio43,hdtf_visomaster_teams,-0.01342528510416497
P8A_step5000,317,RD_Radio50,hdtf_visomaster_teams,-0.0007665483442278872
P8A_step5000,318,RD_Radio57,hdtf_visomaster_teams,0.005250005671151778
P8A_step5000,319,RD_Radio7,hdtf_visomaster_teams,-0.0029793539224577986
P8A_step5000,320,WDA_AnnieKuster,hdtf_visomaster_teams,0.003541193585424432
P8A_step5000,321,WDA_BernieSanders,hdtf_visomaster_teams,-0.0004456184044417972
P8A_step5000,322,WDA_BettyMcCollum,hdtf_visomaster_teams,-0.0057540987458394146
P8A_step5000,323,WDA_BillRichardson,hdtf_visomaster_teams,-0.0030161270503657107
P8A_step5000,324,WDA_BobMenendez,hdtf_visomaster_teams,0.00932548451972718
P8A_step5000,325,WDA_BradSchneider,hdtf_visomaster_teams,0.0029010010986431508
P8A_step5000,326,WDA_BrendaLawrence,hdtf_visomaster_teams,0.012719707451168436
P8A_step5000,327,WDA_BrianSchatz2,hdtf_visomaster_teams,-0.010274229462733932
P8A_step5000,328,WDA_ByronDorgan1,hdtf_visomaster_teams,0.005975599926312409
P8A_step5000,329,WDA_DianaDeGette0,hdtf_visomaster_teams,-0.007012498905938131
P8A_step5000,330,WDA_JoeNeguse,hdtf_visomaster_teams,0.0008540803458411748
P8A_step5000,331,WDA_KarenBass,hdtf_visomaster_teams,-0.015095045847603478
P8A_step5000,332,WDA_LaurenUnderwood,hdtf_visomaster_teams,0.0019299992906852297
P8A_step5000,333,WDA_LloydDoggett1,hdtf_visomaster_teams,0.00015841001602054415
P8A_step5000,334,WDA_MartinHeinrich,hdtf_visomaster_teams,-0.002300495506580737
P8A_step5000,335,WDA_SheldonWhitehouse0,hdtf_visomaster_teams,-0.0011682739143757943
P8A_step5000,336,WDA_SherrodBrown1,hdtf_visomaster_teams,-0.009261054710668891
P8A_step5000,337,WDA_TomPerez,hdtf_visomaster_teams,0.0011624671959509988
P8A_step5000,338,WRA_CoryGardner0,hdtf_visomaster_teams,0.0007529686505228012
P8A_step5000,339,WRA_DanNewhouse,hdtf_visomaster_teams,-0.009393813509154258
P8A_step5000,340,WRA_JohnBarrasso0,hdtf_visomaster_teams,-0.007274639944066887
P8A_step5000,341,WRA_JohnThune,hdtf_visomaster_teams,-0.0034902914044681464
P8A_step5000,342,WRA_MikeJohanns1,hdtf_visomaster_teams,0.00814964415077182
P8A_step5000,343,WRA_MitchDaniels1,hdtf_visomaster_teams,0.002033970617413651
P8A_step5000,344,WRA_RoyBlunt,hdtf_visomaster_teams,0.00284140534791993
P8A_step5000,345,WRA_SamBrownback,hdtf_visomaster_teams,-0.0036904690875199575
P8A_step5000,346,WRA_SaxbyChambliss,hdtf_visomaster_teams,0.0060490734133685315
P8A_step5000,347,RD_Radio49,hdtf_visomaster_teams,-0.016407382049219814
P8A_step5000,348,WDA_MazieHirono0,hdtf_visomaster_teams,-0.015419921570687426
P8A_step5000,349,WDA_PatrickLeahy1,hdtf_visomaster_teams,-0.012030286130173352
P8A_step5000,350,WDA_PeterDeFazio,hdtf_visomaster_teams,-0.012535713474157358
P8A_step5000,351,WDA_RichardNeal1,hdtf_visomaster_teams,-0.005218033558448954
P8A_step5000,352,WDA_TammyBaldwin1,hdtf_visomaster_teams,-0.012640441932166891
P8A_step5000,353,WRA_AustinScott0,hdtf_visomaster_teams,0.010624580606625935
P8A_step5000,354,WRA_JebHensarling0,hdtf_visomaster_teams,0.00023779585645097889
P8A_step5000,355,WRA_JebHensarling1,hdtf_visomaster_teams,0.0018845672738906833
P8A_step5000,356,WRA_JohnKasich1,hdtf_visomaster_teams,0.002471054165829035
P8A_step5000,357,WRA_KevinMcCarthy0,hdtf_visomaster_teams,-0.009459074558665514
P8A_step5000,358,WRA_PeteHoekstra,hdtf_visomaster_teams,-0.004276571134968526
P8A_step5000,359,WRA_VickyHartzler,hdtf_visomaster_teams,0.005802944092801795
P8A_step5000,360,RD_Radio16,hdtf_visomaster_teams,0.0015781887428321937
P8A_step5000,361,RD_Radio48,hdtf_visomaster_teams,-0.0026882722768735894
P8A_step5000,362,RD_Radio51,hdtf_visomaster_teams,-0.0035010070351069924
P8A_step5000,363,WDA_BarbaraLee0,hdtf_visomaster_teams,-0.005394238410260069
P8A_step5000,364,WDA_BenRayLujn,hdtf_visomaster_teams,0.015952861053401716
P8A_step5000,365,WDA_ChuckSchumer0,hdtf_visomaster_teams,0.007625358864148132
P8A_step5000,366,WDA_TammyDuckworth,hdtf_visomaster_teams,-0.0031544326301257176
P8A_step5000,367,WDA_TedDeutch,hdtf_visomaster_teams,-0.010069469167110998
P8A_step5000,368,WDA_TerriSewell0,hdtf_visomaster_teams,0.0030915310864569247
P8A_step5000,369,WRA_AdamKinzinger1,hdtf_visomaster_teams,7.867467935152766e-05
P8A_step5000,370,WRA_JohnKasich3,hdtf_visomaster_teams,0.0017702269064196084
P8A_step5000,371,WRA_JoniErnst0,hdtf_visomaster_teams,-0.006694784235578975
P8A_step5000,372,WRA_KayBaileyHutchison,hdtf_visomaster_teams,-0.0027441392311793626
P8A_step5000,373,WRA_MitchDaniels0,hdtf_visomaster_teams,0.001733403439466891
P8A_step5000,374,RD_Radio33,hdtf_visomaster_teams,-0.0033173996931795823
P8A_step5000,375,WDA_BobCasey0,hdtf_visomaster_teams,-0.00013121471226258165
P8A_step5000,376,WDA_DebbieStabenow0,hdtf_visomaster_teams,0.0036991237714444985
P8A_step5000,377,WDA_JanSchakowsky0,hdtf_visomaster_teams,-0.0009849311811439255
P8A_step5000,378,WDA_JoeManchin,hdtf_visomaster_teams,0.009528894602817924
P8A_step5000,379,WDA_ScottPeters0,hdtf_visomaster_teams,0.00407565482909102
P8A_step5000,380,WDA_SheldonWhitehouse1,hdtf_visomaster_teams,-0.004340757179992334
P8A_step5000,381,WDA_WhipJimClyburn,hdtf_visomaster_teams,0.0008992101418002954
P8A_step5000,382,WRA_GregWalden,hdtf_visomaster_teams,-0.006007608287756616
P8A_step5000,383,WRA_PatRoberts,hdtf_visomaster_teams,0.012671236368735198
P8A_step5000,384,WRA_PeterRoskam0,hdtf_visomaster_teams,0.004986880337571994
P8A_step5000,385,WRA_SteveDaines0,hdtf_visomaster_teams,-0.0006961083503475903
P8A_step5000,386,RD_Radio31,hdtf_visomaster_teams,-0.0009303771653048022
P8A_step5000,387,RD_Radio59,hdtf_visomaster_teams,0.007819447692108926
P8A_step5000,388,RD_Radio8,hdtf_visomaster_teams,0.006907432328600435
P8A_step5000,389,WDA_BarbaraLee1,hdtf_visomaster_teams,0.011996631296545279
P8A_step5000,390,WDA_CedricRichmond,hdtf_visomaster_teams,0.0024137961013705137
P8A_step5000,391,WDA_ChrisCoons,hdtf_visomaster_teams,0.00021262374764253935
P8A_step5000,392,WDA_ChrisMurphy1,hdtf_visomaster_teams,0.0019864224309132598
P8A_step5000,393,WDA_ElijahCummings,hdtf_visomaster_teams,-0.0017629071211039714
P8A_step5000,394,WDA_RichardBlumenthal,hdtf_visomaster_teams,-0.0022712085381624363
P8A_step5000,395,WDA_ScottPeters1,hdtf_visomaster_teams,-0.012383088448323039
P8A_step5000,396,WDA_TomUdall,hdtf_visomaster_teams,-0.003834371142217158
P8A_step5000,397,WRA_CandiceMiller0,hdtf_visomaster_teams,-0.002336796946480993
P8A_step5000,398,WRA_NanHayworth,hdtf_visomaster_teams,-0.005457458100339865
P8A_step5000,399,WDA_AmyKlobuchar1,hdtf_visomaster_teams,0.004399021203531777
P8A_step5000,400,WDA_BobCasey1,hdtf_visomaster_teams,-0.0022708829278514737
P8A_step5000,401,WDA_DebbieWassermanSchultz,hdtf_visomaster_teams,0.010742130297758922
P8A_step5000,402,WDA_JonTester1,hdtf_visomaster_teams,-0.006682449324250514
P8A_step5000,403,WDA_KatieHill,hdtf_visomaster_teams,0.003638249206438485
P8A_step5000,404,WDA_MarkWarner2,hdtf_visomaster_teams,-0.0028440953722598853
P8A_step5000,405,WRA_AnnMarieBuerkle,hdtf_visomaster_teams,-0.001584679259046511
P8A_step5000,406,WRA_AnnWagner,hdtf_visomaster_teams,-0.007653334379725532
P8A_step5000,407,WRA_CarlyFiorina0,hdtf_visomaster_teams,-0.0011165939937722198
P8A_step5000,408,WRA_DebFischer1,hdtf_visomaster_teams,0.00466595842443082
P8A_step5000,409,WRA_JebHensarling2,hdtf_visomaster_teams,-0.0023730163866401933
P8A_step5000,410,WRA_LamarAlexander0,hdtf_visomaster_teams,-0.0030807871367244883
P8A_step5000,411,RD_Radio14,hdtf_visomaster_teams,-0.0003791339589800322
P8A_step5000,412,RD_Radio27,hdtf_visomaster_teams,-0.005602351002516749
P8A_step5000,413,RD_Radio38,hdtf_visomaster_teams,-0.011967754695654968
P8A_step5000,414,WDA_BrianSchatz0,hdtf_visomaster_teams,0.004974588321352364
P8A_step5000,415,WDA_EliotEngel,hdtf_visomaster_teams,-0.00906998271433316
P8A_step5000,416,WDA_JoeDonnelly,hdtf_visomaster_teams,0.005443544570601107
P8A_step5000,417,WDA_KimSchrier,hdtf_visomaster_teams,-0.004055466659379201
P8A_step5000,418,WDA_NancyPelosi0,hdtf_visomaster_teams,0.002637895408212622
P8A_step5000,419,WDA_TinaSmith,hdtf_visomaster_teams,-0.002173056782919707
P8A_step5000,420,WRA_CoryGardner1,hdtf_visomaster_teams,-0.005019926345019375
P8A_step5000,421,WRA_JohnBarrasso1,hdtf_visomaster_teams,-0.004567404550698699
P8A_step5000,422,WRA_MarshaBlackburn0,hdtf_visomaster_teams,0.010206878873026888
P8A_step5000,423,WRA_ReincePriebus,hdtf_visomaster_teams,-0.0023612012915504017
P8A_step5000,424,RD_Radio17,hdtf_visomaster_teams,-0.008637793235020187
P8A_step5000,425,RD_Radio2,hdtf_visomaster_teams,0.00402629326454876
P8A_step5000,426,RD_Radio47,hdtf_visomaster_teams,-0.007227492050643838
P8A_step5000,427,RD_Radio5,hdtf_visomaster_teams,-0.009465584563455113
P8A_step5000,428,WDA_DonnaShalala1,hdtf_visomaster_teams,-0.0024267206458813604
P8A_step5000,429,WDA_HillaryClinton,hdtf_visomaster_teams,0.0003826089348634592
P8A_step5000,430,WDA_LucilleRoybal-Allard,hdtf_visomaster_teams,-0.012643449451358616
P8A_step5000,431,WRA_KevinBrady2,hdtf_visomaster_teams,0.00046472084406901613
P8A_step5000,432,WRA_MarkwayneMullin,hdtf_visomaster_teams,-0.00040509143695037844
P8A_step5000,433,WRA_MichaelSteele,hdtf_visomaster_teams,0.0028717693485347112
P8A_step5000,434,WRA_PeterRoskam1,hdtf_visomaster_teams,0.005225792015863844
P8A_step5000,435,WRA_TomPrice,hdtf_visomaster_teams,-0.0013702925148978524
P8A_step5000,436,RD_Radio12,hdtf_visomaster_teams,0.007548701354184742
P8A_step5000,437,RD_Radio3,hdtf_visomaster_teams,-0.012613813417544643
P8A_step5000,438,RD_Radio32,hdtf_visomaster_teams,-0.0049468918243620146
P8A_step5000,439,RD_Radio40,hdtf_visomaster_teams,-0.009793853876559839
P8A_step5000,440,RD_Radio41,hdtf_visomaster_teams,-0.0057784907710032645
P8A_step5000,441,RD_Radio54,hdtf_visomaster_teams,0.004034142796942305
P8A_step5000,442,WDA_AmyKlobuchar0,hdtf_visomaster_teams,0.009653206283340689
P8A_step5000,443,WDA_BarackObama,hdtf_visomaster_teams,0.001401560235209185
P8A_step5000,444,WDA_BrendaLawrence,hdtf_visomaster_teams,-0.006704314238008588
P8A_step5000,445,WDA_ChrisVanHollen0,hdtf_visomaster_teams,-0.004252765326753949
P8A_step5000,446,WDA_DebbieDingell0,hdtf_visomaster_teams,0.0037755724038698755
P8A_step5000,447,WDA_DougJones,hdtf_visomaster_teams,0.0012270145908052973
P8A_step5000,448,WDA_EdMarkey1,hdtf_visomaster_teams,-0.0001008769227719454
P8A_step5000,449,WDA_EmanuelCleaver,hdtf_visomaster_teams,-0.010602724358423556
P8A_step5000,450,WDA_JackReed1,hdtf_visomaster_teams,-0.0012033219953553928
P8A_step5000,451,WDA_JackyRosen1,hdtf_visomaster_teams,-0.009344312423118218
P8A_step5000,452,WDA_JanSchakowsky1,hdtf_visomaster_teams,0.00162314660233824
P8A_step5000,453,WDA_JeanneShaheen1,hdtf_visomaster_teams,-0.0026961980656710263
P8A_step5000,454,WDA_JohnSarbanes0,hdtf_visomaster_teams,-0.01061095074740663
P8A_step5000,455,WDA_JohnYarmuth1,hdtf_visomaster_teams,0.002974109765712981
P8A_step5000,456,WDA_LloydDoggett1,hdtf_visomaster_teams,0.001871831480113759
P8A_step5000,457,WDA_MarciaFudge,hdtf_visomaster_teams,-0.0023295694127223876
P8A_step5000,458,WDA_MikeDoyle,hdtf_visomaster_teams,-0.010355814588665309
P8A_step5000,459,WDA_RonWyden0,hdtf_visomaster_teams,-0.008524898383805152
P8A_step5000,460,WDA_TerriSewell,hdtf_visomaster_teams,0.002993517414222069
P8A_step5000,461,WDA_VeronicaEscobar1,hdtf_visomaster_teams,-0.008122328561317773
P8A_step5000,462,WRA_BobCorker,hdtf_visomaster_teams,-0.0007962044139011326
P8A_step5000,463,WRA_BobGoodlatte0,hdtf_visomaster_teams,-0.0009131662217403956
P8A_step5000,464,WRA_BobbySchilling,hdtf_visomaster_teams,0.00818511536035542
P8A_step5000,465,WRA_CathyMcMorrisRodgers0,hdtf_visomaster_teams,0.02565522244796044
P8A_step5000,466,WRA_EricCantor,hdtf_visomaster_teams,0.0005492663307057194
P8A_step5000,467,WRA_FredUpton,hdtf_visomaster_teams,-0.004480804512853614
P8A_step5000,468,WRA_JimInhofe,hdtf_visomaster_teams,0.004018097559621401
P8A_step5000,469,WRA_JohnBoehner1,hdtf_visomaster_teams,0.001854679123580626
P8A_step5000,470,WRA_JonKyl,hdtf_visomaster_teams,-0.006475185857346737
P8A_step5000,471,WRA_JuddGregg,hdtf_visomaster_teams,-0.011741815723484851
P8A_step5000,472,WRA_KellyAyotte,hdtf_visomaster_teams,-0.017559909215310268
P8A_step5000,473,WRA_LynnJenkins,hdtf_visomaster_teams,-0.01089349177472453
P8A_step5000,474,WRA_RoyBlunt,hdtf_visomaster_teams,-0.0018550896204637928
P8A_step5000,475,WRA_ShelleyMooreCapito0,hdtf_visomaster_teams,-0.00039169147805107854
P8A_step5000,476,WRA_TomCotton,hdtf_visomaster_teams,0.0017288994462770373
P8A_step5000,477,RD_Radio11,hdtf_visomaster_teams,-0.004329979498247039
P8A_step5000,478,RD_Radio17,hdtf_visomaster_teams,0.005240645665784395
P8A_step5000,479,RD_Radio22,hdtf_visomaster_teams,-0.00015882633827740298
P8A_step5000,480,RD_Radio47,hdtf_visomaster_teams,0.011131642027027166
P8A_step5000,481,WDA_AnnieKuster,hdtf_visomaster_teams,0.011797686183701455
P8A_step5000,482,WDA_DebHaaland,hdtf_visomaster_teams,0.011705907529289232
P8A_step5000,483,WDA_LucilleRoybal-Allard,hdtf_visomaster_teams,-0.0010168817346481607
P8A_step5000,484,WDA_SuzanDelBene,hdtf_visomaster_teams,-0.004521000970957239
P8A_step5000,485,WDA_TomPerez,hdtf_visomaster_teams,-0.005818315605121119
P8A_step5000,486,WRA_CathyMcMorrisRodgers2,hdtf_visomaster_teams,-0.007720835961247905
P8A_step5000,487,WRA_JeffFlake,hdtf_visomaster_teams,0.014538659567836839
P8A_step5000,488,WRA_KevinBrady2,hdtf_visomaster_teams,0.009479485129555223
P8A_step5000,489,WRA_PeterRoskam1,hdtf_visomaster_teams,0.005801763280525414
P8A_step5000,490,WRA_SaxbyChambliss,hdtf_visomaster_teams,-0.0018653717044337732
P8A_step5000,491,WRA_SteveScalise1,hdtf_visomaster_teams,-0.0008782093718168655
P8A_step5000,492,RD_Radio14,hdtf_visomaster_teams,-0.006170221736062428
P8A_step5000,493,RD_Radio27,hdtf_visomaster_teams,-0.0008710247418216722
P8A_step5000,494,WDA_AlexandriaOcasioCortez,hdtf_visomaster_teams,-0.002270354341439656
P8A_step5000,495,WDA_JoeDonnelly,hdtf_visomaster_teams,0.002589363751665772
P8A_step5000,496,WDA_LisaBluntRochester,hdtf_visomaster_teams,0.022251499845515794
P8A_step5000,497,WDA_MichaelBennet,hdtf_visomaster_teams,0.004080832245860124
P8A_step5000,498,WDA_PatrickLeahy1,hdtf_visomaster_teams,0.003708795194283524
P8A_step5000,499,WDA_TedLieu,hdtf_visomaster_teams,0.007210441703233409
P8A_step5000,500,WRA_AustinScott0,hdtf_visomaster_teams,0.005063747186818811
P8A_step5000,501,WRA_JohnBarrasso1,hdtf_visomaster_teams,-0.01017809280707789
P8A_step5000,502,WRA_ReincePriebus,hdtf_visomaster_teams,0.009537956976590191
P8A_step5000,503,WRA_RogerWicker0,hdtf_visomaster_teams,-0.001312729264719887
P8A_step5000,504,WRA_ShelleyMooreCapito1,hdtf_visomaster_teams,-0.010505618442181956
P8A_step5000,505,RD_Radio59,hdtf_visomaster_teams,-0.005041333369707499
P8A_step5000,506,RD_Radio8,hdtf_visomaster_teams,-0.001721046036590157
P8A_step5000,507,WDA_BarbaraLee0,hdtf_visomaster_teams,-0.00743617711982027
P8A_step5000,508,WDA_BenRayLujn,hdtf_visomaster_teams,0.015470954105990673
P8A_step5000,509,WDA_ChrisMurphy1,hdtf_visomaster_teams,-0.012861555008565815
P8A_step5000,510,WDA_MazieHirono0,hdtf_visomaster_teams,-0.015121741949785127
P8A_step5000,511,WDA_RichardNeal1,hdtf_visomaster_teams,-0.004934294903002023
P8A_step5000,512,WDA_TomUdall,hdtf_visomaster_teams,0.014201417606017484
P8A_step5000,513,WRA_AdamKinzinger1,hdtf_visomaster_teams,-0.0060257923632153
P8A_step5000,514,WRA_JebHensarling1,hdtf_visomaster_teams,-0.01057979986313463
P8A_step5000,515,WRA_KayBaileyHutchison,hdtf_visomaster_teams,-0.014202414015400894
P8A_step5000,516,WRA_KristiNoem1,hdtf_visomaster_teams,-0.006556581577874491
P8A_step5000,517,RD_Radio1,hdtf_visomaster_teams,0.0020569834370163147
P8A_step5000,518,RD_Radio4,hdtf_visomaster_teams,-0.004015702013293761
P8A_step5000,519,WDA_BobMenendez,hdtf_visomaster_teams,-0.0007793088254443971
P8A_step5000,520,WDA_ByronDorgan1,hdtf_visomaster_teams,0.0043735308451409985
P8A_step5000,521,WDA_HakeemJeffries,hdtf_visomaster_teams,0.004337334922704814
P8A_step5000,522,WDA_HenryWaxman,hdtf_visomaster_teams,9.118525749433372e-06
P8A_step5000,523,WDA_PattyMurray1,hdtf_visomaster_teams,-0.010589811784440645
P8A_step5000,524,WDA_SherrodBrown1,hdtf_visomaster_teams,-0.0076144266746917735
P8A_step5000,525,WRA_GeoffDavis,hdtf_visomaster_teams,0.013274650847831578
P8A_step5000,526,WRA_MitchDaniels1,hdtf_visomaster_teams,0.0008296818919321312
P8A_step5000,527,WRA_SamBrownback,hdtf_visomaster_teams,0.0034179860697669214
P8A_step5000,528,RD_Radio19,hdtf_visomaster_teams,-0.013511347740694022
P8A_step5000,529,RD_Radio52,hdtf_visomaster_teams,0.002609894148108095
P8A_step5000,530,WDA_DebbieStabenow0,hdtf_visomaster_teams,-0.0033739952095400865
P8A_step5000,531,WDA_DianneFeinstein,hdtf_visomaster_teams,0.0037533083433142875
P8A_step5000,532,WDA_FrankPallone0,hdtf_visomaster_teams,-0.00437697478224181
P8A_step5000,533,WDA_JanSchakowsky0,hdtf_visomaster_teams,-0.014672223928078246
P8A_step5000,534,WDA_JimmyGomez,hdtf_visomaster_teams,-0.008121523279455083
P8A_step5000,535,WDA_NancyPelosi1,hdtf_visomaster_teams,0.009363248754707955
P8A_step5000,536,WDA_WhipJimClyburn,hdtf_visomaster_teams,0.007430385158908861
P8A_step5000,537,WRA_JohnBoozman,hdtf_visomaster_teams,0.0010373062659698807
P8A_step5000,538,WRA_MikeJohanns,hdtf_visomaster_teams,-0.007225059771234405
P8A_step5000,539,RD_Radio43,hdtf_visomaster_teams,-0.0075915925797605775
P8A_step5000,540,RD_Radio57,hdtf_visomaster_teams,0.01000805129225925
P8A_step5000,541,RD_Radio7,hdtf_visomaster_teams,-0.0018035246608881896
P8A_step5000,542,WDA_BernieSanders,hdtf_visomaster_teams,0.0018897332452070292
P8A_step5000,543,WDA_BettyMcCollum,hdtf_visomaster_teams,-0.00487060584359613
P8A_step5000,544,WDA_BillRichardson,hdtf_visomaster_teams,-0.0007725931338301137
P8A_step5000,545,WDA_DianaDeGette0,hdtf_visomaster_teams,0.003073855119505777
P8A_step5000,546,WDA_JoeNeguse,hdtf_visomaster_teams,-0.0032888234087967254
P8A_step5000,547,WRA_CathyMcMorrisRodgers1,hdtf_visomaster_teams,0.00897886566107059
P8A_step5000,548,WRA_JohnBarrasso0,hdtf_visomaster_teams,-0.005277947240089013
P8A_step5000,549,WRA_JohnBoehner0,hdtf_visomaster_teams,-0.004288192840734915
P8A_step5000,550,WRA_KevinBrady3,hdtf_visomaster_teams,-0.0034445260878990377
P8A_step5000,551,RD_Radio31,hdtf_visomaster_teams,-0.015320841532912594
P8A_step5000,552,WDA_BobCasey0,hdtf_visomaster_teams,0.002548984420864741
P8A_step5000,553,WDA_JoeManchin,hdtf_visomaster_teams,0.00517335754708801
P8A_step5000,554,WDA_KathyCastor,hdtf_visomaster_teams,0.006871595685131626
P8A_step5000,555,WDA_KathyCastor1,hdtf_visomaster_teams,0.008069482161701839
P8A_step5000,556,WDA_MartinHeinrich,hdtf_visomaster_teams,0.0013620247874455884
P8A_step5000,557,WDA_RichardBlumenthal,hdtf_visomaster_teams,0.007194283345971188
P8A_step5000,558,WDA_SheldonWhitehouse0,hdtf_visomaster_teams,-0.00648090423366321
P8A_step5000,559,WRA_CandiceMiller0,hdtf_visomaster_teams,-0.005038917627623787
P8A_step5000,560,WRA_CoryGardner0,hdtf_visomaster_teams,-0.011859182319829645
P8A_step5000,561,WRA_DanNewhouse,hdtf_visomaster_teams,0.009842909905393736
P8A_step5000,562,WRA_MikeJohanns1,hdtf_visomaster_teams,0.002759982262711607
P8A_step5000,563,WRA_SteveDaines0,hdtf_visomaster_teams,-0.005450665010338222
P8A_step5000,564,RD_Radio10,hdtf_visomaster_teams,0.0011647930174910194
P8A_step5000,565,RD_Radio19,hdtf_visomaster_teams,-0.00495599968595261
P8A_step5000,566,RD_Radio20,hdtf_visomaster_teams,0.0029010539126095095
P8A_step5000,567,RD_Radio37,hdtf_visomaster_teams,-0.006324772059840113
P8A_step5000,568,RD_Radio9,hdtf_visomaster_teams,-0.0031270361972424833
P8A_step5000,569,WDA_BenCardin1,hdtf_visomaster_teams,-0.0008264623794165143
P8A_step5000,570,WDA_ChrisVanHollen1,hdtf_visomaster_teams,-0.003987654150451971
P8A_step5000,571,WDA_DianneFeinstein,hdtf_visomaster_teams,-0.010525904525178466
P8A_step5000,572,WDA_EdMarkey0,hdtf_visomaster_teams,0.0032789259352567117
P8A_step5000,573,WDA_GerryConnolly,hdtf_visomaster_teams,8.012074662528974e-05
P8A_step5000,574,WDA_JamesClyburn1,hdtf_visomaster_teams,-0.000677252914196301
P8A_step5000,575,WDA_JeffMerkley1,hdtf_visomaster_teams,-0.003446054293648555
P8A_step5000,576,WDA_JerryNadler,hdtf_visomaster_teams,-0.0010590943009660904
P8A_step5000,577,WDA_JimmyGomez,hdtf_visomaster_teams,-0.013254134272415001
P8A_step5000,578,WDA_JoeCrowley1,hdtf_visomaster_teams,0.002256400318604669
P8A_step5000,579,WDA_LloydDoggett1,hdtf_visomaster_teams,0.0020322596230841657
P8A_step5000,580,WDA_NitaLowey,hdtf_visomaster_teams,-0.003206844144394466
P8A_step5000,581,WDA_NydiaVelzquez,hdtf_visomaster_teams,0.0015215490284933957
P8A_step5000,582,WDA_RonWyden1,hdtf_visomaster_teams,-0.017007291331226405
P8A_step5000,583,WDA_SeanPatrickMaloney,hdtf_visomaster_teams,0.012144747026729024
P8A_step5000,584,WDA_SherrodBrown0,hdtf_visomaster_teams,-0.010054905832063615
P8A_step5000,585,WDA_StephanieMurphy,hdtf_visomaster_teams,-0.020476016959370118
P8A_step5000,586,WDA_TammyBaldwin0,hdtf_visomaster_teams,0.008406143931859775
P8A_step5000,587,WDA_TerriSewell,hdtf_visomaster_teams,-0.00799255071575703
P8A_step5000,588,WDA_XavierBecerra,hdtf_visomaster_teams,0.01798454687073852
P8A_step5000,589,WRA_AdamKinzinger2,hdtf_visomaster_teams,-0.00133700217510103
P8A_step5000,590,WRA_AustinScott2,hdtf_visomaster_teams,-0.008780739512850988
P8A_step5000,591,WRA_DaveCamp,hdtf_visomaster_teams,-0.01368240889778817
P8A_step5000,592,WRA_FredUpton,hdtf_visomaster_teams,-0.005452430809910735
P8A_step5000,593,WRA_JohnBoehner0,hdtf_visomaster_teams,-0.006496867534258944
P8A_step5000,594,WRA_JohnnyIsakson,hdtf_visomaster_teams,0.005841597495347538
P8A_step5000,595,WRA_KevinBrady3,hdtf_visomaster_teams,-0.007363727793691771
P8A_step5000,596,WRA_MikeJohanns,hdtf_visomaster_teams,-0.009163840920380757
P8A_step5000,597,WRA_MittRomney,hdtf_visomaster_teams,-0.007734124883219282
P8A_step5000,598,WRA_OlympiaSnowe,hdtf_visomaster_teams,-0.003132812334399015
P8A_step5000,599,WRA_PaulRyan1,hdtf_visomaster_teams,0.003175015351711597
P8A_step5000,600,WRA_RandPaul1,hdtf_visomaster_teams,-0.008960679108663343
P8A_step5000,601,WRA_RandPaul2,hdtf_visomaster_teams,0.00047651918656113276
P8A_step5000,602,WRA_RichardShelby,hdtf_visomaster_teams,0.004008676723168234
P8A_step5000,603,WRA_RoyBlunt,hdtf_visomaster_teams,0.0011298494542172797
P8A_step5000,604,WRA_ToddYoung,hdtf_visomaster_teams,-0.004362903904214715
P8A_step5000,605,RD_Radio3,hdtf_visomaster_teams,-0.012070321266474227
P8A_step5000,606,RD_Radio50,hdtf_visomaster_teams,-0.0078445390826486
P8A_step5000,607,WDA_BrianSchatz2,hdtf_visomaster_teams,-0.0027092848244689802
P8A_step5000,608,WDA_JackReed1,hdtf_visomaster_teams,0.002208239486196817
P8A_step5000,609,WDA_JackyRosen1,hdtf_visomaster_teams,-0.0063091812279563375
P8A_step5000,610,WDA_JeanneShaheen1,hdtf_visomaster_teams,-0.004217739309317193
P8A_step5000,611,WDA_JohnSarbanes0,hdtf_visomaster_teams,0.0011574383689363279
P8A_step5000,612,WDA_KatherineClark,hdtf_visomaster_teams,0.004975409241342663
P8A_step5000,613,WDA_MartinHeinrich,hdtf_visomaster_teams,-0.0034293911982674697
P8A_step5000,614,WDA_RonWyden0,hdtf_visomaster_teams,-0.015309059466704092
P8A_step5000,615,WDA_SheldonWhitehouse0,hdtf_visomaster_teams,-0.00014150742243607996
P8A_step5000,616,WRA_DanNewhouse,hdtf_visomaster_teams,0.0038996944054619943
P8A_step5000,617,WRA_JuddGregg,hdtf_visomaster_teams,0.00224664403188622
P8A_step5000,618,WRA_MikeJohanns1,hdtf_visomaster_teams,0.009626772313607247
P8A_step5000,619,RD_Radio11,hdtf_visomaster_teams,-0.023167413616072996
P8A_step5000,620,RD_Radio18,hdtf_visomaster_teams,-0.0021728563090352066
P8A_step5000,621,RD_Radio22,hdtf_visomaster_teams,0.003885136030505911
P8A_step5000,622,RD_Radio25,hdtf_visomaster_teams,-0.00523585411446012
P8A_step5000,623,RD_Radio54,hdtf_visomaster_teams,0.003161099745093833
P8A_step5000,624,WDA_AnnieKuster,hdtf_visomaster_teams,0.006803929497473106
P8A_step5000,625,WDA_EdMarkey1,hdtf_visomaster_teams,9.59946092122365e-05
P8A_step5000,626,WDA_MikeDoyle,hdtf_visomaster_teams,0.001451596549939098
P8A_step5000,627,WDA_TomCarper,hdtf_visomaster_teams,0.0011142891994712235
P8A_step5000,628,WDA_TomPerez,hdtf_visomaster_teams,0.008286021033842513
P8A_step5000,629,WDA_VeronicaEscobar1,hdtf_visomaster_teams,0.014482211924714057
P8A_step5000,630,WRA_JimInhofe,hdtf_visomaster_teams,0.003740230090307966
P8A_step5000,631,WRA_KristiNoem0,hdtf_visomaster_teams,0.011209323357492494
P8A_step5000,632,WRA_SaxbyChambliss,hdtf_visomaster_teams,0.005095040849773592
P8A_step5000,633,RD_Radio32,hdtf_visomaster_teams,-0.008211531401714193
P8A_step5000,634,WDA_AlexandriaOcasioCortez,hdtf_visomaster_teams,0.002781434807018392
P8A_step5000,635,WDA_DebHaaland,hdtf_visomaster_teams,-0.005302118522526229
P8A_step5000,636,WDA_SuzanDelBene,hdtf_visomaster_teams,-0.010156083624040222
P8A_step5000,637,WDA_TedLieu,hdtf_visomaster_teams,-0.0025066173508831767
P8A_step5000,638,WRA_AustinScott0,hdtf_visomaster_teams,0.006055735035327833
P8A_step5000,639,WRA_BobCorker,hdtf_visomaster_teams,-0.003904537351644988
P8A_step5000,640,WRA_CathyMcMorrisRodgers0,hdtf_visomaster_teams,0.0020310965119558176
P8A_step5000,641,WRA_CathyMcMorrisRodgers2,hdtf_visomaster_teams,0.017722978740728132
P8A_step5000,642,WRA_JeffFlake,hdtf_visomaster_teams,-0.007858515628508096
P8A_step5000,643,WRA_LynnJenkins,hdtf_visomaster_teams,0.0007113982455265676
P8A_step5000,644,WRA_VickyHartzler,hdtf_visomaster_teams,0.00519035639616639
P8A_step5000,645,RD_Radio16,hdtf_visomaster_teams,0.0014001268031360176
P8A_step5000,646,RD_Radio17,hdtf_visomaster_teams,-0.006800741070311946
P8A_step5000,647,WDA_BarbaraLee0,hdtf_visomaster_teams,-0.010022118012877432
P8A_step5000,648,WDA_BenRayLujn,hdtf_visomaster_teams,0.014299603787168817
P8A_step5000,649,WDA_BobCasey0,hdtf_visomaster_teams,0.0055857043309692515
P8A_step5000,650,WDA_DebbieStabenow0,hdtf_visomaster_teams,0.0017979643772133172
P8A_step5000,651,WDA_JanSchakowsky0,hdtf_visomaster_teams,-0.007246248842863075
P8A_step5000,652,WDA_JoeManchin,hdtf_visomaster_teams,-0.001187026740970239
P8A_step5000,653,WDA_NancyPelosi1,hdtf_visomaster_teams,-0.0032916368460577956
P8A_step5000,654,WDA_SheldonWhitehouse1,hdtf_visomaster_teams,0.006618526031447544
P8A_step5000,655,WDA_WhipJimClyburn,hdtf_visomaster_teams,-0.006722512550449935
P8A_step5000,656,WRA_AdamKinzinger1,hdtf_visomaster_teams,-0.002427005262619916
P8A_step5000,657,WRA_SteveDaines0,hdtf_visomaster_teams,-0.008975913038930347
P8A_step5000,658,RD_Radio1,hdtf_visomaster_teams,0.002940344871081346
P8A_step5000,659,RD_Radio4,hdtf_visomaster_teams,-0.020922927689948925
P8A_step5000,660,RD_Radio42,hdtf_visomaster_teams,-0.01235334457201491
P8A_step5000,661,WDA_AndyLevin,hdtf_visomaster_teams,0.00613055408809341
P8A_step5000,662,WDA_BobMenendez,hdtf_visomaster_teams,0.005641936782123189
P8A_step5000,663,WDA_BradSchneider,hdtf_visomaster_teams,-0.004988667781790534
P8A_step5000,664,WDA_ByronDorgan1,hdtf_visomaster_teams,0.009584751569689421
P8A_step5000,665,WDA_SherrodBrown1,hdtf_visomaster_teams,-0.0020843278001371254
P8A_step5000,666,WRA_AdamKinzinger0,hdtf_visomaster_teams,0.010362051816941225
P8A_step5000,667,WRA_JohnThune,hdtf_visomaster_teams,0.0014110983305590415
P8A_step5000,668,WRA_LisaMurkowski0,hdtf_visomaster_teams,-0.001940932931579788
P8A_step5000,669,WRA_MitchDaniels1,hdtf_visomaster_teams,-0.0026584646669806197
P8A_step5000,670,WRA_SamBrownback,hdtf_visomaster_teams,-0.010136954344338287
P8A_step5000,671,WDA_BarackObama,hdtf_visomaster_teams,-0.008995032113089454
P8A_step5000,672,WDA_DebbieStabenow1,hdtf_visomaster_teams,0.0074572287145206195
P8A_step5000,673,WDA_JanSchakowsky1,hdtf_visomaster_teams,0.011851563032408172
P8A_step5000,674,WDA_JonTester1,hdtf_visomaster_teams,-0.014882692132480151
P8A_step5000,675,WDA_KatieHill,hdtf_visomaster_teams,-0.005386865243466503
P8A_step5000,676,WDA_RichardBlumenthal,hdtf_visomaster_teams,-0.0035273641947821733
P8A_step5000,677,WRA_BobGoodlatte0,hdtf_visomaster_teams,0.0021919914727634793
P8A_step5000,678,WRA_BobbySchilling,hdtf_visomaster_teams,-0.006636627542597217
P8A_step5000,679,WRA_CandiceMiller0,hdtf_visomaster_teams,-0.004249823513206778
P8A_step5000,680,WRA_JohnBoehner1,hdtf_visomaster_teams,0.00020535686180911568
P8A_step5000,681,WRA_KellyAyotte,hdtf_visomaster_teams,-0.002797088499196853
P8A_step5000,682,RD_Radio38,hdtf_visomaster_teams,-0.015016737973458351
P8A_step5000,683,RD_Radio40,hdtf_visomaster_teams,-0.009043067142923963
P8A_step5000,684,RD_Radio43,hdtf_visomaster_teams,-0.011557414662782152
P8A_step5000,685,RD_Radio7,hdtf_visomaster_teams,0.004454383777945473
P8A_step5000,686,WDA_BettyMcCollum,hdtf_visomaster_teams,0.00022372780745381947
P8A_step5000,687,WDA_ChrisVanHollen0,hdtf_visomaster_teams,-0.0021535639166526863
P8A_step5000,688,WDA_DianaDeGette0,hdtf_visomaster_teams,0.003542312362183014
P8A_step5000,689,WDA_DougJones,hdtf_visomaster_teams,-0.005139997206883518
P8A_step5000,690,WDA_JamesClyburn,hdtf_visomaster_teams,0.003266753280619594
P8A_step5000,691,WDA_JoeNeguse,hdtf_visomaster_teams,-0.008118523786763273
P8A_step5000,692,WDA_JohnYarmuth1,hdtf_visomaster_teams,-0.002820214769990441
P8A_step5000,693,WDA_KimSchrier,hdtf_visomaster_teams,0.0016726388373605066
P8A_step5000,694,WRA_CoryGardner1,hdtf_visomaster_teams,0.0005297783397559602
P8A_step5000,695,RD_Radio13,hdtf_visomaster_teams,0.004769886820053346
P8A_step5000,696,RD_Radio18,hdtf_visomaster_teams,0.0015361268601499613
P8A_step5000,697,RD_Radio20,hdtf_visomaster_teams,-0.001666552583497771
P8A_step5000,698,RD_Radio23,hdtf_visomaster_teams,-0.0034517189539647972
P8A_step5000,699,RD_Radio25,hdtf_visomaster_teams,0.0009974947955249153
P8A_step5000,700,RD_Radio28,hdtf_visomaster_teams,-0.010878705920063143
P8A_step5000,701,RD_Radio30,hdtf_visomaster_teams,-0.017867938357693396
P8A_step5000,702,RD_Radio34,hdtf_visomaster_teams,0.0010138315002546894
P8A_step5000,703,RD_Radio35,hdtf_visomaster_teams,0.0005490684351478242
P8A_step5000,704,WDA_BennieThompson1,hdtf_visomaster_teams,0.003020590650932152
P8A_step5000,705,WDA_BillPascrell,hdtf_visomaster_teams,0.012518979275415175
P8A_step5000,706,WDA_BrianSchatz1,hdtf_visomaster_teams,-0.004495115551083122
P8A_step5000,707,WDA_CarolynMaloney1,hdtf_visomaster_teams,-0.00168428126627767
P8A_step5000,708,WDA_ChrisVanHollen1,hdtf_visomaster_teams,-0.0008792652609542167
P8A_step5000,709,WDA_ChuckSchumer1,hdtf_visomaster_teams,-0.004425966030479631
P8A_step5000,710,WDA_ColinAllred,hdtf_visomaster_teams,0.0010632016191166023
P8A_step5000,711,WDA_DianaDeGette1,hdtf_visomaster_teams,-0.020980406774945233
P8A_step5000,712,WDA_HaleyStevens,hdtf_visomaster_teams,-0.0063818883694813575
P8A_step5000,713,WDA_JeffMerkley1,hdtf_visomaster_teams,-0.0012616007054894163
P8A_step5000,714,WDA_JoaquinCastro,hdtf_visomaster_teams,-0.008406893560794583
P8A_step5000,715,WDA_LloydDoggett0,hdtf_visomaster_teams,0.002674276785161666
P8A_step5000,716,WDA_LloydDoggett1,hdtf_visomaster_teams,-0.004428954805121339
P8A_step5000,717,WDA_LucilleRoybal-Allard,hdtf_visomaster_teams,0.004036827452412977
P8A_step5000,718,WDA_MattCartwright,hdtf_visomaster_teams,0.01137351815509089
P8A_step5000,719,WDA_RichardNeal0,hdtf_visomaster_teams,-0.000742904996942453
P8A_step5000,720,WDA_RobinKelly,hdtf_visomaster_teams,0.0053313657216883135
P8A_step5000,721,WDA_RonWyden1,hdtf_visomaster_teams,-0.0068791367242773006
P8A_step5000,722,WDA_TerriSewell,hdtf_visomaster_teams,0.0047124470466770405
P8A_step5000,723,WDA_TomCarper,hdtf_visomaster_teams,0.005077624711623636
P8A_step5000,724,WDA_VeronicaEscobar0,hdtf_visomaster_teams,-0.0011066838949895371
P8A_step5000,725,WRA_ChuckGrassley,hdtf_visomaster_teams,-0.00928637335805252
P8A_step5000,726,WRA_DebFischer2,hdtf_visomaster_teams,4.038849246580504e-05
P8A_step5000,727,WRA_DuncanHunter,hdtf_visomaster_teams,-0.0002641738145273669
P8A_step5000,728,WRA_FredUpton,hdtf_visomaster_teams,0.0027899834187097273
P8A_step5000,729,WRA_KevinBrady2,hdtf_visomaster_teams,-0.01153204055491045
P8A_step5000,730,WRA_KristiNoem0,hdtf_visomaster_teams,-0.001848674259054964
P8A_step5000,731,WRA_LamarAlexander,hdtf_visomaster_teams,0.0031420045288182846
P8A_step5000,732,WRA_MikeCrapo,hdtf_visomaster_teams,0.007887433925300233
P8A_step5000,733,WRA_PaulRyan0,hdtf_visomaster_teams,-0.005685983423994272
P8A_step5000,734,WRA_PeterRoskam1,hdtf_visomaster_teams,0.010605388528324475
P8A_step5000,735,WRA_ReneeEllmers,hdtf_visomaster_teams,0.0030036562644428014
P8A_step5000,736,WRA_RoyBlunt,hdtf_visomaster_teams,-0.0034471128352617755
P8A_step5000,737,WRA_SteveScalise1,hdtf_visomaster_teams,-0.005523309241645681
P8A_step5000,738,RD_Radio12,hdtf_visomaster_teams,0.009760885556809727
P8A_step5000,739,RD_Radio43,hdtf_visomaster_teams,-0.005729842139670684
P8A_step5000,740,RD_Radio7,hdtf_visomaster_teams,-0.003529432849981813
P8A_step5000,741,WDA_AmyKlobuchar0,hdtf_visomaster_teams,0.013609618001399794
P8A_step5000,742,WDA_BettyMcCollum,hdtf_visomaster_teams,-0.0055004196754645344
P8A_step5000,743,WDA_DianaDeGette0,hdtf_visomaster_teams,0.0003150382051279393
P8A_step5000,744,WDA_EmanuelCleaver,hdtf_visomaster_teams,-0.009965370913298613
P8A_step5000,745,WDA_JoeNeguse,hdtf_visomaster_teams,-0.00134439576460631
P8A_step5000,746,WDA_NydiaVelzquez,hdtf_visomaster_teams,6.869805555410197e-07
P8A_step5000,747,WRA_AdamKinzinger2,hdtf_visomaster_teams,-0.01580055822176004
P8A_step5000,748,WRA_DaveCamp,hdtf_visomaster_teams,-0.005729005780837536
P8A_step5000,749,WRA_JohnBoehner0,hdtf_visomaster_teams,-0.0004535633232625818
P8A_step5000,750,WRA_KevinBrady3,hdtf_visomaster_teams,-0.006917749437296928
P8A_step5000,751,WRA_RandPaul1,hdtf_visomaster_teams,-0.005835005574710345
P8A_step5000,752,WRA_TomCotton,hdtf_visomaster_teams,-0.0014126835970153003
P8A_step5000,753,RD_Radio3,hdtf_visomaster_teams,-0.008365986419305815
P8A_step5000,754,RD_Radio47,hdtf_visomaster_teams,-0.008745316706749509
P8A_step5000,755,RD_Radio50,hdtf_visomaster_teams,-0.010637261120355034
P8A_step5000,756,WDA_DebHaaland,hdtf_visomaster_teams,0.004043273843010484
P8A_step5000,757,WDA_JackyRosen1,hdtf_visomaster_teams,-0.004816395800488581
P8A_step5000,758,WDA_JeanneShaheen1,hdtf_visomaster_teams,-0.0009659583154452448
P8A_step5000,759,WDA_JonTester0,hdtf_visomaster_teams,0.0007507791974796887
P8A_step5000,760,WDA_MartinHeinrich,hdtf_visomaster_teams,0.006573116412119869
P8A_step5000,761,WDA_RonWyden0,hdtf_visomaster_teams,-0.003883086031506849
P8A_step5000,762,WDA_SuzanDelBene,hdtf_visomaster_teams,0.009694140202088284
P8A_step5000,763,WRA_CathyMcMorrisRodgers2,hdtf_visomaster_teams,0.0016986294887784681
P8A_step5000,764,WRA_DanNewhouse,hdtf_visomaster_teams,0.004854007369189098
P8A_step5000,765,WRA_JeffFlake,hdtf_visomaster_teams,0.003290574210703644
P8A_step5000,766,WRA_MikeJohanns1,hdtf_visomaster_teams,9.441934936047728e-05
P8A_step5000,767,RD_Radio2,hdtf_visomaster_teams,-0.010192613967244779
P8A_step5000,768,WDA_AndyLevin,hdtf_visomaster_teams,-0.01786685505842473
P8A_step5000,769,WDA_DickDurbin,hdtf_visomaster_teams,0.0051260403166639296
P8A_step5000,770,WDA_DonaldMcEachin,hdtf_visomaster_teams,0.01810029686055234
P8A_step5000,771,WDA_DonnaShalala1,hdtf_visomaster_teams,-0.017454314870473844
P8A_step5000,772,WDA_HillaryClinton,hdtf_visomaster_teams,-0.012732595586341534
P8A_step5000,773,WDA_JackReed1,hdtf_visomaster_teams,-0.002497131479095963
P8A_step5000,774,WDA_JohnSarbanes0,hdtf_visomaster_teams,-0.007844214901000287
P8A_step5000,775,WDA_KatherineClark,hdtf_visomaster_teams,0.0007630357860750998
P8A_step5000,776,WDA_MaggieHassan,hdtf_visomaster_teams,0.0029500777350698437
P8A_step5000,777,WDA_PattyMurray0,hdtf_visomaster_teams,0.014561367712500883
P8A_step5000,778,WDA_SeanCasten,hdtf_visomaster_teams,4.341525933258643e-05
P8A_step5000,779,WRA_TimScott,hdtf_visomaster_teams,0.03342953736003773
P8A_step5000,780,WRA_TomPrice,hdtf_visomaster_teams,0.010407604376386704
P8A_step5000,781,RD_Radio10,hdtf_visomaster_teams,-0.0024548763478390596
P8A_step5000,782,WDA_BarackObama,hdtf_visomaster_teams,0.001918798240705984
P8A_step5000,783,WDA_JamesClyburn1,hdtf_visomaster_teams,-0.002009007873748838
P8A_step5000,784,WDA_JanSchakowsky1,hdtf_visomaster_teams,0.014556938222330819
P8A_step5000,785,WDA_JerryNadler,hdtf_visomaster_teams,0.011464154719747764
P8A_step5000,786,WDA_SeanPatrickMaloney,hdtf_visomaster_teams,0.006689102528944659
P8A_step5000,787,WDA_TammyBaldwin0,hdtf_visomaster_teams,0.0016695463969088134
P8A_step5000,788,WDA_XavierBecerra,hdtf_visomaster_teams,-0.010481121662779105
P8A_step5000,789,WRA_BobGoodlatte0,hdtf_visomaster_teams,0.01072067152575806
P8A_step5000,790,WRA_BobbySchilling,hdtf_visomaster_teams,0.004021559615496452
P8A_step5000,791,WRA_CathyMcMorrisRodgers1,hdtf_visomaster_teams,0.007049194461631608
P8A_step5000,792,WRA_KellyAyotte,hdtf_visomaster_teams,-0.010544029794858648
P8A_step5000,793,WRA_PaulRyan1,hdtf_visomaster_teams,0.012024366145627456
P8A_step5000,794,WRA_ToddYoung,hdtf_visomaster_teams,-0.002381339123833838
P8A_step5000,795,RD_Radio32,hdtf_visomaster_teams,-0.010047789192195624
P8A_step5000,796,WDA_BenCardin1,hdtf_visomaster_teams,-0.006797963805501836
P8A_step5000,797,WDA_ChrisMurphy0,hdtf_visomaster_teams,0.001890671699307702
P8A_step5000,798,WDA_JamesClyburn,hdtf_visomaster_teams,-0.0020147591436901163
P8A_step5000,799,WDA_JoeCrowley1,hdtf_visomaster_teams,0.0013886494450521536
P8A_step5000,800,WDA_NitaLowey,hdtf_visomaster_teams,-0.007815681665566903
P8A_step5000,801,WDA_StephanieMurphy,hdtf_visomaster_teams,-0.0014898881444209504
P8A_step5000,802,WRA_AustinScott2,hdtf_visomaster_teams,-0.003539252955642204
P8A_step5000,803,WRA_BobCorker,hdtf_visomaster_teams,-0.006739706497225539
P8A_step5000,804,WRA_CathyMcMorrisRodgers0,hdtf_visomaster_teams,0.014177426329302117
P8A_step5000,805,WRA_DianeBlack0,hdtf_visomaster_teams,-0.003563231434783598
P8A_step5000,806,WRA_JohnnyIsakson,hdtf_visomaster_teams,0.0010111650599864672
P8A_step5000,807,WRA_JonKyl,hdtf_visomaster_teams,0.000724865460760985
P8A_step5000,808,WRA_LynnJenkins,hdtf_visomaster_teams,0.006193266753152402
P8A_step5000,809,WRA_RandPaul2,hdtf_visomaster_teams,0.000702738062626051
P8A_step5000,810,RD_Radio45,hdtf_visomaster_teams,0.0034979388896935327
P8A_step5000,811,WDA_BobMenendez,hdtf_visomaster_teams,-0.002792222462189924
P8A_step5000,812,WDA_CatherineCortezMasto,hdtf_visomaster_teams,-0.0022590214552128964
P8A_step5000,813,WDA_DebbieWassermanSchultz,hdtf_visomaster_teams,0.006112610575110559
P8A_step5000,814,WDA_JohnSarbanes1,hdtf_visomaster_teams,0.0009893037465551454
P8A_step5000,815,WDA_SherrodBrown1,hdtf_visomaster_teams,0.004611177018265148
P8A_step5000,816,WRA_AdamKinzinger0,hdtf_visomaster_teams,0.01724825001575694
P8A_step5000,817,WRA_CarlyFiorina0,hdtf_visomaster_teams,-0.0042656647395096295
P8A_step5000,818,WRA_DianeBlack1,hdtf_visomaster_teams,0.008852558330363582
P8A_step5000,819,WRA_GeoffDavis,hdtf_visomaster_teams,0.016359845494493357
P8A_step5000,820,WRA_JebHensarling2,hdtf_visomaster_teams,-0.008795012112479326
P8A_step5000,821,WRA_LamarAlexander0,hdtf_visomaster_teams,0.006043221263248301
P8A_step5000,822,WRA_RogerWicker1,hdtf_visomaster_teams,0.0006772667365498716
P8A_step5000,823,WRA_SamBrownback,hdtf_visomaster_teams,0.0018556952003004321
P8A_step5000,824,RD_Radio11,hdtf_visomaster_teams,-0.003040770997065431
P8A_step5000,825,RD_Radio19,hdtf_visomaster_teams,-0.013485439304870568
P8A_step5000,826,RD_Radio22,hdtf_visomaster_teams,-0.0011781689243596572
P8A_step5000,827,WDA_AnnieKuster,hdtf_visomaster_teams,0.007368921308214113
P8A_step5000,828,WDA_DianneFeinstein,hdtf_visomaster_teams,-0.015527279084188255
P8A_step5000,829,WDA_HakeemJeffries,hdtf_visomaster_teams,0.005996717962050582
P8A_step5000,830,WDA_HenryWaxman,hdtf_visomaster_teams,0.00026549968492133556
P8A_step5000,831,WDA_JimmyGomez,hdtf_visomaster_teams,-0.026410214575302834
P8A_step5000,832,WDA_PattyMurray1,hdtf_visomaster_teams,-0.012754120741618717
P8A_step5000,833,WDA_TomPerez,hdtf_visomaster_teams,-0.003090151732671292
P8A_step5000,834,WRA_MikeJohanns,hdtf_visomaster_teams,-0.0014565340747437262
P8A_step5000,835,WRA_OlympiaSnowe,hdtf_visomaster_teams,-0.010734425702922998
P8A_step5000,836,WRA_SaxbyChambliss,hdtf_visomaster_teams,-0.0035040689641707115
P8A_step5000,837,RD_Radio20,hdtf_visomaster_teams,-4.3298231994903036e-05
P8A_step5000,838,RD_Radio26,hdtf_visomaster_teams,0.004443670065460368
P8A_step5000,839,RD_Radio39,hdtf_visomaster_teams,-0.011405304171751864
P8A_step5000,840,RD_Radio47,hdtf_visomaster_teams,0.008224209547917315
P8A_step5000,841,RD_Radio52,hdtf_visomaster_teams,-0.006577226180454636
P8A_step5000,842,WDA_AdamSchiff,hdtf_visomaster_teams,0.0005715267151009352
P8A_step5000,843,WDA_AdamSmith,hdtf_visomaster_teams,0.012933256079691646
P8A_step5000,844,WDA_AmyKlobuchar1,hdtf_visomaster_teams,0.001499063258068839
P8A_step5000,845,WDA_BobCasey1,hdtf_visomaster_teams,-0.012859038238565426
P8A_step5000,846,WDA_BobbyScott,hdtf_visomaster_teams,-0.018268323853574554
P8A_step5000,847,WDA_DanKildee1,hdtf_visomaster_teams,0.009730748925433862
P8A_step5000,848,WDA_DickDurbin,hdtf_visomaster_teams,0.003981645958658289
P8A_step5000,849,WDA_ElijahCummings,hdtf_visomaster_teams,0.0011031599808605636
P8A_step5000,850,WDA_FrankPallone0,hdtf_visomaster_teams,0.003600480890599395
P8A_step5000,851,WDA_JackReed0,hdtf_visomaster_teams,-0.012154483634195476
P8A_step5000,852,WDA_JeffMerkley1,hdtf_visomaster_teams,-0.0029372827879925434
P8A_step5000,853,WDA_JonTester0,hdtf_visomaster_teams,0.0005663358528886224
P8A_step5000,854,WDA_MaggieHassan,hdtf_visomaster_teams,0.008910529769249451
P8A_step5000,855,WDA_MarkWarner2,hdtf_visomaster_teams,-0.0018171100127920507
P8A_step5000,856,WDA_MichelleLujanGrisham,hdtf_visomaster_teams,-0.006870821393475569
P8A_step5000,857,WDA_MichelleObama,hdtf_visomaster_teams,0.016865305533605515
P8A_step5000,858,WDA_NancyPelosi3,hdtf_visomaster_teams,-0.008206149862223745
P8A_step5000,859,WDA_PattyMurray0,hdtf_visomaster_teams,0.006431938059846451
P8A_step5000,860,WDA_RaulRuiz,hdtf_visomaster_teams,0.013896523804467178
P8A_step5000,861,WDA_RobinKelly,hdtf_visomaster_teams,-0.00801909226489612
P8A_step5000,862,WDA_SeanCasten,hdtf_visomaster_teams,0.001586255219277118
P8A_step5000,863,WDA_TerriSewell,hdtf_visomaster_teams,-0.010151244721750878
P8A_step5000,864,WDA_TerriSewell1,hdtf_visomaster_teams,0.0011184111452933968
P8A_step5000,865,WDA_TimWalz,hdtf_visomaster_teams,0.0022058157561849817
P8A_step5000,866,WRA_AnnWagner,hdtf_visomaster_teams,-0.01234027249232967
P8A_step5000,867,WRA_DanSullivan,hdtf_visomaster_teams,-0.011575599481102188
P8A_step5000,868,WRA_DebFischer1,hdtf_visomaster_teams,0.009803042765185822
P8A_step5000,869,WRA_DebFischer2,hdtf_visomaster_teams,0.003426940452988898
P8A_step5000,870,WRA_FredUpton,hdtf_visomaster_teams,-0.006288963169220149
P8A_step5000,871,WRA_JaimeHerreraBeutler0,hdtf_visomaster_teams,0.0011061089984596194
P8A_step5000,872,WRA_JoePitts,hdtf_visomaster_teams,0.016599673275184593
P8A_step5000,873,WRA_JohnBoozman,hdtf_visomaster_teams,-0.008672086022983092
P8A_step5000,874,WRA_JohnHoeven,hdtf_visomaster_teams,0.00717400919449611
P8A_step5000,875,WRA_KristiNoem2,hdtf_visomaster_teams,-0.007014835966968919
P8A_step5000,876,WRA_MarcoRubio,hdtf_visomaster_teams,-0.00016445701658172017
P8A_step5000,877,WRA_RandPaul0,hdtf_visomaster_teams,0.006027403717851961
P8A_step5000,878,WRA_TimScott,hdtf_visomaster_teams,0.024864075982936412
P8A_step5000,879,RD_Radio13,hdtf_visomaster_teams,-0.006880620360033703
P8A_step5000,880,RD_Radio23,hdtf_visomaster_teams,0.007527168326032108
P8A_step5000,881,RD_Radio30,hdtf_visomaster_teams,-0.014030969315520388
P8A_step5000,882,WDA_BennieThompson1,hdtf_visomaster_teams,0.013015040195724883
P8A_step5000,883,WDA_BillPascrell,hdtf_visomaster_teams,0.0087694030089535
P8A_step5000,884,WDA_BrianSchatz1,hdtf_visomaster_teams,-0.006499798184158957
P8A_step5000,885,WDA_ColinAllred,hdtf_visomaster_teams,-0.005647324637127392
P8A_step5000,886,WDA_HaleyStevens,hdtf_visomaster_teams,-0.0009646183209646179
P8A_step5000,887,WRA_ChuckGrassley,hdtf_visomaster_teams,-0.009521231028555798
P8A_step5000,888,WRA_JohnBoehner1,hdtf_visomaster_teams,-0.0038565276221125635
P8A_step5000,889,WRA_MikeCrapo,hdtf_visomaster_teams,0.0030335724921139464
P8A_step5000,890,WRA_ReneeEllmers,hdtf_visomaster_teams,-0.0028249748140569304
P8A_step5000,891,WDA_BrianSchatz2,hdtf_visomaster_teams,-0.011237176007039345
P8A_step5000,892,WDA_ChrisMurphy0,hdtf_visomaster_teams,0.00308308331206952
P8A_step5000,893,WDA_DebbieDingell0,hdtf_visomaster_teams,-0.008109637779690513
P8A_step5000,894,WDA_NydiaVelzquez,hdtf_visomaster_teams,0.006194554696135993
P8A_step5000,895,WRA_AdamKinzinger2,hdtf_visomaster_teams,0.0014284821412904425
P8A_step5000,896,WRA_DaveCamp,hdtf_visomaster_teams,0.00405872610264346
P8A_step5000,897,WRA_JohnBoehner0,hdtf_visomaster_teams,-0.0157247453689916
P8A_step5000,898,WRA_KevinBrady2,hdtf_visomaster_teams,-0.004981625483685475
P8A_step5000,899,WRA_KevinBrady3,hdtf_visomaster_teams,-0.008449316272221459
P8A_step5000,900,WRA_PeterRoskam1,hdtf_visomaster_teams,0.005190022947387715
P8A_step5000,901,RD_Radio12,hdtf_visomaster_teams,0.0006074428506954855
P8A_step5000,902,RD_Radio19,hdtf_visomaster_teams,-0.017642318942594562
P8A_step5000,903,WDA_AmyKlobuchar0,hdtf_visomaster_teams,0.010032180745991215
P8A_step5000,904,WDA_AndyKim,hdtf_visomaster_teams,-0.011181480099647322
P8A_step5000,905,WDA_DianneFeinstein,hdtf_visomaster_teams,-0.004238187009977139
P8A_step5000,906,WDA_EmanuelCleaver,hdtf_visomaster_teams,-0.008838297475091267
P8A_step5000,907,WDA_JimmyGomez,hdtf_visomaster_teams,-0.009147906952341536
P8A_step5000,908,WDA_JoeCrowley0,hdtf_visomaster_teams,0.002222511821285281
P8A_step5000,909,WDA_LisaBluntRochester,hdtf_visomaster_teams,0.00573948736229191
P8A_step5000,910,WDA_MichaelBennet,hdtf_visomaster_teams,-0.0006596836896349328
P8A_step5000,911,WRA_MikeJohanns,hdtf_visomaster_teams,-0.005481675762058524
P8A_step5000,912,WRA_RogerWicker0,hdtf_visomaster_teams,-0.005743745382129205
P8A_step5000,913,WRA_TomCotton,hdtf_visomaster_teams,-0.0013059151636558275
P8A_step5000,914,RD_Radio18,hdtf_visomaster_teams,0.0017646596582260215
P8A_step5000,915,RD_Radio25,hdtf_visomaster_teams,-0.0013491068140308836
P8A_step5000,916,RD_Radio32,hdtf_visomaster_teams,-0.005458169247761303
P8A_step5000,917,RD_Radio40,hdtf_visomaster_teams,-0.008071083721364737
P8A_step5000,918,WDA_ChrisVanHollen0,hdtf_visomaster_teams,-0.00976096969068433
P8A_step5000,919,WDA_DougJones,hdtf_visomaster_teams,-0.0038286771106662287
P8A_step5000,920,WDA_JohnYarmuth1,hdtf_visomaster_teams,0.0013368614530331747
P8A_step5000,921,WDA_MarciaFudge,hdtf_visomaster_teams,-0.0028053398433103864
P8A_step5000,922,WDA_TomCarper,hdtf_visomaster_teams,0.00661292066203896
P8A_step5000,923,WRA_BobCorker,hdtf_visomaster_teams,-0.0014601196310967655
P8A_step5000,924,WRA_CathyMcMorrisRodgers0,hdtf_visomaster_teams,-0.007134964505246465
P8A_step5000,925,WRA_JonKyl,hdtf_visomaster_teams,-0.002340197500480894
P8A_step5000,926,WRA_KristiNoem0,hdtf_visomaster_teams,-0.009503267426525318
P8A_step5000,927,WRA_LynnJenkins,hdtf_visomaster_teams,-0.010771119691539419
P8A_step5000,928,RD_Radio10,hdtf_visomaster_teams,-0.003753013594591397
P8A_step5000,929,WDA_BarackObama,hdtf_visomaster_teams,0.007297664722033271
P8A_step5000,930,WDA_JackReed1,hdtf_visomaster_teams,-0.00799610383332009
P8A_step5000,931,WDA_JamesClyburn1,hdtf_visomaster_teams,0.004223798479421839
P8A_step5000,932,WDA_JanSchakowsky1,hdtf_visomaster_teams,0.004197818685011378
P8A_step5000,933,WDA_JerryNadler,hdtf_visomaster_teams,0.004493690289830893
P8A_step5000,934,WDA_JohnSarbanes0,hdtf_visomaster_teams,0.0025286975693225005
P8A_step5000,935,WDA_KatherineClark,hdtf_visomaster_teams,0.003505060696761726
P8A_step5000,936,WDA_SherrodBrown0,hdtf_visomaster_teams,-0.01059492793680174
P8A_step5000,937,WRA_BobGoodlatte0,hdtf_visomaster_teams,0.006593131557878724
P8A_step5000,938,WRA_BobbySchilling,hdtf_visomaster_teams,-0.010841374771604005
P8A_step5000,939,WRA_JuddGregg,hdtf_visomaster_teams,-0.00022205639128795559
P8A_step5000,940,WRA_KellyAyotte,hdtf_visomaster_teams,-0.002975394912038409
P8A_step5000,941,WRA_ToddYoung,hdtf_visomaster_teams,-0.010150460871913465
P8A_step5000,942,RD_Radio1,hdtf_visomaster_teams,-0.0033437948535996165
P8A_step5000,943,RD_Radio28,hdtf_visomaster_teams,-0.007447439186049492
P8A_step5000,944,RD_Radio4,hdtf_visomaster_teams,-0.009313570820259964
P8A_step5000,945,WDA_BarbaraLee1,hdtf_visomaster_teams,0.004062162368416351
P8A_step5000,946,WDA_BradSchneider,hdtf_visomaster_teams,-0.00850792703791155
P8A_step5000,947,WDA_ByronDorgan1,hdtf_visomaster_teams,0.019449740126437475
P8A_step5000,948,WDA_ChrisCoons,hdtf_visomaster_teams,-0.009948074321831814
P8A_step5000,949,WDA_ChuckSchumer1,hdtf_visomaster_teams,-0.013222132961083285
P8A_step5000,950,WDA_LloydDoggett0,hdtf_visomaster_teams,-0.004825134885417257
P8A_step5000,951,WRA_MitchDaniels1,hdtf_visomaster_teams,0.0012733167089059145
P8A_step5000,952,WRA_NanHayworth,hdtf_visomaster_teams,-0.005572349240022598
P8A_step5000,953,WRA_RandPaul1,hdtf_visomaster_teams,-0.006736984196162187
P8A_step5000,954,RD_Radio45,hdtf_visomaster_teams,-0.007131041518490376
P8A_step5000,955,RD_Radio54,hdtf_visomaster_teams,0.007996677436366121
P8A_step5000,956,WDA_BenCardin1,hdtf_visomaster_teams,0.004586882909002141
P8A_step5000,957,WDA_CatherineCortezMasto,hdtf_visomaster_teams,0.012622537932810256
P8A_step5000,958,WDA_EdMarkey1,hdtf_visomaster_teams,0.000539303996591022
P8A_step5000,959,WDA_MikeDoyle,hdtf_visomaster_teams,-0.002551760193286113
P8A_step5000,960,WDA_VeronicaEscobar1,hdtf_visomaster_teams,-0.005887743219429217
P8A_step5000,961,WRA_AustinScott2,hdtf_visomaster_teams,-0.00872727219957687
P8A_step5000,962,WRA_DianeBlack0,hdtf_visomaster_teams,-0.004146916865928373
P8A_step5000,963,WRA_DianeBlack1,hdtf_visomaster_teams,0.00978054111971561
P8A_step5000,964,WRA_JebHensarling0,hdtf_visomaster_teams,-0.004290450693612661
P8A_step5000,965,WRA_JimInhofe,hdtf_visomaster_teams,0.00658893607164374
P8A_step5000,966,WRA_JohnnyIsakson,hdtf_visomaster_teams,0.00012840411875353602
P8A_step5000,967,WRA_RogerWicker1,hdtf_visomaster_teams,-0.0013810435673520774
P8A_step5000,968,RD_Radio20,hdtf_visomaster_teams,-0.003177429366092734
P8A_step5000,969,RD_Radio21,hdtf_visomaster_teams,-0.009170265196582674
P8A_step5000,970,RD_Radio29,hdtf_visomaster_teams,-0.006177061771926703
P8A_step5000,971,RD_Radio36,hdtf_visomaster_teams,-0.004535555627935495
P8A_step5000,972,RD_Radio5,hdtf_visomaster_teams,0.002432327430354972
P8A_step5000,973,RD_Radio53,hdtf_visomaster_teams,-0.005384900970466693
P8A_step5000,974,WDA_AndyLevin,hdtf_visomaster_teams,0.009872892803989933
P8A_step5000,975,WDA_ChrisCoons1,hdtf_visomaster_teams,-0.00281868410947673
P8A_step5000,976,WDA_ChrisVanHollen1,hdtf_visomaster_teams,-0.007462254096378318
P8A_step5000,977,WDA_DebbieDingell1,hdtf_visomaster_teams,-0.003149545021826239
P8A_step5000,978,WDA_DebbieStabenow1,hdtf_visomaster_teams,-0.004716987399965037
P8A_step5000,979,WDA_EricSwalwell,hdtf_visomaster_teams,-0.014705723785709203
P8A_step5000,980,WDA_JeffMerkley1,hdtf_visomaster_teams,0.00096450477420405
P8A_step5000,981,WDA_JoeKennedy,hdtf_visomaster_teams,0.005527229729266101
P8A_step5000,982,WDA_JonTester1,hdtf_visomaster_teams,-0.008580847870176333
P8A_step5000,983,WDA_KatieHill,hdtf_visomaster_teams,0.009759171377275307
P8A_step5000,984,WDA_KirstenGillibrand,hdtf_visomaster_teams,0.006065932217554134
P8A_step5000,985,WDA_LucyMcBath,hdtf_visomaster_teams,-0.0008127918318779149
P8A_step5000,986,WDA_MichelleLujanGrisham,hdtf_visomaster_teams,0.015157332080867727
P8A_step5000,987,WDA_MikeThompson0,hdtf_visomaster_teams,0.0007195663839435714
P8A_step5000,988,WDA_NancyPelosi3,hdtf_visomaster_teams,0.00268956949166679
P8A_step5000,989,WDA_RobinKelly,hdtf_visomaster_teams,-0.0003604876698941583
P8A_step5000,990,WDA_RonWyden1,hdtf_visomaster_teams,-0.011123660505121312
P8A_step5000,991,WDA_StenyHoyer,hdtf_visomaster_teams,-2.0972452902982223e-05
P8A_step5000,992,WDA_ZoeLofgren,hdtf_visomaster_teams,-0.008924898506626944
P8A_step5000,993,WRA_AnnMarieBuerkle,hdtf_visomaster_teams,-0.0011734760422806296
P8A_step5000,994,WRA_BillCassidy0,hdtf_visomaster_teams,-0.00507538675384046
P8A_step5000,995,WRA_CarlyFiorina,hdtf_visomaster_teams,0.004830483579584374
P8A_step5000,996,WRA_CoryGardner,hdtf_visomaster_teams,-0.004820191018146709
P8A_step5000,997,WRA_DavidVitter,hdtf_visomaster_teams,0.008838390901605974
P8A_step5000,998,WRA_DebFischer0,hdtf_visomaster_teams,-0.00589535134012446
P8A_step5000,999,WRA_DebFischer2,hdtf_visomaster_teams,0.0005776381803429338
P8A_step5000,1000,WRA_ErikPaulsen,hdtf_visomaster_teams,0.006936347033182307
P8A_step5000,1001,WRA_GeorgeLeMieux,hdtf_visomaster_teams,0.005262323223123662
P8A_step5000,1002,WRA_GregWalden1,hdtf_visomaster_teams,0.009723875178319068
P8A_step5000,1003,WRA_JimRisch,hdtf_visomaster_teams,0.0033729864422311698
P8A_step5000,1004,WRA_JoeHeck1,hdtf_visomaster_teams,-0.00394120232992295
P8A_step5000,1005,WRA_JoniErnst1,hdtf_visomaster_teams,0.00460885876983196
P8A_step5000,1006,WRA_KevinBrady,hdtf_visomaster_teams,0.0021573306631509784
P8A_step5000,1007,WRA_MarkwayneMullin,hdtf_visomaster_teams,0.004200133752990448
P8A_step5000,1008,WRA_MichaelSteele,hdtf_visomaster_teams,-0.011850568999934613
P8A_step5000,1009,WRA_MikeEnzi,hdtf_visomaster_teams,-1.3146662928301567e-05
P8A_step5000,1010,WRA_RogerWicker2,hdtf_visomaster_teams,-0.0026394681096800713
P8A_step5000,1011,RD_Radio28,hdtf_visomaster_teams,-0.013221584032875367
P8A_step5000,1012,RD_Radio52,hdtf_visomaster_teams,-0.007651557140403135
P8A_step5000,1013,RD_Radio54,hdtf_visomaster_teams,0.007996677436366121
P8A_step5000,1014,WDA_ChuckSchumer1,hdtf_visomaster_teams,-0.00885557057128828
P8A_step5000,1015,WDA_RichardNeal0,hdtf_visomaster_teams,0.00258950476116694
P8A_step5000,1016,WDA_VeronicaEscobar1,hdtf_visomaster_teams,-0.007251074174248948
P8A_step5000,1017,WRA_JimInhofe,hdtf_visomaster_teams,0.007035947677354701
P8A_step5000,1018,WRA_JohnBoozman,hdtf_visomaster_teams,-0.014221636993306655
P8A_step5000,1019,WRA_JohnHoeven,hdtf_visomaster_teams,0.005771340651538661
P8A_step5000,1020,RD_Radio13,hdtf_visomaster_teams,0.007020697779926442
P8A_step5000,1021,RD_Radio39,hdtf_visomaster_teams,-0.007841571614390218
P8A_step5000,1022,WDA_BennieThompson1,hdtf_visomaster_teams,0.0005903677854278097
P8A_step5000,1023,WDA_BillPascrell,hdtf_visomaster_teams,0.015112865029565704
P8A_step5000,1024,WDA_BrianSchatz1,hdtf_visomaster_teams,-0.005450274091979221
P8A_step5000,1025,WDA_ColinAllred,hdtf_visomaster_teams,-0.004087631346487382
P8A_step5000,1026,WDA_DanKildee1,hdtf_visomaster_teams,0.0007125315746237867
P8A_step5000,1027,WDA_TimWalz,hdtf_visomaster_teams,-0.008694028704405424
P8A_step5000,1028,WRA_ChuckGrassley,hdtf_visomaster_teams,-0.010137961348327368
P8A_step5000,1029,WRA_JoePitts,hdtf_visomaster_teams,-0.015134460519807252
P8A_step5000,1030,WRA_LamarAlexander,hdtf_visomaster_teams,0.0036401519387677314
P8A_step5000,1031,WRA_MikeCrapo,hdtf_visomaster_teams,0.008406096510126816
P8A_step5000,1032,WRA_ReneeEllmers,hdtf_visomaster_teams,0.01316862118499309
P8A_step5000,1033,WRA_RobPortman,hdtf_visomaster_teams,-0.008259290881414456
P8A_step5000,1034,RD_Radio3,hdtf_visomaster_teams,-0.012006832571510102
P8A_step5000,1035,RD_Radio40,hdtf_visomaster_teams,-0.008812985305021831
P8A_step5000,1036,WDA_ChrisMurphy0,hdtf_visomaster_teams,-0.0011880353229237538
P8A_step5000,1037,WDA_ChrisVanHollen0,hdtf_visomaster_teams,0.0007624303536774638
P8A_step5000,1038,WDA_DougJones,hdtf_visomaster_teams,0.00029962716710557873
P8A_step5000,1039,WDA_JackyRosen1,hdtf_visomaster_teams,-0.006064395584527862
P8A_step5000,1040,WDA_JeanneShaheen1,hdtf_visomaster_teams,0.0058874297655563115
P8A_step5000,1041,WDA_JohnYarmuth1,hdtf_visomaster_teams,-0.007274923097241415
P8A_step5000,1042,WDA_JonTester0,hdtf_visomaster_teams,-0.01734385497732273
P8A_step5000,1043,WDA_MarciaFudge,hdtf_visomaster_teams,0.013429518574293083
P8A_step5000,1044,WDA_NitaLowey,hdtf_visomaster_teams,0.0017139297064582926
P8A_step5000,1045,WDA_RonWyden0,hdtf_visomaster_teams,-0.015502024107812894
P8A_step5000,1046,WRA_RandPaul2,hdtf_visomaster_teams,-0.00835799558513374
P8A_step5000,1047,RD_Radio23,hdtf_visomaster_teams,-0.0027666247869377256
P8A_step5000,1048,RD_Radio26,hdtf_visomaster_teams,0.002740467612170648
P8A_step5000,1049,RD_Radio30,hdtf_visomaster_teams,-0.010330048557145867
P8A_step5000,1050,WDA_AmyKlobuchar1,hdtf_visomaster_teams,0.0005401820906429404
P8A_step5000,1051,WDA_BobCasey1,hdtf_visomaster_teams,-0.003225161315149344
P8A_step5000,1052,WDA_CarolynMaloney1,hdtf_visomaster_teams,-0.00412368367888141
P8A_step5000,1053,WDA_HaleyStevens,hdtf_visomaster_teams,-0.002684783681887414
P8A_step5000,1054,WDA_MarkWarner2,hdtf_visomaster_teams,0.0018182863764237202
P8A_step5000,1055,WDA_MattCartwright,hdtf_visomaster_teams,0.013657158770437525
P8A_step5000,1056,WDA_MichelleObama,hdtf_visomaster_teams,0.025242614919471378
P8A_step5000,1057,WDA_TerriSewell1,hdtf_visomaster_teams,0.00589803744583747
P8A_step5000,1058,WRA_AnnWagner,hdtf_visomaster_teams,0.005484151642102366
P8A_step5000,1059,RD_Radio35,hdtf_visomaster_teams,-0.003071448940042535
P8A_step5000,1060,WDA_AdamSchiff,hdtf_visomaster_teams,0.017469716435217258
P8A_step5000,1061,WDA_BobbyScott,hdtf_visomaster_teams,-0.0014903424501670642
P8A_step5000,1062,WDA_DianaDeGette1,hdtf_visomaster_teams,-0.014676735249902833
P8A_step5000,1063,WDA_RaulRuiz,hdtf_visomaster_teams,-0.0029580039911686136
P8A_step5000,1064,WDA_SeanPatrickMaloney,hdtf_visomaster_teams,-0.001980180779911931
P8A_step5000,1065,WDA_TammyBaldwin0,hdtf_visomaster_teams,0.020694842244312586
P8A_step5000,1066,WDA_VeronicaEscobar0,hdtf_visomaster_teams,-0.004658227037959638
P8A_step5000,1067,WRA_JaimeHerreraBeutler0,hdtf_visomaster_teams,-0.014865798673653407
P8A_step5000,1068,WRA_KristiNoem2,hdtf_visomaster_teams,0.0010537089658261148
P8A_step5000,1069,WRA_PaulRyan0,hdtf_visomaster_teams,0.002685857637274802
P8A_step5000,1070,WRA_RandPaul1,hdtf_visomaster_teams,-0.009572334326388755
P8A_step5000,1071,RD_Radio10,hdtf_visomaster_teams,-0.0056379916123715365
P8A_step5000,1072,RD_Radio18,hdtf_visomaster_teams,-0.006542638342302782
P8A_step5000,1073,RD_Radio25,hdtf_visomaster_teams,-0.007497436937527811
P8A_step5000,1074,RD_Radio34,hdtf_visomaster_teams,0.0031404227619012703
P8A_step5000,1075,WDA_BenCardin1,hdtf_visomaster_teams,-0.010057986211904098
P8A_step5000,1076,WDA_JamesClyburn1,hdtf_visomaster_teams,0.010883894697062557
P8A_step5000,1077,WDA_SherrodBrown0,hdtf_visomaster_teams,-0.006675191012841412
P8A_step5000,1078,WDA_StephanieMurphy,hdtf_visomaster_teams,-0.005279886889667674
P8A_step5000,1079,WDA_TomCarper,hdtf_visomaster_teams,0.0024463390571374047
P8A_step5000,1080,WRA_AustinScott2,hdtf_visomaster_teams,-0.0038138887821492903
P8A_step5000,1081,WRA_KristiNoem0,hdtf_visomaster_teams,0.00186319763937499
P8A_step5000,1082,WRA_ToddYoung,hdtf_visomaster_teams,-0.006107988997767104
P8A_step5000,1083,WDA_AdamSmith,hdtf_visomaster_teams,0.004937015851954697
P8A_step5000,1084,WDA_DebbieDingell0,hdtf_visomaster_teams,0.0036464329320776406
P8A_step5000,1085,WDA_DickDurbin,hdtf_visomaster_teams,-0.0014270828107651708
P8A_step5000,1086,WDA_JackReed0,hdtf_visomaster_teams,-0.010450895574861419
P8A_step5000,1087,WDA_MaggieHassan,hdtf_visomaster_teams,-0.020057339469967326
P8A_step5000,1088,WDA_PattyMurray0,hdtf_visomaster_teams,0.007944136741689329
P8A_step5000,1089,WDA_SeanCasten,hdtf_visomaster_teams,0.007286415357979664
P8A_step5000,1090,WRA_JohnThune,hdtf_visomaster_teams,0.0002537331667262239
P8A_step5000,1091,WRA_LisaMurkowski0,hdtf_visomaster_teams,0.0029410543539114893
P8A_step5000,1092,WRA_SteveScalise0,hdtf_visomaster_teams,-0.012949457834835481
P8A_step5000,1093,WRA_TimScott,hdtf_visomaster_teams,-0.009055152162325405
P8A_step5000,1094,322,quickclips_visomaster_teams,0.010782861812825366
P8A_step5000,1095,3265,quickclips_visomaster_teams,-0.002443253935036282
P8A_step5000,1096,3741,quickclips_visomaster_teams,-0.007969505465310712
P8A_step5000,1097,4109,quickclips_visomaster_teams,0.001029961776292364
P8A_step5000,1098,4308,quickclips_visomaster_teams,0.009237461203279248
P8A_step5000,1099,5328,quickclips_visomaster_teams,0.005532066260324789
P8A_step5000,1100,5865,quickclips_visomaster_teams,-0.022490605789800163
P8A_step5000,1101,7504,quickclips_visomaster_teams,0.002653651740993235
P8A_step5000,1102,7866,quickclips_visomaster_teams,-7.398060497837596e-05
P8A_step5000,1103,7989,quickclips_visomaster_teams,0.0030941583259200996
P8A_step5000,1104,1066,quickclips_visomaster_teams,0.005401256362606498
P8A_step5000,1105,1259,quickclips_visomaster_teams,-0.01328670187156824
P8A_step5000,1106,1758,quickclips_visomaster_teams,-0.00016591900138885392
P8A_step5000,1107,4072,quickclips_visomaster_teams,-0.0037586707468752227
P8A_step5000,1108,4736,quickclips_visomaster_teams,0.001656534191330886
P8A_step5000,1109,6051,quickclips_visomaster_teams,0.014285278563727487
P8A_step5000,1110,6468,quickclips_visomaster_teams,-0.0009544740864245961
P8A_step5000,1111,7276,quickclips_visomaster_teams,-0.001433063228051056
P8A_step5000,1112,9400,quickclips_visomaster_teams,0.007887409210057907
P8A_step5000,1113,9402,quickclips_visomaster_teams,-0.0015713740511608476
P8A_step5000,1114,1078,quickclips_visomaster_teams,0.01688157929100741
P8A_step5000,1115,1187,quickclips_visomaster_teams,-0.006410289283955049
P8A_step5000,1116,2319,quickclips_visomaster_teams,0.019540654980819958
P8A_step5000,1117,2354,quickclips_visomaster_teams,-0.019789335012460465
P8A_step5000,1118,2586,quickclips_visomaster_teams,0.002378732269126678
P8A_step5000,1119,3304,quickclips_visomaster_teams,0.004742981039210208
P8A_step5000,1120,3826,quickclips_visomaster_teams,-0.0033537315055409693
P8A_step5000,1121,7601,quickclips_visomaster_teams,0.0011624968628817494
P8A_step5000,1122,8137,quickclips_visomaster_teams,0.0033467061693888416
P8A_step5000,1123,8200,quickclips_visomaster_teams,-0.0009235927053114316
P8A_step5000,1124,1981,quickclips_visomaster_teams,-0.003434354516436107
P8A_step5000,1125,2582,quickclips_visomaster_teams,-0.0006463071749756057
P8A_step5000,1126,41,quickclips_visomaster_teams,0.004210049877030308
P8A_step5000,1127,4209,quickclips_visomaster_teams,-0.004153245874783146
P8A_step5000,1128,6406,quickclips_visomaster_teams,-0.029891432673069644
P8A_step5000,1129,647,quickclips_visomaster_teams,0.013117357376039
P8A_step5000,1130,7035,quickclips_visomaster_teams,-0.0012088859688276165
P8A_step5000,1131,8982,quickclips_visomaster_teams,0.00012386604513733857
P8A_step5000,1132,unknown_gSq1CUXNUN4,quickclips_visomaster_teams,0.01549247825990811
P8A_step5000,1133,1262,quickclips_visomaster_teams,-0.010012088132221257
P8A_step5000,1134,1728,quickclips_visomaster_teams,0.014587361693265383
P8A_step5000,1135,2197,quickclips_visomaster_teams,-0.008215086351194867
P8A_step5000,1136,5225,quickclips_visomaster_teams,0.009360134897595511
P8A_step5000,1137,5562,quickclips_visomaster_teams,0.012827568811376713
P8A_step5000,1138,5664,quickclips_visomaster_teams,0.02457491346673055
P8A_step5000,1139,7926,quickclips_visomaster_teams,0.03506537367550076
P8A_step5000,1140,7948,quickclips_visomaster_teams,-0.010490642682481977
P8A_step5000,1141,8816,quickclips_visomaster_teams,0.0011406648948871483
P8A_step5000,1142,129,quickclips_visomaster_teams,0.017784708104894725
P8A_step5000,1143,3718,quickclips_visomaster_teams,0.0015943462299230016
P8A_step5000,1144,4610,quickclips_visomaster_teams,0.006522278798450037
P8A_step5000,1145,4639,quickclips_visomaster_teams,-0.0010246910836505486
P8A_step5000,1146,488,quickclips_visomaster_teams,-0.004076625206638989
P8A_step5000,1147,5258,quickclips_visomaster_teams,0.015627993668370973
P8A_step5000,1148,5434,quickclips_visomaster_teams,0.0019666652990483636
P8A_step5000,1149,7216,quickclips_visomaster_teams,0.0045742141027021
P8A_step5000,1150,8701,quickclips_visomaster_teams,0.004570081685401954
P8A_step5000,1151,183,quickclips_visomaster_teams,-0.016075182855498134
P8A_step5000,1152,2156,quickclips_visomaster_teams,0.00968192884579651
P8A_step5000,1153,2322,quickclips_visomaster_teams,-0.0057626948425919125
P8A_step5000,1154,4892,quickclips_visomaster_teams,0.00041758533129066574
P8A_step5000,1155,6025,quickclips_visomaster_teams,-0.006399999320934319
P8A_step5000,1156,unknown_fvRDBpEliEU,quickclips_visomaster_teams,0.006208862703201789
P8A_step5000,1157,unknown_n82ncUKxIqA,quickclips_visomaster_teams,0.0019126820612426097
P8A_step5000,1158,183,quickclips_visomaster_teams,-0.007676889983353571
P8A_step5000,1159,2156,quickclips_visomaster_teams,0.013772367149427889
P8A_step5000,1160,2322,quickclips_visomaster_teams,-0.005413300852737186
P8A_step5000,1161,4892,quickclips_visomaster_teams,-0.005945694996238058
P8A_step5000,1162,6025,quickclips_visomaster_teams,-0.0013999472910559614
P8A_step5000,1163,unknown_fvRDBpEliEU,quickclips_visomaster_teams,-0.003243133061565596
P8A_step5000,1164,unknown_n82ncUKxIqA,quickclips_visomaster_teams,0.0011260499050757189
P8A_step5000,1165,322,quickclips_visomaster_teams,0.013596855723603389
P8A_step5000,1166,3265,quickclips_visomaster_teams,-0.00025313594485753925
P8A_step5000,1167,4109,quickclips_visomaster_teams,-0.011319404032277913
P8A_step5000,1168,4308,quickclips_visomaster_teams,0.00320503976854867
P8A_step5000,1169,5328,quickclips_visomaster_teams,0.02917485872878201
P8A_step5000,1170,5865,quickclips_visomaster_teams,-0.0251575812803983
P8A_step5000,1171,7504,quickclips_visomaster_teams,-0.015205484255245882
P8A_step5000,1172,7866,quickclips_visomaster_teams,0.0007648753698926607
P8A_step5000,1173,7989,quickclips_visomaster_teams,0.00759215956960539
P8A_step5000,1174,1066,quickclips_visomaster_teams,0.0005257295682453496
P8A_step5000,1175,1259,quickclips_visomaster_teams,-0.0072916181040976824
P8A_step5000,1176,4072,quickclips_visomaster_teams,0.0027451505099385953
P8A_step5000,1177,4736,quickclips_visomaster_teams,-0.000737746785318439
P8A_step5000,1178,6051,quickclips_visomaster_teams,0.00933198814842155
P8A_step5000,1179,6468,quickclips_visomaster_teams,0.001313436228146146
P8A_step5000,1180,7276,quickclips_visomaster_teams,-0.005127769298822454
P8A_step5000,1181,9400,quickclips_visomaster_teams,0.012865441215606479
P8A_step5000,1182,9402,quickclips_visomaster_teams,0.0013084810341217447
P8A_step5000,1183,1078,quickclips_visomaster_teams,0.008676655604585491
P8A_step5000,1184,1187,quickclips_visomaster_teams,-0.021113148454386138
P8A_step5000,1185,2319,quickclips_visomaster_teams,0.010752946008421256
P8A_step5000,1186,2354,quickclips_visomaster_teams,-0.006480165555178313
P8A_step5000,1187,2586,quickclips_visomaster_teams,-0.0009897897233893498
P8A_step5000,1188,3304,quickclips_visomaster_teams,0.009024351350463613
P8A_step5000,1189,3741,quickclips_visomaster_teams,-0.010559155876590301
P8A_step5000,1190,3826,quickclips_visomaster_teams,-0.004414493872591265
P8A_step5000,1191,7601,quickclips_visomaster_teams,-0.010076818833814704
P8A_step5000,1192,8137,quickclips_visomaster_teams,0.014991425365964348
P8A_step5000,1193,1981,quickclips_visomaster_teams,0.0055421499625775365
P8A_step5000,1194,2582,quickclips_visomaster_teams,0.005039812655715955
P8A_step5000,1195,41,quickclips_visomaster_teams,0.003851885250545346
P8A_step5000,1196,4209,quickclips_visomaster_teams,-0.0038887456423764106
P8A_step5000,1197,6406,quickclips_visomaster_teams,-0.01417030185993174
P8A_step5000,1198,647,quickclips_visomaster_teams,0.006688065040141434
P8A_step5000,1199,7035,quickclips_visomaster_teams,-0.00448110880893692
P8A_step5000,1200,8982,quickclips_visomaster_teams,0.006508200197060374
P8A_step5000,1201,9325,quickclips_visomaster_teams,0.036189294438403845
P8A_step5000,1202,unknown_gSq1CUXNUN4,quickclips_visomaster_teams,-0.009585970557036931
P8A_step5000,1203,1262,quickclips_visomaster_teams,-0.010762184613602947
P8A_step5000,1204,1728,quickclips_visomaster_teams,0.013710351385543362
P8A_step5000,1205,2197,quickclips_visomaster_teams,-0.000539536403873681
P8A_step5000,1206,5225,quickclips_visomaster_teams,0.01196806098836543
P8A_step5000,1207,5562,quickclips_visomaster_teams,0.012593616700676415
P8A_step5000,1208,5664,quickclips_visomaster_teams,-0.0057873668780769
P8A_step5000,1209,7926,quickclips_visomaster_teams,-0.005019319280427189
P8A_step5000,1210,7948,quickclips_visomaster_teams,0.0004730923812268587
P8A_step5000,1211,8200,quickclips_visomaster_teams,-0.008907993395427386
P8A_step5000,1212,8816,quickclips_visomaster_teams,-0.01428086787076255
P8A_step5000,1213,129,quickclips_visomaster_teams,0.01236410334531327
P8A_step5000,1214,3718,quickclips_visomaster_teams,0.009074100884158266
P8A_step5000,1215,4610,quickclips_visomaster_teams,0.0057747415583315215
P8A_step5000,1216,4639,quickclips_visomaster_teams,0.0008252117771099295
P8A_step5000,1217,488,quickclips_visomaster_teams,-0.007307257313195388
P8A_step5000,1218,5258,quickclips_visomaster_teams,0.007927084549136404
P8A_step5000,1219,5434,quickclips_visomaster_teams,0.001241887528338036
P8A_step5000,1220,7216,quickclips_visomaster_teams,0.0004058954866829369
P8A_step5000,1221,8701,quickclips_visomaster_teams,0.0015163674463438718
P8A_step5000,1222,1805,quickclips_visomaster_teams,-0.00180653273926439
P8A_step5000,1223,182,quickclips_visomaster_teams,-0.0015441974050817782
P8A_step5000,1224,1857,quickclips_visomaster_teams,0.010796983091247967
P8A_step5000,1225,2738,quickclips_visomaster_teams,-0.0037075178184660354
P8A_step5000,1226,4355,quickclips_visomaster_teams,0.015045378483588901
P8A_step5000,1227,4393,quickclips_visomaster_teams,-0.0066180057614623035
P8A_step5000,1228,5278,quickclips_visomaster_teams,-0.03376795323098675
P8A_step5000,1229,7629,quickclips_visomaster_teams,-0.03508905069634349
P8A_step5000,1230,7807,quickclips_visomaster_teams,0.011862832844808515
P8A_step5000,1231,7855,quickclips_visomaster_teams,0.00397479081692633
P8A_step5000,1232,1417,quickclips_visomaster_teams,0.012463401025728627
P8A_step5000,1233,1711,quickclips_visomaster_teams,0.005800897808649468
P8A_step5000,1234,350,quickclips_visomaster_teams,0.00565865579870425
P8A_step5000,1235,5164,quickclips_visomaster_teams,0.009775642487257211
P8A_step5000,1236,598,quickclips_visomaster_teams,-0.0018200251887070702
P8A_step5000,1237,6840,quickclips_visomaster_teams,0.0037474434448982762
P8A_step5000,1238,7412,quickclips_visomaster_teams,-0.002172822714163339
P8A_step5000,1239,7816,quickclips_visomaster_teams,-0.00510344881585474
P8A_step5000,1240,7913,quickclips_visomaster_teams,0.007876712568801588
P8A_step5000,1241,unknown_EimALxvXMQ0,quickclips_visomaster_teams,0.004836271570620741
P8A_step5000,1242,1758,quickclips_visomaster_teams,0.0008241969908547262
P8A_step5000,1243,195,quickclips_visomaster_teams,0.005335719175400527
P8A_step5000,1244,2449,quickclips_visomaster_teams,-0.011341435981750036
P8A_step5000,1245,5707,quickclips_visomaster_teams,0.008526564293422616
P8A_step5000,1246,5778,quickclips_visomaster_teams,0.010601932371430478
P8A_step5000,1247,6038,quickclips_visomaster_teams,-0.0012222501223277263
P8A_step5000,1248,6598,quickclips_visomaster_teams,0.015683977508154593
P8A_step5000,1249,81,quickclips_visomaster_teams,-0.004969376547873968
P8A_step5000,1250,9384,quickclips_visomaster_teams,-0.04740872979297085
P8A_step5000,1251,9398,quickclips_visomaster_teams,-0.0013208631388323387
P8A_step5000,1252,1057,quickclips_visomaster_teams,-0.0046539166538086965
P8A_step5000,1253,1366,quickclips_visomaster_teams,0.004210107862440519
P8A_step5000,1254,3052,quickclips_visomaster_teams,-0.0022191487912156657
P8A_step5000,1255,3719,quickclips_visomaster_teams,0.004973412981705066
P8A_step5000,1256,5247,quickclips_visomaster_teams,0.002977856804837277
P8A_step5000,1257,7316,quickclips_visomaster_teams,-0.006177498288389082
P8A_step5000,1258,7910,quickclips_visomaster_teams,0.001286128850931421
P8A_step5000,1259,8230,quickclips_visomaster_teams,0.0047721265141620435
P8A_step5000,1260,1662,quickclips_visomaster_teams,0.002310824084545838
P8A_step5000,1261,2050,quickclips_visomaster_teams,0.006838219329157735
P8A_step5000,1262,2606,quickclips_visomaster_teams,0.029653038878631452
P8A_step5000,1263,5614,quickclips_visomaster_teams,0.03639530425046429
P8A_step5000,1264,5737,quickclips_visomaster_teams,-0.011371492771406904
P8A_step5000,1265,6461,quickclips_visomaster_teams,0.0036706689371624563
P8A_step5000,1266,6476,quickclips_visomaster_teams,0.012240482505618749
P8A_step5000,1267,6844,quickclips_visomaster_teams,-0.012945074585243114
P8A_step5000,1268,8176,quickclips_visomaster_teams,-0.010265538563218782
P8A_step5000,1269,1513,quickclips_visomaster_teams,0.007424026474721181
P8A_step5000,1270,1607,quickclips_visomaster_teams,-0.006544825883388943
P8A_step5000,1271,2198,quickclips_visomaster_teams,-0.011391032707657164
P8A_step5000,1272,3951,quickclips_visomaster_teams,-0.0072618405700037025
P8A_step5000,1273,4068,quickclips_visomaster_teams,0.0010084067895926607
P8A_step5000,1274,4090,quickclips_visomaster_teams,0.0043460458979402644
P8A_step5000,1275,4754,quickclips_visomaster_teams,0.0072176279959938515
P8A_step5000,1276,6842,quickclips_visomaster_teams,0.02044117973389447
P8A_step5000,1277,6868,quickclips_visomaster_teams,0.017908203552916672
P8A_step5000,1278,1426,quickclips_visomaster_teams,0.005682095114125237
P8A_step5000,1279,1733,quickclips_visomaster_teams,0.0018134518617048054
P8A_step5000,1280,2133,quickclips_visomaster_teams,0.015892080872494635
P8A_step5000,1281,2884,quickclips_visomaster_teams,-0.0030148158062931266
P8A_step5000,1282,415,quickclips_visomaster_teams,-0.0033067996337675116
P8A_step5000,1283,4934,quickclips_visomaster_teams,-0.018554189141238447
P8A_step5000,1284,6259,quickclips_visomaster_teams,0.021457131176826127
P8A_step5000,1285,786,quickclips_visomaster_teams,-0.002207397753506637
P8A_step5000,1286,1426,quickclips_visomaster_teams,0.0006676325806839587
P8A_step5000,1287,156,quickclips_visomaster_teams,-0.01538784099640026
P8A_step5000,1288,1733,quickclips_visomaster_teams,0.002226925053768233
P8A_step5000,1289,2133,quickclips_visomaster_teams,0.007211937342487047
P8A_step5000,1290,2884,quickclips_visomaster_teams,-0.0036822311916347742
P8A_step5000,1291,415,quickclips_visomaster_teams,0.005726071213184285
P8A_step5000,1292,4934,quickclips_visomaster_teams,-0.0009175446208115959
P8A_step5000,1293,6259,quickclips_visomaster_teams,0.028879233692217142
P8A_step5000,1294,786,quickclips_visomaster_teams,0.000442719314900798
P8A_step5000,1295,1805,quickclips_visomaster_teams,-0.0031140262605070883
P8A_step5000,1296,182,quickclips_visomaster_teams,0.0007895205062016125
P8A_step5000,1297,1857,quickclips_visomaster_teams,0.0030193394350457483
P8A_step5000,1298,2738,quickclips_visomaster_teams,-0.005460620851903739
P8A_step5000,1299,4393,quickclips_visomaster_teams,-0.007553523058784323
P8A_step5000,1300,5278,quickclips_visomaster_teams,-0.014855744421663538
P8A_step5000,1301,7629,quickclips_visomaster_teams,-0.030375282537410075
P8A_step5000,1302,7807,quickclips_visomaster_teams,0.02943705377372826
P8A_step5000,1303,7855,quickclips_visomaster_teams,6.811018729488893e-05
P8A_step5000,1304,1711,quickclips_visomaster_teams,0.007327602403444946
P8A_step5000,1305,350,quickclips_visomaster_teams,0.006886705721789628
P8A_step5000,1306,5164,quickclips_visomaster_teams,0.01670872502321603
P8A_step5000,1307,598,quickclips_visomaster_teams,0.03596056709052121
P8A_step5000,1308,6840,quickclips_visomaster_teams,0.013679494901258579
P8A_step5000,1309,7412,quickclips_visomaster_teams,0.014442712767311763
P8A_step5000,1310,7816,quickclips_visomaster_teams,-0.012120547569844528
P8A_step5000,1311,7913,quickclips_visomaster_teams,0.007434643347388647
P8A_step5000,1312,unknown_EimALxvXMQ0,quickclips_visomaster_teams,0.0017686875192241347
P8A_step5000,1313,195,quickclips_visomaster_teams,0.005426499048183322
P8A_step5000,1314,2449,quickclips_visomaster_teams,-0.010889267699293262
P8A_step5000,1315,4355,quickclips_visomaster_teams,0.01749540768611054
P8A_step5000,1316,5707,quickclips_visomaster_teams,-0.0018436859241284373
P8A_step5000,1317,5778,quickclips_visomaster_teams,-0.004933983871766685
P8A_step5000,1318,6038,quickclips_visomaster_teams,-0.0011725141035890604
P8A_step5000,1319,6598,quickclips_visomaster_teams,0.013537895498000694
P8A_step5000,1320,81,quickclips_visomaster_teams,-0.0036556148650121827
P8A_step5000,1321,9384,quickclips_visomaster_teams,-0.04147867992345336
P8A_step5000,1322,9398,quickclips_visomaster_teams,0.000690359286350707
P8A_step5000,1323,1057,quickclips_visomaster_teams,-0.0067905309132860435
P8A_step5000,1324,1366,quickclips_visomaster_teams,0.013205374557657773
P8A_step5000,1325,1417,quickclips_visomaster_teams,-0.0028177180905267843
P8A_step5000,1326,3052,quickclips_visomaster_teams,-0.00784288954791974
P8A_step5000,1327,3719,quickclips_visomaster_teams,0.005613607325192317
P8A_step5000,1328,5247,quickclips_visomaster_teams,0.0029839621620665075
P8A_step5000,1329,7316,quickclips_visomaster_teams,-0.0100154528598977
P8A_step5000,1330,7910,quickclips_visomaster_teams,-0.004292089840896922
P8A_step5000,1331,8230,quickclips_visomaster_teams,0.00783855194603641
P8A_step5000,1332,1662,quickclips_visomaster_teams,0.013223716002670973
P8A_step5000,1333,2050,quickclips_visomaster_teams,0.004938425560021225
P8A_step5000,1334,2606,quickclips_visomaster_teams,0.02662496004976114
P8A_step5000,1335,5614,quickclips_visomaster_teams,0.03604411058927294
P8A_step5000,1336,5737,quickclips_visomaster_teams,-0.008426275194766986
P8A_step5000,1337,6461,quickclips_visomaster_teams,9.005685040777939e-05
P8A_step5000,1338,6476,quickclips_visomaster_teams,0.005198562849342824
P8A_step5000,1339,6844,quickclips_visomaster_teams,-0.0025498288649776282
P8A_step5000,1340,8176,quickclips_visomaster_teams,-0.001591909114683777
P8A_step5000,1341,9325,quickclips_visomaster_teams,0.0015470737185806077
P8A_step5000,1342,1513,quickclips_visomaster_teams,0.018135216378171344
P8A_step5000,1343,1607,quickclips_visomaster_teams,-0.007890001312131033
P8A_step5000,1344,2198,quickclips_visomaster_teams,-0.0030638144642659007
P8A_step5000,1345,3951,quickclips_visomaster_teams,-0.01078827319410373
P8A_step5000,1346,4068,quickclips_visomaster_teams,0.006212934341147559
P8A_step5000,1347,4090,quickclips_visomaster_teams,-0.010057905499211631
P8A_step5000,1348,4754,quickclips_visomaster_teams,0.013811616320523638
P8A_step5000,1349,6842,quickclips_visomaster_teams,0.022544155081459794
P8A_step5000,1350,6868,quickclips_visomaster_teams,0.019884816294988533
P8A_step5000,1351,2295,quickclips_visomaster_teams,0.026890684490733993
P8A_step5000,1352,2580,quickclips_visomaster_teams,0.0026528429406565105
P8A_step5000,1353,5379,quickclips_visomaster_teams,-0.010298064594567589
P8A_step5000,1354,5495,quickclips_visomaster_teams,0.008521302702870263
P8A_step5000,1355,6218,quickclips_visomaster_teams,-0.021677505280349983
P8A_step5000,1356,6725,quickclips_visomaster_teams,-0.01658363784521478
P8A_step5000,1357,6731,quickclips_visomaster_teams,0.012681846021376349
P8A_step5000,1358,8460,quickclips_visomaster_teams,0.0025953155815799933
P8A_step5000,1359,unknown_iow5V3Qlvwo,quickclips_visomaster_teams,0.0012877177465634407
P8A_step5000,1360,1949,quickclips_visomaster_teams,0.008590469972753914
P8A_step5000,1361,2827,quickclips_visomaster_teams,0.012572740202501757
P8A_step5000,1362,5634,quickclips_visomaster_teams,-0.004732874585427697
P8A_step5000,1363,6200,quickclips_visomaster_teams,0.0024493908511980895
P8A_step5000,1364,6250,quickclips_visomaster_teams,-0.0052742042626070015
P8A_step5000,1365,8064,quickclips_visomaster_teams,0.012616671791980253
P8A_step5000,1366,8278,quickclips_visomaster_teams,0.01037652536869925
P8A_step5000,1367,8753,quickclips_visomaster_teams,-0.004937107240148361
P8A_step5000,1368,unknown_VAPgP3ONJVo,quickclips_visomaster_teams,-0.003873376043146721
P8A_step5000,1369,1554,quickclips_visomaster_teams,-0.002173064412192978
P8A_step5000,1370,1916,quickclips_visomaster_teams,-0.0073517899393628966
P8A_step5000,1371,2004,quickclips_visomaster_teams,0.00017330730292371903
P8A_step5000,1372,5176,quickclips_visomaster_teams,0.004784693683297153
P8A_step5000,1373,5270,quickclips_visomaster_teams,0.009069205555957494
P8A_step5000,1374,5370,quickclips_visomaster_teams,0.005005411333685723
P8A_step5000,1375,5731,quickclips_visomaster_teams,-0.004661405723582504
P8A_step5000,1376,6378,quickclips_visomaster_teams,-0.021535700233695602
P8A_step5000,1377,2153,quickclips_visomaster_teams,0.006742455800892182
P8A_step5000,1378,3209,quickclips_visomaster_teams,0.007933858864633787
P8A_step5000,1379,4846,quickclips_visomaster_teams,0.003676119968157681
P8A_step5000,1380,5179,quickclips_visomaster_teams,-0.012892725699007478
P8A_step5000,1381,5233,quickclips_visomaster_teams,0.013588117815282626
P8A_step5000,1382,563,quickclips_visomaster_teams,0.018050454942691554
P8A_step5000,1383,5784,quickclips_visomaster_teams,0.0075683325610845596
P8A_step5000,1384,7333,quickclips_visomaster_teams,-0.0070040725332904665
P8A_step5000,1385,8285,quickclips_visomaster_teams,0.004011986046089903
P8A_step5000,1386,1164,quickclips_visomaster_teams,-0.011504630056945242
P8A_step5000,1387,164,quickclips_visomaster_teams,-0.010415303611978701
P8A_step5000,1388,1902,quickclips_visomaster_teams,-0.00477970498488453
P8A_step5000,1389,3433,quickclips_visomaster_teams,-0.0003280435074665981
P8A_step5000,1390,4438,quickclips_visomaster_teams,0.0006718291410103983
P8A_step5000,1391,7764,quickclips_visomaster_teams,0.0035664231238633796
P8A_step5000,1392,7772,quickclips_visomaster_teams,-0.00481499630905673
P8A_step5000,1393,8617,quickclips_visomaster_teams,0.0027097954597896604
P8A_step5000,1394,1647,quickclips_visomaster_teams,0.0018268537850454217
P8A_step5000,1395,1699,quickclips_visomaster_teams,0.0008127899270271661
P8A_step5000,1396,181,quickclips_visomaster_teams,1.873999913875224e-05
P8A_step5000,1397,2633,quickclips_visomaster_teams,0.006145079206720906
P8A_step5000,1398,5071,quickclips_visomaster_teams,0.0023867423136934808
P8A_step5000,1399,530,quickclips_visomaster_teams,-0.0016285146770440694
P8A_step5000,1400,5354,quickclips_visomaster_teams,0.0011938894205030135
P8A_step5000,1401,684,quickclips_visomaster_teams,-0.0033769726737005075
P8A_step5000,1402,7780,quickclips_visomaster_teams,0.004184439711425987
P8A_step5000,1403,4722,quickclips_visomaster_teams,0.0039614220677133445
P8A_step5000,1404,5581,quickclips_visomaster_teams,0.009024792173003544
P8A_step5000,1405,5827,quickclips_visomaster_teams,-0.008554508795654012
P8A_step5000,1406,6009,quickclips_visomaster_teams,0.04568630588194814
P8A_step5000,1407,6819,quickclips_visomaster_teams,-0.0016695184655914084
P8A_step5000,1408,7425,quickclips_visomaster_teams,-0.004004929840834954
P8A_step5000,1409,7522,quickclips_visomaster_teams,0.0074523929689414205
P8A_step5000,1410,7605,quickclips_visomaster_teams,-0.019118048462349033
P8A_step5000,1411,8206,quickclips_visomaster_teams,0.0005953841526460234
P8A_step5000,1412,2051,quickclips_visomaster_teams,0.013364199201468334
P8A_step5000,1413,4722,quickclips_visomaster_teams,-0.004228228919445216
P8A_step5000,1414,5827,quickclips_visomaster_teams,-0.015125038025029024
P8A_step5000,1415,6009,quickclips_visomaster_teams,0.01710872837319949
P8A_step5000,1416,6819,quickclips_visomaster_teams,0.03304347083365324
P8A_step5000,1417,7425,quickclips_visomaster_teams,-0.013705824274374806
P8A_step5000,1418,7522,quickclips_visomaster_teams,0.006849701044226627
P8A_step5000,1419,7605,quickclips_visomaster_teams,-0.010326607870869208
P8A_step5000,1420,8206,quickclips_visomaster_teams,-0.010821296645011396
P8A_step5000,1421,2295,quickclips_visomaster_teams,0.0304053365134122
P8A_step5000,1422,2580,quickclips_visomaster_teams,-0.0072502135336594015
P8A_step5000,1423,5379,quickclips_visomaster_teams,-0.00894337582237258
P8A_step5000,1424,5495,quickclips_visomaster_teams,0.003859239133026361
P8A_step5000,1425,5581,quickclips_visomaster_teams,0.022482434649595914
P8A_step5000,1426,6218,quickclips_visomaster_teams,-0.014917900600553851
P8A_step5000,1427,6725,quickclips_visomaster_teams,-0.016250536891295728
P8A_step5000,1428,6731,quickclips_visomaster_teams,0.0036321431665965504
P8A_step5000,1429,8460,quickclips_visomaster_teams,-0.00467619219185575
P8A_step5000,1430,unknown_iow5V3Qlvwo,quickclips_visomaster_teams,0.015789959486920482
P8A_step5000,1431,1949,quickclips_visomaster_teams,0.0013962331697501785
P8A_step5000,1432,2827,quickclips_visomaster_teams,0.009101935450461982
P8A_step5000,1433,5634,quickclips_visomaster_teams,-0.003679792894041055
P8A_step5000,1434,6200,quickclips_visomaster_teams,0.0018084236469723474
P8A_step5000,1435,6250,quickclips_visomaster_teams,0.00014258856137627177
P8A_step5000,1436,8064,quickclips_visomaster_teams,0.001765456591078207
P8A_step5000,1437,8278,quickclips_visomaster_teams,0.0106713857350915
P8A_step5000,1438,8753,quickclips_visomaster_teams,0.014314673171968401
P8A_step5000,1439,unknown_VAPgP3ONJVo,quickclips_visomaster_teams,0.0012915416879865616
P8A_step5000,1440,1554,quickclips_visomaster_teams,0.001063753420696536
P8A_step5000,1441,2004,quickclips_visomaster_teams,0.0012336189032462431
P8A_step5000,1442,5176,quickclips_visomaster_teams,-0.0008588926609607828
P8A_step5000,1443,5270,quickclips_visomaster_teams,0.01080662412133291
P8A_step5000,1444,5370,quickclips_visomaster_teams,0.0068649123830493725
P8A_step5000,1445,5731,quickclips_visomaster_teams,-0.005769462418318275
P8A_step5000,1446,6378,quickclips_visomaster_teams,-0.01990040000751729
P8A_step5000,1447,unknown_SS14c1PW_90,quickclips_visomaster_teams,-0.003853718087733856
P8A_step5000,1448,2153,quickclips_visomaster_teams,0.005492489548537887
P8A_step5000,1449,3209,quickclips_visomaster_teams,0.0010642676421972808
P8A_step5000,1450,4846,quickclips_visomaster_teams,0.007577806897991519
P8A_step5000,1451,5179,quickclips_visomaster_teams,-0.006305623935287439
P8A_step5000,1452,5233,quickclips_visomaster_teams,0.009498507000856582
P8A_step5000,1453,563,quickclips_visomaster_teams,0.028454530931689453
P8A_step5000,1454,5784,quickclips_visomaster_teams,0.0037267916850527343
P8A_step5000,1455,7333,quickclips_visomaster_teams,-0.015074817654427287
P8A_step5000,1456,8285,quickclips_visomaster_teams,0.008806978840737202
P8A_step5000,1457,1164,quickclips_visomaster_teams,-0.016684695406706695
P8A_step5000,1458,164,quickclips_visomaster_teams,-0.01864985504996332
P8A_step5000,1459,3433,quickclips_visomaster_teams,0.00814783953914406
P8A_step5000,1460,4438,quickclips_visomaster_teams,-0.006566227260164717
P8A_step5000,1461,5459,quickclips_visomaster_teams,0.012780094446826205
P8A_step5000,1462,7764,quickclips_visomaster_teams,0.010085755141557962
P8A_step5000,1463,7772,quickclips_visomaster_teams,-0.015635533360039575
P8A_step5000,1464,8617,quickclips_visomaster_teams,0.007619578308282925
P8A_step5000,1465,1647,quickclips_visomaster_teams,0.004546645762544963
P8A_step5000,1466,181,quickclips_visomaster_teams,0.019447661152267925
P8A_step5000,1467,2633,quickclips_visomaster_teams,0.008841973363638043
P8A_step5000,1468,5071,quickclips_visomaster_teams,0.05805442191242628
P8A_step5000,1469,530,quickclips_visomaster_teams,-0.0005434961327090999
P8A_step5000,1470,5354,quickclips_visomaster_teams,-0.0019019013343417293
P8A_step5000,1471,684,quickclips_visomaster_teams,0.010218366254930061
P8A_step5000,1472,7780,quickclips_visomaster_teams,0.00042110824946653934
P8A_step5000,1473,1900,quickclips_visomaster_teams,0.0044246080817319875
P8A_step5000,1474,1962,quickclips_visomaster_teams,0.025160965835496554
P8A_step5000,1475,3226,quickclips_visomaster_teams,-0.008441058144383173
P8A_step5000,1476,4219,quickclips_visomaster_teams,0.008492266881799248
P8A_step5000,1477,5584,quickclips_visomaster_teams,-0.01833189086400768
P8A_step5000,1478,5897,quickclips_visomaster_teams,0.002268641639112041
P8A_step5000,1479,8241,quickclips_visomaster_teams,0.025556928436891398
P8A_step5000,1480,9068,quickclips_visomaster_teams,-0.01254597922054033
P8A_step5000,1481,unknown_x1Efv_wF5LE,quickclips_visomaster_teams,-0.003389193841233771
P8A_step5000,1482,178,quickclips_visomaster_teams,-0.0016870306717082202
P8A_step5000,1483,2904,quickclips_visomaster_teams,-0.0065922940085394975
P8A_step5000,1484,3884,quickclips_visomaster_teams,0.0020980588305521547
P8A_step5000,1485,4368,quickclips_visomaster_teams,-0.014653783318800188
P8A_step5000,1486,4435,quickclips_visomaster_teams,0.0015392154053473677
P8A_step5000,1487,5093,quickclips_visomaster_teams,-0.004307394323211942
P8A_step5000,1488,6387,quickclips_visomaster_teams,0.00920996765461865
P8A_step5000,1489,7938,quickclips_visomaster_teams,0.015241807680679582
P8A_step5000,1490,8228,quickclips_visomaster_teams,0.0023402047534958593
P8A_step5000,1491,1064,quickclips_visomaster_teams,-0.011525051708030245
P8A_step5000,1492,1261,quickclips_visomaster_teams,0.001385731107984082
P8A_step5000,1493,2255,quickclips_visomaster_teams,0.011442337064234986
P8A_step5000,1494,4088,quickclips_visomaster_teams,0.006723732224245724
P8A_step5000,1495,4695,quickclips_visomaster_teams,0.008649393756957235
P8A_step5000,1496,6420,quickclips_visomaster_teams,0.0033286614933246135
P8A_step5000,1497,6521,quickclips_visomaster_teams,-0.0050697715038410165
P8A_step5000,1498,unknown_VSqUVGCrOhk,quickclips_visomaster_teams,0.0013533696176185688
P8A_step5000,1499,1212,quickclips_visomaster_teams,-0.00641055335155524
P8A_step5000,1500,1558,quickclips_visomaster_teams,-0.0046815116552226315
P8A_step5000,1501,3834,quickclips_visomaster_teams,0.000718020306663234
P8A_step5000,1502,4596,quickclips_visomaster_teams,-0.004125392609103596
P8A_step5000,1503,4978,quickclips_visomaster_teams,0.004180369154176387
P8A_step5000,1504,4985,quickclips_visomaster_teams,-0.006553555784179095
P8A_step5000,1505,5618,quickclips_visomaster_teams,0.011665220718388561
P8A_step5000,1506,6052,quickclips_visomaster_teams,-0.003983037004945928
P8A_step5000,1507,8242,quickclips_visomaster_teams,0.017903796298724333
P8A_step5000,1508,9202,quickclips_visomaster_teams,0.004592000935562318
P8A_step5000,1509,1860,quickclips_visomaster_teams,0.00013161272864337667
P8A_step5000,1510,2204,quickclips_visomaster_teams,-0.00042847011474030105
P8A_step5000,1511,4418,quickclips_visomaster_teams,-0.012800065627663303
P8A_step5000,1512,5792,quickclips_visomaster_teams,-0.0042734732589823216
P8A_step5000,1513,6278,quickclips_visomaster_teams,0.0008498672677230857
P8A_step5000,1514,8430,quickclips_visomaster_teams,0.00045969221195371265
P8A_step5000,1515,9089,quickclips_visomaster_teams,0.008083859391999675
P8A_step5000,1516,9345,quickclips_visomaster_teams,-0.007089074532514889
P8A_step5000,1517,9409,quickclips_visomaster_teams,-0.0011386698992843832
P8A_step5000,1518,unknown_3SNSZSaonnk,quickclips_visomaster_teams,-0.00968695157548036
P8A_step5000,1519,1199,quickclips_visomaster_teams,6.494254970995563e-05
P8A_step5000,1520,2273,quickclips_visomaster_teams,0.011054359339624197
P8A_step5000,1521,248,quickclips_visomaster_teams,-0.0020923746195594603
P8A_step5000,1522,280,quickclips_visomaster_teams,0.010451661629938623
P8A_step5000,1523,403,quickclips_visomaster_teams,0.002026914966965136
P8A_step5000,1524,6306,quickclips_visomaster_teams,-0.023223629940160806
P8A_step5000,1525,65,quickclips_visomaster_teams,0.006938301553956706
P8A_step5000,1526,9246,quickclips_visomaster_teams,-0.0030859745439900245
P8A_step5000,1527,170,quickclips_visomaster_teams,-0.009246297323640918
P8A_step5000,1528,4424,quickclips_visomaster_teams,0.013103124494866576
P8A_step5000,1529,4897,quickclips_visomaster_teams,-0.007796316937574424
P8A_step5000,1530,6817,quickclips_visomaster_teams,0.013253257045971998
P8A_step5000,1531,7799,quickclips_visomaster_teams,0.020653614183818295
P8A_step5000,1532,7981,quickclips_visomaster_teams,0.01674038029872623
P8A_step5000,1533,1185,quickclips_visomaster_teams,0.003689672497137762
P8A_step5000,1534,170,quickclips_visomaster_teams,-0.009555391267582944
P8A_step5000,1535,4424,quickclips_visomaster_teams,0.028182563540759903
P8A_step5000,1536,4897,quickclips_visomaster_teams,-0.0030345526389670063
P8A_step5000,1537,6817,quickclips_visomaster_teams,0.012723976818216656
P8A_step5000,1538,7799,quickclips_visomaster_teams,0.0316643788427732
P8A_step5000,1539,7981,quickclips_visomaster_teams,0.015382946537497333
P8A_step5000,1540,8006,quickclips_visomaster_teams,0.0062155162747660605
P8A_step5000,1541,9197,quickclips_visomaster_teams,-0.0014750184398116767
P8A_step5000,1542,1900,quickclips_visomaster_teams,0.006515838003521916
P8A_step5000,1543,1962,quickclips_visomaster_teams,0.015612151259257596
P8A_step5000,1544,3226,quickclips_visomaster_teams,-0.006139622801955983
P8A_step5000,1545,4219,quickclips_visomaster_teams,-0.0006558341943494615
P8A_step5000,1546,5584,quickclips_visomaster_teams,-0.011145271465381534
P8A_step5000,1547,5897,quickclips_visomaster_teams,0.005577004126938755
P8A_step5000,1548,8241,quickclips_visomaster_teams,0.003116083991188868
P8A_step5000,1549,9068,quickclips_visomaster_teams,0.012655249075521673
P8A_step5000,1550,unknown_x1Efv_wF5LE,quickclips_visomaster_teams,0.0021364339044663604
P8A_step5000,1551,178,quickclips_visomaster_teams,-0.0008195885751284566
P8A_step5000,1552,2904,quickclips_visomaster_teams,0.0006669272997116853
P8A_step5000,1553,3884,quickclips_visomaster_teams,0.005099808380537455
P8A_step5000,1554,4368,quickclips_visomaster_teams,-0.016965435301865683
P8A_step5000,1555,4435,quickclips_visomaster_teams,0.008220989739028343
P8A_step5000,1556,5093,quickclips_visomaster_teams,-0.001933348063590249
P8A_step5000,1557,6387,quickclips_visomaster_teams,0.016289968179370774
P8A_step5000,1558,7938,quickclips_visomaster_teams,0.0062647088872932
P8A_step5000,1559,8228,quickclips_visomaster_teams,-0.022491288612070406
P8A_step5000,1560,1064,quickclips_visomaster_teams,-0.012714844603949844
P8A_step5000,1561,1261,quickclips_visomaster_teams,0.007093215316772967
P8A_step5000,1562,2255,quickclips_visomaster_teams,0.010215723378007885
P8A_step5000,1563,4088,quickclips_visomaster_teams,0.010697667539867586
P8A_step5000,1564,4695,quickclips_visomaster_teams,-0.0007235169122633465
P8A_step5000,1565,6420,quickclips_visomaster_teams,0.0004923618330764639
P8A_step5000,1566,unknown_VSqUVGCrOhk,quickclips_visomaster_teams,-0.003985446065406632
P8A_step5000,1567,1212,quickclips_visomaster_teams,-0.0038891238081439545
P8A_step5000,1568,1558,quickclips_visomaster_teams,-9.933839318981169e-05
P8A_step5000,1569,3834,quickclips_visomaster_teams,0.010987447673047043
P8A_step5000,1570,4596,quickclips_visomaster_teams,0.002972179540697637
P8A_step5000,1571,4978,quickclips_visomaster_teams,0.0016700626555025931
P8A_step5000,1572,4985,quickclips_visomaster_teams,-0.0033360402929544534
P8A_step5000,1573,6052,quickclips_visomaster_teams,-0.009474134897358311
P8A_step5000,1574,8242,quickclips_visomaster_teams,0.014765967221688912
P8A_step5000,1575,9202,quickclips_visomaster_teams,0.000851463292958158
P8A_step5000,1576,1860,quickclips_visomaster_teams,0.008848486368645039
P8A_step5000,1577,2204,quickclips_visomaster_teams,0.0030209728009854752
P8A_step5000,1578,4418,quickclips_visomaster_teams,0.004879527259244621
P8A_step5000,1579,5792,quickclips_visomaster_teams,-0.005078349259921995
P8A_step5000,1580,8430,quickclips_visomaster_teams,0.006675239763742501
P8A_step5000,1581,9089,quickclips_visomaster_teams,0.014313528348279736
P8A_step5000,1582,9345,quickclips_visomaster_teams,-0.009134329208674533
P8A_step5000,1583,9409,quickclips_visomaster_teams,0.011079678406683524
P8A_step5000,1584,unknown_3SNSZSaonnk,quickclips_visomaster_teams,0.0014138531090800554
P8A_step5000,1585,1199,quickclips_visomaster_teams,-0.00672068163853047
P8A_step5000,1586,2273,quickclips_visomaster_teams,0.0026607583201298775
P8A_step5000,1587,248,quickclips_visomaster_teams,0.0020099502739044984
P8A_step5000,1588,280,quickclips_visomaster_teams,0.0016849193495303348
P8A_step5000,1589,403,quickclips_visomaster_teams,0.004045349581443612
P8A_step5000,1590,5618,quickclips_visomaster_teams,0.013088174664336724
P8A_step5000,1591,6306,quickclips_visomaster_teams,-0.02050342198737337
P8A_step5000,1592,65,quickclips_visomaster_teams,0.004492944176378773
P8A_step5000,1593,jy9gOzticS8,quickclips_visomaster_teams,0.009273805744200479
P8A_step5000,1594,wqNu6pNRAR4,quickclips_visomaster_teams,-0.008278550723065731
P8A_step5000,1595,139JznBeH-8,quickclips_visomaster_teams,0.005283493777747549
P8A_step5000,1596,Vw3T_2O5kIo,quickclips_visomaster_teams,-0.013694199522678634
P8A_step5000,1597,cmkZwuidcRI,quickclips_visomaster_teams,0.013310299661691862
P8A_step5000,1598,aSHfTCdZRrQ,quickclips_visomaster_teams,-0.018600226495525778
P8A_step5000,1599,pDiQ5W6CIM4,quickclips_visomaster_teams,-0.0029804008940298122
P8A_step5000,1600,wE_pVFZTK9g,quickclips_visomaster_teams,0.009230035919717813
P8A_step5000,1601,eI3eK87etAk,quickclips_visomaster_teams,-0.0022554284285757073
P8A_step5000,1602,HJgyiVgLVwY,quickclips_visomaster_teams,0.0004953639700895412
P8A_step5000,1603,GIgRsGvOEI8,quickclips_visomaster_teams,-0.0048907793734667025
P8A_step5000,1604,T3cY113SlTI,quickclips_visomaster_teams,-0.0048349165296811695
P8A_step5000,1605,Mbd6Vl7UmBI,quickclips_visomaster_teams,-0.028301113907372857
P8A_step5000,1606,KxyceG1IkGY,quickclips_visomaster_teams,0.00837935979840284
P8A_step5000,1607,8Bwgk9qYpaA,quickclips_visomaster_teams,0.016262458909968653
P8A_step5000,1608,7tPaTyy1zgM,quickclips_visomaster_teams,-0.021080978989230132
P8A_step5000,1609,6Nc9oXEDfAc,quickclips_visomaster_teams,-0.009196471680416065
P8A_step5000,1610,BjVqQCT5rRg,quickclips_visomaster_teams,-0.0036176186292084193
P8A_step5000,1611,hFTQ0oxSaVM,quickclips_visomaster_teams,-0.0014069396453964874
P8A_step5000,1612,Bz9sTBNHfgw,quickclips_visomaster_teams,-0.00589851262073186
P8A_step5000,1613,Ab2oTYPzZdE,quickclips_visomaster_teams,-0.005689188573880387
P8A_step5000,1614,MqGBNwyqUxw,quickclips_visomaster_teams,-0.0010060642922535164
P8A_step5000,1615,U4q9COX1_vU,quickclips_visomaster_teams,0.015975740961335104
P8A_step5000,1616,KfVo1ibgDJ8,quickclips_visomaster_teams,0.004065502240436947
P8A_step5000,1617,cvxqafWT7RY,quickclips_visomaster_teams,0.013064240735070192
P8A_step5000,1618,Pl0mNynQBeM,quickclips_visomaster_teams,-0.015243596758128959
P8A_step5000,1619,PS_oFG9W0fw,quickclips_visomaster_teams,0.01346663344445382
P8A_step5000,1620,nUpQLN9Ot1g,quickclips_visomaster_teams,-0.0006128819190272126
P8A_step5000,1621,-QR1vtnCEUY,quickclips_visomaster_teams,0.009143281778105757
P8A_step5000,1622,Pl0mNynQBeM,quickclips_visomaster_teams,-0.004513460260568035
P8A_step5000,1623,PS_oFG9W0fw,quickclips_visomaster_teams,0.0012535433584559652
P8A_step5000,1624,nUpQLN9Ot1g,quickclips_visomaster_teams,-0.0077290845262315815
P8A_step5000,1625,-QR1vtnCEUY,quickclips_visomaster_teams,0.006832797461614673
P8A_step5000,1626,jy9gOzticS8,quickclips_visomaster_teams,0.011428695715353663
P8A_step5000,1627,wqNu6pNRAR4,quickclips_visomaster_teams,-0.005579458879613189
P8A_step5000,1628,Vw3T_2O5kIo,quickclips_visomaster_teams,-0.006337108802054125
P8A_step5000,1629,cmkZwuidcRI,quickclips_visomaster_teams,0.01036464364019966
P8A_step5000,1630,aSHfTCdZRrQ,quickclips_visomaster_teams,-0.015836073747936157
P8A_step5000,1631,fLhcspXD78Y,quickclips_visomaster_teams,-0.0074005062005984956
P8A_step5000,1632,pDiQ5W6CIM4,quickclips_visomaster_teams,0.006947474866956793
P8A_step5000,1633,eI3eK87etAk,quickclips_visomaster_teams,-0.001464462797171948
P8A_step5000,1634,GIgRsGvOEI8,quickclips_visomaster_teams,0.010085320716193991
P8A_step5000,1635,139JznBeH-8,quickclips_visomaster_teams,0.008375739431228126
P8A_step5000,1636,T3cY113SlTI,quickclips_visomaster_teams,0.008890559033696958
P8A_step5000,1637,Mbd6Vl7UmBI,quickclips_visomaster_teams,-0.027530679652281252
P8A_step5000,1638,KxyceG1IkGY,quickclips_visomaster_teams,0.013587863489822298
P8A_step5000,1639,8Bwgk9qYpaA,quickclips_visomaster_teams,0.008636566802733206
P8A_step5000,1640,7tPaTyy1zgM,quickclips_visomaster_teams,-0.019619943252384038
P8A_step5000,1641,6Nc9oXEDfAc,quickclips_visomaster_teams,-0.005993605857145207
P8A_step5000,1642,CO_QH6qk550,quickclips_visomaster_teams,0.0031473672005103825
P8A_step5000,1643,HJgyiVgLVwY,quickclips_visomaster_teams,0.0022965890425120936
P8A_step5000,1644,BjVqQCT5rRg,quickclips_visomaster_teams,0.01786810858094585
P8A_step5000,1645,hFTQ0oxSaVM,quickclips_visomaster_teams,-0.003360436048938747
P8A_step5000,1646,Bz9sTBNHfgw,quickclips_visomaster_teams,-0.008735049566508673
P8A_step5000,1647,ny7faOdFbeE,quickclips_visomaster_teams,-0.0006497248367766007
P8A_step5000,1648,MqGBNwyqUxw,quickclips_visomaster_teams,-0.003191759140771444
P8A_step5000,1649,U4q9COX1_vU,quickclips_visomaster_teams,0.008430952716269782
P8A_step5000,1650,KfVo1ibgDJ8,quickclips_visomaster_teams,-0.005923972136639208
P8A_step5000,1651,cvxqafWT7RY,quickclips_visomaster_teams,-0.016607506286414612
P8A_step5000,1652,Lz4anX7bKd4,quickclips_visomaster_teams,0.00041415275355561297
P8A_step5000,1653,r297MmAo_ao,quickclips_visomaster_teams,0.01033381121982504
P8A_step5000,1654,Xw0_SNuN1eE,quickclips_visomaster_teams,-0.00560344645961563
P8A_step5000,1655,XRA3N9wyN6I,quickclips_visomaster_teams,-3.923390394563759e-06
P8A_step5000,1656,FPm0ugLloe8,quickclips_visomaster_teams,-0.0197242131358005
P8A_step5000,1657,TWxmnQDQwPA,quickclips_visomaster_teams,-0.004580176591894599
P8A_step5000,1658,fFHDc6R1mgo,quickclips_visomaster_teams,-0.013241320901975473
P8A_step5000,1659,TfqXiNpJl98,quickclips_visomaster_teams,0.007378230495114131
P8A_step5000,1660,3vTKjvIcsPU,quickclips_visomaster_teams,0.007003843160210237
P8A_step5000,1661,KkCXMQ4Vl-E,quickclips_visomaster_teams,-0.0097788461325137
P8A_step5000,1662,Jrd6POciCBI,quickclips_visomaster_teams,-0.011313385098449428
P8A_step5000,1663,pKimBAKQbzY,quickclips_visomaster_teams,0.0076318492539979715
P8A_step5000,1664,_HrtWwT5CsY,quickclips_visomaster_teams,-0.0039040148478176172
P8A_step5000,1665,wE_pVFZTK9g,quickclips_visomaster_teams,0.005472177855889521
P8A_step5000,1666,2c1gN-g3YDo,quickclips_visomaster_teams,0.005464570751323811
P8A_step5000,1667,LBb8Rqa29cQ,quickclips_visomaster_teams,-0.0022722211077076983
P8A_step5000,1668,WPOH_MsASyI,quickclips_visomaster_teams,0.015227772352247714
P8A_step5000,1669,r7JQRKps8Jk,quickclips_visomaster_teams,0.00441124000011327
P8A_step5000,1670,BSe2iwALvio,quickclips_visomaster_teams,-0.010983536735285168
P8A_step5000,1671,ahXM2GAv_gs,quickclips_visomaster_teams,-0.004539046444077909
P8A_step5000,1672,i_IH09XTPDQ,quickclips_visomaster_teams,0.005140762237389359
P8A_step5000,1673,IKHUqeniNtE,quickclips_visomaster_teams,-0.002918740319935962
P8A_step5000,1674,nr8SVuBO02E,quickclips_visomaster_teams,0.023629080543499305
P8A_step5000,1675,vQkRvYJTi_Y,quickclips_visomaster_teams,-0.00708491067327794
P8A_step5000,1676,PH43PCc0ADA,quickclips_visomaster_teams,0.0084369243031593
P8A_step5000,1677,P79ugKVKqiU,quickclips_visomaster_teams,0.011098118109117103
P8A_step5000,1678,knKnIVIx08I,quickclips_visomaster_teams,0.0010594423727520001
P8A_step5000,1679,7nob6GOFW2M,quickclips_visomaster_teams,0.0058456432747267814
P8A_step5000,1680,wiyQQOg9COg,quickclips_visomaster_teams,-0.0190155535093308
P8A_step5000,1681,Yq138Fn-F9E,quickclips_visomaster_teams,0.01335014936827913
P8A_step5000,1682,knKnIVIx08I,quickclips_visomaster_teams,0.006901534408940791
P8A_step5000,1683,7nob6GOFW2M,quickclips_visomaster_teams,0.0011988307275025616
P8A_step5000,1684,wiyQQOg9COg,quickclips_visomaster_teams,-0.011303800475836193
P8A_step5000,1685,Yq138Fn-F9E,quickclips_visomaster_teams,0.006145419491152506
P8A_step5000,1686,Lz4anX7bKd4,quickclips_visomaster_teams,-0.00871287945450231
P8A_step5000,1687,7vbiLARZJtk,quickclips_visomaster_teams,0.02736529365525754
P8A_step5000,1688,r297MmAo_ao,quickclips_visomaster_teams,0.015418171752071764
P8A_step5000,1689,Xw0_SNuN1eE,quickclips_visomaster_teams,-0.005394494783325373
P8A_step5000,1690,FPm0ugLloe8,quickclips_visomaster_teams,0.004549219822575935
P8A_step5000,1691,fFHDc6R1mgo,quickclips_visomaster_teams,-0.006992572131952389
P8A_step5000,1692,TfqXiNpJl98,quickclips_visomaster_teams,0.015912875157618196
P8A_step5000,1693,3vTKjvIcsPU,quickclips_visomaster_teams,0.0031572941406685312
P8A_step5000,1694,KkCXMQ4Vl-E,quickclips_visomaster_teams,-0.007402970954821371
P8A_step5000,1695,Jrd6POciCBI,quickclips_visomaster_teams,0.0036757137043421087
P8A_step5000,1696,pKimBAKQbzY,quickclips_visomaster_teams,0.0022902649980281794
P8A_step5000,1697,_HrtWwT5CsY,quickclips_visomaster_teams,-0.002134268466752809
P8A_step5000,1698,XRA3N9wyN6I,quickclips_visomaster_teams,0.0006696634424733488
P8A_step5000,1699,2c1gN-g3YDo,quickclips_visomaster_teams,0.008153847681366629
P8A_step5000,1700,TWxmnQDQwPA,quickclips_visomaster_teams,-0.004909443009738094
P8A_step5000,1701,LBb8Rqa29cQ,quickclips_visomaster_teams,0.012329707268871245
P8A_step5000,1702,WPOH_MsASyI,quickclips_visomaster_teams,0.008879710250885285
P8A_step5000,1703,r7JQRKps8Jk,quickclips_visomaster_teams,0.0077870479338631145
P8A_step5000,1704,BSe2iwALvio,quickclips_visomaster_teams,-0.015683331643477273
P8A_step5000,1705,ahXM2GAv_gs,quickclips_visomaster_teams,0.004638537622298542
P8A_step5000,1706,i_IH09XTPDQ,quickclips_visomaster_teams,0.008697131388932945
P8A_step5000,1707,CO_QH6qk550,quickclips_visomaster_teams,0.0019055464497450972
P8A_step5000,1708,IKHUqeniNtE,quickclips_visomaster_teams,-0.009907428302276429
P8A_step5000,1709,nr8SVuBO02E,quickclips_visomaster_teams,0.03434337198434262
P8A_step5000,1710,vQkRvYJTi_Y,quickclips_visomaster_teams,-0.015409656483322756
P8A_step5000,1711,PH43PCc0ADA,quickclips_visomaster_teams,-0.004285343449400969
P8A_step5000,1712,P79ugKVKqiU,quickclips_visomaster_teams,0.01848949301820315
P8A_step5000,1713,LtE9DQnNZRw,quickclips_visomaster_teams,0.012699491335785594
P8A_step5000,1714,GrGYgitDaUY,quickclips_visomaster_teams,0.004688970950109405
P8A_step5000,1715,oAPYM1_dAtY,quickclips_visomaster_teams,0.006772170830557256
P8A_step5000,1716,Q6N6HEl3Y3U,quickclips_visomaster_teams,0.02296113147665677
P8A_step5000,1717,ujHmvxpFWzs,quickclips_visomaster_teams,-0.0070284328920055
P8A_step5000,1718,h6SMszFMa8M,quickclips_visomaster_teams,0.0011959566528058697
P8A_step5000,1719,CsuXDLbRlgQ,quickclips_visomaster_teams,0.023772553824347585
P8A_step5000,1720,6QN-rwcl7dg,quickclips_visomaster_teams,0.001644696567738209
P8A_step5000,1721,E1lAH0_Ifng,quickclips_visomaster_teams,-0.005089376618710503
P8A_step5000,1722,JFJ9BBacnls,quickclips_visomaster_teams,0.005784250165833054
P8A_step5000,1723,dtJVDWFrVME,quickclips_visomaster_teams,-0.004092921621524146
P8A_step5000,1724,vQ2e_o5Zf8w,quickclips_visomaster_teams,0.004586408032332435
P8A_step5000,1725,oUCQH11m-yY,quickclips_visomaster_teams,-0.004278111410279965
P8A_step5000,1726,J_1PEVB2nyc,quickclips_visomaster_teams,-0.0021445944572189494
P8A_step5000,1727,dQvGUSmzWD0,quickclips_visomaster_teams,0.02363751843793086
P8A_step5000,1728,vwr57bqqI9g,quickclips_visomaster_teams,-0.003907306076780068
P8A_step5000,1729,K6KEksIuIq8,quickclips_visomaster_teams,0.013176193891017283
P8A_step5000,1730,a_GL0K3yo4s,quickclips_visomaster_teams,-0.005571890092709175
P8A_step5000,1731,7sZ2VsPDw8U,quickclips_visomaster_teams,0.006321155060498639
P8A_step5000,1732,mw0LGzIKvoo,quickclips_visomaster_teams,0.01015973879693034
P8A_step5000,1733,ncgEECML7ng,quickclips_visomaster_teams,0.0011349415603656055
P8A_step5000,1734,jm4E3PYAIy4,quickclips_visomaster_teams,0.004976016872719979
P8A_step5000,1735,IkN6eM3acc4,quickclips_visomaster_teams,0.006010113468539414
P8A_step5000,1736,WoOUbinKeF0,quickclips_visomaster_teams,0.007043101840410621
P8A_step5000,1737,6zy9pysDdME,quickclips_visomaster_teams,0.01805305574241606
P8A_step5000,1738,JfGfktwGCao,quickclips_visomaster_teams,-0.02532062568920052
P8A_step5000,1739,V-FB9fZtdAk,quickclips_visomaster_teams,-0.001961520612889588
P8A_step5000,1740,fQCBzW_T1TY,quickclips_visomaster_teams,0.0035499075210739394
P8A_step5000,1741,6zy9pysDdME,quickclips_visomaster_teams,0.01540569938249663
P8A_step5000,1742,JfGfktwGCao,quickclips_visomaster_teams,-0.02655847489511628
P8A_step5000,1743,V-FB9fZtdAk,quickclips_visomaster_teams,0.00765498125879944
P8A_step5000,1744,LtE9DQnNZRw,quickclips_visomaster_teams,0.019251709349327486
P8A_step5000,1745,GrGYgitDaUY,quickclips_visomaster_teams,0.005444370493217189
P8A_step5000,1746,Q6N6HEl3Y3U,quickclips_visomaster_teams,0.017404974363745468
P8A_step5000,1747,ujHmvxpFWzs,quickclips_visomaster_teams,-0.0012806743181501142
P8A_step5000,1748,oAPYM1_dAtY,quickclips_visomaster_teams,-0.004966789808255432
P8A_step5000,1749,h6SMszFMa8M,quickclips_visomaster_teams,0.006255246986270455
P8A_step5000,1750,CsuXDLbRlgQ,quickclips_visomaster_teams,0.009938114589982665
P8A_step5000,1751,6QN-rwcl7dg,quickclips_visomaster_teams,0.009490753993207868
P8A_step5000,1752,E1lAH0_Ifng,quickclips_visomaster_teams,-0.0016167183491232308
P8A_step5000,1753,JFJ9BBacnls,quickclips_visomaster_teams,0.010088375962509173
P8A_step5000,1754,dtJVDWFrVME,quickclips_visomaster_teams,0.01816624676709791
P8A_step5000,1755,vQ2e_o5Zf8w,quickclips_visomaster_teams,0.007588792364229761
P8A_step5000,1756,oUCQH11m-yY,quickclips_visomaster_teams,-0.0022327855006077507
P8A_step5000,1757,J_1PEVB2nyc,quickclips_visomaster_teams,-0.010191691629047374
P8A_step5000,1758,dQvGUSmzWD0,quickclips_visomaster_teams,0.015238682279457157
P8A_step5000,1759,vwr57bqqI9g,quickclips_visomaster_teams,0.005309909409751532
P8A_step5000,1760,K6KEksIuIq8,quickclips_visomaster_teams,0.01090767937194179
P8A_step5000,1761,a_GL0K3yo4s,quickclips_visomaster_teams,-0.005817600169421146
P8A_step5000,1762,7sZ2VsPDw8U,quickclips_visomaster_teams,0.004332874436735696
P8A_step5000,1763,mw0LGzIKvoo,quickclips_visomaster_teams,0.009193012514525792
P8A_step5000,1764,ncgEECML7ng,quickclips_visomaster_teams,-0.0007717237386579163
P8A_step5000,1765,jm4E3PYAIy4,quickclips_visomaster_teams,0.007646656870304042
P8A_step5000,1766,IkN6eM3acc4,quickclips_visomaster_teams,0.005995578102368889
P8A_step5000,1767,WoOUbinKeF0,quickclips_visomaster_teams,0.014159048869825865
P8A_step5000,1768,4Zsh1MdoKiE,quickclips_visomaster_teams,-0.022000518810741075
P8A_step5000,1769,86sBla6aOuU,quickclips_visomaster_teams,0.0010321580165857424
P8A_step5000,1770,cKBLEyNbbjQ,quickclips_visomaster_teams,-0.006175091436343037
P8A_step5000,1771,KOKpwJ8qcQI,quickclips_visomaster_teams,-0.007426763024127383
P8A_step5000,1772,8Yomhcg2pf4,quickclips_visomaster_teams,0.003617549869034237
P8A_step5000,1773,_--vXPVmaqQ,quickclips_visomaster_teams,0.010050251417787377
P8A_step5000,1774,LBb8Rqa29cQ_scene067,quickclips_visomaster_teams,-0.008832734821817288
P8A_step5000,1775,LqtVslFhIw0,quickclips_visomaster_teams,-0.018355024869798005
P8A_step5000,1776,TPDgjwIGN9Y,quickclips_visomaster_teams,-0.01197679674861209
P8A_step5000,1777,ZPT-nU4A8eE,quickclips_visomaster_teams,0.03263434540965848
P8A_step5000,1778,TQo9NNYl1DY,quickclips_visomaster_teams,0.0007793148915636992
P8A_step5000,1779,LcmG49--mDM,quickclips_visomaster_teams,-0.006612833863652417
P8A_step5000,1780,z9TUMru19U4,quickclips_visomaster_teams,-0.009030449948052771
P8A_step5000,1781,h8JE5rzZ9Bg,quickclips_visomaster_teams,0.012586672841839976
P8A_step5000,1782,rpHDeLcLrRI,quickclips_visomaster_teams,-0.006711073222601564
P8A_step5000,1783,AYLVZdWafTQ,quickclips_visomaster_teams,-0.020649052082658922
P8A_step5000,1784,G1DEbEqPYWs,quickclips_visomaster_teams,0.009831077555062137
P8A_step5000,1785,JVnprg2SVxA,quickclips_visomaster_teams,0.025181481415474324
P8A_step5000,1786,LTbJAth-vNo,quickclips_visomaster_teams,0.018266787854340695
P8A_step5000,1787,UfjanzTGEhA,quickclips_visomaster_teams,0.0023532398967092316
P8A_step5000,1788,49r9VxBt2Nc,quickclips_visomaster_teams,-0.00488519030318395
P8A_step5000,1789,jf5z5YsGbQY,quickclips_visomaster_teams,0.00027064263975971306
P8A_step5000,1790,0Hn3GMnjzAM,quickclips_visomaster_teams,-0.005456970246076936
P8A_step5000,1791,bypw_xjirNk,quickclips_visomaster_teams,-0.007061668082238298
P8A_step5000,1792,WUWamwmwgtg,quickclips_visomaster_teams,-0.015382875471138535
P8A_step5000,1793,_kyB9qF5JrQ,quickclips_visomaster_teams,-0.004290249012812691
P8A_step5000,1794,6rzWZmvtrA8,quickclips_visomaster_teams,-0.0036347765934550804
P8A_step5000,1795,XKpXrD3SMsg,quickclips_visomaster_teams,0.006399973227096609
P8A_step5000,1796,WUWamwmwgtg,quickclips_visomaster_teams,-0.006277187334223692
P8A_step5000,1797,_kyB9qF5JrQ,quickclips_visomaster_teams,-0.005190470655873595
P8A_step5000,1798,6rzWZmvtrA8,quickclips_visomaster_teams,0.0001973134413148943
P8A_step5000,1799,XKpXrD3SMsg,quickclips_visomaster_teams,0.008869128456181433
P8A_step5000,1800,4Zsh1MdoKiE,quickclips_visomaster_teams,-0.0008854037808313973
P8A_step5000,1801,zoV8oxh_Ap0,quickclips_visomaster_teams,0.013351891627459252
P8A_step5000,1802,86sBla6aOuU,quickclips_visomaster_teams,-0.007383810461690644
P8A_step5000,1803,cKBLEyNbbjQ,quickclips_visomaster_teams,-0.007625311384520394
P8A_step5000,1804,KOKpwJ8qcQI,quickclips_visomaster_teams,-0.0030075147971040973
P8A_step5000,1805,8Yomhcg2pf4,quickclips_visomaster_teams,-0.0024173391839314028
P8A_step5000,1806,_--vXPVmaqQ,quickclips_visomaster_teams,0.023478470764651385
P8A_step5000,1807,LBb8Rqa29cQ_scene067,quickclips_visomaster_teams,-0.0034817638239596845
P8A_step5000,1808,caVBqnDm_7s,quickclips_visomaster_teams,-0.004624515117127346
P8A_step5000,1809,LqtVslFhIw0,quickclips_visomaster_teams,-0.009865256126197493
P8A_step5000,1810,TPDgjwIGN9Y,quickclips_visomaster_teams,-0.009758236371929645
P8A_step5000,1811,ZPT-nU4A8eE,quickclips_visomaster_teams,0.008763742336774476
P8A_step5000,1812,vm_UDFbu3LY,quickclips_visomaster_teams,-0.012311953692097458
P8A_step5000,1813,z9TUMru19U4,quickclips_visomaster_teams,0.004974992203027474
P8A_step5000,1814,h8JE5rzZ9Bg,quickclips_visomaster_teams,0.013738247263852255
P8A_step5000,1815,rpHDeLcLrRI,quickclips_visomaster_teams,-0.008365755201374468
P8A_step5000,1816,AYLVZdWafTQ,quickclips_visomaster_teams,-0.011490471509965926
P8A_step5000,1817,G1DEbEqPYWs,quickclips_visomaster_teams,0.008060552648266127
P8A_step5000,1818,JVnprg2SVxA,quickclips_visomaster_teams,0.02447368156476428
P8A_step5000,1819,LTbJAth-vNo,quickclips_visomaster_teams,-0.0023454701486615103
P8A_step5000,1820,UfjanzTGEhA,quickclips_visomaster_teams,0.034460597010553304
P8A_step5000,1821,LcmG49--mDM,quickclips_visomaster_teams,-0.003526965177703773
P8A_step5000,1822,49r9VxBt2Nc,quickclips_visomaster_teams,-0.0026654068212305063
P8A_step5000,1823,jf5z5YsGbQY,quickclips_visomaster_teams,0.012344551959481722
P8A_step5000,1824,0Hn3GMnjzAM,quickclips_visomaster_teams,-0.00859775481428203
P8A_step5000,1825,bypw_xjirNk,quickclips_visomaster_teams,-0.011108502862383431
SlotAv2_step3500,0,RD_Radio14,hdtf_visomaster_teams,-0.003265448975786341
SlotAv2_step3500,1,RD_Radio27,hdtf_visomaster_teams,-0.012270617328610648
SlotAv2_step3500,2,RD_Radio33,hdtf_visomaster_teams,-0.015744525231780764
SlotAv2_step3500,3,RD_Radio38,hdtf_visomaster_teams,0.009229521747115277
SlotAv2_step3500,4,RD_Radio51,hdtf_visomaster_teams,-0.01139053256009457
SlotAv2_step3500,5,WDA_BrianSchatz0,hdtf_visomaster_teams,0.016280355392879243
SlotAv2_step3500,6,WDA_JoeDonnelly,hdtf_visomaster_teams,0.020861144058359583
SlotAv2_step3500,7,WRA_DebFischer2,hdtf_visomaster_teams,0.002766748470150664
SlotAv2_step3500,8,WRA_JohnKasich3,hdtf_visomaster_teams,0.0018825790371982468
SlotAv2_step3500,9,WRA_MarshaBlackburn0,hdtf_visomaster_teams,0.006536262722699325
SlotAv2_step3500,10,WRA_PeterRoskam0,hdtf_visomaster_teams,-0.008780776461133427
SlotAv2_step3500,11,WRA_ReincePriebus,hdtf_visomaster_teams,0.003913506435710117
SlotAv2_step3500,12,RD_Radio45,hdtf_visomaster_teams,0.0072854987953113615
SlotAv2_step3500,13,WDA_CatherineCortezMasto,hdtf_visomaster_teams,0.0031894371157342796
SlotAv2_step3500,14,WDA_ChrisCoons1,hdtf_visomaster_teams,-0.00253661150106066
SlotAv2_step3500,15,WDA_DebbieDingell1,hdtf_visomaster_teams,-0.0020434008499834407
SlotAv2_step3500,16,WDA_EricSwalwell,hdtf_visomaster_teams,-0.009319498897084858
SlotAv2_step3500,17,WRA_CoryGardner,hdtf_visomaster_teams,0.008225083400203094
SlotAv2_step3500,18,WRA_DavidVitter,hdtf_visomaster_teams,-0.008926300306486924
SlotAv2_step3500,19,WRA_DianeBlack1,hdtf_visomaster_teams,-0.0020814043130337407
SlotAv2_step3500,20,WRA_JoeHeck1,hdtf_visomaster_teams,0.0022341814873975754
SlotAv2_step3500,21,WRA_RichardShelby,hdtf_visomaster_teams,0.010982330609030772
SlotAv2_step3500,22,WRA_RogerWicker1,hdtf_visomaster_teams,0.011931734951058814
SlotAv2_step3500,23,WDA_JackReed0,hdtf_visomaster_teams,-0.012930741348224856
SlotAv2_step3500,24,WRA_MarcoRubio,hdtf_visomaster_teams,0.005426488036515027
SlotAv2_step3500,25,RD_Radio29,hdtf_visomaster_teams,0.005262144697420252
SlotAv2_step3500,26,RD_Radio36,hdtf_visomaster_teams,-0.0010615237850475352
SlotAv2_step3500,27,RD_Radio53,hdtf_visomaster_teams,0.013939070121797622
SlotAv2_step3500,28,WDA_AmyKlobuchar1,hdtf_visomaster_teams,0.014871914519684882
SlotAv2_step3500,29,WDA_BobCasey1,hdtf_visomaster_teams,0.000990594845926869
SlotAv2_step3500,30,WDA_LucyMcBath,hdtf_visomaster_teams,0.011381875342749358
SlotAv2_step3500,31,WRA_CoryGardner0,hdtf_visomaster_teams,-0.0017785929652018458
SlotAv2_step3500,32,WRA_DebFischer1,hdtf_visomaster_teams,0.0067112594194832596
SlotAv2_step3500,33,WRA_ErikPaulsen,hdtf_visomaster_teams,-3.488183257589414e-05
SlotAv2_step3500,34,WRA_RogerWicker2,hdtf_visomaster_teams,-0.001021805751052368
SlotAv2_step3500,35,WDA_StenyHoyer,hdtf_visomaster_teams,0.009485357511072361
SlotAv2_step3500,36,WDA_ZoeLofgren,hdtf_visomaster_teams,-0.0059433267922525245
SlotAv2_step3500,37,WRA_AllenWest,hdtf_visomaster_teams,0.019092018350146706
SlotAv2_step3500,38,WRA_DebFischer0,hdtf_visomaster_teams,-0.0022966948738873385
SlotAv2_step3500,39,WRA_JohnBoehner1,hdtf_visomaster_teams,0.008713675448857055
SlotAv2_step3500,40,WRA_JoniErnst1,hdtf_visomaster_teams,0.00908064347330604
SlotAv2_step3500,41,WRA_MarkwayneMullin,hdtf_visomaster_teams,0.0023477731348491107
SlotAv2_step3500,42,WDA_TimWalz,hdtf_visomaster_teams,0.00642963486538459
SlotAv2_step3500,43,WRA_JoePitts,hdtf_visomaster_teams,0.01727558014608925
SlotAv2_step3500,44,WRA_RobPortman,hdtf_visomaster_teams,0.010833534048347774
SlotAv2_step3500,45,WDA_ElijahCummings,hdtf_visomaster_teams,0.006223228046428262
SlotAv2_step3500,46,WDA_VeronicaEscobar0,hdtf_visomaster_teams,-0.022716429906825937
SlotAv2_step3500,47,WRA_JaimeHerreraBeutler0,hdtf_visomaster_teams,0.009660309453979974
SlotAv2_step3500,48,WRA_PaulRyan1,hdtf_visomaster_teams,-0.002139933756623153
SlotAv2_step3500,49,RD_Radio13,hdtf_visomaster_teams,0.011505519048092744
SlotAv2_step3500,50,WDA_ChuckSchumer1,hdtf_visomaster_teams,-0.002963913537220317
SlotAv2_step3500,51,WDA_JoaquinCastro,hdtf_visomaster_teams,-0.010366797607911753
SlotAv2_step3500,52,WDA_LloydDoggett0,hdtf_visomaster_teams,0.0030360947837988926
SlotAv2_step3500,53,WDA_PeterDeFazio,hdtf_visomaster_teams,0.0042057726827180435
SlotAv2_step3500,54,WDA_RichardNeal0,hdtf_visomaster_teams,-0.005736983046529039
SlotAv2_step3500,55,WDA_TammyBaldwin1,hdtf_visomaster_teams,-0.020519402579129854
SlotAv2_step3500,56,WRA_JohnKasich1,hdtf_visomaster_teams,0.007557473180087717
SlotAv2_step3500,57,WRA_PeteHoekstra,hdtf_visomaster_teams,0.01769693715860823
SlotAv2_step3500,58,RD_Radio2,hdtf_visomaster_teams,0.010806059151860496
SlotAv2_step3500,59,RD_Radio41,hdtf_visomaster_teams,-0.007040162183568736
SlotAv2_step3500,60,RD_Radio8,hdtf_visomaster_teams,0.012364102151469752
SlotAv2_step3500,61,WDA_AndyKim,hdtf_visomaster_teams,-0.003985483467863473
SlotAv2_step3500,62,WDA_BarbaraLee1,hdtf_visomaster_teams,0.006854026892447001
SlotAv2_step3500,63,WDA_CedricRichmond,hdtf_visomaster_teams,0.01711485096031952
SlotAv2_step3500,64,WDA_ChrisCoons,hdtf_visomaster_teams,0.007905778134694506
SlotAv2_step3500,65,WDA_ChrisMurphy1,hdtf_visomaster_teams,-0.003200204324447312
SlotAv2_step3500,66,WDA_DebbieWassermanSchultz,hdtf_visomaster_teams,0.0046067251298896085
SlotAv2_step3500,67,WDA_DonaldMcEachin,hdtf_visomaster_teams,-0.009494982971197751
SlotAv2_step3500,68,WDA_DonnaShalala1,hdtf_visomaster_teams,-0.0062418219082359975
SlotAv2_step3500,69,WDA_HillaryClinton,hdtf_visomaster_teams,0.012293855023599035
SlotAv2_step3500,70,WDA_JoeCrowley0,hdtf_visomaster_teams,-0.0036718710420520916
SlotAv2_step3500,71,WDA_JoeManchin,hdtf_visomaster_teams,0.01616425872052052
SlotAv2_step3500,72,WDA_JohnSarbanes1,hdtf_visomaster_teams,-0.011166865040901619
SlotAv2_step3500,73,WDA_KarenBass,hdtf_visomaster_teams,8.708068391987658e-05
SlotAv2_step3500,74,WDA_LaurenUnderwood,hdtf_visomaster_teams,0.00915132582000039
SlotAv2_step3500,75,WDA_LisaBluntRochester,hdtf_visomaster_teams,0.0018658611600138315
SlotAv2_step3500,76,WDA_MichaelBennet,hdtf_visomaster_teams,0.020573392289199566
SlotAv2_step3500,77,WDA_MichelleLujanGrisham,hdtf_visomaster_teams,-0.0029391261102453673
SlotAv2_step3500,78,WDA_NancyPelosi3,hdtf_visomaster_teams,0.005503067740148545
SlotAv2_step3500,79,WDA_PeterDeFazio,hdtf_visomaster_teams,0.001179548200286218
SlotAv2_step3500,80,WDA_ScottPeters1,hdtf_visomaster_teams,-0.009033882366254993
SlotAv2_step3500,81,WDA_SheldonWhitehouse1,hdtf_visomaster_teams,0.0038792770833880877
SlotAv2_step3500,82,WDA_TammyBaldwin1,hdtf_visomaster_teams,-0.017530155525223974
SlotAv2_step3500,83,WDA_TomUdall,hdtf_visomaster_teams,0.00011730359633714549
SlotAv2_step3500,84,WRA_CarlyFiorina0,hdtf_visomaster_teams,-0.00866889726375956
SlotAv2_step3500,85,WRA_EricCantor,hdtf_visomaster_teams,0.002950198207775119
SlotAv2_step3500,86,WRA_GeorgeLeMieux,hdtf_visomaster_teams,0.012798068806811487
SlotAv2_step3500,87,WRA_JebHensarling0,hdtf_visomaster_teams,-0.012604767815658221
SlotAv2_step3500,88,WRA_JebHensarling2,hdtf_visomaster_teams,-0.006734968090422223
SlotAv2_step3500,89,WRA_JimRisch,hdtf_visomaster_teams,0.0028481265143131154
SlotAv2_step3500,90,WRA_JohnKasich1,hdtf_visomaster_teams,-0.003835855166542957
SlotAv2_step3500,91,WRA_KayBaileyHutchison,hdtf_visomaster_teams,0.007930126449113638
SlotAv2_step3500,92,WRA_KevinMcCarthy0,hdtf_visomaster_teams,0.00989106710977174
SlotAv2_step3500,93,WRA_LamarAlexander0,hdtf_visomaster_teams,-0.007872381405500858
SlotAv2_step3500,94,WRA_NanHayworth,hdtf_visomaster_teams,-0.00036867457389688687
SlotAv2_step3500,95,WRA_PeteHoekstra,hdtf_visomaster_teams,0.003184809373826681
SlotAv2_step3500,96,WRA_RogerWicker0,hdtf_visomaster_teams,-0.0035674628417119523
SlotAv2_step3500,97,WRA_SteveDaines0,hdtf_visomaster_teams,-0.011220962181714263
SlotAv2_step3500,98,WRA_TomPrice,hdtf_visomaster_teams,0.006537515690325121
SlotAv2_step3500,99,RD_Radio35,hdtf_visomaster_teams,-0.003083177321057953
SlotAv2_step3500,100,RD_Radio57,hdtf_visomaster_teams,0.017846774421919134
SlotAv2_step3500,101,WDA_AdamSmith,hdtf_visomaster_teams,0.008179323668256492
SlotAv2_step3500,102,WDA_BernieSanders,hdtf_visomaster_teams,-0.009255320841775546
SlotAv2_step3500,103,WDA_BillRichardson,hdtf_visomaster_teams,-0.007245804663959271
SlotAv2_step3500,104,WDA_DebbieDingell0,hdtf_visomaster_teams,-0.01069233506929834
SlotAv2_step3500,105,WDA_DianaDeGette1,hdtf_visomaster_teams,-0.01308730442480948
SlotAv2_step3500,106,WDA_JackReed0,hdtf_visomaster_teams,-0.010162716825643
SlotAv2_step3500,107,WDA_VeronicaEscobar0,hdtf_visomaster_teams,0.006422751434895076
SlotAv2_step3500,108,WRA_DuncanHunter,hdtf_visomaster_teams,-0.0011287320310619598
SlotAv2_step3500,109,WRA_JohnBarrasso0,hdtf_visomaster_teams,0.004612655345819724
SlotAv2_step3500,110,WDA_ChrisCoons1,hdtf_visomaster_teams,0.006999997197048703
SlotAv2_step3500,111,WDA_DebbieDingell1,hdtf_visomaster_teams,4.722615879669068e-06
SlotAv2_step3500,112,WDA_EricSwalwell,hdtf_visomaster_teams,0.009384408671896544
SlotAv2_step3500,113,WDA_HakeemJeffries,hdtf_visomaster_teams,0.011537401978098005
SlotAv2_step3500,114,WDA_HenryWaxman,hdtf_visomaster_teams,-0.004621744341758382
SlotAv2_step3500,115,WRA_CoryGardner,hdtf_visomaster_teams,0.007808076629434488
SlotAv2_step3500,116,WRA_RichardShelby,hdtf_visomaster_teams,-0.001287503588070712
SlotAv2_step3500,117,RD_Radio34,hdtf_visomaster_teams,0.0014023241676650315
SlotAv2_step3500,118,RD_Radio39,hdtf_visomaster_teams,-0.0013355810431000398
SlotAv2_step3500,119,RD_Radio51,hdtf_visomaster_teams,0.004030834513462727
SlotAv2_step3500,120,WDA_DanKildee1,hdtf_visomaster_teams,-0.00616478081283287
SlotAv2_step3500,121,WDA_FrankPallone0,hdtf_visomaster_teams,0.009005065950246464
SlotAv2_step3500,122,WDA_TedDeutch,hdtf_visomaster_teams,-0.01253489495768074
SlotAv2_step3500,123,WDA_TimWalz,hdtf_visomaster_teams,-0.003945651725950321
SlotAv2_step3500,124,WRA_JoePitts,hdtf_visomaster_teams,-0.00492874889894844
SlotAv2_step3500,125,WRA_JohnBoozman,hdtf_visomaster_teams,0.00692409983441633
SlotAv2_step3500,126,WRA_JohnHoeven,hdtf_visomaster_teams,0.0015632627916493274
SlotAv2_step3500,127,WRA_JohnKasich3,hdtf_visomaster_teams,-0.007657769971151118
SlotAv2_step3500,128,WRA_MitchDaniels0,hdtf_visomaster_teams,0.00029136810429713535
SlotAv2_step3500,129,WRA_RobPortman,hdtf_visomaster_teams,0.0028102012300937496
SlotAv2_step3500,130,WDA_BobbyScott,hdtf_visomaster_teams,-0.0007627054185929041
SlotAv2_step3500,131,WDA_KimSchrier,hdtf_visomaster_teams,0.003922656778258069
SlotAv2_step3500,132,WDA_KirstenGillibrand,hdtf_visomaster_teams,0.008778300987912617
SlotAv2_step3500,133,WDA_RaulRuiz,hdtf_visomaster_teams,0.004125242217367923
SlotAv2_step3500,134,WDA_TinaSmith,hdtf_visomaster_teams,-0.006043645725413259
SlotAv2_step3500,135,WRA_CoryGardner0,hdtf_visomaster_teams,-0.0005764601260701256
SlotAv2_step3500,136,WRA_CoryGardner1,hdtf_visomaster_teams,-0.012361149767075473
SlotAv2_step3500,137,WRA_ErikPaulsen,hdtf_visomaster_teams,-0.0033756894083677522
SlotAv2_step3500,138,WRA_JaimeHerreraBeutler0,hdtf_visomaster_teams,-0.0010196260850194893
SlotAv2_step3500,139,WRA_KevinBrady,hdtf_visomaster_teams,0.004122073916646244
SlotAv2_step3500,140,WRA_KristiNoem2,hdtf_visomaster_teams,-0.00478556079445383
SlotAv2_step3500,141,RD_Radio48,hdtf_visomaster_teams,0.0053826043104083805
SlotAv2_step3500,142,RD_Radio9,hdtf_visomaster_teams,0.0049294590705765366
SlotAv2_step3500,143,WDA_ChuckSchumer0,hdtf_visomaster_teams,0.013034410983910737
SlotAv2_step3500,144,WDA_EdMarkey0,hdtf_visomaster_teams,0.0009588200529939926
SlotAv2_step3500,145,WDA_EliotEngel,hdtf_visomaster_teams,0.008484317656237602
SlotAv2_step3500,146,WDA_FrankPallone1,hdtf_visomaster_teams,0.005317360057193009
SlotAv2_step3500,147,WDA_GerryConnolly,hdtf_visomaster_teams,0.008760036817692137
SlotAv2_step3500,148,WDA_JonTester0,hdtf_visomaster_teams,0.009721823621581898
SlotAv2_step3500,149,WDA_NancyPelosi0,hdtf_visomaster_teams,0.007056254641610529
SlotAv2_step3500,150,WDA_TerriSewell0,hdtf_visomaster_teams,0.013239070033923607
SlotAv2_step3500,151,WRA_AllenWest,hdtf_visomaster_teams,0.012005012956319693
SlotAv2_step3500,152,WRA_JoniErnst0,hdtf_visomaster_teams,-0.005951963157120926
SlotAv2_step3500,153,WRA_MarshaBlackburn0,hdtf_visomaster_teams,0.008920538747953696
SlotAv2_step3500,154,WRA_MittRomney,hdtf_visomaster_teams,-0.007292251567176555
SlotAv2_step3500,155,RD_Radio33,hdtf_visomaster_teams,0.004444045161874669
SlotAv2_step3500,156,RD_Radio5,hdtf_visomaster_teams,-0.00718590927587047
SlotAv2_step3500,157,WDA_CarolynMaloney1,hdtf_visomaster_teams,0.006256781625137016
SlotAv2_step3500,158,WDA_JoeKennedy,hdtf_visomaster_teams,0.0006691090907739641
SlotAv2_step3500,159,WDA_ScottPeters0,hdtf_visomaster_teams,0.008956814911303932
SlotAv2_step3500,160,WDA_StenyHoyer,hdtf_visomaster_teams,0.00816511539630456
SlotAv2_step3500,161,WDA_ZoeLofgren,hdtf_visomaster_teams,0.005948656202791451
SlotAv2_step3500,162,WRA_DebFischer0,hdtf_visomaster_teams,-0.0036493044901282495
SlotAv2_step3500,163,WRA_GregWalden,hdtf_visomaster_teams,-0.0011179399687804717
SlotAv2_step3500,164,WRA_GregWalden1,hdtf_visomaster_teams,-0.0024712910141088647
SlotAv2_step3500,165,WRA_JoniErnst1,hdtf_visomaster_teams,0.0076543529204737846
SlotAv2_step3500,166,WRA_MarkwayneMullin,hdtf_visomaster_teams,0.0017257013154183141
SlotAv2_step3500,167,WRA_MichaelSteele,hdtf_visomaster_teams,0.0034934973112271794
SlotAv2_step3500,168,WRA_PatRoberts,hdtf_visomaster_teams,0.013944087782255334
SlotAv2_step3500,169,WRA_PeterRoskam0,hdtf_visomaster_teams,-0.0014199900024124332
SlotAv2_step3500,170,RD_Radio14,hdtf_visomaster_teams,-0.0019411782211811567
SlotAv2_step3500,171,RD_Radio27,hdtf_visomaster_teams,0.004741874942802366
SlotAv2_step3500,172,RD_Radio36,hdtf_visomaster_teams,-0.00021509203858642405
SlotAv2_step3500,173,RD_Radio49,hdtf_visomaster_teams,0.004999222654114319
SlotAv2_step3500,174,RD_Radio53,hdtf_visomaster_teams,0.008042987661068283
SlotAv2_step3500,175,WDA_JoeDonnelly,hdtf_visomaster_teams,0.004035353154486196
SlotAv2_step3500,176,WDA_MazieHirono0,hdtf_visomaster_teams,-0.00979325613772191
SlotAv2_step3500,177,WDA_MikeThompson0,hdtf_visomaster_teams,0.010751997067174404
SlotAv2_step3500,178,WDA_RichardNeal1,hdtf_visomaster_teams,-0.0048108340223911375
SlotAv2_step3500,179,WRA_JebHensarling1,hdtf_visomaster_teams,-0.00033609450030059967
SlotAv2_step3500,180,WRA_JohnBarrasso1,hdtf_visomaster_teams,-0.004962256881601013
SlotAv2_step3500,181,WRA_MikeEnzi,hdtf_visomaster_teams,0.0018970421885383985
SlotAv2_step3500,182,WRA_RogerWicker2,hdtf_visomaster_teams,0.0027985313721505915
SlotAv2_step3500,183,WRA_ShelleyMooreCapito1,hdtf_visomaster_teams,0.00757640459079713
SlotAv2_step3500,184,RD_Radio16,hdtf_visomaster_teams,0.016263240227799774
SlotAv2_step3500,185,RD_Radio17,hdtf_visomaster_teams,0.0074607195564946995
SlotAv2_step3500,186,RD_Radio31,hdtf_visomaster_teams,0.005391781674191712
SlotAv2_step3500,187,RD_Radio37,hdtf_visomaster_teams,-0.009249052145194645
SlotAv2_step3500,188,RD_Radio41,hdtf_visomaster_teams,-0.012441901553168457
SlotAv2_step3500,189,RD_Radio45,hdtf_visomaster_teams,0.004644402164053614
SlotAv2_step3500,190,RD_Radio49,hdtf_visomaster_teams,0.016288150761406512
SlotAv2_step3500,191,WDA_AlexandriaOcasioCortez,hdtf_visomaster_teams,0.00140176993125563
SlotAv2_step3500,192,WDA_BarbaraLee0,hdtf_visomaster_teams,0.0016095148304070585
SlotAv2_step3500,193,WDA_BenRayLujn,hdtf_visomaster_teams,0.01988755642289432
SlotAv2_step3500,194,WDA_BrendaLawrence,hdtf_visomaster_teams,0.005489373120124036
SlotAv2_step3500,195,WDA_CatherineCortezMasto,hdtf_visomaster_teams,0.015878899592896414
SlotAv2_step3500,196,WDA_DebHaaland,hdtf_visomaster_teams,-0.01141327597587254
SlotAv2_step3500,197,WDA_DebbieStabenow0,hdtf_visomaster_teams,-0.014854986118947436
SlotAv2_step3500,198,WDA_JamesClyburn,hdtf_visomaster_teams,0.013499623064114917
SlotAv2_step3500,199,WDA_JanSchakowsky0,hdtf_visomaster_teams,-0.02908891826824128
SlotAv2_step3500,200,WDA_JoeCrowley0,hdtf_visomaster_teams,-0.014169734720755951
SlotAv2_step3500,201,WDA_KarenBass,hdtf_visomaster_teams,-0.00954000273531339
SlotAv2_step3500,202,WDA_KathyCastor1,hdtf_visomaster_teams,0.004192841920404155
SlotAv2_step3500,203,WDA_LaurenUnderwood,hdtf_visomaster_teams,-0.004178249626714389
SlotAv2_step3500,204,WDA_MazieHirono0,hdtf_visomaster_teams,-0.0036520077009377636
SlotAv2_step3500,205,WDA_NancyPelosi1,hdtf_visomaster_teams,0.020812856790314808
SlotAv2_step3500,206,WDA_PatrickLeahy1,hdtf_visomaster_teams,-0.007159107165142223
SlotAv2_step3500,207,WDA_RichardBlumenthal,hdtf_visomaster_teams,0.0012241789067452668
SlotAv2_step3500,208,WDA_RichardNeal1,hdtf_visomaster_teams,-0.008766344283374973
SlotAv2_step3500,209,WDA_SuzanDelBene,hdtf_visomaster_teams,0.0040523753951076935
SlotAv2_step3500,210,WDA_TedLieu,hdtf_visomaster_teams,0.00882783755636942
SlotAv2_step3500,211,WDA_WhipJimClyburn,hdtf_visomaster_teams,-0.005758618008624996
SlotAv2_step3500,212,WRA_AdamKinzinger1,hdtf_visomaster_teams,-0.005255169428669848
SlotAv2_step3500,213,WRA_AustinScott0,hdtf_visomaster_teams,0.009772615689374996
SlotAv2_step3500,214,WRA_CandiceMiller0,hdtf_visomaster_teams,0.0041336199317961704
SlotAv2_step3500,215,WRA_CathyMcMorrisRodgers2,hdtf_visomaster_teams,-0.00015938365098432583
SlotAv2_step3500,216,WRA_DianeBlack1,hdtf_visomaster_teams,0.0011132156519592295
SlotAv2_step3500,217,WRA_EricCantor,hdtf_visomaster_teams,0.0007827656609981967
SlotAv2_step3500,218,WRA_GeorgeLeMieux,hdtf_visomaster_teams,0.0032154916261141
SlotAv2_step3500,219,WRA_JebHensarling1,hdtf_visomaster_teams,-0.004721427032633562
SlotAv2_step3500,220,WRA_JeffFlake,hdtf_visomaster_teams,0.0065869805294795055
SlotAv2_step3500,221,WRA_JimRisch,hdtf_visomaster_teams,-0.002057596627859408
SlotAv2_step3500,222,WRA_KristiNoem1,hdtf_visomaster_teams,-0.0018785561527852432
SlotAv2_step3500,223,WRA_ShelleyMooreCapito0,hdtf_visomaster_teams,-0.004341915025571835
SlotAv2_step3500,224,WRA_VickyHartzler,hdtf_visomaster_teams,0.008658276395485762
SlotAv2_step3500,225,RD_Radio51,hdtf_visomaster_teams,-0.00968492837293385
SlotAv2_step3500,226,WDA_AndyKim,hdtf_visomaster_teams,-0.010306593437967889
SlotAv2_step3500,227,WDA_DickDurbin,hdtf_visomaster_teams,0.0020124535780764435
SlotAv2_step3500,228,WDA_LisaBluntRochester,hdtf_visomaster_teams,-0.0010801245738971154
SlotAv2_step3500,229,WDA_MaggieHassan,hdtf_visomaster_teams,-0.016956074682889285
SlotAv2_step3500,230,WDA_MichaelBennet,hdtf_visomaster_teams,0.0005456413727366841
SlotAv2_step3500,231,WDA_PattyMurray0,hdtf_visomaster_teams,0.01750158385903531
SlotAv2_step3500,232,WDA_SeanCasten,hdtf_visomaster_teams,0.006256629452891769
SlotAv2_step3500,233,WDA_TammyDuckworth,hdtf_visomaster_teams,-0.012813017282711303
SlotAv2_step3500,234,WDA_TedDeutch,hdtf_visomaster_teams,-0.006372060839171325
SlotAv2_step3500,235,WRA_JohnKasich3,hdtf_visomaster_teams,0.0006753420136278391
SlotAv2_step3500,236,WRA_KayBaileyHutchison,hdtf_visomaster_teams,-0.008496170638438605
SlotAv2_step3500,237,WRA_MitchDaniels0,hdtf_visomaster_teams,0.01603339087745551
SlotAv2_step3500,238,WRA_TimScott,hdtf_visomaster_teams,-0.013213795456034056
SlotAv2_step3500,239,RD_Radio12,hdtf_visomaster_teams,-0.011475891347786382
SlotAv2_step3500,240,RD_Radio59,hdtf_visomaster_teams,0.00021631908257860557
SlotAv2_step3500,241,RD_Radio8,hdtf_visomaster_teams,-0.007324582788479152
SlotAv2_step3500,242,WDA_AmyKlobuchar0,hdtf_visomaster_teams,0.008713607685665158
SlotAv2_step3500,243,WDA_AndyLevin,hdtf_visomaster_teams,0.0011777478297417395
SlotAv2_step3500,244,WDA_CedricRichmond,hdtf_visomaster_teams,0.005324260567346809
SlotAv2_step3500,245,WDA_ChrisMurphy1,hdtf_visomaster_teams,-0.000965270857483878
SlotAv2_step3500,246,WDA_PeterDeFazio,hdtf_visomaster_teams,-0.005969005187629812
SlotAv2_step3500,247,WDA_TammyBaldwin1,hdtf_visomaster_teams,0.006140981101834884
SlotAv2_step3500,248,WRA_JohnKasich1,hdtf_visomaster_teams,0.014649042854596785
SlotAv2_step3500,249,WRA_PeteHoekstra,hdtf_visomaster_teams,0.0018489051156938229
SlotAv2_step3500,250,WRA_TomCotton,hdtf_visomaster_teams,0.006467775440048262
SlotAv2_step3500,251,WDA_BarbaraLee1,hdtf_visomaster_teams,-0.0012536805986683186
SlotAv2_step3500,252,WDA_DavidCicilline,hdtf_visomaster_teams,-0.005096828406888306
SlotAv2_step3500,253,WDA_DebbieDingell1,hdtf_visomaster_teams,0.0038898709907240004
SlotAv2_step3500,254,WDA_DebbieWassermanSchultz,hdtf_visomaster_teams,0.009390621191642322
SlotAv2_step3500,255,WDA_EricSwalwell,hdtf_visomaster_teams,-0.001173999822146107
SlotAv2_step3500,256,WDA_JohnSarbanes1,hdtf_visomaster_teams,0.011314679482449201
SlotAv2_step3500,257,WRA_CarlyFiorina0,hdtf_visomaster_teams,-0.003919304559111328
SlotAv2_step3500,258,WRA_JebHensarling2,hdtf_visomaster_teams,-0.006136090652360436
SlotAv2_step3500,259,WRA_JoeHeck1,hdtf_visomaster_teams,-0.002942564082596981
SlotAv2_step3500,260,WRA_LamarAlexander0,hdtf_visomaster_teams,0.0016468276591492552
SlotAv2_step3500,261,WRA_NanHayworth,hdtf_visomaster_teams,-0.0007439670226269588
SlotAv2_step3500,262,WRA_RichardShelby,hdtf_visomaster_teams,0.005067102930811189
SlotAv2_step3500,263,RD_Radio33,hdtf_visomaster_teams,-0.008108861677418424
SlotAv2_step3500,264,RD_Radio36,hdtf_visomaster_teams,0.008174341479888582
SlotAv2_step3500,265,RD_Radio53,hdtf_visomaster_teams,0.016037797543352297
SlotAv2_step3500,266,WDA_DebbieStabenow1,hdtf_visomaster_teams,-0.007738961612325656
SlotAv2_step3500,267,WDA_JonTester1,hdtf_visomaster_teams,0.005390432962976919
SlotAv2_step3500,268,WDA_KatieHill,hdtf_visomaster_teams,0.010891707627098485
SlotAv2_step3500,269,WDA_MikeThompson0,hdtf_visomaster_teams,0.0035928681888741827
SlotAv2_step3500,270,WDA_ScottPeters0,hdtf_visomaster_teams,0.00429827470125226
SlotAv2_step3500,271,WRA_GregWalden,hdtf_visomaster_teams,0.0024568899902108854
SlotAv2_step3500,272,WRA_JebHensarling0,hdtf_visomaster_teams,-0.004835692562243994
SlotAv2_step3500,273,WRA_MikeEnzi,hdtf_visomaster_teams,0.003500572503023864
SlotAv2_step3500,274,WRA_PatRoberts,hdtf_visomaster_teams,0.004979352499147784
SlotAv2_step3500,275,WRA_PeterRoskam0,hdtf_visomaster_teams,-0.0003679400115019951
SlotAv2_step3500,276,RD_Radio29,hdtf_visomaster_teams,0.009615272562840883
SlotAv2_step3500,277,RD_Radio57,hdtf_visomaster_teams,0.015566741942607931
SlotAv2_step3500,278,WDA_BernieSanders,hdtf_visomaster_teams,-0.0025077071101156268
SlotAv2_step3500,279,WDA_BillRichardson,hdtf_visomaster_teams,-0.008450010796453805
SlotAv2_step3500,280,WDA_JoeKennedy,hdtf_visomaster_teams,0.004373031909629189
SlotAv2_step3500,281,WDA_KirstenGillibrand,hdtf_visomaster_teams,0.0073175387819303245
SlotAv2_step3500,282,WDA_LucyMcBath,hdtf_visomaster_teams,-0.003941717665562693
SlotAv2_step3500,283,WDA_StenyHoyer,hdtf_visomaster_teams,0.007555517648292497
SlotAv2_step3500,284,WDA_ZoeLofgren,hdtf_visomaster_teams,-0.010279646810775625
SlotAv2_step3500,286,WRA_DebFischer0,hdtf_visomaster_teams,-0.0022265665095291005
SlotAv2_step3500,287,WRA_ErikPaulsen,hdtf_visomaster_teams,0.004669368807511053
SlotAv2_step3500,288,WRA_JoniErnst1,hdtf_visomaster_teams,0.002626620623616833
SlotAv2_step3500,289,WRA_KevinBrady,hdtf_visomaster_teams,0.005453193321140651
SlotAv2_step3500,290,RD_Radio26,hdtf_visomaster_teams,-0.0030974643999479353
SlotAv2_step3500,291,RD_Radio9,hdtf_visomaster_teams,0.011135687093576572
SlotAv2_step3500,292,WDA_DonaldMcEachin,hdtf_visomaster_teams,0.016776596660696245
SlotAv2_step3500,293,WDA_DonnaShalala1,hdtf_visomaster_teams,-0.006054435195215093
SlotAv2_step3500,294,WDA_EdMarkey0,hdtf_visomaster_teams,0.012003202124037961
SlotAv2_step3500,295,WDA_GerryConnolly,hdtf_visomaster_teams,0.007387127140581471
SlotAv2_step3500,296,WDA_MichelleObama,hdtf_visomaster_teams,0.021775653405946165
SlotAv2_step3500,297,WRA_AllenWest,hdtf_visomaster_teams,0.01812456760549009
SlotAv2_step3500,298,WRA_DanSullivan,hdtf_visomaster_teams,-0.0021097900513253978
SlotAv2_step3500,299,RD_Radio48,hdtf_visomaster_teams,-0.006145933874213465
SlotAv2_step3500,300,WDA_EliotEngel,hdtf_visomaster_teams,0.0010861267579441746
SlotAv2_step3500,301,WDA_FrankPallone1,hdtf_visomaster_teams,3.791832177350157e-05
SlotAv2_step3500,302,WDA_NancyPelosi0,hdtf_visomaster_teams,-0.002534696200421152
SlotAv2_step3500,303,WDA_TerriSewell0,hdtf_visomaster_teams,0.0009457378580801398
SlotAv2_step3500,304,WRA_CarlyFiorina,hdtf_visomaster_teams,-0.0077309262723017766
SlotAv2_step3500,305,WRA_CoryGardner,hdtf_visomaster_teams,-0.011926237219440484
SlotAv2_step3500,306,WRA_DavidVitter,hdtf_visomaster_teams,-0.023434264427333724
SlotAv2_step3500,307,WRA_JoniErnst0,hdtf_visomaster_teams,0.005855543600446886
SlotAv2_step3500,308,WRA_MarshaBlackburn0,hdtf_visomaster_teams,0.0020349957020994653
SlotAv2_step3500,309,RD_Radio1,hdtf_visomaster_teams,-0.004857110113113884
SlotAv2_step3500,310,RD_Radio11,hdtf_visomaster_teams,0.01657472929609126
SlotAv2_step3500,311,RD_Radio22,hdtf_visomaster_teams,-0.0028766648191990885
SlotAv2_step3500,312,RD_Radio37,hdtf_visomaster_teams,-0.005643286811904703
SlotAv2_step3500,313,RD_Radio4,hdtf_visomaster_teams,-0.024884319029903918
SlotAv2_step3500,314,RD_Radio41,hdtf_visomaster_teams,-0.01112968641289052
SlotAv2_step3500,315,RD_Radio42,hdtf_visomaster_teams,-0.004142535578057028
SlotAv2_step3500,316,RD_Radio43,hdtf_visomaster_teams,0.0029785656622546525
SlotAv2_step3500,317,RD_Radio50,hdtf_visomaster_teams,0.015294366775464146
SlotAv2_step3500,318,RD_Radio57,hdtf_visomaster_teams,0.0008252975572318455
SlotAv2_step3500,319,RD_Radio7,hdtf_visomaster_teams,0.004927433353006253
SlotAv2_step3500,320,WDA_AnnieKuster,hdtf_visomaster_teams,0.009217970466016061
SlotAv2_step3500,321,WDA_BernieSanders,hdtf_visomaster_teams,0.002549081698268844
SlotAv2_step3500,322,WDA_BettyMcCollum,hdtf_visomaster_teams,-0.006004635076082921
SlotAv2_step3500,323,WDA_BillRichardson,hdtf_visomaster_teams,-0.003790466244210847
SlotAv2_step3500,324,WDA_BobMenendez,hdtf_visomaster_teams,0.01760440141435779
SlotAv2_step3500,325,WDA_BradSchneider,hdtf_visomaster_teams,0.008618507547444466
SlotAv2_step3500,326,WDA_BrendaLawrence,hdtf_visomaster_teams,0.0009647963521007113
SlotAv2_step3500,327,WDA_BrianSchatz2,hdtf_visomaster_teams,-0.013565595616598309
SlotAv2_step3500,328,WDA_ByronDorgan1,hdtf_visomaster_teams,0.005561061649614452
SlotAv2_step3500,329,WDA_DianaDeGette0,hdtf_visomaster_teams,2.4587703917132876e-05
SlotAv2_step3500,330,WDA_JoeNeguse,hdtf_visomaster_teams,0.008647270808445906
SlotAv2_step3500,331,WDA_KarenBass,hdtf_visomaster_teams,-0.015051099694285967
SlotAv2_step3500,332,WDA_LaurenUnderwood,hdtf_visomaster_teams,0.007404335569895408
SlotAv2_step3500,333,WDA_LloydDoggett1,hdtf_visomaster_teams,-0.0007937887356565226
SlotAv2_step3500,334,WDA_MartinHeinrich,hdtf_visomaster_teams,0.004576544195649563
SlotAv2_step3500,335,WDA_SheldonWhitehouse0,hdtf_visomaster_teams,-0.0002689334845427079
SlotAv2_step3500,336,WDA_SherrodBrown1,hdtf_visomaster_teams,-0.008549737031318857
SlotAv2_step3500,337,WDA_TomPerez,hdtf_visomaster_teams,0.01595111981524725
SlotAv2_step3500,338,WRA_CoryGardner0,hdtf_visomaster_teams,0.011284217365991632
SlotAv2_step3500,339,WRA_DanNewhouse,hdtf_visomaster_teams,-0.015118364134148925
SlotAv2_step3500,340,WRA_JohnBarrasso0,hdtf_visomaster_teams,0.0004347111024911195
SlotAv2_step3500,341,WRA_JohnThune,hdtf_visomaster_teams,0.0015637990573743044
SlotAv2_step3500,342,WRA_MikeJohanns1,hdtf_visomaster_teams,0.0027617492132715657
SlotAv2_step3500,343,WRA_MitchDaniels1,hdtf_visomaster_teams,0.011127114589640028
SlotAv2_step3500,344,WRA_RoyBlunt,hdtf_visomaster_teams,-0.001660088989525496
SlotAv2_step3500,345,WRA_SamBrownback,hdtf_visomaster_teams,-0.003674151959926518
SlotAv2_step3500,346,WRA_SaxbyChambliss,hdtf_visomaster_teams,0.003715261243678674
SlotAv2_step3500,347,RD_Radio49,hdtf_visomaster_teams,-0.011724555251723782
SlotAv2_step3500,348,WDA_MazieHirono0,hdtf_visomaster_teams,-0.013459578594783932
SlotAv2_step3500,349,WDA_PatrickLeahy1,hdtf_visomaster_teams,-0.012765688145402902
SlotAv2_step3500,350,WDA_PeterDeFazio,hdtf_visomaster_teams,-0.009159577525706689
SlotAv2_step3500,351,WDA_RichardNeal1,hdtf_visomaster_teams,-0.005836847724792029
SlotAv2_step3500,352,WDA_TammyBaldwin1,hdtf_visomaster_teams,-0.0130240376140032
SlotAv2_step3500,353,WRA_AustinScott0,hdtf_visomaster_teams,-0.000714745329034296
SlotAv2_step3500,354,WRA_JebHensarling0,hdtf_visomaster_teams,0.01308968705144161
SlotAv2_step3500,355,WRA_JebHensarling1,hdtf_visomaster_teams,0.003923887211384246
SlotAv2_step3500,356,WRA_JohnKasich1,hdtf_visomaster_teams,0.0013625244891847577
SlotAv2_step3500,357,WRA_KevinMcCarthy0,hdtf_visomaster_teams,0.010402128673890367
SlotAv2_step3500,358,WRA_PeteHoekstra,hdtf_visomaster_teams,0.009658907860349744
SlotAv2_step3500,359,WRA_VickyHartzler,hdtf_visomaster_teams,0.006831525478062379
SlotAv2_step3500,360,RD_Radio16,hdtf_visomaster_teams,0.009098753649827204
SlotAv2_step3500,361,RD_Radio48,hdtf_visomaster_teams,0.004204195810320746
SlotAv2_step3500,362,RD_Radio51,hdtf_visomaster_teams,0.004646465176055019
SlotAv2_step3500,363,WDA_BarbaraLee0,hdtf_visomaster_teams,0.004336046450135717
SlotAv2_step3500,364,WDA_BenRayLujn,hdtf_visomaster_teams,0.014199933449206018
SlotAv2_step3500,365,WDA_ChuckSchumer0,hdtf_visomaster_teams,0.01241420525065606
SlotAv2_step3500,366,WDA_TammyDuckworth,hdtf_visomaster_teams,-0.01583523257321417
SlotAv2_step3500,367,WDA_TedDeutch,hdtf_visomaster_teams,-0.011712307368420027
SlotAv2_step3500,368,WDA_TerriSewell0,hdtf_visomaster_teams,0.012838580063341716
SlotAv2_step3500,369,WRA_AdamKinzinger1,hdtf_visomaster_teams,0.0070639845756174215
SlotAv2_step3500,370,WRA_JohnKasich3,hdtf_visomaster_teams,-0.004948375646810575
SlotAv2_step3500,371,WRA_JoniErnst0,hdtf_visomaster_teams,-0.002555674606816897
SlotAv2_step3500,372,WRA_KayBaileyHutchison,hdtf_visomaster_teams,0.005198014230927615
SlotAv2_step3500,373,WRA_MitchDaniels0,hdtf_visomaster_teams,0.013795200388320761
SlotAv2_step3500,374,RD_Radio33,hdtf_visomaster_teams,-0.0033359518550400234
SlotAv2_step3500,375,WDA_BobCasey0,hdtf_visomaster_teams,0.013150759044578873
SlotAv2_step3500,376,WDA_DebbieStabenow0,hdtf_visomaster_teams,0.008586148574528071
SlotAv2_step3500,377,WDA_JanSchakowsky0,hdtf_visomaster_teams,-0.012225117557351152
SlotAv2_step3500,378,WDA_JoeManchin,hdtf_visomaster_teams,0.01921060925056345
SlotAv2_step3500,379,WDA_ScottPeters0,hdtf_visomaster_teams,0.0021765737780559576
SlotAv2_step3500,380,WDA_SheldonWhitehouse1,hdtf_visomaster_teams,-0.0017020211436235759
SlotAv2_step3500,381,WDA_WhipJimClyburn,hdtf_visomaster_teams,0.004667828721975405
SlotAv2_step3500,382,WRA_GregWalden,hdtf_visomaster_teams,-0.001514459444039165
SlotAv2_step3500,383,WRA_PatRoberts,hdtf_visomaster_teams,0.011972889081570659
SlotAv2_step3500,384,WRA_PeterRoskam0,hdtf_visomaster_teams,0.0061054842514288235
SlotAv2_step3500,385,WRA_SteveDaines0,hdtf_visomaster_teams,0.0016838879130831694
SlotAv2_step3500,386,RD_Radio31,hdtf_visomaster_teams,-0.0011252812649629393
SlotAv2_step3500,387,RD_Radio59,hdtf_visomaster_teams,0.02106248446553427
SlotAv2_step3500,388,RD_Radio8,hdtf_visomaster_teams,0.011859640605399475
SlotAv2_step3500,389,WDA_BarbaraLee1,hdtf_visomaster_teams,0.01485429537502097
SlotAv2_step3500,390,WDA_CedricRichmond,hdtf_visomaster_teams,0.013893466378500863
SlotAv2_step3500,391,WDA_ChrisCoons,hdtf_visomaster_teams,0.015191232386827354
SlotAv2_step3500,392,WDA_ChrisMurphy1,hdtf_visomaster_teams,0.007248211769299807
SlotAv2_step3500,393,WDA_ElijahCummings,hdtf_visomaster_teams,-0.005081937058422902
SlotAv2_step3500,394,WDA_RichardBlumenthal,hdtf_visomaster_teams,0.005292787481408605
SlotAv2_step3500,395,WDA_ScottPeters1,hdtf_visomaster_teams,-0.015881859319295314
SlotAv2_step3500,396,WDA_TomUdall,hdtf_visomaster_teams,-0.00799808766377589
SlotAv2_step3500,397,WRA_CandiceMiller0,hdtf_visomaster_teams,0.013216151791617415
SlotAv2_step3500,398,WRA_NanHayworth,hdtf_visomaster_teams,-0.0004967918382190271
SlotAv2_step3500,399,WDA_AmyKlobuchar1,hdtf_visomaster_teams,0.000814487995661875
SlotAv2_step3500,400,WDA_BobCasey1,hdtf_visomaster_teams,0.007508386718096595
SlotAv2_step3500,401,WDA_DebbieWassermanSchultz,hdtf_visomaster_teams,0.003362134938997203
SlotAv2_step3500,402,WDA_JonTester1,hdtf_visomaster_teams,-0.009042533464909382
SlotAv2_step3500,403,WDA_KatieHill,hdtf_visomaster_teams,0.008523054868633532
SlotAv2_step3500,404,WDA_MarkWarner2,hdtf_visomaster_teams,-5.243070095835127e-05
SlotAv2_step3500,405,WRA_AnnMarieBuerkle,hdtf_visomaster_teams,0.017040814762450424
SlotAv2_step3500,406,WRA_AnnWagner,hdtf_visomaster_teams,-0.01236187330337072
SlotAv2_step3500,407,WRA_CarlyFiorina0,hdtf_visomaster_teams,-0.006833564186876438
SlotAv2_step3500,408,WRA_DebFischer1,hdtf_visomaster_teams,0.0046313878023362415
SlotAv2_step3500,409,WRA_JebHensarling2,hdtf_visomaster_teams,-0.00010145082708900568
SlotAv2_step3500,410,WRA_LamarAlexander0,hdtf_visomaster_teams,-0.008150427991661768
SlotAv2_step3500,411,RD_Radio14,hdtf_visomaster_teams,-0.003506954364245949
SlotAv2_step3500,412,RD_Radio27,hdtf_visomaster_teams,-0.01184553900630652
SlotAv2_step3500,413,RD_Radio38,hdtf_visomaster_teams,0.004756209465930918
SlotAv2_step3500,414,WDA_BrianSchatz0,hdtf_visomaster_teams,0.0015101441957671214
SlotAv2_step3500,415,WDA_EliotEngel,hdtf_visomaster_teams,0.001580092608844045
SlotAv2_step3500,416,WDA_JoeDonnelly,hdtf_visomaster_teams,0.01642196789508993
SlotAv2_step3500,417,WDA_KimSchrier,hdtf_visomaster_teams,0.002225493107469707
SlotAv2_step3500,418,WDA_NancyPelosi0,hdtf_visomaster_teams,0.00014489892360752994
SlotAv2_step3500,419,WDA_TinaSmith,hdtf_visomaster_teams,0.012801428457564042
SlotAv2_step3500,420,WRA_CoryGardner1,hdtf_visomaster_teams,0.0008406239250901815
SlotAv2_step3500,421,WRA_JohnBarrasso1,hdtf_visomaster_teams,-4.527845370084788e-05
SlotAv2_step3500,422,WRA_MarshaBlackburn0,hdtf_visomaster_teams,0.011874588855395335
SlotAv2_step3500,423,WRA_ReincePriebus,hdtf_visomaster_teams,0.0009576012352367136
SlotAv2_step3500,424,RD_Radio17,hdtf_visomaster_teams,-0.01969788629758175
SlotAv2_step3500,425,RD_Radio2,hdtf_visomaster_teams,0.021708841208462278
SlotAv2_step3500,426,RD_Radio47,hdtf_visomaster_teams,-0.00572251020320606
SlotAv2_step3500,427,RD_Radio5,hdtf_visomaster_teams,-0.014270850693302237
SlotAv2_step3500,428,WDA_DonnaShalala1,hdtf_visomaster_teams,-0.007133471957137546
SlotAv2_step3500,429,WDA_HillaryClinton,hdtf_visomaster_teams,0.01575741817949249
SlotAv2_step3500,430,WDA_LucilleRoybal-Allard,hdtf_visomaster_teams,-0.013237972436345544
SlotAv2_step3500,431,WRA_KevinBrady2,hdtf_visomaster_teams,0.008142901501841916
SlotAv2_step3500,432,WRA_MarkwayneMullin,hdtf_visomaster_teams,-0.004337031304515059
SlotAv2_step3500,433,WRA_MichaelSteele,hdtf_visomaster_teams,-0.009783050507727134
SlotAv2_step3500,434,WRA_PeterRoskam1,hdtf_visomaster_teams,0.0034195029233952162
SlotAv2_step3500,435,WRA_TomPrice,hdtf_visomaster_teams,-0.0007747850960973506
SlotAv2_step3500,436,RD_Radio12,hdtf_visomaster_teams,0.01316281829102985
SlotAv2_step3500,437,RD_Radio3,hdtf_visomaster_teams,-0.007712644881785107
SlotAv2_step3500,438,RD_Radio32,hdtf_visomaster_teams,0.000541623725394617
SlotAv2_step3500,439,RD_Radio40,hdtf_visomaster_teams,-0.008897783203185912
SlotAv2_step3500,440,RD_Radio41,hdtf_visomaster_teams,-0.005688494877167527
SlotAv2_step3500,441,RD_Radio54,hdtf_visomaster_teams,0.02799087252705222
SlotAv2_step3500,442,WDA_AmyKlobuchar0,hdtf_visomaster_teams,0.011687294501948527
SlotAv2_step3500,443,WDA_BarackObama,hdtf_visomaster_teams,0.007217253290555577
SlotAv2_step3500,444,WDA_BrendaLawrence,hdtf_visomaster_teams,-0.005627065407562955
SlotAv2_step3500,445,WDA_ChrisVanHollen0,hdtf_visomaster_teams,0.0007441222098372117
SlotAv2_step3500,446,WDA_DebbieDingell0,hdtf_visomaster_teams,0.009397543340766545
SlotAv2_step3500,447,WDA_DougJones,hdtf_visomaster_teams,-8.924167023306988e-05
SlotAv2_step3500,448,WDA_EdMarkey1,hdtf_visomaster_teams,0.0017675096947957106
SlotAv2_step3500,449,WDA_EmanuelCleaver,hdtf_visomaster_teams,-0.006456089197136158
SlotAv2_step3500,450,WDA_JackReed1,hdtf_visomaster_teams,0.0036411488724590823
SlotAv2_step3500,451,WDA_JackyRosen1,hdtf_visomaster_teams,-0.014082362325501085
SlotAv2_step3500,452,WDA_JanSchakowsky1,hdtf_visomaster_teams,-0.0021948482337996733
SlotAv2_step3500,453,WDA_JeanneShaheen1,hdtf_visomaster_teams,0.0020294817023021037
SlotAv2_step3500,454,WDA_JohnSarbanes0,hdtf_visomaster_teams,-0.0025445453214355393
SlotAv2_step3500,455,WDA_JohnYarmuth1,hdtf_visomaster_teams,0.01462536109348387
SlotAv2_step3500,456,WDA_LloydDoggett1,hdtf_visomaster_teams,0.010597911144342304
SlotAv2_step3500,457,WDA_MarciaFudge,hdtf_visomaster_teams,0.0042236988476727945
SlotAv2_step3500,458,WDA_MikeDoyle,hdtf_visomaster_teams,-0.008395828359968143
SlotAv2_step3500,459,WDA_RonWyden0,hdtf_visomaster_teams,-0.009609477193638912
SlotAv2_step3500,460,WDA_TerriSewell,hdtf_visomaster_teams,0.0018397671780064728
SlotAv2_step3500,461,WDA_VeronicaEscobar1,hdtf_visomaster_teams,-0.01782757795393988
SlotAv2_step3500,462,WRA_BobCorker,hdtf_visomaster_teams,0.008862427205682985
SlotAv2_step3500,463,WRA_BobGoodlatte0,hdtf_visomaster_teams,0.0077938501019389015
SlotAv2_step3500,464,WRA_BobbySchilling,hdtf_visomaster_teams,0.0055293006219037525
SlotAv2_step3500,465,WRA_CathyMcMorrisRodgers0,hdtf_visomaster_teams,0.03649074175580112
SlotAv2_step3500,466,WRA_EricCantor,hdtf_visomaster_teams,0.0037424488894855657
SlotAv2_step3500,467,WRA_FredUpton,hdtf_visomaster_teams,-0.007832802854448172
SlotAv2_step3500,468,WRA_JimInhofe,hdtf_visomaster_teams,0.012498969411451559
SlotAv2_step3500,469,WRA_JohnBoehner1,hdtf_visomaster_teams,0.0034010391206268854
SlotAv2_step3500,470,WRA_JonKyl,hdtf_visomaster_teams,-0.004141248522465619
SlotAv2_step3500,471,WRA_JuddGregg,hdtf_visomaster_teams,-0.003787613827588137
SlotAv2_step3500,472,WRA_KellyAyotte,hdtf_visomaster_teams,-0.019138810690137457
SlotAv2_step3500,473,WRA_LynnJenkins,hdtf_visomaster_teams,0.006184192981780251
SlotAv2_step3500,474,WRA_RoyBlunt,hdtf_visomaster_teams,-0.002337004813343459
SlotAv2_step3500,475,WRA_ShelleyMooreCapito0,hdtf_visomaster_teams,-0.002581242270107421
SlotAv2_step3500,476,WRA_TomCotton,hdtf_visomaster_teams,0.008188542992898866
SlotAv2_step3500,477,RD_Radio11,hdtf_visomaster_teams,0.009932562995427358
SlotAv2_step3500,478,RD_Radio17,hdtf_visomaster_teams,0.014797365959647537
SlotAv2_step3500,479,RD_Radio22,hdtf_visomaster_teams,0.016552191222609414
SlotAv2_step3500,480,RD_Radio47,hdtf_visomaster_teams,0.01888870306281854
SlotAv2_step3500,481,WDA_AnnieKuster,hdtf_visomaster_teams,0.009688194607858334
SlotAv2_step3500,482,WDA_DebHaaland,hdtf_visomaster_teams,0.002871471115153921
SlotAv2_step3500,483,WDA_LucilleRoybal-Allard,hdtf_visomaster_teams,-0.001130471037813767
SlotAv2_step3500,484,WDA_SuzanDelBene,hdtf_visomaster_teams,-0.007977397332936561
SlotAv2_step3500,485,WDA_TomPerez,hdtf_visomaster_teams,-0.003771391463110379
SlotAv2_step3500,486,WRA_CathyMcMorrisRodgers2,hdtf_visomaster_teams,-0.019864685222180288
SlotAv2_step3500,487,WRA_JeffFlake,hdtf_visomaster_teams,0.03389181993973452
SlotAv2_step3500,488,WRA_KevinBrady2,hdtf_visomaster_teams,0.003137724346083255
SlotAv2_step3500,489,WRA_PeterRoskam1,hdtf_visomaster_teams,0.0019101338444748157
SlotAv2_step3500,490,WRA_SaxbyChambliss,hdtf_visomaster_teams,0.006662773800298618
SlotAv2_step3500,491,WRA_SteveScalise1,hdtf_visomaster_teams,0.0059014266208841865
SlotAv2_step3500,492,RD_Radio14,hdtf_visomaster_teams,-0.0004971253938185639
SlotAv2_step3500,493,RD_Radio27,hdtf_visomaster_teams,0.005213700910205529
SlotAv2_step3500,494,WDA_AlexandriaOcasioCortez,hdtf_visomaster_teams,-0.0070438915494593435
SlotAv2_step3500,495,WDA_JoeDonnelly,hdtf_visomaster_teams,0.00714759834473456
SlotAv2_step3500,496,WDA_LisaBluntRochester,hdtf_visomaster_teams,0.023997846707635637
SlotAv2_step3500,497,WDA_MichaelBennet,hdtf_visomaster_teams,0.006882010600758815
SlotAv2_step3500,498,WDA_PatrickLeahy1,hdtf_visomaster_teams,0.00452112351132226
SlotAv2_step3500,499,WDA_TedLieu,hdtf_visomaster_teams,0.013790044155699415
SlotAv2_step3500,500,WRA_AustinScott0,hdtf_visomaster_teams,0.013397707757453425
SlotAv2_step3500,501,WRA_JohnBarrasso1,hdtf_visomaster_teams,0.008115424761479747
SlotAv2_step3500,502,WRA_ReincePriebus,hdtf_visomaster_teams,0.012523858464730843
SlotAv2_step3500,503,WRA_RogerWicker0,hdtf_visomaster_teams,0.0025922852184944566
SlotAv2_step3500,504,WRA_ShelleyMooreCapito1,hdtf_visomaster_teams,-0.007016961519613565
SlotAv2_step3500,505,RD_Radio59,hdtf_visomaster_teams,-0.0058192605903174205
SlotAv2_step3500,506,RD_Radio8,hdtf_visomaster_teams,-0.007094139145411526
SlotAv2_step3500,507,WDA_BarbaraLee0,hdtf_visomaster_teams,0.005990533572989219
SlotAv2_step3500,508,WDA_BenRayLujn,hdtf_visomaster_teams,0.01551809668570005
SlotAv2_step3500,509,WDA_ChrisMurphy1,hdtf_visomaster_teams,-0.010187642625121637
SlotAv2_step3500,510,WDA_MazieHirono0,hdtf_visomaster_teams,-0.019226610186671798
SlotAv2_step3500,511,WDA_RichardNeal1,hdtf_visomaster_teams,-0.005110606630644294
SlotAv2_step3500,512,WDA_TomUdall,hdtf_visomaster_teams,0.011432246892505852
SlotAv2_step3500,513,WRA_AdamKinzinger1,hdtf_visomaster_teams,-0.0006986036401317612
SlotAv2_step3500,514,WRA_JebHensarling1,hdtf_visomaster_teams,-0.0008415268951034681
SlotAv2_step3500,515,WRA_KayBaileyHutchison,hdtf_visomaster_teams,-0.007137444868715592
SlotAv2_step3500,516,WRA_KristiNoem1,hdtf_visomaster_teams,-0.010453415667063499
SlotAv2_step3500,517,RD_Radio1,hdtf_visomaster_teams,-0.003962828763291685
SlotAv2_step3500,518,RD_Radio4,hdtf_visomaster_teams,-0.0001362405013446968
SlotAv2_step3500,519,WDA_BobMenendez,hdtf_visomaster_teams,0.0062213607231723
SlotAv2_step3500,520,WDA_ByronDorgan1,hdtf_visomaster_teams,0.002595824602847454
SlotAv2_step3500,521,WDA_HakeemJeffries,hdtf_visomaster_teams,0.018744159200133642
SlotAv2_step3500,522,WDA_HenryWaxman,hdtf_visomaster_teams,-0.0004742806366319521
SlotAv2_step3500,523,WDA_PattyMurray1,hdtf_visomaster_teams,-0.019045055136113164
SlotAv2_step3500,524,WDA_SherrodBrown1,hdtf_visomaster_teams,-0.0018970728519795408
SlotAv2_step3500,525,WRA_GeoffDavis,hdtf_visomaster_teams,0.016513007365200363
SlotAv2_step3500,526,WRA_MitchDaniels1,hdtf_visomaster_teams,0.0022815331455251176
SlotAv2_step3500,527,WRA_SamBrownback,hdtf_visomaster_teams,0.0065336480344141915
SlotAv2_step3500,528,RD_Radio19,hdtf_visomaster_teams,0.0013115735525584503
SlotAv2_step3500,529,RD_Radio52,hdtf_visomaster_teams,0.0078061582557809265
SlotAv2_step3500,530,WDA_DebbieStabenow0,hdtf_visomaster_teams,-0.013298498873135832
SlotAv2_step3500,531,WDA_DianneFeinstein,hdtf_visomaster_teams,0.002268629606572403
SlotAv2_step3500,532,WDA_FrankPallone0,hdtf_visomaster_teams,-0.00043463492506092504
SlotAv2_step3500,533,WDA_JanSchakowsky0,hdtf_visomaster_teams,-0.02435056025385065
SlotAv2_step3500,534,WDA_JimmyGomez,hdtf_visomaster_teams,0.00010356600600923676
SlotAv2_step3500,535,WDA_NancyPelosi1,hdtf_visomaster_teams,0.016280873581405484
SlotAv2_step3500,536,WDA_WhipJimClyburn,hdtf_visomaster_teams,0.004045278210641604
SlotAv2_step3500,537,WRA_JohnBoozman,hdtf_visomaster_teams,0.0010569390713911918
SlotAv2_step3500,538,WRA_MikeJohanns,hdtf_visomaster_teams,0.0011467575142910555
SlotAv2_step3500,539,RD_Radio43,hdtf_visomaster_teams,0.007117762910443842
SlotAv2_step3500,540,RD_Radio57,hdtf_visomaster_teams,0.004717119311341764
SlotAv2_step3500,541,RD_Radio7,hdtf_visomaster_teams,0.01113792203103039
SlotAv2_step3500,542,WDA_BernieSanders,hdtf_visomaster_teams,0.002563588819265457
SlotAv2_step3500,543,WDA_BettyMcCollum,hdtf_visomaster_teams,0.005394964520571132
SlotAv2_step3500,544,WDA_BillRichardson,hdtf_visomaster_teams,-0.0027446810949181225
SlotAv2_step3500,545,WDA_DianaDeGette0,hdtf_visomaster_teams,-0.008503090501700374
SlotAv2_step3500,546,WDA_JoeNeguse,hdtf_visomaster_teams,-0.012738355922423237
SlotAv2_step3500,547,WRA_CathyMcMorrisRodgers1,hdtf_visomaster_teams,0.0030843758487414225
SlotAv2_step3500,548,WRA_JohnBarrasso0,hdtf_visomaster_teams,0.002309320436747583
SlotAv2_step3500,549,WRA_JohnBoehner0,hdtf_visomaster_teams,0.004133797442302423
SlotAv2_step3500,550,WRA_KevinBrady3,hdtf_visomaster_teams,0.001957331649850985
SlotAv2_step3500,551,RD_Radio31,hdtf_visomaster_teams,-0.006330458178695984
SlotAv2_step3500,552,WDA_BobCasey0,hdtf_visomaster_teams,0.009163830526241664
SlotAv2_step3500,553,WDA_JoeManchin,hdtf_visomaster_teams,0.004683073186365324
SlotAv2_step3500,554,WDA_KathyCastor,hdtf_visomaster_teams,0.012561528612069633
SlotAv2_step3500,555,WDA_KathyCastor1,hdtf_visomaster_teams,0.01502964204020671
SlotAv2_step3500,556,WDA_MartinHeinrich,hdtf_visomaster_teams,0.012051214202050691
SlotAv2_step3500,557,WDA_RichardBlumenthal,hdtf_visomaster_teams,0.0005688579137375373
SlotAv2_step3500,558,WDA_SheldonWhitehouse0,hdtf_visomaster_teams,2.4393697273402803e-05
SlotAv2_step3500,559,WRA_CandiceMiller0,hdtf_visomaster_teams,-0.0022562495435471436
SlotAv2_step3500,560,WRA_CoryGardner0,hdtf_visomaster_teams,-0.010763385192476198
SlotAv2_step3500,561,WRA_DanNewhouse,hdtf_visomaster_teams,0.008772222977221533
SlotAv2_step3500,562,WRA_MikeJohanns1,hdtf_visomaster_teams,0.00030705926165836223
SlotAv2_step3500,563,WRA_SteveDaines0,hdtf_visomaster_teams,-0.0009667237310729748
SlotAv2_step3500,564,RD_Radio10,hdtf_visomaster_teams,0.00321019846543781
SlotAv2_step3500,565,RD_Radio19,hdtf_visomaster_teams,-0.0033392037371723403
SlotAv2_step3500,566,RD_Radio20,hdtf_visomaster_teams,0.01226858663649076
SlotAv2_step3500,567,RD_Radio37,hdtf_visomaster_teams,-0.0071644458043458
SlotAv2_step3500,568,RD_Radio9,hdtf_visomaster_teams,-0.005269831022789875
SlotAv2_step3500,569,WDA_BenCardin1,hdtf_visomaster_teams,0.008864208306270549
SlotAv2_step3500,570,WDA_ChrisVanHollen1,hdtf_visomaster_teams,-0.004783300134920009
SlotAv2_step3500,571,WDA_DianneFeinstein,hdtf_visomaster_teams,-0.016752273346506055
SlotAv2_step3500,572,WDA_EdMarkey0,hdtf_visomaster_teams,0.012891882325768165
SlotAv2_step3500,573,WDA_GerryConnolly,hdtf_visomaster_teams,0.014879193646389482
SlotAv2_step3500,574,WDA_JamesClyburn1,hdtf_visomaster_teams,7.614122084582432e-05
SlotAv2_step3500,575,WDA_JeffMerkley1,hdtf_visomaster_teams,-0.007099637958525612
SlotAv2_step3500,576,WDA_JerryNadler,hdtf_visomaster_teams,0.0023242356674443403
SlotAv2_step3500,577,WDA_JimmyGomez,hdtf_visomaster_teams,-0.007460994903535738
SlotAv2_step3500,578,WDA_JoeCrowley1,hdtf_visomaster_teams,-0.0037135476524276364
SlotAv2_step3500,579,WDA_LloydDoggett1,hdtf_visomaster_teams,0.004815335898622572
SlotAv2_step3500,580,WDA_NitaLowey,hdtf_visomaster_teams,0.0022474273018820625
SlotAv2_step3500,581,WDA_NydiaVelzquez,hdtf_visomaster_teams,0.0028818621015175953
SlotAv2_step3500,582,WDA_RonWyden1,hdtf_visomaster_teams,-0.019926332656623715
SlotAv2_step3500,583,WDA_SeanPatrickMaloney,hdtf_visomaster_teams,0.009988230316440071
SlotAv2_step3500,584,WDA_SherrodBrown0,hdtf_visomaster_teams,-0.012685761787219606
SlotAv2_step3500,585,WDA_StephanieMurphy,hdtf_visomaster_teams,-0.011573188015497013
SlotAv2_step3500,586,WDA_TammyBaldwin0,hdtf_visomaster_teams,0.018976661490003748
SlotAv2_step3500,587,WDA_TerriSewell,hdtf_visomaster_teams,-0.0035580478908773367
SlotAv2_step3500,588,WDA_XavierBecerra,hdtf_visomaster_teams,0.024624225533854627
SlotAv2_step3500,589,WRA_AdamKinzinger2,hdtf_visomaster_teams,-0.0014358387809024946
SlotAv2_step3500,590,WRA_AustinScott2,hdtf_visomaster_teams,0.004773048572259245
SlotAv2_step3500,591,WRA_DaveCamp,hdtf_visomaster_teams,-0.013785360500022738
SlotAv2_step3500,592,WRA_FredUpton,hdtf_visomaster_teams,-0.004024796973102991
SlotAv2_step3500,593,WRA_JohnBoehner0,hdtf_visomaster_teams,-0.004894829175815997
SlotAv2_step3500,594,WRA_JohnnyIsakson,hdtf_visomaster_teams,-0.0010484334319124677
SlotAv2_step3500,595,WRA_KevinBrady3,hdtf_visomaster_teams,-0.0073621204440150545
SlotAv2_step3500,596,WRA_MikeJohanns,hdtf_visomaster_teams,-0.005543301144475302
SlotAv2_step3500,597,WRA_MittRomney,hdtf_visomaster_teams,-0.009130821756116632
SlotAv2_step3500,598,WRA_OlympiaSnowe,hdtf_visomaster_teams,-0.003258998992865247
SlotAv2_step3500,599,WRA_PaulRyan1,hdtf_visomaster_teams,-0.01073082594384548
SlotAv2_step3500,600,WRA_RandPaul1,hdtf_visomaster_teams,-0.01214958435097199
SlotAv2_step3500,601,WRA_RandPaul2,hdtf_visomaster_teams,0.013410919432655046
SlotAv2_step3500,602,WRA_RichardShelby,hdtf_visomaster_teams,0.0012409408720777508
SlotAv2_step3500,603,WRA_RoyBlunt,hdtf_visomaster_teams,-0.007558249072272304
SlotAv2_step3500,604,WRA_ToddYoung,hdtf_visomaster_teams,-0.0021481666237047345
SlotAv2_step3500,605,RD_Radio3,hdtf_visomaster_teams,-0.0041171855609898195
SlotAv2_step3500,606,RD_Radio50,hdtf_visomaster_teams,-0.004311740452813383
SlotAv2_step3500,607,WDA_BrianSchatz2,hdtf_visomaster_teams,-0.006290453558079886
SlotAv2_step3500,608,WDA_JackReed1,hdtf_visomaster_teams,-0.006745068735526829
SlotAv2_step3500,609,WDA_JackyRosen1,hdtf_visomaster_teams,-0.014486819497920595
SlotAv2_step3500,610,WDA_JeanneShaheen1,hdtf_visomaster_teams,-0.0022633973510233817
SlotAv2_step3500,611,WDA_JohnSarbanes0,hdtf_visomaster_teams,0.006329749299234645
SlotAv2_step3500,612,WDA_KatherineClark,hdtf_visomaster_teams,0.016869698590373152
SlotAv2_step3500,613,WDA_MartinHeinrich,hdtf_visomaster_teams,-0.0014789538059723664
SlotAv2_step3500,614,WDA_RonWyden0,hdtf_visomaster_teams,-0.012899794501194536
SlotAv2_step3500,615,WDA_SheldonWhitehouse0,hdtf_visomaster_teams,0.00037298087309032505
SlotAv2_step3500,616,WRA_DanNewhouse,hdtf_visomaster_teams,-0.00517673374620666
SlotAv2_step3500,617,WRA_JuddGregg,hdtf_visomaster_teams,0.008464955010613867
SlotAv2_step3500,618,WRA_MikeJohanns1,hdtf_visomaster_teams,0.002620505025439674
SlotAv2_step3500,619,RD_Radio11,hdtf_visomaster_teams,-0.004565335392063056
SlotAv2_step3500,620,RD_Radio18,hdtf_visomaster_teams,0.007285594776924245
SlotAv2_step3500,621,RD_Radio22,hdtf_visomaster_teams,0.002321015995873102
SlotAv2_step3500,622,RD_Radio25,hdtf_visomaster_teams,0.0010084171887380792
SlotAv2_step3500,623,RD_Radio54,hdtf_visomaster_teams,0.026447932099791432
SlotAv2_step3500,624,WDA_AnnieKuster,hdtf_visomaster_teams,0.006312044058047104
SlotAv2_step3500,625,WDA_EdMarkey1,hdtf_visomaster_teams,-0.007867141011591468
SlotAv2_step3500,626,WDA_MikeDoyle,hdtf_visomaster_teams,0.0028868509801116956
SlotAv2_step3500,627,WDA_TomCarper,hdtf_visomaster_teams,0.0032429915911232126
SlotAv2_step3500,628,WDA_TomPerez,hdtf_visomaster_teams,0.014727699899718843
SlotAv2_step3500,629,WDA_VeronicaEscobar1,hdtf_visomaster_teams,0.0012187655300443193
SlotAv2_step3500,630,WRA_JimInhofe,hdtf_visomaster_teams,0.011324131941308917
SlotAv2_step3500,631,WRA_KristiNoem0,hdtf_visomaster_teams,0.0071460669462238705
SlotAv2_step3500,632,WRA_SaxbyChambliss,hdtf_visomaster_teams,0.00726770204194134
SlotAv2_step3500,633,RD_Radio32,hdtf_visomaster_teams,0.0052925843471410845
SlotAv2_step3500,634,WDA_AlexandriaOcasioCortez,hdtf_visomaster_teams,-0.007657730310983369
SlotAv2_step3500,635,WDA_DebHaaland,hdtf_visomaster_teams,-0.008043069957872752
SlotAv2_step3500,636,WDA_SuzanDelBene,hdtf_visomaster_teams,-0.011664787918326725
SlotAv2_step3500,637,WDA_TedLieu,hdtf_visomaster_teams,0.0049087596582550325
SlotAv2_step3500,638,WRA_AustinScott0,hdtf_visomaster_teams,0.0051424092885369475
SlotAv2_step3500,639,WRA_BobCorker,hdtf_visomaster_teams,-0.001804205133453579
SlotAv2_step3500,640,WRA_CathyMcMorrisRodgers0,hdtf_visomaster_teams,0.006411292784945477
SlotAv2_step3500,641,WRA_CathyMcMorrisRodgers2,hdtf_visomaster_teams,0.009218049067686963
SlotAv2_step3500,642,WRA_JeffFlake,hdtf_visomaster_teams,0.0010032825142341616
SlotAv2_step3500,643,WRA_LynnJenkins,hdtf_visomaster_teams,0.01749275154104087
SlotAv2_step3500,644,WRA_VickyHartzler,hdtf_visomaster_teams,0.008998247969441027
SlotAv2_step3500,645,RD_Radio16,hdtf_visomaster_teams,0.014837547901763583
SlotAv2_step3500,646,RD_Radio17,hdtf_visomaster_teams,-0.010647820328470201
SlotAv2_step3500,647,WDA_BarbaraLee0,hdtf_visomaster_teams,0.005650475851223509
SlotAv2_step3500,648,WDA_BenRayLujn,hdtf_visomaster_teams,0.01557946400257803
SlotAv2_step3500,649,WDA_BobCasey0,hdtf_visomaster_teams,0.00928847743558921
SlotAv2_step3500,650,WDA_DebbieStabenow0,hdtf_visomaster_teams,0.0008226839926869928
SlotAv2_step3500,651,WDA_JanSchakowsky0,hdtf_visomaster_teams,-0.013633385584844376
SlotAv2_step3500,652,WDA_JoeManchin,hdtf_visomaster_teams,0.0007418466350176869
SlotAv2_step3500,653,WDA_NancyPelosi1,hdtf_visomaster_teams,0.0003860851234863622
SlotAv2_step3500,654,WDA_SheldonWhitehouse1,hdtf_visomaster_teams,0.010125694315764894
SlotAv2_step3500,655,WDA_WhipJimClyburn,hdtf_visomaster_teams,0.0015698046308217613
SlotAv2_step3500,656,WRA_AdamKinzinger1,hdtf_visomaster_teams,0.01252944790079801
SlotAv2_step3500,657,WRA_SteveDaines0,hdtf_visomaster_teams,0.004330227560798325
SlotAv2_step3500,658,RD_Radio1,hdtf_visomaster_teams,0.0011934060888920284
SlotAv2_step3500,659,RD_Radio4,hdtf_visomaster_teams,-0.009917394445888161
SlotAv2_step3500,660,RD_Radio42,hdtf_visomaster_teams,-0.001793411456873212
SlotAv2_step3500,661,WDA_AndyLevin,hdtf_visomaster_teams,0.013207015807205354
SlotAv2_step3500,662,WDA_BobMenendez,hdtf_visomaster_teams,0.02140777900974345
SlotAv2_step3500,663,WDA_BradSchneider,hdtf_visomaster_teams,-0.00024239019096396468
SlotAv2_step3500,664,WDA_ByronDorgan1,hdtf_visomaster_teams,0.010071660235356184
SlotAv2_step3500,665,WDA_SherrodBrown1,hdtf_visomaster_teams,-0.009386633279005463
SlotAv2_step3500,666,WRA_AdamKinzinger0,hdtf_visomaster_teams,0.011699711755443595
SlotAv2_step3500,667,WRA_JohnThune,hdtf_visomaster_teams,0.0004051048677315306
SlotAv2_step3500,668,WRA_LisaMurkowski0,hdtf_visomaster_teams,-0.003977762024091554
SlotAv2_step3500,669,WRA_MitchDaniels1,hdtf_visomaster_teams,0.007028400384990938
SlotAv2_step3500,670,WRA_SamBrownback,hdtf_visomaster_teams,-0.006361370771288708
SlotAv2_step3500,671,WDA_BarackObama,hdtf_visomaster_teams,-0.011918156938096563
SlotAv2_step3500,672,WDA_DebbieStabenow1,hdtf_visomaster_teams,-0.004997154828599804
SlotAv2_step3500,673,WDA_JanSchakowsky1,hdtf_visomaster_teams,0.01701487538751205
SlotAv2_step3500,674,WDA_JonTester1,hdtf_visomaster_teams,-0.009211647315533892
SlotAv2_step3500,675,WDA_KatieHill,hdtf_visomaster_teams,0.0004159549280966929
SlotAv2_step3500,676,WDA_RichardBlumenthal,hdtf_visomaster_teams,-0.0006579724086576151
SlotAv2_step3500,677,WRA_BobGoodlatte0,hdtf_visomaster_teams,0.004780118988834145
SlotAv2_step3500,678,WRA_BobbySchilling,hdtf_visomaster_teams,-0.01032278246613904
SlotAv2_step3500,679,WRA_CandiceMiller0,hdtf_visomaster_teams,0.01070955230997485
SlotAv2_step3500,680,WRA_JohnBoehner1,hdtf_visomaster_teams,0.007786843359881065
SlotAv2_step3500,681,WRA_KellyAyotte,hdtf_visomaster_teams,-0.006322956235325184
SlotAv2_step3500,682,RD_Radio38,hdtf_visomaster_teams,-0.015111891069370222
SlotAv2_step3500,683,RD_Radio40,hdtf_visomaster_teams,-0.00651192626842149
SlotAv2_step3500,684,RD_Radio43,hdtf_visomaster_teams,0.0035387100305934146
SlotAv2_step3500,685,RD_Radio7,hdtf_visomaster_teams,0.0014384382451207538
SlotAv2_step3500,686,WDA_BettyMcCollum,hdtf_visomaster_teams,0.004145384246517943
SlotAv2_step3500,687,WDA_ChrisVanHollen0,hdtf_visomaster_teams,-0.0008054532453818139
SlotAv2_step3500,688,WDA_DianaDeGette0,hdtf_visomaster_teams,0.0021991802153379517
SlotAv2_step3500,689,WDA_DougJones,hdtf_visomaster_teams,0.004154046107073104
SlotAv2_step3500,690,WDA_JamesClyburn,hdtf_visomaster_teams,0.013327016210603344
SlotAv2_step3500,691,WDA_JoeNeguse,hdtf_visomaster_teams,0.008178886659818675
SlotAv2_step3500,692,WDA_JohnYarmuth1,hdtf_visomaster_teams,0.0007694198518819681
SlotAv2_step3500,693,WDA_KimSchrier,hdtf_visomaster_teams,0.0043755960734588
SlotAv2_step3500,694,WRA_CoryGardner1,hdtf_visomaster_teams,0.006023977538722177
SlotAv2_step3500,695,RD_Radio13,hdtf_visomaster_teams,0.011453679523189892
SlotAv2_step3500,696,RD_Radio18,hdtf_visomaster_teams,0.0014781109241086012
SlotAv2_step3500,697,RD_Radio20,hdtf_visomaster_teams,0.00797679494978109
SlotAv2_step3500,698,RD_Radio23,hdtf_visomaster_teams,-0.004143224702107968
SlotAv2_step3500,699,RD_Radio25,hdtf_visomaster_teams,0.0008719746075028071
SlotAv2_step3500,700,RD_Radio28,hdtf_visomaster_teams,-0.005735683732097907
SlotAv2_step3500,701,RD_Radio30,hdtf_visomaster_teams,-0.0023339456962908982
SlotAv2_step3500,702,RD_Radio34,hdtf_visomaster_teams,-0.005532426466000157
SlotAv2_step3500,703,RD_Radio35,hdtf_visomaster_teams,-0.0014688864680031605
SlotAv2_step3500,704,WDA_BennieThompson1,hdtf_visomaster_teams,0.002141920849853822
SlotAv2_step3500,705,WDA_BillPascrell,hdtf_visomaster_teams,0.0066827089678086725
SlotAv2_step3500,706,WDA_BrianSchatz1,hdtf_visomaster_teams,0.0010659319078095623
SlotAv2_step3500,707,WDA_CarolynMaloney1,hdtf_visomaster_teams,0.0032138646930903792
SlotAv2_step3500,708,WDA_ChrisVanHollen1,hdtf_visomaster_teams,-0.004069304435773803
SlotAv2_step3500,709,WDA_ChuckSchumer1,hdtf_visomaster_teams,-0.016651080714495753
SlotAv2_step3500,710,WDA_ColinAllred,hdtf_visomaster_teams,0.007801629201730172
SlotAv2_step3500,711,WDA_DianaDeGette1,hdtf_visomaster_teams,-0.01991495880890977
SlotAv2_step3500,712,WDA_HaleyStevens,hdtf_visomaster_teams,0.00041170622199982083
SlotAv2_step3500,713,WDA_JeffMerkley1,hdtf_visomaster_teams,0.006131452752000114
SlotAv2_step3500,714,WDA_JoaquinCastro,hdtf_visomaster_teams,-0.010998976705242827
SlotAv2_step3500,715,WDA_LloydDoggett0,hdtf_visomaster_teams,-0.005265966504459804
SlotAv2_step3500,716,WDA_LloydDoggett1,hdtf_visomaster_teams,-0.002379445984745454
SlotAv2_step3500,717,WDA_LucilleRoybal-Allard,hdtf_visomaster_teams,0.007923975007379805
SlotAv2_step3500,718,WDA_MattCartwright,hdtf_visomaster_teams,0.013879602020348096
SlotAv2_step3500,719,WDA_RichardNeal0,hdtf_visomaster_teams,0.0011684198566668947
SlotAv2_step3500,720,WDA_RobinKelly,hdtf_visomaster_teams,0.01717867103419962
SlotAv2_step3500,721,WDA_RonWyden1,hdtf_visomaster_teams,-0.0005482914774374645
SlotAv2_step3500,722,WDA_TerriSewell,hdtf_visomaster_teams,-0.001242049289097886
SlotAv2_step3500,723,WDA_TomCarper,hdtf_visomaster_teams,0.004896487915472349
SlotAv2_step3500,724,WDA_VeronicaEscobar0,hdtf_visomaster_teams,-0.015836838142063946
SlotAv2_step3500,725,WRA_ChuckGrassley,hdtf_visomaster_teams,-0.0027518188604564904
SlotAv2_step3500,726,WRA_DebFischer2,hdtf_visomaster_teams,0.0007826001615972676
SlotAv2_step3500,727,WRA_DuncanHunter,hdtf_visomaster_teams,-0.00742687883792338
SlotAv2_step3500,728,WRA_FredUpton,hdtf_visomaster_teams,0.0010240322363376572
SlotAv2_step3500,729,WRA_KevinBrady2,hdtf_visomaster_teams,-0.0232585803286132
SlotAv2_step3500,730,WRA_KristiNoem0,hdtf_visomaster_teams,0.0006540256838187277
SlotAv2_step3500,731,WRA_LamarAlexander,hdtf_visomaster_teams,-0.0010907269789192724
SlotAv2_step3500,732,WRA_MikeCrapo,hdtf_visomaster_teams,0.002887590960593155
SlotAv2_step3500,733,WRA_PaulRyan0,hdtf_visomaster_teams,-0.0009071702921275861
SlotAv2_step3500,734,WRA_PeterRoskam1,hdtf_visomaster_teams,0.01180638442791955
SlotAv2_step3500,735,WRA_ReneeEllmers,hdtf_visomaster_teams,0.0006446217491714449
SlotAv2_step3500,736,WRA_RoyBlunt,hdtf_visomaster_teams,-0.0031341618152911
SlotAv2_step3500,737,WRA_SteveScalise1,hdtf_visomaster_teams,0.0036725504230308583
SlotAv2_step3500,738,RD_Radio12,hdtf_visomaster_teams,0.029211161789189033
SlotAv2_step3500,739,RD_Radio43,hdtf_visomaster_teams,0.008742195855961282
SlotAv2_step3500,740,RD_Radio7,hdtf_visomaster_teams,0.007006194556760549
SlotAv2_step3500,741,WDA_AmyKlobuchar0,hdtf_visomaster_teams,0.00933881706478952
SlotAv2_step3500,742,WDA_BettyMcCollum,hdtf_visomaster_teams,0.0015699612694244614
SlotAv2_step3500,743,WDA_DianaDeGette0,hdtf_visomaster_teams,-0.0035738295299162733
SlotAv2_step3500,744,WDA_EmanuelCleaver,hdtf_visomaster_teams,-0.006205373263165002
SlotAv2_step3500,745,WDA_JoeNeguse,hdtf_visomaster_teams,-0.0009576187915379913
SlotAv2_step3500,746,WDA_NydiaVelzquez,hdtf_visomaster_teams,0.0024929308815278446
SlotAv2_step3500,747,WRA_AdamKinzinger2,hdtf_visomaster_teams,-0.009506219361978686
SlotAv2_step3500,748,WRA_DaveCamp,hdtf_visomaster_teams,-0.0007564899091407462
SlotAv2_step3500,749,WRA_JohnBoehner0,hdtf_visomaster_teams,0.005101117169167616
SlotAv2_step3500,750,WRA_KevinBrady3,hdtf_visomaster_teams,-0.004470867145149232
SlotAv2_step3500,751,WRA_RandPaul1,hdtf_visomaster_teams,-0.0008585977346425328
SlotAv2_step3500,752,WRA_TomCotton,hdtf_visomaster_teams,0.0026180332610755024
SlotAv2_step3500,753,RD_Radio3,hdtf_visomaster_teams,-0.004354739274619833
SlotAv2_step3500,754,RD_Radio47,hdtf_visomaster_teams,-0.005550140425821683
SlotAv2_step3500,755,RD_Radio50,hdtf_visomaster_teams,0.0007957122470822204
SlotAv2_step3500,756,WDA_DebHaaland,hdtf_visomaster_teams,-0.0004531712760696485
SlotAv2_step3500,757,WDA_JackyRosen1,hdtf_visomaster_teams,-0.010279948590057281
SlotAv2_step3500,758,WDA_JeanneShaheen1,hdtf_visomaster_teams,0.0012085824457749232
SlotAv2_step3500,759,WDA_JonTester0,hdtf_visomaster_teams,0.01858096662063438
SlotAv2_step3500,760,WDA_MartinHeinrich,hdtf_visomaster_teams,0.02098866317240313
SlotAv2_step3500,761,WDA_RonWyden0,hdtf_visomaster_teams,-0.006651132317092211
SlotAv2_step3500,762,WDA_SuzanDelBene,hdtf_visomaster_teams,0.009402493717456294
SlotAv2_step3500,763,WRA_CathyMcMorrisRodgers2,hdtf_visomaster_teams,-0.0023808617762288422
SlotAv2_step3500,764,WRA_DanNewhouse,hdtf_visomaster_teams,0.0007142927387527823
SlotAv2_step3500,765,WRA_JeffFlake,hdtf_visomaster_teams,0.013892422392715612
SlotAv2_step3500,766,WRA_MikeJohanns1,hdtf_visomaster_teams,0.0018858133343132937
SlotAv2_step3500,767,RD_Radio2,hdtf_visomaster_teams,-0.00010410584630559001
SlotAv2_step3500,768,WDA_AndyLevin,hdtf_visomaster_teams,-0.015991939269379182
SlotAv2_step3500,769,WDA_DickDurbin,hdtf_visomaster_teams,0.0023601688705993046
SlotAv2_step3500,770,WDA_DonaldMcEachin,hdtf_visomaster_teams,0.01277843783327458
SlotAv2_step3500,771,WDA_DonnaShalala1,hdtf_visomaster_teams,-0.011859592019762687
SlotAv2_step3500,772,WDA_HillaryClinton,hdtf_visomaster_teams,-0.011798689075251508
SlotAv2_step3500,773,WDA_JackReed1,hdtf_visomaster_teams,0.002012718125300429
SlotAv2_step3500,774,WDA_JohnSarbanes0,hdtf_visomaster_teams,-0.005637673247619172
SlotAv2_step3500,775,WDA_KatherineClark,hdtf_visomaster_teams,0.002406591436667648
SlotAv2_step3500,776,WDA_MaggieHassan,hdtf_visomaster_teams,-0.005022267339300013
SlotAv2_step3500,777,WDA_PattyMurray0,hdtf_visomaster_teams,0.01166799030874548
SlotAv2_step3500,778,WDA_SeanCasten,hdtf_visomaster_teams,0.01587877152831562
SlotAv2_step3500,779,WRA_TimScott,hdtf_visomaster_teams,0.02681483045579594
SlotAv2_step3500,780,WRA_TomPrice,hdtf_visomaster_teams,0.0064148180951585036
SlotAv2_step3500,781,RD_Radio10,hdtf_visomaster_teams,-0.0005570155742306644
SlotAv2_step3500,782,WDA_BarackObama,hdtf_visomaster_teams,0.0022566347765476487
SlotAv2_step3500,783,WDA_JamesClyburn1,hdtf_visomaster_teams,0.005414901658537042
SlotAv2_step3500,784,WDA_JanSchakowsky1,hdtf_visomaster_teams,0.007747155395970071
SlotAv2_step3500,785,WDA_JerryNadler,hdtf_visomaster_teams,0.0005317338779902748
SlotAv2_step3500,786,WDA_SeanPatrickMaloney,hdtf_visomaster_teams,0.004557029212041154
SlotAv2_step3500,787,WDA_TammyBaldwin0,hdtf_visomaster_teams,0.007040636933381887
SlotAv2_step3500,788,WDA_XavierBecerra,hdtf_visomaster_teams,-0.00682758671173426
SlotAv2_step3500,789,WRA_BobGoodlatte0,hdtf_visomaster_teams,0.0060898063649476655
SlotAv2_step3500,790,WRA_BobbySchilling,hdtf_visomaster_teams,0.0067032478213458055
SlotAv2_step3500,791,WRA_CathyMcMorrisRodgers1,hdtf_visomaster_teams,0.004543447298719538
SlotAv2_step3500,792,WRA_KellyAyotte,hdtf_visomaster_teams,-0.014014632074118915
SlotAv2_step3500,793,WRA_PaulRyan1,hdtf_visomaster_teams,0.018675929915043174
SlotAv2_step3500,794,WRA_ToddYoung,hdtf_visomaster_teams,0.001586250917783378
SlotAv2_step3500,795,RD_Radio32,hdtf_visomaster_teams,-0.004391633381815755
SlotAv2_step3500,796,WDA_BenCardin1,hdtf_visomaster_teams,-0.0008189232449897278
SlotAv2_step3500,797,WDA_ChrisMurphy0,hdtf_visomaster_teams,-0.009040736444040867
SlotAv2_step3500,798,WDA_JamesClyburn,hdtf_visomaster_teams,0.010566620972401448
SlotAv2_step3500,799,WDA_JoeCrowley1,hdtf_visomaster_teams,0.008114128847049727
SlotAv2_step3500,800,WDA_NitaLowey,hdtf_visomaster_teams,-0.0016159875686341469
SlotAv2_step3500,801,WDA_StephanieMurphy,hdtf_visomaster_teams,-0.004366090456345965
SlotAv2_step3500,802,WRA_AustinScott2,hdtf_visomaster_teams,0.010614633224218104
SlotAv2_step3500,803,WRA_BobCorker,hdtf_visomaster_teams,-0.0037997939874689756
SlotAv2_step3500,804,WRA_CathyMcMorrisRodgers0,hdtf_visomaster_teams,0.014118032654083165
SlotAv2_step3500,805,WRA_DianeBlack0,hdtf_visomaster_teams,0.005890428240256211
SlotAv2_step3500,806,WRA_JohnnyIsakson,hdtf_visomaster_teams,-0.0049983521372717376
SlotAv2_step3500,807,WRA_JonKyl,hdtf_visomaster_teams,-0.0014687883120311567
SlotAv2_step3500,808,WRA_LynnJenkins,hdtf_visomaster_teams,0.01901306308439219
SlotAv2_step3500,809,WRA_RandPaul2,hdtf_visomaster_teams,0.009346881034897411
SlotAv2_step3500,810,RD_Radio45,hdtf_visomaster_teams,0.0029496887083788103
SlotAv2_step3500,811,WDA_BobMenendez,hdtf_visomaster_teams,0.0019638056927061055
SlotAv2_step3500,812,WDA_CatherineCortezMasto,hdtf_visomaster_teams,-0.008774133877586921
SlotAv2_step3500,813,WDA_DebbieWassermanSchultz,hdtf_visomaster_teams,0.011160727444316398
SlotAv2_step3500,814,WDA_JohnSarbanes1,hdtf_visomaster_teams,0.007634109035604414
SlotAv2_step3500,815,WDA_SherrodBrown1,hdtf_visomaster_teams,0.005468311957502883
SlotAv2_step3500,816,WRA_AdamKinzinger0,hdtf_visomaster_teams,0.022165207270546765
SlotAv2_step3500,817,WRA_CarlyFiorina0,hdtf_visomaster_teams,0.004014711918480803
SlotAv2_step3500,818,WRA_DianeBlack1,hdtf_visomaster_teams,-0.005376952228385537
SlotAv2_step3500,819,WRA_GeoffDavis,hdtf_visomaster_teams,0.01523937092272906
SlotAv2_step3500,820,WRA_JebHensarling2,hdtf_visomaster_teams,-0.013701554584710158
SlotAv2_step3500,821,WRA_LamarAlexander0,hdtf_visomaster_teams,-0.0011168137206846885
SlotAv2_step3500,822,WRA_RogerWicker1,hdtf_visomaster_teams,0.0021416744250458706
SlotAv2_step3500,823,WRA_SamBrownback,hdtf_visomaster_teams,0.012067360847680293
SlotAv2_step3500,824,RD_Radio11,hdtf_visomaster_teams,0.010957611033859485
SlotAv2_step3500,825,RD_Radio19,hdtf_visomaster_teams,-0.005030160016215013
SlotAv2_step3500,826,RD_Radio22,hdtf_visomaster_teams,0.010790441065421139
SlotAv2_step3500,827,WDA_AnnieKuster,hdtf_visomaster_teams,0.005573265452471313
SlotAv2_step3500,828,WDA_DianneFeinstein,hdtf_visomaster_teams,-0.01795222784983472
SlotAv2_step3500,829,WDA_HakeemJeffries,hdtf_visomaster_teams,0.007276781178290241
SlotAv2_step3500,830,WDA_HenryWaxman,hdtf_visomaster_teams,-0.0016160166003086835
SlotAv2_step3500,831,WDA_JimmyGomez,hdtf_visomaster_teams,-0.021359186659399718
SlotAv2_step3500,832,WDA_PattyMurray1,hdtf_visomaster_teams,-0.023114893402350217
SlotAv2_step3500,833,WDA_TomPerez,hdtf_visomaster_teams,0.004361265521202277
SlotAv2_step3500,834,WRA_MikeJohanns,hdtf_visomaster_teams,-0.0025701222914147684
SlotAv2_step3500,835,WRA_OlympiaSnowe,hdtf_visomaster_teams,-0.013566695457010034
SlotAv2_step3500,836,WRA_SaxbyChambliss,hdtf_visomaster_teams,-0.0035777353628182375
SlotAv2_step3500,837,RD_Radio20,hdtf_visomaster_teams,0.003552351085297598
SlotAv2_step3500,838,RD_Radio26,hdtf_visomaster_teams,-0.004817734009406056
SlotAv2_step3500,839,RD_Radio39,hdtf_visomaster_teams,-0.004892599099248355
SlotAv2_step3500,840,RD_Radio47,hdtf_visomaster_teams,0.004621818653805033
SlotAv2_step3500,841,RD_Radio52,hdtf_visomaster_teams,0.006284901809895521
SlotAv2_step3500,842,WDA_AdamSchiff,hdtf_visomaster_teams,0.004669123957496416
SlotAv2_step3500,843,WDA_AdamSmith,hdtf_visomaster_teams,0.014214938972144141
SlotAv2_step3500,844,WDA_AmyKlobuchar1,hdtf_visomaster_teams,0.020945596957979956
SlotAv2_step3500,845,WDA_BobCasey1,hdtf_visomaster_teams,-0.0148817244104641
SlotAv2_step3500,846,WDA_BobbyScott,hdtf_visomaster_teams,-0.015917597572823627
SlotAv2_step3500,847,WDA_DanKildee1,hdtf_visomaster_teams,0.012431397842470734
SlotAv2_step3500,848,WDA_DickDurbin,hdtf_visomaster_teams,0.0006633828564573539
SlotAv2_step3500,849,WDA_ElijahCummings,hdtf_visomaster_teams,-0.001234220294017417
SlotAv2_step3500,850,WDA_FrankPallone0,hdtf_visomaster_teams,0.012397518308833311
SlotAv2_step3500,851,WDA_JackReed0,hdtf_visomaster_teams,-0.016079570408639582
SlotAv2_step3500,852,WDA_JeffMerkley1,hdtf_visomaster_teams,-0.001652165859180973
SlotAv2_step3500,853,WDA_JonTester0,hdtf_visomaster_teams,0.01413927987983491
SlotAv2_step3500,854,WDA_MaggieHassan,hdtf_visomaster_teams,-0.014714410248129826
SlotAv2_step3500,855,WDA_MarkWarner2,hdtf_visomaster_teams,-0.0034737731356985872
SlotAv2_step3500,856,WDA_MichelleLujanGrisham,hdtf_visomaster_teams,-0.004873037572411291
SlotAv2_step3500,857,WDA_MichelleObama,hdtf_visomaster_teams,0.017061864086729904
SlotAv2_step3500,858,WDA_NancyPelosi3,hdtf_visomaster_teams,-0.009149842634928997
SlotAv2_step3500,859,WDA_PattyMurray0,hdtf_visomaster_teams,0.0031387204018701316
SlotAv2_step3500,860,WDA_RaulRuiz,hdtf_visomaster_teams,0.023064646252663273
SlotAv2_step3500,861,WDA_RobinKelly,hdtf_visomaster_teams,-0.017029783657870924
SlotAv2_step3500,862,WDA_SeanCasten,hdtf_visomaster_teams,0.019165860716204595
SlotAv2_step3500,863,WDA_TerriSewell,hdtf_visomaster_teams,-0.004178579068987736
SlotAv2_step3500,864,WDA_TerriSewell1,hdtf_visomaster_teams,0.011242961626498633
SlotAv2_step3500,865,WDA_TimWalz,hdtf_visomaster_teams,-0.0023575132196336558
SlotAv2_step3500,866,WRA_AnnWagner,hdtf_visomaster_teams,-0.008609580558346024
SlotAv2_step3500,867,WRA_DanSullivan,hdtf_visomaster_teams,-0.00485947497078544
SlotAv2_step3500,868,WRA_DebFischer1,hdtf_visomaster_teams,0.007416399052347824
SlotAv2_step3500,869,WRA_DebFischer2,hdtf_visomaster_teams,0.004278233383463249
SlotAv2_step3500,870,WRA_FredUpton,hdtf_visomaster_teams,0.008003921802578563
SlotAv2_step3500,871,WRA_JaimeHerreraBeutler0,hdtf_visomaster_teams,0.002308295551569074
SlotAv2_step3500,872,WRA_JoePitts,hdtf_visomaster_teams,0.03505714606346986
SlotAv2_step3500,873,WRA_JohnBoozman,hdtf_visomaster_teams,0.00031078227435668386
SlotAv2_step3500,874,WRA_JohnHoeven,hdtf_visomaster_teams,0.0018322511794391007
SlotAv2_step3500,875,WRA_KristiNoem2,hdtf_visomaster_teams,0.0031443392041697413
SlotAv2_step3500,876,WRA_MarcoRubio,hdtf_visomaster_teams,0.0006483961618504066
SlotAv2_step3500,877,WRA_RandPaul0,hdtf_visomaster_teams,0.0016871216011007204
SlotAv2_step3500,878,WRA_TimScott,hdtf_visomaster_teams,0.02576870307335522
SlotAv2_step3500,879,RD_Radio13,hdtf_visomaster_teams,0.004443972062648524
SlotAv2_step3500,880,RD_Radio23,hdtf_visomaster_teams,0.01452802662337728
SlotAv2_step3500,881,RD_Radio30,hdtf_visomaster_teams,0.009657227533495804
SlotAv2_step3500,882,WDA_BennieThompson1,hdtf_visomaster_teams,0.008989860605115448
SlotAv2_step3500,883,WDA_BillPascrell,hdtf_visomaster_teams,0.006259438205363559
SlotAv2_step3500,884,WDA_BrianSchatz1,hdtf_visomaster_teams,-0.00567084201679738
SlotAv2_step3500,885,WDA_ColinAllred,hdtf_visomaster_teams,-0.000783221363124152
SlotAv2_step3500,886,WDA_HaleyStevens,hdtf_visomaster_teams,-0.004782743815216381
SlotAv2_step3500,887,WRA_ChuckGrassley,hdtf_visomaster_teams,-0.0021988655409821934
SlotAv2_step3500,888,WRA_JohnBoehner1,hdtf_visomaster_teams,-0.0029391245039909614
SlotAv2_step3500,889,WRA_MikeCrapo,hdtf_visomaster_teams,0.006659713339615526
SlotAv2_step3500,890,WRA_ReneeEllmers,hdtf_visomaster_teams,-0.005191816603971949
SlotAv2_step3500,891,WDA_BrianSchatz2,hdtf_visomaster_teams,-0.01090418127312356
SlotAv2_step3500,892,WDA_ChrisMurphy0,hdtf_visomaster_teams,-0.005833690519948953
SlotAv2_step3500,893,WDA_DebbieDingell0,hdtf_visomaster_teams,-0.009933285844551672
SlotAv2_step3500,894,WDA_NydiaVelzquez,hdtf_visomaster_teams,0.007648024993016108
SlotAv2_step3500,895,WRA_AdamKinzinger2,hdtf_visomaster_teams,0.0047756120886891145
SlotAv2_step3500,896,WRA_DaveCamp,hdtf_visomaster_teams,-0.0038044656517077827
SlotAv2_step3500,897,WRA_JohnBoehner0,hdtf_visomaster_teams,-0.011269747614495439
SlotAv2_step3500,898,WRA_KevinBrady2,hdtf_visomaster_teams,0.0011078802962248664
SlotAv2_step3500,899,WRA_KevinBrady3,hdtf_visomaster_teams,-0.008440955388013108
SlotAv2_step3500,900,WRA_PeterRoskam1,hdtf_visomaster_teams,0.00594696667598991
SlotAv2_step3500,901,RD_Radio12,hdtf_visomaster_teams,-0.01311507735163146
SlotAv2_step3500,902,RD_Radio19,hdtf_visomaster_teams,-0.01301913707501634
SlotAv2_step3500,903,WDA_AmyKlobuchar0,hdtf_visomaster_teams,0.01698011374761395
SlotAv2_step3500,904,WDA_AndyKim,hdtf_visomaster_teams,0.0039470574348080475
SlotAv2_step3500,905,WDA_DianneFeinstein,hdtf_visomaster_teams,-0.0033741217350861065
SlotAv2_step3500,906,WDA_EmanuelCleaver,hdtf_visomaster_teams,-0.011984698918605246
SlotAv2_step3500,907,WDA_JimmyGomez,hdtf_visomaster_teams,-0.005541659864180025
SlotAv2_step3500,908,WDA_JoeCrowley0,hdtf_visomaster_teams,-0.0054603122861750985
SlotAv2_step3500,909,WDA_LisaBluntRochester,hdtf_visomaster_teams,0.00650725358885299
SlotAv2_step3500,910,WDA_MichaelBennet,hdtf_visomaster_teams,-0.0008559444495483248
SlotAv2_step3500,911,WRA_MikeJohanns,hdtf_visomaster_teams,0.006352345018549708
SlotAv2_step3500,912,WRA_RogerWicker0,hdtf_visomaster_teams,0.00024331705109086228
SlotAv2_step3500,913,WRA_TomCotton,hdtf_visomaster_teams,0.0015966933291731958
SlotAv2_step3500,914,RD_Radio18,hdtf_visomaster_teams,-0.0020855038971581614
SlotAv2_step3500,915,RD_Radio25,hdtf_visomaster_teams,0.0012883540796019984
SlotAv2_step3500,916,RD_Radio32,hdtf_visomaster_teams,0.009316441382382664
SlotAv2_step3500,917,RD_Radio40,hdtf_visomaster_teams,-0.000708987420471714
SlotAv2_step3500,918,WDA_ChrisVanHollen0,hdtf_visomaster_teams,-0.0036402928272595727
SlotAv2_step3500,919,WDA_DougJones,hdtf_visomaster_teams,-0.0051975037212641205
SlotAv2_step3500,920,WDA_JohnYarmuth1,hdtf_visomaster_teams,0.00909652365000798
SlotAv2_step3500,921,WDA_MarciaFudge,hdtf_visomaster_teams,0.006123257214078586
SlotAv2_step3500,922,WDA_TomCarper,hdtf_visomaster_teams,0.004444205615217915
SlotAv2_step3500,923,WRA_BobCorker,hdtf_visomaster_teams,-0.005332951499265565
SlotAv2_step3500,924,WRA_CathyMcMorrisRodgers0,hdtf_visomaster_teams,-0.0030359645931538276
SlotAv2_step3500,925,WRA_JonKyl,hdtf_visomaster_teams,0.0013644898840671823
SlotAv2_step3500,926,WRA_KristiNoem0,hdtf_visomaster_teams,-0.002660263282914214
SlotAv2_step3500,927,WRA_LynnJenkins,hdtf_visomaster_teams,5.691827568577324e-05
SlotAv2_step3500,928,RD_Radio10,hdtf_visomaster_teams,0.004262612262926823
SlotAv2_step3500,929,WDA_BarackObama,hdtf_visomaster_teams,0.008447519631802309
SlotAv2_step3500,930,WDA_JackReed1,hdtf_visomaster_teams,-0.017785083940158118
SlotAv2_step3500,931,WDA_JamesClyburn1,hdtf_visomaster_teams,0.007333671007724906
SlotAv2_step3500,932,WDA_JanSchakowsky1,hdtf_visomaster_teams,0.01616589796214262
SlotAv2_step3500,933,WDA_JerryNadler,hdtf_visomaster_teams,0.0038104086787584326
SlotAv2_step3500,934,WDA_JohnSarbanes0,hdtf_visomaster_teams,0.00928024604449877
SlotAv2_step3500,935,WDA_KatherineClark,hdtf_visomaster_teams,0.00820941149148903
SlotAv2_step3500,936,WDA_SherrodBrown0,hdtf_visomaster_teams,-0.01306835367925983
SlotAv2_step3500,937,WRA_BobGoodlatte0,hdtf_visomaster_teams,-3.099864150160657e-05
SlotAv2_step3500,938,WRA_BobbySchilling,hdtf_visomaster_teams,-0.010772706205233327
SlotAv2_step3500,939,WRA_JuddGregg,hdtf_visomaster_teams,0.004734060864335599
SlotAv2_step3500,940,WRA_KellyAyotte,hdtf_visomaster_teams,-0.0010223279082908177
SlotAv2_step3500,941,WRA_ToddYoung,hdtf_visomaster_teams,-0.014074929825772194
SlotAv2_step3500,942,RD_Radio1,hdtf_visomaster_teams,-0.00752050332490743
SlotAv2_step3500,943,RD_Radio28,hdtf_visomaster_teams,0.0004786864780213654
SlotAv2_step3500,944,RD_Radio4,hdtf_visomaster_teams,-0.01066185287344747
SlotAv2_step3500,945,WDA_BarbaraLee1,hdtf_visomaster_teams,-0.0039766115928698675
SlotAv2_step3500,946,WDA_BradSchneider,hdtf_visomaster_teams,0.0017913307847557671
SlotAv2_step3500,947,WDA_ByronDorgan1,hdtf_visomaster_teams,0.015580268080896497
SlotAv2_step3500,948,WDA_ChrisCoons,hdtf_visomaster_teams,0.0021258690894459522
SlotAv2_step3500,949,WDA_ChuckSchumer1,hdtf_visomaster_teams,-0.015552333661347107
SlotAv2_step3500,950,WDA_LloydDoggett0,hdtf_visomaster_teams,0.00565824234741525
SlotAv2_step3500,951,WRA_MitchDaniels1,hdtf_visomaster_teams,0.009176000159140536
SlotAv2_step3500,952,WRA_NanHayworth,hdtf_visomaster_teams,0.00855149789014701
SlotAv2_step3500,953,WRA_RandPaul1,hdtf_visomaster_teams,-0.0013684407884422497
SlotAv2_step3500,954,RD_Radio45,hdtf_visomaster_teams,0.0007338588678852344
SlotAv2_step3500,955,RD_Radio54,hdtf_visomaster_teams,0.011283878755781258
SlotAv2_step3500,956,WDA_BenCardin1,hdtf_visomaster_teams,0.006809946809789099
SlotAv2_step3500,957,WDA_CatherineCortezMasto,hdtf_visomaster_teams,0.01882955099607724
SlotAv2_step3500,958,WDA_EdMarkey1,hdtf_visomaster_teams,0.00699767451522752
SlotAv2_step3500,959,WDA_MikeDoyle,hdtf_visomaster_teams,0.0016809918189794534
SlotAv2_step3500,960,WDA_VeronicaEscobar1,hdtf_visomaster_teams,0.00309276199936021
SlotAv2_step3500,961,WRA_AustinScott2,hdtf_visomaster_teams,0.0006036367839770181
SlotAv2_step3500,962,WRA_DianeBlack0,hdtf_visomaster_teams,-0.014744405165545772
SlotAv2_step3500,963,WRA_DianeBlack1,hdtf_visomaster_teams,0.001441733838888749
SlotAv2_step3500,964,WRA_JebHensarling0,hdtf_visomaster_teams,0.010590666333501367
SlotAv2_step3500,965,WRA_JimInhofe,hdtf_visomaster_teams,0.01749162476494657
SlotAv2_step3500,966,WRA_JohnnyIsakson,hdtf_visomaster_teams,-0.006819735384574552
SlotAv2_step3500,967,WRA_RogerWicker1,hdtf_visomaster_teams,-0.012447358537170432
SlotAv2_step3500,968,RD_Radio20,hdtf_visomaster_teams,-0.002713331966285838
SlotAv2_step3500,969,RD_Radio21,hdtf_visomaster_teams,-0.012794131109650695
SlotAv2_step3500,970,RD_Radio29,hdtf_visomaster_teams,0.010336575178175378
SlotAv2_step3500,971,RD_Radio36,hdtf_visomaster_teams,0.0009121723996834263
SlotAv2_step3500,972,RD_Radio5,hdtf_visomaster_teams,0.013480078490121174
SlotAv2_step3500,973,RD_Radio53,hdtf_visomaster_teams,0.00970403131689535
SlotAv2_step3500,974,WDA_AndyLevin,hdtf_visomaster_teams,0.014434807837001812
SlotAv2_step3500,975,WDA_ChrisCoons1,hdtf_visomaster_teams,-0.007243086965376585
SlotAv2_step3500,976,WDA_ChrisVanHollen1,hdtf_visomaster_teams,-0.003380929664578144
SlotAv2_step3500,977,WDA_DebbieDingell1,hdtf_visomaster_teams,-0.002968153157505107
SlotAv2_step3500,978,WDA_DebbieStabenow1,hdtf_visomaster_teams,0.006998207270698332
SlotAv2_step3500,979,WDA_EricSwalwell,hdtf_visomaster_teams,-0.01564162497056626
SlotAv2_step3500,980,WDA_JeffMerkley1,hdtf_visomaster_teams,0.01570700054413384
SlotAv2_step3500,981,WDA_JoeKennedy,hdtf_visomaster_teams,0.00819725070690876
SlotAv2_step3500,982,WDA_JonTester1,hdtf_visomaster_teams,-0.009146802610825117
SlotAv2_step3500,983,WDA_KatieHill,hdtf_visomaster_teams,0.0159670464040534
SlotAv2_step3500,984,WDA_KirstenGillibrand,hdtf_visomaster_teams,-0.0036569446649214175
SlotAv2_step3500,985,WDA_LucyMcBath,hdtf_visomaster_teams,-0.002009131386591697
SlotAv2_step3500,986,WDA_MichelleLujanGrisham,hdtf_visomaster_teams,0.0013481968317697905
SlotAv2_step3500,987,WDA_MikeThompson0,hdtf_visomaster_teams,-0.0023188122743177542
SlotAv2_step3500,988,WDA_NancyPelosi3,hdtf_visomaster_teams,0.0076055614204921535
SlotAv2_step3500,989,WDA_RobinKelly,hdtf_visomaster_teams,0.012432237796917127
SlotAv2_step3500,990,WDA_RonWyden1,hdtf_visomaster_teams,-0.012131622090260537
SlotAv2_step3500,991,WDA_StenyHoyer,hdtf_visomaster_teams,0.006901977351273268
SlotAv2_step3500,992,WDA_ZoeLofgren,hdtf_visomaster_teams,-0.011420327058725303
SlotAv2_step3500,993,WRA_AnnMarieBuerkle,hdtf_visomaster_teams,0.012674055865983861
SlotAv2_step3500,994,WRA_BillCassidy0,hdtf_visomaster_teams,-0.0010443667682924873
SlotAv2_step3500,995,WRA_CarlyFiorina,hdtf_visomaster_teams,-0.0032787737114175503
SlotAv2_step3500,996,WRA_CoryGardner,hdtf_visomaster_teams,0.004062383221618664
SlotAv2_step3500,997,WRA_DavidVitter,hdtf_visomaster_teams,0.021186089389326895
SlotAv2_step3500,998,WRA_DebFischer0,hdtf_visomaster_teams,-0.002970274226211286
SlotAv2_step3500,999,WRA_DebFischer2,hdtf_visomaster_teams,0.012307799654066075
SlotAv2_step3500,1000,WRA_ErikPaulsen,hdtf_visomaster_teams,0.002116899122449208
SlotAv2_step3500,1001,WRA_GeorgeLeMieux,hdtf_visomaster_teams,0.014345935692863576
SlotAv2_step3500,1002,WRA_GregWalden1,hdtf_visomaster_teams,0.01194200759293361
SlotAv2_step3500,1003,WRA_JimRisch,hdtf_visomaster_teams,0.007091469912065806
SlotAv2_step3500,1004,WRA_JoeHeck1,hdtf_visomaster_teams,-0.00039419441732928983
SlotAv2_step3500,1005,WRA_JoniErnst1,hdtf_visomaster_teams,0.0033192450257931434
SlotAv2_step3500,1006,WRA_KevinBrady,hdtf_visomaster_teams,0.010479587809136423
SlotAv2_step3500,1007,WRA_MarkwayneMullin,hdtf_visomaster_teams,0.00237702301382882
SlotAv2_step3500,1008,WRA_MichaelSteele,hdtf_visomaster_teams,-0.0186440386525596
SlotAv2_step3500,1009,WRA_MikeEnzi,hdtf_visomaster_teams,-0.0006074675832018583
SlotAv2_step3500,1010,WRA_RogerWicker2,hdtf_visomaster_teams,-0.0028557462290726525
SlotAv2_step3500,1011,RD_Radio28,hdtf_visomaster_teams,-0.012084748653589066
SlotAv2_step3500,1012,RD_Radio52,hdtf_visomaster_teams,-0.007716765977994228
SlotAv2_step3500,1013,RD_Radio54,hdtf_visomaster_teams,0.011283878755781258
SlotAv2_step3500,1014,WDA_ChuckSchumer1,hdtf_visomaster_teams,-0.014538586385127823
SlotAv2_step3500,1015,WDA_RichardNeal0,hdtf_visomaster_teams,0.005762876255279445
SlotAv2_step3500,1016,WDA_VeronicaEscobar1,hdtf_visomaster_teams,-0.006107981698790782
SlotAv2_step3500,1017,WRA_JimInhofe,hdtf_visomaster_teams,0.010469134100452323
SlotAv2_step3500,1018,WRA_JohnBoozman,hdtf_visomaster_teams,-0.012349949488055446
SlotAv2_step3500,1019,WRA_JohnHoeven,hdtf_visomaster_teams,-0.0019828380808861205
SlotAv2_step3500,1020,RD_Radio13,hdtf_visomaster_teams,0.012216776167837382
SlotAv2_step3500,1021,RD_Radio39,hdtf_visomaster_teams,-0.00169507472070789
SlotAv2_step3500,1022,WDA_BennieThompson1,hdtf_visomaster_teams,0.00016976450513932467
SlotAv2_step3500,1023,WDA_BillPascrell,hdtf_visomaster_teams,0.005311338130179379
SlotAv2_step3500,1024,WDA_BrianSchatz1,hdtf_visomaster_teams,-0.0028563816715627254
SlotAv2_step3500,1025,WDA_ColinAllred,hdtf_visomaster_teams,0.00420301019959977
SlotAv2_step3500,1026,WDA_DanKildee1,hdtf_visomaster_teams,0.004044492556078437
SlotAv2_step3500,1027,WDA_TimWalz,hdtf_visomaster_teams,-0.008511817758407134
SlotAv2_step3500,1028,WRA_ChuckGrassley,hdtf_visomaster_teams,-0.003821757477426372
SlotAv2_step3500,1029,WRA_JoePitts,hdtf_visomaster_teams,-0.01295289583279953
SlotAv2_step3500,1030,WRA_LamarAlexander,hdtf_visomaster_teams,-0.0012776164835304046
SlotAv2_step3500,1031,WRA_MikeCrapo,hdtf_visomaster_teams,0.004958140915715543
SlotAv2_step3500,1032,WRA_ReneeEllmers,hdtf_visomaster_teams,0.008144528130270935
SlotAv2_step3500,1033,WRA_RobPortman,hdtf_visomaster_teams,-0.0005395391248551721
SlotAv2_step3500,1034,RD_Radio3,hdtf_visomaster_teams,-0.005920885561284126
SlotAv2_step3500,1035,RD_Radio40,hdtf_visomaster_teams,-0.006290245886257022
SlotAv2_step3500,1036,WDA_ChrisMurphy0,hdtf_visomaster_teams,-0.007009216817794653
SlotAv2_step3500,1037,WDA_ChrisVanHollen0,hdtf_visomaster_teams,0.004058953950864996
SlotAv2_step3500,1038,WDA_DougJones,hdtf_visomaster_teams,0.012808949930713503
SlotAv2_step3500,1039,WDA_JackyRosen1,hdtf_visomaster_teams,-0.014331136272464547
SlotAv2_step3500,1040,WDA_JeanneShaheen1,hdtf_visomaster_teams,0.008663856381822896
SlotAv2_step3500,1041,WDA_JohnYarmuth1,hdtf_visomaster_teams,-0.005033794878871151
SlotAv2_step3500,1042,WDA_JonTester0,hdtf_visomaster_teams,-0.008906324878728968
SlotAv2_step3500,1043,WDA_MarciaFudge,hdtf_visomaster_teams,0.019503832200275274
SlotAv2_step3500,1044,WDA_NitaLowey,hdtf_visomaster_teams,-0.00237497899207954
SlotAv2_step3500,1045,WDA_RonWyden0,hdtf_visomaster_teams,-0.012707013372093626
SlotAv2_step3500,1046,WRA_RandPaul2,hdtf_visomaster_teams,-0.005384200441769057
SlotAv2_step3500,1047,RD_Radio23,hdtf_visomaster_teams,-0.0011027002857145448
SlotAv2_step3500,1048,RD_Radio26,hdtf_visomaster_teams,-0.003072411544943093
SlotAv2_step3500,1049,RD_Radio30,hdtf_visomaster_teams,0.015650965565646442
SlotAv2_step3500,1050,WDA_AmyKlobuchar1,hdtf_visomaster_teams,-0.0031856276285631346
SlotAv2_step3500,1051,WDA_BobCasey1,hdtf_visomaster_teams,-0.00943261285064975
SlotAv2_step3500,1052,WDA_CarolynMaloney1,hdtf_visomaster_teams,-0.0010406798556563865
SlotAv2_step3500,1053,WDA_HaleyStevens,hdtf_visomaster_teams,0.0018390880709300093
SlotAv2_step3500,1054,WDA_MarkWarner2,hdtf_visomaster_teams,-0.002338402842286608
SlotAv2_step3500,1055,WDA_MattCartwright,hdtf_visomaster_teams,0.01632333779774279
SlotAv2_step3500,1056,WDA_MichelleObama,hdtf_visomaster_teams,0.029263594421718858
SlotAv2_step3500,1057,WDA_TerriSewell1,hdtf_visomaster_teams,0.0027772952699683193
SlotAv2_step3500,1058,WRA_AnnWagner,hdtf_visomaster_teams,0.013648952007206259
SlotAv2_step3500,1059,RD_Radio35,hdtf_visomaster_teams,-0.0003547063407864866
SlotAv2_step3500,1060,WDA_AdamSchiff,hdtf_visomaster_teams,0.01100519428618218
SlotAv2_step3500,1061,WDA_BobbyScott,hdtf_visomaster_teams,-0.002165174722537095
SlotAv2_step3500,1062,WDA_DianaDeGette1,hdtf_visomaster_teams,-0.018569687911649566
SlotAv2_step3500,1063,WDA_RaulRuiz,hdtf_visomaster_teams,-0.00038218875928495055
SlotAv2_step3500,1064,WDA_SeanPatrickMaloney,hdtf_visomaster_teams,-0.0023151260032951517
SlotAv2_step3500,1065,WDA_TammyBaldwin0,hdtf_visomaster_teams,0.027045583324398787
SlotAv2_step3500,1066,WDA_VeronicaEscobar0,hdtf_visomaster_teams,0.003660616113410829
SlotAv2_step3500,1067,WRA_JaimeHerreraBeutler0,hdtf_visomaster_teams,0.0025299564467448524
SlotAv2_step3500,1068,WRA_KristiNoem2,hdtf_visomaster_teams,0.007901629293069028
SlotAv2_step3500,1069,WRA_PaulRyan0,hdtf_visomaster_teams,-0.005785763872700609
SlotAv2_step3500,1070,WRA_RandPaul1,hdtf_visomaster_teams,0.0039742925035150785
SlotAv2_step3500,1071,RD_Radio10,hdtf_visomaster_teams,1.2611797925567896e-05
SlotAv2_step3500,1072,RD_Radio18,hdtf_visomaster_teams,-0.0012398574367157335
SlotAv2_step3500,1073,RD_Radio25,hdtf_visomaster_teams,-0.005548949280777638
SlotAv2_step3500,1074,RD_Radio34,hdtf_visomaster_teams,0.019237021613787486
SlotAv2_step3500,1075,WDA_BenCardin1,hdtf_visomaster_teams,-0.006355066012653426
SlotAv2_step3500,1076,WDA_JamesClyburn1,hdtf_visomaster_teams,0.010112277240971506
SlotAv2_step3500,1077,WDA_SherrodBrown0,hdtf_visomaster_teams,-0.014014665097226467
SlotAv2_step3500,1078,WDA_StephanieMurphy,hdtf_visomaster_teams,-0.00015356685986911596
SlotAv2_step3500,1079,WDA_TomCarper,hdtf_visomaster_teams,-0.00116145959246596
SlotAv2_step3500,1080,WRA_AustinScott2,hdtf_visomaster_teams,0.004940923957172338
SlotAv2_step3500,1081,WRA_KristiNoem0,hdtf_visomaster_teams,0.003458049076894236
SlotAv2_step3500,1082,WRA_ToddYoung,hdtf_visomaster_teams,0.004696057937242889
SlotAv2_step3500,1083,WDA_AdamSmith,hdtf_visomaster_teams,0.01719207858285212
SlotAv2_step3500,1084,WDA_DebbieDingell0,hdtf_visomaster_teams,0.006991319720725017
SlotAv2_step3500,1085,WDA_DickDurbin,hdtf_visomaster_teams,0.007557964928632631
SlotAv2_step3500,1086,WDA_JackReed0,hdtf_visomaster_teams,-0.010693186951837675
SlotAv2_step3500,1087,WDA_MaggieHassan,hdtf_visomaster_teams,-0.013932600693598387
SlotAv2_step3500,1088,WDA_PattyMurray0,hdtf_visomaster_teams,0.005811105594722771
SlotAv2_step3500,1089,WDA_SeanCasten,hdtf_visomaster_teams,0.01049227537394104
SlotAv2_step3500,1090,WRA_JohnThune,hdtf_visomaster_teams,-0.0007505019001010632
SlotAv2_step3500,1091,WRA_LisaMurkowski0,hdtf_visomaster_teams,0.014766782026092294
SlotAv2_step3500,1092,WRA_SteveScalise0,hdtf_visomaster_teams,-0.008146816018919527
SlotAv2_step3500,1093,WRA_TimScott,hdtf_visomaster_teams,-0.01189031484109393
SlotAv2_step3500,1094,322,quickclips_visomaster_teams,0.024248546968176625
SlotAv2_step3500,1095,3265,quickclips_visomaster_teams,-0.017611300208023033
SlotAv2_step3500,1096,3741,quickclips_visomaster_teams,-0.015534654399107277
SlotAv2_step3500,1097,4109,quickclips_visomaster_teams,0.00875764684684147
SlotAv2_step3500,1098,4308,quickclips_visomaster_teams,0.021885639852690316
SlotAv2_step3500,1099,5328,quickclips_visomaster_teams,0.015204283355171423
SlotAv2_step3500,1100,5865,quickclips_visomaster_teams,-0.02635734520140485
SlotAv2_step3500,1101,7504,quickclips_visomaster_teams,-0.006893944749498818
SlotAv2_step3500,1102,7866,quickclips_visomaster_teams,0.011733019558106014
SlotAv2_step3500,1103,7989,quickclips_visomaster_teams,-0.006617179718001599
SlotAv2_step3500,1104,1066,quickclips_visomaster_teams,0.011514816665219637
SlotAv2_step3500,1105,1259,quickclips_visomaster_teams,-0.013318418140904835
SlotAv2_step3500,1106,1758,quickclips_visomaster_teams,-0.00703498954748496
SlotAv2_step3500,1107,4072,quickclips_visomaster_teams,0.015482448392970798
SlotAv2_step3500,1108,4736,quickclips_visomaster_teams,0.001774469480694946
SlotAv2_step3500,1109,6051,quickclips_visomaster_teams,0.0020259153907034306
SlotAv2_step3500,1110,6468,quickclips_visomaster_teams,-0.018552884204186895
SlotAv2_step3500,1111,7276,quickclips_visomaster_teams,0.010149983085888811
SlotAv2_step3500,1112,9400,quickclips_visomaster_teams,0.006225045413296058
SlotAv2_step3500,1113,9402,quickclips_visomaster_teams,-0.006038048856566667
SlotAv2_step3500,1114,1078,quickclips_visomaster_teams,0.002422518942734677
SlotAv2_step3500,1115,1187,quickclips_visomaster_teams,-0.0009674869275936371
SlotAv2_step3500,1116,2319,quickclips_visomaster_teams,0.029248534556708554
SlotAv2_step3500,1117,2354,quickclips_visomaster_teams,-0.008308784992217627
SlotAv2_step3500,1118,2586,quickclips_visomaster_teams,0.014086002204049305
SlotAv2_step3500,1119,3304,quickclips_visomaster_teams,0.00599997333691808
SlotAv2_step3500,1120,3826,quickclips_visomaster_teams,0.0028830976538422935
SlotAv2_step3500,1121,7601,quickclips_visomaster_teams,0.02448377993770877
SlotAv2_step3500,1122,8137,quickclips_visomaster_teams,0.005256117394776053
SlotAv2_step3500,1123,8200,quickclips_visomaster_teams,0.011788925578055798
SlotAv2_step3500,1124,1981,quickclips_visomaster_teams,-0.00801544580133164
SlotAv2_step3500,1125,2582,quickclips_visomaster_teams,0.023172765035592624
SlotAv2_step3500,1126,41,quickclips_visomaster_teams,0.01718676523270098
SlotAv2_step3500,1127,4209,quickclips_visomaster_teams,-0.010615071852032802
SlotAv2_step3500,1128,6406,quickclips_visomaster_teams,-0.026285059312266962
SlotAv2_step3500,1129,647,quickclips_visomaster_teams,0.013658389347938352
SlotAv2_step3500,1130,7035,quickclips_visomaster_teams,0.008532126874394695
SlotAv2_step3500,1131,8982,quickclips_visomaster_teams,-0.010289396397122386
SlotAv2_step3500,1132,unknown_gSq1CUXNUN4,quickclips_visomaster_teams,0.0050112722805472805
SlotAv2_step3500,1133,1262,quickclips_visomaster_teams,0.0015277620254061297
SlotAv2_step3500,1134,1728,quickclips_visomaster_teams,0.001321031455493268
SlotAv2_step3500,1135,2197,quickclips_visomaster_teams,-0.0038169045906711837
SlotAv2_step3500,1136,5225,quickclips_visomaster_teams,-0.001122780111036171
SlotAv2_step3500,1137,5562,quickclips_visomaster_teams,-0.0019812281304347193
SlotAv2_step3500,1138,5664,quickclips_visomaster_teams,0.006468547779901824
SlotAv2_step3500,1139,7926,quickclips_visomaster_teams,0.009165239756256702
SlotAv2_step3500,1140,7948,quickclips_visomaster_teams,0.007881415303865057
SlotAv2_step3500,1141,8816,quickclips_visomaster_teams,0.012867224415224691
SlotAv2_step3500,1142,129,quickclips_visomaster_teams,0.018538309168724974
SlotAv2_step3500,1143,3718,quickclips_visomaster_teams,0.0021979307455411872
SlotAv2_step3500,1144,4610,quickclips_visomaster_teams,0.01174399724331554
SlotAv2_step3500,1145,4639,quickclips_visomaster_teams,0.014340957562353358
SlotAv2_step3500,1146,488,quickclips_visomaster_teams,0.004075419810002674
SlotAv2_step3500,1147,5258,quickclips_visomaster_teams,0.011685754245728163
SlotAv2_step3500,1148,5434,quickclips_visomaster_teams,0.014929506638696877
SlotAv2_step3500,1149,7216,quickclips_visomaster_teams,0.006977369630625574
SlotAv2_step3500,1150,8701,quickclips_visomaster_teams,0.007293627960792123
SlotAv2_step3500,1151,183,quickclips_visomaster_teams,-0.004265491838954047
SlotAv2_step3500,1152,2156,quickclips_visomaster_teams,0.005288507644995599
SlotAv2_step3500,1153,2322,quickclips_visomaster_teams,0.0057022171150192865
SlotAv2_step3500,1154,4892,quickclips_visomaster_teams,-0.015146659653771953
SlotAv2_step3500,1155,6025,quickclips_visomaster_teams,0.007105382407192288
SlotAv2_step3500,1156,unknown_fvRDBpEliEU,quickclips_visomaster_teams,0.021972551356826492
SlotAv2_step3500,1157,unknown_n82ncUKxIqA,quickclips_visomaster_teams,-0.003937455004187596
SlotAv2_step3500,1158,183,quickclips_visomaster_teams,-0.0007603650114057717
SlotAv2_step3500,1159,2156,quickclips_visomaster_teams,0.01239101188116594
SlotAv2_step3500,1160,2322,quickclips_visomaster_teams,0.009752899559893074
SlotAv2_step3500,1161,4892,quickclips_visomaster_teams,-0.01776817135740695
SlotAv2_step3500,1162,6025,quickclips_visomaster_teams,0.00854972719968086
SlotAv2_step3500,1163,unknown_fvRDBpEliEU,quickclips_visomaster_teams,-0.007173139144208652
SlotAv2_step3500,1164,unknown_n82ncUKxIqA,quickclips_visomaster_teams,-0.003913449222478484
SlotAv2_step3500,1165,322,quickclips_visomaster_teams,0.013619757400585542
SlotAv2_step3500,1166,3265,quickclips_visomaster_teams,-0.021613908643770018
SlotAv2_step3500,1167,4109,quickclips_visomaster_teams,0.004884222923772908
SlotAv2_step3500,1168,4308,quickclips_visomaster_teams,0.012961918516372089
SlotAv2_step3500,1169,5328,quickclips_visomaster_teams,0.05064055353244881
SlotAv2_step3500,1170,5865,quickclips_visomaster_teams,-0.03795358546046297
SlotAv2_step3500,1171,7504,quickclips_visomaster_teams,-0.007545242865612029
SlotAv2_step3500,1172,7866,quickclips_visomaster_teams,0.010074949682897915
SlotAv2_step3500,1173,7989,quickclips_visomaster_teams,0.007931464285694988
SlotAv2_step3500,1174,1066,quickclips_visomaster_teams,-0.011713830395787883
SlotAv2_step3500,1175,1259,quickclips_visomaster_teams,-0.010359279150190175
SlotAv2_step3500,1176,4072,quickclips_visomaster_teams,0.010383987570176032
SlotAv2_step3500,1177,4736,quickclips_visomaster_teams,0.008822150773670153
SlotAv2_step3500,1178,6051,quickclips_visomaster_teams,-0.009871921078347168
SlotAv2_step3500,1179,6468,quickclips_visomaster_teams,-0.009084975998320189
SlotAv2_step3500,1180,7276,quickclips_visomaster_teams,0.00876716406426116
SlotAv2_step3500,1181,9400,quickclips_visomaster_teams,0.004134377271688507
SlotAv2_step3500,1182,9402,quickclips_visomaster_teams,-0.002247241476692468
SlotAv2_step3500,1183,1078,quickclips_visomaster_teams,-0.009142891767004727
SlotAv2_step3500,1184,1187,quickclips_visomaster_teams,-0.017271424544258774
SlotAv2_step3500,1185,2319,quickclips_visomaster_teams,0.014570160932136603
SlotAv2_step3500,1186,2354,quickclips_visomaster_teams,-1.459592578115362e-05
SlotAv2_step3500,1187,2586,quickclips_visomaster_teams,0.00802608615382773
SlotAv2_step3500,1188,3304,quickclips_visomaster_teams,0.006664077113032296
SlotAv2_step3500,1189,3741,quickclips_visomaster_teams,-0.020711367334230884
SlotAv2_step3500,1190,3826,quickclips_visomaster_teams,-0.010342626754165701
SlotAv2_step3500,1191,7601,quickclips_visomaster_teams,0.003258089576191566
SlotAv2_step3500,1192,8137,quickclips_visomaster_teams,0.015289088098896335
SlotAv2_step3500,1193,1981,quickclips_visomaster_teams,0.0008792998421633768
SlotAv2_step3500,1194,2582,quickclips_visomaster_teams,0.021467143060117412
SlotAv2_step3500,1195,41,quickclips_visomaster_teams,0.020090354724618176
SlotAv2_step3500,1196,4209,quickclips_visomaster_teams,-0.008187878604261463
SlotAv2_step3500,1197,6406,quickclips_visomaster_teams,-0.02422770640432436
SlotAv2_step3500,1198,647,quickclips_visomaster_teams,0.014730771502014213
SlotAv2_step3500,1199,7035,quickclips_visomaster_teams,-0.004022133589967025
SlotAv2_step3500,1200,8982,quickclips_visomaster_teams,-0.004160555203519654
SlotAv2_step3500,1201,9325,quickclips_visomaster_teams,0.023251707917618717
SlotAv2_step3500,1202,unknown_gSq1CUXNUN4,quickclips_visomaster_teams,-0.007579360399451892
SlotAv2_step3500,1203,1262,quickclips_visomaster_teams,0.002897656368591413
SlotAv2_step3500,1204,1728,quickclips_visomaster_teams,0.005120244521680245
SlotAv2_step3500,1205,2197,quickclips_visomaster_teams,0.006892151105491916
SlotAv2_step3500,1206,5225,quickclips_visomaster_teams,-0.0020797956558894068
SlotAv2_step3500,1207,5562,quickclips_visomaster_teams,0.0060127932504292925
SlotAv2_step3500,1208,5664,quickclips_visomaster_teams,-0.004233279127503582
SlotAv2_step3500,1209,7926,quickclips_visomaster_teams,-0.011023628914669334
SlotAv2_step3500,1210,7948,quickclips_visomaster_teams,0.010076074616453186
SlotAv2_step3500,1211,8200,quickclips_visomaster_teams,7.703751172526748e-05
SlotAv2_step3500,1212,8816,quickclips_visomaster_teams,-0.0051358525233092985
SlotAv2_step3500,1213,129,quickclips_visomaster_teams,0.015613107238391448
SlotAv2_step3500,1214,3718,quickclips_visomaster_teams,-0.0011826056185407323
SlotAv2_step3500,1215,4610,quickclips_visomaster_teams,0.0024123796345345634
SlotAv2_step3500,1216,4639,quickclips_visomaster_teams,0.01994320294461045
SlotAv2_step3500,1217,488,quickclips_visomaster_teams,-0.004074840613312682
SlotAv2_step3500,1218,5258,quickclips_visomaster_teams,0.0060116693433533205
SlotAv2_step3500,1219,5434,quickclips_visomaster_teams,0.011622431726899892
SlotAv2_step3500,1220,7216,quickclips_visomaster_teams,0.007760249058847804
SlotAv2_step3500,1221,8701,quickclips_visomaster_teams,0.007070937364212405
SlotAv2_step3500,1222,1805,quickclips_visomaster_teams,0.0013966347342062868
SlotAv2_step3500,1223,182,quickclips_visomaster_teams,-0.005571272295288244
SlotAv2_step3500,1224,1857,quickclips_visomaster_teams,0.0014530439177497141
SlotAv2_step3500,1225,2738,quickclips_visomaster_teams,-0.007639702652993257
SlotAv2_step3500,1226,4355,quickclips_visomaster_teams,0.017928830679432413
SlotAv2_step3500,1227,4393,quickclips_visomaster_teams,-0.008594262898501903
SlotAv2_step3500,1228,5278,quickclips_visomaster_teams,-0.028153453920395158
SlotAv2_step3500,1229,7629,quickclips_visomaster_teams,-0.04135874458871275
SlotAv2_step3500,1230,7807,quickclips_visomaster_teams,-0.002572015868892977
SlotAv2_step3500,1231,7855,quickclips_visomaster_teams,0.0092793769103754
SlotAv2_step3500,1232,1417,quickclips_visomaster_teams,0.03075979612758728
SlotAv2_step3500,1233,1711,quickclips_visomaster_teams,0.004794775212318397
SlotAv2_step3500,1234,350,quickclips_visomaster_teams,0.014691259692957405
SlotAv2_step3500,1235,5164,quickclips_visomaster_teams,0.002563541917421301
SlotAv2_step3500,1236,598,quickclips_visomaster_teams,-0.01398525296988425
SlotAv2_step3500,1237,6840,quickclips_visomaster_teams,-0.0009725290923618588
SlotAv2_step3500,1238,7412,quickclips_visomaster_teams,0.0024932162905688384
SlotAv2_step3500,1239,7816,quickclips_visomaster_teams,0.003475235357720938
SlotAv2_step3500,1240,7913,quickclips_visomaster_teams,0.0034232881221960857
SlotAv2_step3500,1241,unknown_EimALxvXMQ0,quickclips_visomaster_teams,0.010136514626405696
SlotAv2_step3500,1242,1758,quickclips_visomaster_teams,-0.003200925364513148
SlotAv2_step3500,1243,195,quickclips_visomaster_teams,0.0020283945613908403
SlotAv2_step3500,1244,2449,quickclips_visomaster_teams,-0.0037193552852929353
SlotAv2_step3500,1245,5707,quickclips_visomaster_teams,0.016930549028738404
SlotAv2_step3500,1246,5778,quickclips_visomaster_teams,-0.003300043355550524
SlotAv2_step3500,1247,6038,quickclips_visomaster_teams,0.010820104260275916
SlotAv2_step3500,1248,6598,quickclips_visomaster_teams,0.008891995551569979
SlotAv2_step3500,1249,81,quickclips_visomaster_teams,-0.0031572252098014254
SlotAv2_step3500,1250,9384,quickclips_visomaster_teams,-0.01930864473502379
SlotAv2_step3500,1251,9398,quickclips_visomaster_teams,0.003273533124889752
SlotAv2_step3500,1252,1057,quickclips_visomaster_teams,-0.004935549489799051
SlotAv2_step3500,1253,1366,quickclips_visomaster_teams,0.0032848677971487107
SlotAv2_step3500,1254,3052,quickclips_visomaster_teams,0.003666532946608258
SlotAv2_step3500,1255,3719,quickclips_visomaster_teams,-0.006793042293503589
SlotAv2_step3500,1256,5247,quickclips_visomaster_teams,0.001347496190551581
SlotAv2_step3500,1257,7316,quickclips_visomaster_teams,-0.00550360440891828
SlotAv2_step3500,1258,7910,quickclips_visomaster_teams,0.015638613365045788
SlotAv2_step3500,1259,8230,quickclips_visomaster_teams,0.013471271757493106
SlotAv2_step3500,1260,1662,quickclips_visomaster_teams,0.005271527806348291
SlotAv2_step3500,1261,2050,quickclips_visomaster_teams,0.01593716913117063
SlotAv2_step3500,1262,2606,quickclips_visomaster_teams,0.017123318659254004
SlotAv2_step3500,1263,5614,quickclips_visomaster_teams,0.05277398342543187
SlotAv2_step3500,1264,5737,quickclips_visomaster_teams,-0.008928755353043286
SlotAv2_step3500,1265,6461,quickclips_visomaster_teams,0.01874757751182833
SlotAv2_step3500,1266,6476,quickclips_visomaster_teams,0.024429547360281134
SlotAv2_step3500,1267,6844,quickclips_visomaster_teams,-0.019102520927984885
SlotAv2_step3500,1268,8176,quickclips_visomaster_teams,0.0027537589162184655
SlotAv2_step3500,1269,1513,quickclips_visomaster_teams,0.017732539514792027
SlotAv2_step3500,1270,1607,quickclips_visomaster_teams,-0.01666672066923449
SlotAv2_step3500,1271,2198,quickclips_visomaster_teams,0.008071012231397515
SlotAv2_step3500,1272,3951,quickclips_visomaster_teams,-0.012138376949225062
SlotAv2_step3500,1273,4068,quickclips_visomaster_teams,0.00010378409031338654
SlotAv2_step3500,1274,4090,quickclips_visomaster_teams,-0.004691520614474523
SlotAv2_step3500,1275,4754,quickclips_visomaster_teams,0.003772950127580198
SlotAv2_step3500,1276,6842,quickclips_visomaster_teams,0.021923839434331023
SlotAv2_step3500,1277,6868,quickclips_visomaster_teams,0.009590171824062473
SlotAv2_step3500,1278,1426,quickclips_visomaster_teams,0.017688344709855384
SlotAv2_step3500,1279,1733,quickclips_visomaster_teams,0.0038851584550164
SlotAv2_step3500,1280,2133,quickclips_visomaster_teams,0.02575369766019757
SlotAv2_step3500,1281,2884,quickclips_visomaster_teams,-0.0018941810297354545
SlotAv2_step3500,1282,415,quickclips_visomaster_teams,-0.006302320947222644
SlotAv2_step3500,1283,4934,quickclips_visomaster_teams,-0.010087003425050804
SlotAv2_step3500,1284,6259,quickclips_visomaster_teams,0.020214750149746514
SlotAv2_step3500,1285,786,quickclips_visomaster_teams,0.0010726583468342534
SlotAv2_step3500,1286,1426,quickclips_visomaster_teams,0.00450268765434982
SlotAv2_step3500,1287,156,quickclips_visomaster_teams,0.003678520781631056
SlotAv2_step3500,1288,1733,quickclips_visomaster_teams,-0.0002855070811187332
SlotAv2_step3500,1289,2133,quickclips_visomaster_teams,0.019904197647219242
SlotAv2_step3500,1290,2884,quickclips_visomaster_teams,-0.0018353047578226547
SlotAv2_step3500,1291,415,quickclips_visomaster_teams,0.0023025260648196545
SlotAv2_step3500,1292,4934,quickclips_visomaster_teams,0.013248967793704674
SlotAv2_step3500,1293,6259,quickclips_visomaster_teams,0.023383073389038354
SlotAv2_step3500,1294,786,quickclips_visomaster_teams,0.004927056705809512
SlotAv2_step3500,1295,1805,quickclips_visomaster_teams,-0.0028149851694596042
SlotAv2_step3500,1296,182,quickclips_visomaster_teams,8.94538353139818e-05
SlotAv2_step3500,1297,1857,quickclips_visomaster_teams,0.002834546966866536
SlotAv2_step3500,1298,2738,quickclips_visomaster_teams,0.006609305536750772
SlotAv2_step3500,1299,4393,quickclips_visomaster_teams,-0.00387403346763245
SlotAv2_step3500,1300,5278,quickclips_visomaster_teams,-0.017095605406229425
SlotAv2_step3500,1301,7629,quickclips_visomaster_teams,-0.040854537226149915
SlotAv2_step3500,1302,7807,quickclips_visomaster_teams,0.020724665287665377
SlotAv2_step3500,1303,7855,quickclips_visomaster_teams,0.01396554281744724
SlotAv2_step3500,1304,1711,quickclips_visomaster_teams,0.004231533435186541
SlotAv2_step3500,1305,350,quickclips_visomaster_teams,0.014539739745661442
SlotAv2_step3500,1306,5164,quickclips_visomaster_teams,0.002391919578657099
SlotAv2_step3500,1307,598,quickclips_visomaster_teams,0.012769547529922865
SlotAv2_step3500,1308,6840,quickclips_visomaster_teams,-0.007088112710267314
SlotAv2_step3500,1309,7412,quickclips_visomaster_teams,0.01175042009917703
SlotAv2_step3500,1310,7816,quickclips_visomaster_teams,0.0016120224133939747
SlotAv2_step3500,1311,7913,quickclips_visomaster_teams,0.008674566648030888
SlotAv2_step3500,1312,unknown_EimALxvXMQ0,quickclips_visomaster_teams,0.00563534876858072
SlotAv2_step3500,1313,195,quickclips_visomaster_teams,0.004322560633478723
SlotAv2_step3500,1314,2449,quickclips_visomaster_teams,0.0034154919959415503
SlotAv2_step3500,1315,4355,quickclips_visomaster_teams,0.01203745633580302
SlotAv2_step3500,1316,5707,quickclips_visomaster_teams,0.003194607522970444
SlotAv2_step3500,1317,5778,quickclips_visomaster_teams,0.0001893996270688099
SlotAv2_step3500,1318,6038,quickclips_visomaster_teams,0.0020484075939009123
SlotAv2_step3500,1319,6598,quickclips_visomaster_teams,0.006191455287110218
SlotAv2_step3500,1320,81,quickclips_visomaster_teams,-0.008322421583886746
SlotAv2_step3500,1321,9384,quickclips_visomaster_teams,-0.016201480064274045
SlotAv2_step3500,1322,9398,quickclips_visomaster_teams,0.011737156969385282
SlotAv2_step3500,1323,1057,quickclips_visomaster_teams,-0.00859076372107902
SlotAv2_step3500,1324,1366,quickclips_visomaster_teams,0.011045604656136025
SlotAv2_step3500,1325,1417,quickclips_visomaster_teams,0.014648545705194789
SlotAv2_step3500,1326,3052,quickclips_visomaster_teams,-0.0022955574424953283
SlotAv2_step3500,1327,3719,quickclips_visomaster_teams,-0.00029730067540277485
SlotAv2_step3500,1328,5247,quickclips_visomaster_teams,0.0013644288368512907
SlotAv2_step3500,1329,7316,quickclips_visomaster_teams,-0.017342258505957154
SlotAv2_step3500,1330,7910,quickclips_visomaster_teams,0.010339812199340352
SlotAv2_step3500,1331,8230,quickclips_visomaster_teams,0.017658660472326664
SlotAv2_step3500,1332,1662,quickclips_visomaster_teams,0.007616935592704841
SlotAv2_step3500,1333,2050,quickclips_visomaster_teams,0.00419282265276303
SlotAv2_step3500,1334,2606,quickclips_visomaster_teams,0.016575405847191665
SlotAv2_step3500,1335,5614,quickclips_visomaster_teams,0.04741854814093524
SlotAv2_step3500,1336,5737,quickclips_visomaster_teams,-0.0063337259220786046
SlotAv2_step3500,1337,6461,quickclips_visomaster_teams,0.002365398848335029
SlotAv2_step3500,1338,6476,quickclips_visomaster_teams,0.005273663052801135
SlotAv2_step3500,1339,6844,quickclips_visomaster_teams,-0.013512098766210746
SlotAv2_step3500,1340,8176,quickclips_visomaster_teams,-0.0038443702396938418
SlotAv2_step3500,1341,9325,quickclips_visomaster_teams,0.00683036028160193
SlotAv2_step3500,1342,1513,quickclips_visomaster_teams,0.004509120011118051
SlotAv2_step3500,1343,1607,quickclips_visomaster_teams,-0.008425283931804134
SlotAv2_step3500,1344,2198,quickclips_visomaster_teams,0.011741355588217256
SlotAv2_step3500,1345,3951,quickclips_visomaster_teams,-0.021094005173256093
SlotAv2_step3500,1346,4068,quickclips_visomaster_teams,0.011846589870927456
SlotAv2_step3500,1347,4090,quickclips_visomaster_teams,-0.0030992123241150157
SlotAv2_step3500,1348,4754,quickclips_visomaster_teams,0.0033335787411347783
SlotAv2_step3500,1349,6842,quickclips_visomaster_teams,0.01855701499553096
SlotAv2_step3500,1350,6868,quickclips_visomaster_teams,-0.0025051666833236404
SlotAv2_step3500,1351,2295,quickclips_visomaster_teams,0.002760144793896805
SlotAv2_step3500,1352,2580,quickclips_visomaster_teams,-0.0027931654271668364
SlotAv2_step3500,1353,5379,quickclips_visomaster_teams,-0.007567731318478194
SlotAv2_step3500,1354,5495,quickclips_visomaster_teams,0.0010451558253639108
SlotAv2_step3500,1355,6218,quickclips_visomaster_teams,-0.02696246173410125
SlotAv2_step3500,1356,6725,quickclips_visomaster_teams,-0.015146345686331261
SlotAv2_step3500,1357,6731,quickclips_visomaster_teams,0.005021280140831507
SlotAv2_step3500,1358,8460,quickclips_visomaster_teams,0.009020835893769103
SlotAv2_step3500,1359,unknown_iow5V3Qlvwo,quickclips_visomaster_teams,0.002808614467608162
SlotAv2_step3500,1360,1949,quickclips_visomaster_teams,0.008941876729522416
SlotAv2_step3500,1361,2827,quickclips_visomaster_teams,0.006654487242741594
SlotAv2_step3500,1362,5634,quickclips_visomaster_teams,0.010462958168866086
SlotAv2_step3500,1363,6200,quickclips_visomaster_teams,-0.01662898674964254
SlotAv2_step3500,1364,6250,quickclips_visomaster_teams,-0.0025346853169564048
SlotAv2_step3500,1365,8064,quickclips_visomaster_teams,0.010627403830926675
SlotAv2_step3500,1366,8278,quickclips_visomaster_teams,0.022016146174165314
SlotAv2_step3500,1367,8753,quickclips_visomaster_teams,-0.012079779560937857
SlotAv2_step3500,1368,unknown_VAPgP3ONJVo,quickclips_visomaster_teams,0.012579513945822064
SlotAv2_step3500,1369,1554,quickclips_visomaster_teams,0.0030642143385271135
SlotAv2_step3500,1370,1916,quickclips_visomaster_teams,-0.0021203941255521666
SlotAv2_step3500,1371,2004,quickclips_visomaster_teams,-0.0020418152522436003
SlotAv2_step3500,1372,5176,quickclips_visomaster_teams,0.00442184887108329
SlotAv2_step3500,1373,5270,quickclips_visomaster_teams,0.014231048481537677
SlotAv2_step3500,1374,5370,quickclips_visomaster_teams,0.007703779337392604
SlotAv2_step3500,1375,5731,quickclips_visomaster_teams,0.011235652890437745
SlotAv2_step3500,1376,6378,quickclips_visomaster_teams,-0.020214479341587654
SlotAv2_step3500,1377,2153,quickclips_visomaster_teams,0.013016247873217198
SlotAv2_step3500,1378,3209,quickclips_visomaster_teams,0.01330645031587555
SlotAv2_step3500,1379,4846,quickclips_visomaster_teams,0.027439225259694375
SlotAv2_step3500,1380,5179,quickclips_visomaster_teams,-0.009674069779604163
SlotAv2_step3500,1381,5233,quickclips_visomaster_teams,-0.006407501002231153
SlotAv2_step3500,1382,563,quickclips_visomaster_teams,0.019501664146428198
SlotAv2_step3500,1383,5784,quickclips_visomaster_teams,0.011095586081525891
SlotAv2_step3500,1384,7333,quickclips_visomaster_teams,-0.016611927226535858
SlotAv2_step3500,1385,8285,quickclips_visomaster_teams,0.012319678304173128
SlotAv2_step3500,1386,1164,quickclips_visomaster_teams,-0.008856761948707945
SlotAv2_step3500,1387,164,quickclips_visomaster_teams,-0.01102619358758153
SlotAv2_step3500,1388,1902,quickclips_visomaster_teams,-0.00217740753376066
SlotAv2_step3500,1389,3433,quickclips_visomaster_teams,0.012684734181047402
SlotAv2_step3500,1390,4438,quickclips_visomaster_teams,0.013319374330054094
SlotAv2_step3500,1391,7764,quickclips_visomaster_teams,0.006035019569134479
SlotAv2_step3500,1392,7772,quickclips_visomaster_teams,0.002194560964016878
SlotAv2_step3500,1393,8617,quickclips_visomaster_teams,0.003554444488531769
SlotAv2_step3500,1394,1647,quickclips_visomaster_teams,0.00693520298026948
SlotAv2_step3500,1395,1699,quickclips_visomaster_teams,0.007457985997224229
SlotAv2_step3500,1396,181,quickclips_visomaster_teams,-0.005815762313496221
SlotAv2_step3500,1397,2633,quickclips_visomaster_teams,-0.01326938362101467
SlotAv2_step3500,1398,5071,quickclips_visomaster_teams,0.009974064515802992
SlotAv2_step3500,1399,530,quickclips_visomaster_teams,0.004312932122758838
SlotAv2_step3500,1400,5354,quickclips_visomaster_teams,-0.004129113022614365
SlotAv2_step3500,1401,684,quickclips_visomaster_teams,-0.0029211315698199174
SlotAv2_step3500,1402,7780,quickclips_visomaster_teams,0.006305876751368229
SlotAv2_step3500,1403,4722,quickclips_visomaster_teams,0.011730667659738434
SlotAv2_step3500,1404,5581,quickclips_visomaster_teams,0.0151119426689919
SlotAv2_step3500,1405,5827,quickclips_visomaster_teams,-0.0029881138438787886
SlotAv2_step3500,1406,6009,quickclips_visomaster_teams,0.029750732442900298
SlotAv2_step3500,1407,6819,quickclips_visomaster_teams,-0.0081626665888479
SlotAv2_step3500,1408,7425,quickclips_visomaster_teams,0.0004008262229053142
SlotAv2_step3500,1409,7522,quickclips_visomaster_teams,0.010372971914681894
SlotAv2_step3500,1410,7605,quickclips_visomaster_teams,-0.01784774803032206
SlotAv2_step3500,1411,8206,quickclips_visomaster_teams,0.002553655352173608
SlotAv2_step3500,1412,2051,quickclips_visomaster_teams,0.011412480867390863
SlotAv2_step3500,1413,4722,quickclips_visomaster_teams,-0.003775030225136062
SlotAv2_step3500,1414,5827,quickclips_visomaster_teams,-0.010937752837259139
SlotAv2_step3500,1415,6009,quickclips_visomaster_teams,0.018503953723591975
SlotAv2_step3500,1416,6819,quickclips_visomaster_teams,0.015573983629251355
SlotAv2_step3500,1417,7425,quickclips_visomaster_teams,-0.003184953543834179
SlotAv2_step3500,1418,7522,quickclips_visomaster_teams,0.008376598704516536
SlotAv2_step3500,1419,7605,quickclips_visomaster_teams,-0.005470791458453301
SlotAv2_step3500,1420,8206,quickclips_visomaster_teams,-0.0050990826124352705
SlotAv2_step3500,1421,2295,quickclips_visomaster_teams,0.017538077242059566
SlotAv2_step3500,1422,2580,quickclips_visomaster_teams,-0.00667504619237567
SlotAv2_step3500,1423,5379,quickclips_visomaster_teams,-0.0019879515883436225
SlotAv2_step3500,1424,5495,quickclips_visomaster_teams,0.018576070512182824
SlotAv2_step3500,1425,5581,quickclips_visomaster_teams,0.015685396800663703
SlotAv2_step3500,1426,6218,quickclips_visomaster_teams,-0.014946355678731527
SlotAv2_step3500,1427,6725,quickclips_visomaster_teams,-0.019500270466081427
SlotAv2_step3500,1428,6731,quickclips_visomaster_teams,-0.0019104663611681535
SlotAv2_step3500,1429,8460,quickclips_visomaster_teams,-0.01312058965647031
SlotAv2_step3500,1430,unknown_iow5V3Qlvwo,quickclips_visomaster_teams,0.004006897659503552
SlotAv2_step3500,1431,1949,quickclips_visomaster_teams,-0.0006632958746497053
SlotAv2_step3500,1432,2827,quickclips_visomaster_teams,0.005644784727472627
SlotAv2_step3500,1433,5634,quickclips_visomaster_teams,-0.0003138863597072089
SlotAv2_step3500,1434,6200,quickclips_visomaster_teams,-0.006811737776045225
SlotAv2_step3500,1435,6250,quickclips_visomaster_teams,-0.000997431677165823
SlotAv2_step3500,1436,8064,quickclips_visomaster_teams,0.0025238724252189568
SlotAv2_step3500,1437,8278,quickclips_visomaster_teams,0.0095890287821048
SlotAv2_step3500,1438,8753,quickclips_visomaster_teams,-0.006672745639509108
SlotAv2_step3500,1439,unknown_VAPgP3ONJVo,quickclips_visomaster_teams,0.012909720327873402
SlotAv2_step3500,1440,1554,quickclips_visomaster_teams,0.008467109936733037
SlotAv2_step3500,1441,2004,quickclips_visomaster_teams,-0.0022541449672385935
SlotAv2_step3500,1442,5176,quickclips_visomaster_teams,-0.0023292776271564546
SlotAv2_step3500,1443,5270,quickclips_visomaster_teams,0.016458605472316527
SlotAv2_step3500,1444,5370,quickclips_visomaster_teams,0.014399570151976984
SlotAv2_step3500,1445,5731,quickclips_visomaster_teams,0.005031570612546027
SlotAv2_step3500,1446,6378,quickclips_visomaster_teams,-0.018934846611005668
SlotAv2_step3500,1447,unknown_SS14c1PW_90,quickclips_visomaster_teams,-0.007093289780693651
SlotAv2_step3500,1448,2153,quickclips_visomaster_teams,0.014002614976741896
SlotAv2_step3500,1449,3209,quickclips_visomaster_teams,0.004487133225693146
SlotAv2_step3500,1450,4846,quickclips_visomaster_teams,0.027026453506415367
SlotAv2_step3500,1451,5179,quickclips_visomaster_teams,-0.011165411702274789
SlotAv2_step3500,1452,5233,quickclips_visomaster_teams,-0.02159068232936894
SlotAv2_step3500,1453,563,quickclips_visomaster_teams,0.027262182278858377
SlotAv2_step3500,1454,5784,quickclips_visomaster_teams,0.0014379939086811263
SlotAv2_step3500,1455,7333,quickclips_visomaster_teams,-0.013296989563355434
SlotAv2_step3500,1456,8285,quickclips_visomaster_teams,0.01680928519177534
SlotAv2_step3500,1457,1164,quickclips_visomaster_teams,-0.016444049232610242
SlotAv2_step3500,1458,164,quickclips_visomaster_teams,-0.02525482163366289
SlotAv2_step3500,1459,3433,quickclips_visomaster_teams,0.011015051669897389
SlotAv2_step3500,1460,4438,quickclips_visomaster_teams,0.015153758078960909
SlotAv2_step3500,1461,5459,quickclips_visomaster_teams,0.007116227394440172
SlotAv2_step3500,1462,7764,quickclips_visomaster_teams,0.013194293606572097
SlotAv2_step3500,1463,7772,quickclips_visomaster_teams,-0.004678156054561574
SlotAv2_step3500,1464,8617,quickclips_visomaster_teams,0.007119745817219993
SlotAv2_step3500,1465,1647,quickclips_visomaster_teams,0.006920064127976304
SlotAv2_step3500,1466,181,quickclips_visomaster_teams,0.0004784439904275949
SlotAv2_step3500,1467,2633,quickclips_visomaster_teams,-0.004103821191106416
SlotAv2_step3500,1468,5071,quickclips_visomaster_teams,0.029418489672975962
SlotAv2_step3500,1469,530,quickclips_visomaster_teams,0.001994305888218162
SlotAv2_step3500,1470,5354,quickclips_visomaster_teams,-0.01469318875476425
SlotAv2_step3500,1471,684,quickclips_visomaster_teams,0.02057082716048289
SlotAv2_step3500,1472,7780,quickclips_visomaster_teams,0.013633227417575604
SlotAv2_step3500,1473,1900,quickclips_visomaster_teams,0.011114201666247188
SlotAv2_step3500,1474,1962,quickclips_visomaster_teams,0.023610321371013435
SlotAv2_step3500,1475,3226,quickclips_visomaster_teams,-0.02532745065189455
SlotAv2_step3500,1476,4219,quickclips_visomaster_teams,0.014381082442418171
SlotAv2_step3500,1477,5584,quickclips_visomaster_teams,-0.01731323326119296
SlotAv2_step3500,1478,5897,quickclips_visomaster_teams,0.016099044918693687
SlotAv2_step3500,1479,8241,quickclips_visomaster_teams,-0.000973900810551466
SlotAv2_step3500,1480,9068,quickclips_visomaster_teams,-0.0077829959975623175
SlotAv2_step3500,1481,unknown_x1Efv_wF5LE,quickclips_visomaster_teams,0.009645588180849478
SlotAv2_step3500,1482,178,quickclips_visomaster_teams,-0.009627214012846908
SlotAv2_step3500,1483,2904,quickclips_visomaster_teams,0.013989512417793226
SlotAv2_step3500,1484,3884,quickclips_visomaster_teams,-0.0006009401563088798
SlotAv2_step3500,1485,4368,quickclips_visomaster_teams,0.0037287981510772884
SlotAv2_step3500,1486,4435,quickclips_visomaster_teams,-0.0067823824174965625
SlotAv2_step3500,1487,5093,quickclips_visomaster_teams,-0.0024544604079386714
SlotAv2_step3500,1488,6387,quickclips_visomaster_teams,0.011455587685344432
SlotAv2_step3500,1489,7938,quickclips_visomaster_teams,0.007119940516727952
SlotAv2_step3500,1490,8228,quickclips_visomaster_teams,0.004847654147591268
SlotAv2_step3500,1491,1064,quickclips_visomaster_teams,0.004039706768608084
SlotAv2_step3500,1492,1261,quickclips_visomaster_teams,-0.013415377134510714
SlotAv2_step3500,1493,2255,quickclips_visomaster_teams,0.003991140151422609
SlotAv2_step3500,1494,4088,quickclips_visomaster_teams,0.008799436714093741
SlotAv2_step3500,1495,4695,quickclips_visomaster_teams,0.008482741554502963
SlotAv2_step3500,1496,6420,quickclips_visomaster_teams,0.0076443930881211234
SlotAv2_step3500,1497,6521,quickclips_visomaster_teams,-0.0019990005842017615
SlotAv2_step3500,1498,unknown_VSqUVGCrOhk,quickclips_visomaster_teams,0.0021829348445336627
SlotAv2_step3500,1499,1212,quickclips_visomaster_teams,-0.007259394665256671
SlotAv2_step3500,1500,1558,quickclips_visomaster_teams,0.005337567873167252
SlotAv2_step3500,1501,3834,quickclips_visomaster_teams,0.0003637632921295738
SlotAv2_step3500,1502,4596,quickclips_visomaster_teams,-0.010470384196455443
SlotAv2_step3500,1503,4978,quickclips_visomaster_teams,0.0032195372018111942
SlotAv2_step3500,1504,4985,quickclips_visomaster_teams,0.005333329935537252
SlotAv2_step3500,1505,5618,quickclips_visomaster_teams,0.003152801979642483
SlotAv2_step3500,1506,6052,quickclips_visomaster_teams,0.0076576774863667835
SlotAv2_step3500,1507,8242,quickclips_visomaster_teams,0.002098396766622266
SlotAv2_step3500,1508,9202,quickclips_visomaster_teams,0.0068345293481412795
SlotAv2_step3500,1509,1860,quickclips_visomaster_teams,0.00847694027632863
SlotAv2_step3500,1510,2204,quickclips_visomaster_teams,-0.0008251244492935084
SlotAv2_step3500,1511,4418,quickclips_visomaster_teams,0.0015381335652445184
SlotAv2_step3500,1512,5792,quickclips_visomaster_teams,-0.0024246911376408775
SlotAv2_step3500,1513,6278,quickclips_visomaster_teams,0.00147426378473163
SlotAv2_step3500,1514,8430,quickclips_visomaster_teams,0.009690691290606344
SlotAv2_step3500,1515,9089,quickclips_visomaster_teams,0.003683385739039785
SlotAv2_step3500,1516,9345,quickclips_visomaster_teams,-0.0047411502825545
SlotAv2_step3500,1517,9409,quickclips_visomaster_teams,-0.012756772423462188
SlotAv2_step3500,1518,unknown_3SNSZSaonnk,quickclips_visomaster_teams,0.001597577955706096
SlotAv2_step3500,1519,1199,quickclips_visomaster_teams,-0.005796321609506438
SlotAv2_step3500,1520,2273,quickclips_visomaster_teams,0.00045427703515860465
SlotAv2_step3500,1521,248,quickclips_visomaster_teams,-0.0011490196058401786
SlotAv2_step3500,1522,280,quickclips_visomaster_teams,0.014150146936390775
SlotAv2_step3500,1523,403,quickclips_visomaster_teams,0.0034813269464714844
SlotAv2_step3500,1524,6306,quickclips_visomaster_teams,-0.008794185344506015
SlotAv2_step3500,1525,65,quickclips_visomaster_teams,0.013798264598873664
SlotAv2_step3500,1526,9246,quickclips_visomaster_teams,-0.006130541566359597
SlotAv2_step3500,1527,170,quickclips_visomaster_teams,-0.017429993942796672
SlotAv2_step3500,1528,4424,quickclips_visomaster_teams,0.022338281979160046
SlotAv2_step3500,1529,4897,quickclips_visomaster_teams,-0.006819773113524872
SlotAv2_step3500,1530,6817,quickclips_visomaster_teams,0.0043156855918640175
SlotAv2_step3500,1531,7799,quickclips_visomaster_teams,0.016501515845619003
SlotAv2_step3500,1532,7981,quickclips_visomaster_teams,0.005650421202437235
SlotAv2_step3500,1533,1185,quickclips_visomaster_teams,0.001846005757777651
SlotAv2_step3500,1534,170,quickclips_visomaster_teams,-0.012580822597027298
SlotAv2_step3500,1535,4424,quickclips_visomaster_teams,0.03121961001236323
SlotAv2_step3500,1536,4897,quickclips_visomaster_teams,-0.0028366354450013393
SlotAv2_step3500,1537,6817,quickclips_visomaster_teams,0.012244846291560729
SlotAv2_step3500,1538,7799,quickclips_visomaster_teams,0.021562562174220014
SlotAv2_step3500,1539,7981,quickclips_visomaster_teams,0.013494712630662329
SlotAv2_step3500,1540,8006,quickclips_visomaster_teams,0.008337474065044714
SlotAv2_step3500,1541,9197,quickclips_visomaster_teams,0.007333696188605173
SlotAv2_step3500,1542,1900,quickclips_visomaster_teams,-0.007910885420166412
SlotAv2_step3500,1543,1962,quickclips_visomaster_teams,0.018642243282919458
SlotAv2_step3500,1544,3226,quickclips_visomaster_teams,-0.011346455449008343
SlotAv2_step3500,1545,4219,quickclips_visomaster_teams,-0.0015684580834379102
SlotAv2_step3500,1546,5584,quickclips_visomaster_teams,-0.0003738020888561771
SlotAv2_step3500,1547,5897,quickclips_visomaster_teams,0.006442302848056659
SlotAv2_step3500,1548,8241,quickclips_visomaster_teams,-0.00708736991604857
SlotAv2_step3500,1549,9068,quickclips_visomaster_teams,0.01275994455092657
SlotAv2_step3500,1550,unknown_x1Efv_wF5LE,quickclips_visomaster_teams,0.009473742916192702
SlotAv2_step3500,1551,178,quickclips_visomaster_teams,-0.0013806980681102077
SlotAv2_step3500,1552,2904,quickclips_visomaster_teams,0.013568053646760798
SlotAv2_step3500,1553,3884,quickclips_visomaster_teams,-0.004503847176637914
SlotAv2_step3500,1554,4368,quickclips_visomaster_teams,-0.0032514168880408536
SlotAv2_step3500,1555,4435,quickclips_visomaster_teams,0.0013590602610443043
SlotAv2_step3500,1556,5093,quickclips_visomaster_teams,0.005390457027852481
SlotAv2_step3500,1557,6387,quickclips_visomaster_teams,0.019068954153362933
SlotAv2_step3500,1558,7938,quickclips_visomaster_teams,-0.01538289543437199
SlotAv2_step3500,1559,8228,quickclips_visomaster_teams,-0.004223486577993991
SlotAv2_step3500,1560,1064,quickclips_visomaster_teams,0.002991418059105994
SlotAv2_step3500,1561,1261,quickclips_visomaster_teams,-0.0072491490176234945
SlotAv2_step3500,1562,2255,quickclips_visomaster_teams,0.023981832356231962
SlotAv2_step3500,1563,4088,quickclips_visomaster_teams,0.009985841175758679
SlotAv2_step3500,1564,4695,quickclips_visomaster_teams,-0.0035217094083758657
SlotAv2_step3500,1565,6420,quickclips_visomaster_teams,0.013832791215712622
SlotAv2_step3500,1566,unknown_VSqUVGCrOhk,quickclips_visomaster_teams,0.009638113482733955
SlotAv2_step3500,1567,1212,quickclips_visomaster_teams,-0.012439691547941532
SlotAv2_step3500,1568,1558,quickclips_visomaster_teams,0.011026667197202664
SlotAv2_step3500,1569,3834,quickclips_visomaster_teams,0.011686395229162748
SlotAv2_step3500,1570,4596,quickclips_visomaster_teams,-0.006135343680486318
SlotAv2_step3500,1571,4978,quickclips_visomaster_teams,-0.005065944467777417
SlotAv2_step3500,1572,4985,quickclips_visomaster_teams,0.001527450514898327
SlotAv2_step3500,1573,6052,quickclips_visomaster_teams,0.015026661178061791
SlotAv2_step3500,1574,8242,quickclips_visomaster_teams,0.006733239367017171
SlotAv2_step3500,1575,9202,quickclips_visomaster_teams,0.022105979937377323
SlotAv2_step3500,1576,1860,quickclips_visomaster_teams,0.012081456202498071
SlotAv2_step3500,1577,2204,quickclips_visomaster_teams,0.004201619026767599
SlotAv2_step3500,1578,4418,quickclips_visomaster_teams,-6.0290184840066166e-05
SlotAv2_step3500,1579,5792,quickclips_visomaster_teams,-0.005090355345161264
SlotAv2_step3500,1580,8430,quickclips_visomaster_teams,0.01376242617175143
SlotAv2_step3500,1581,9089,quickclips_visomaster_teams,0.00810359388869176
SlotAv2_step3500,1582,9345,quickclips_visomaster_teams,-0.012841450261298338
SlotAv2_step3500,1583,9409,quickclips_visomaster_teams,-0.0056616484646637155
SlotAv2_step3500,1584,unknown_3SNSZSaonnk,quickclips_visomaster_teams,-0.005306389554115516
SlotAv2_step3500,1585,1199,quickclips_visomaster_teams,-0.007384061402992543
SlotAv2_step3500,1586,2273,quickclips_visomaster_teams,0.0032790136544322093
SlotAv2_step3500,1587,248,quickclips_visomaster_teams,0.0006771658829316805
SlotAv2_step3500,1588,280,quickclips_visomaster_teams,0.0076338574073293464
SlotAv2_step3500,1589,403,quickclips_visomaster_teams,0.0011872800663451086
SlotAv2_step3500,1590,5618,quickclips_visomaster_teams,-0.0011305727516017394
SlotAv2_step3500,1591,6306,quickclips_visomaster_teams,0.005480854170296019
SlotAv2_step3500,1592,65,quickclips_visomaster_teams,0.016076584565818532
SlotAv2_step3500,1593,jy9gOzticS8,quickclips_visomaster_teams,-0.001989450196084406
SlotAv2_step3500,1594,wqNu6pNRAR4,quickclips_visomaster_teams,0.010089440373983138
SlotAv2_step3500,1595,139JznBeH-8,quickclips_visomaster_teams,0.005162713828750895
SlotAv2_step3500,1596,Vw3T_2O5kIo,quickclips_visomaster_teams,-0.03025817265599819
SlotAv2_step3500,1597,cmkZwuidcRI,quickclips_visomaster_teams,-0.003217026900782457
SlotAv2_step3500,1598,aSHfTCdZRrQ,quickclips_visomaster_teams,-0.030634856742890338
SlotAv2_step3500,1599,pDiQ5W6CIM4,quickclips_visomaster_teams,-0.013132102161565212
SlotAv2_step3500,1600,wE_pVFZTK9g,quickclips_visomaster_teams,0.010237473696938932
SlotAv2_step3500,1601,eI3eK87etAk,quickclips_visomaster_teams,0.018822312055525148
SlotAv2_step3500,1602,HJgyiVgLVwY,quickclips_visomaster_teams,0.01256484239214832
SlotAv2_step3500,1603,GIgRsGvOEI8,quickclips_visomaster_teams,-0.012075157961694328
SlotAv2_step3500,1604,T3cY113SlTI,quickclips_visomaster_teams,-0.0002196463330750298
SlotAv2_step3500,1605,Mbd6Vl7UmBI,quickclips_visomaster_teams,-0.028684230610051015
SlotAv2_step3500,1606,KxyceG1IkGY,quickclips_visomaster_teams,0.021630241822095834
SlotAv2_step3500,1607,8Bwgk9qYpaA,quickclips_visomaster_teams,-0.0025448709695157752
SlotAv2_step3500,1608,7tPaTyy1zgM,quickclips_visomaster_teams,-0.023155018029347312
SlotAv2_step3500,1609,6Nc9oXEDfAc,quickclips_visomaster_teams,-0.013801103360562752
SlotAv2_step3500,1610,BjVqQCT5rRg,quickclips_visomaster_teams,-0.0050335533266936015
SlotAv2_step3500,1611,hFTQ0oxSaVM,quickclips_visomaster_teams,0.008530939444034777
SlotAv2_step3500,1612,Bz9sTBNHfgw,quickclips_visomaster_teams,-0.00883898212150154
SlotAv2_step3500,1613,Ab2oTYPzZdE,quickclips_visomaster_teams,-0.0016709515255144162
SlotAv2_step3500,1614,MqGBNwyqUxw,quickclips_visomaster_teams,0.00604176176644354
SlotAv2_step3500,1615,U4q9COX1_vU,quickclips_visomaster_teams,0.02942168538029378
SlotAv2_step3500,1616,KfVo1ibgDJ8,quickclips_visomaster_teams,0.0006598755653118697
SlotAv2_step3500,1617,cvxqafWT7RY,quickclips_visomaster_teams,-0.00806029126136281
SlotAv2_step3500,1618,Pl0mNynQBeM,quickclips_visomaster_teams,-0.009105965534056272
SlotAv2_step3500,1619,PS_oFG9W0fw,quickclips_visomaster_teams,0.0179995895810071
SlotAv2_step3500,1620,nUpQLN9Ot1g,quickclips_visomaster_teams,-8.353572029613874e-05
SlotAv2_step3500,1621,-QR1vtnCEUY,quickclips_visomaster_teams,0.004916762499735936
SlotAv2_step3500,1622,Pl0mNynQBeM,quickclips_visomaster_teams,0.013248280977726005
SlotAv2_step3500,1623,PS_oFG9W0fw,quickclips_visomaster_teams,0.008307754502589165
SlotAv2_step3500,1624,nUpQLN9Ot1g,quickclips_visomaster_teams,-0.0004320237866944504
SlotAv2_step3500,1625,-QR1vtnCEUY,quickclips_visomaster_teams,0.011349453257488044
SlotAv2_step3500,1626,jy9gOzticS8,quickclips_visomaster_teams,0.007284011076148253
SlotAv2_step3500,1627,wqNu6pNRAR4,quickclips_visomaster_teams,0.011998153408280776
SlotAv2_step3500,1628,Vw3T_2O5kIo,quickclips_visomaster_teams,-0.012748175609328468
SlotAv2_step3500,1629,cmkZwuidcRI,quickclips_visomaster_teams,0.004932573654390732
SlotAv2_step3500,1630,aSHfTCdZRrQ,quickclips_visomaster_teams,-0.01917507812819035
SlotAv2_step3500,1631,fLhcspXD78Y,quickclips_visomaster_teams,-0.017539343310616143
SlotAv2_step3500,1632,pDiQ5W6CIM4,quickclips_visomaster_teams,0.0006141227684374922
SlotAv2_step3500,1633,eI3eK87etAk,quickclips_visomaster_teams,0.007893695556073495
SlotAv2_step3500,1634,GIgRsGvOEI8,quickclips_visomaster_teams,0.004162607406459296
SlotAv2_step3500,1635,139JznBeH-8,quickclips_visomaster_teams,0.012626996747104009
SlotAv2_step3500,1636,T3cY113SlTI,quickclips_visomaster_teams,-0.003748241744313573
SlotAv2_step3500,1637,Mbd6Vl7UmBI,quickclips_visomaster_teams,-0.03261907233233994
SlotAv2_step3500,1638,KxyceG1IkGY,quickclips_visomaster_teams,0.014243981232905758
SlotAv2_step3500,1639,8Bwgk9qYpaA,quickclips_visomaster_teams,-0.004647684912849727
SlotAv2_step3500,1640,7tPaTyy1zgM,quickclips_visomaster_teams,-0.013461256786984874
SlotAv2_step3500,1641,6Nc9oXEDfAc,quickclips_visomaster_teams,-0.017005489886131167
SlotAv2_step3500,1642,CO_QH6qk550,quickclips_visomaster_teams,-0.006856821234306895
SlotAv2_step3500,1643,HJgyiVgLVwY,quickclips_visomaster_teams,0.004795703910325583
SlotAv2_step3500,1644,BjVqQCT5rRg,quickclips_visomaster_teams,0.001845131490921487
SlotAv2_step3500,1645,hFTQ0oxSaVM,quickclips_visomaster_teams,0.0025407375755070656
SlotAv2_step3500,1646,Bz9sTBNHfgw,quickclips_visomaster_teams,-0.00560339185665857
SlotAv2_step3500,1647,ny7faOdFbeE,quickclips_visomaster_teams,-0.002999401271742989
SlotAv2_step3500,1648,MqGBNwyqUxw,quickclips_visomaster_teams,0.0016347870227592914
SlotAv2_step3500,1649,U4q9COX1_vU,quickclips_visomaster_teams,0.012729296765882933
SlotAv2_step3500,1650,KfVo1ibgDJ8,quickclips_visomaster_teams,-0.002651873838966096
SlotAv2_step3500,1651,cvxqafWT7RY,quickclips_visomaster_teams,-0.007797406560443809
SlotAv2_step3500,1652,Lz4anX7bKd4,quickclips_visomaster_teams,-0.007116724513340413
SlotAv2_step3500,1653,r297MmAo_ao,quickclips_visomaster_teams,0.00499941315925999
SlotAv2_step3500,1654,Xw0_SNuN1eE,quickclips_visomaster_teams,-0.007760520477074448
SlotAv2_step3500,1655,XRA3N9wyN6I,quickclips_visomaster_teams,-0.005103165032288299
SlotAv2_step3500,1656,FPm0ugLloe8,quickclips_visomaster_teams,-0.008644188192150055
SlotAv2_step3500,1657,TWxmnQDQwPA,quickclips_visomaster_teams,-0.005825863272980262
SlotAv2_step3500,1658,fFHDc6R1mgo,quickclips_visomaster_teams,-0.01583870109711767
SlotAv2_step3500,1659,TfqXiNpJl98,quickclips_visomaster_teams,0.019958500938163825
SlotAv2_step3500,1660,3vTKjvIcsPU,quickclips_visomaster_teams,0.011406868072240645
SlotAv2_step3500,1661,KkCXMQ4Vl-E,quickclips_visomaster_teams,-0.0084263319356074
SlotAv2_step3500,1662,Jrd6POciCBI,quickclips_visomaster_teams,-0.027319131406685057
SlotAv2_step3500,1663,pKimBAKQbzY,quickclips_visomaster_teams,0.013017480071312947
SlotAv2_step3500,1664,_HrtWwT5CsY,quickclips_visomaster_teams,-0.01233794022610496
SlotAv2_step3500,1665,wE_pVFZTK9g,quickclips_visomaster_teams,-0.0008051513064946799
SlotAv2_step3500,1666,2c1gN-g3YDo,quickclips_visomaster_teams,0.010714811181422847
SlotAv2_step3500,1667,LBb8Rqa29cQ,quickclips_visomaster_teams,-0.002978929315559521
SlotAv2_step3500,1668,WPOH_MsASyI,quickclips_visomaster_teams,0.025001870982243372
SlotAv2_step3500,1669,r7JQRKps8Jk,quickclips_visomaster_teams,0.010728430240129844
SlotAv2_step3500,1670,BSe2iwALvio,quickclips_visomaster_teams,0.0067869153282397775
SlotAv2_step3500,1671,ahXM2GAv_gs,quickclips_visomaster_teams,-0.007914456929959537
SlotAv2_step3500,1672,i_IH09XTPDQ,quickclips_visomaster_teams,0.01039562583827636
SlotAv2_step3500,1673,IKHUqeniNtE,quickclips_visomaster_teams,0.0007794088628278101
SlotAv2_step3500,1674,nr8SVuBO02E,quickclips_visomaster_teams,0.0360793786306489
SlotAv2_step3500,1675,vQkRvYJTi_Y,quickclips_visomaster_teams,0.0056543697264190545
SlotAv2_step3500,1676,PH43PCc0ADA,quickclips_visomaster_teams,-0.002606303392908834
SlotAv2_step3500,1677,P79ugKVKqiU,quickclips_visomaster_teams,0.015192085282923483
SlotAv2_step3500,1678,knKnIVIx08I,quickclips_visomaster_teams,-0.0027622987843075016
SlotAv2_step3500,1679,7nob6GOFW2M,quickclips_visomaster_teams,0.009081417015323326
SlotAv2_step3500,1680,wiyQQOg9COg,quickclips_visomaster_teams,-0.008282115437746616
SlotAv2_step3500,1681,Yq138Fn-F9E,quickclips_visomaster_teams,0.010746852955512254
SlotAv2_step3500,1682,knKnIVIx08I,quickclips_visomaster_teams,5.651062378204171e-05
SlotAv2_step3500,1683,7nob6GOFW2M,quickclips_visomaster_teams,0.00841422746546243
SlotAv2_step3500,1684,wiyQQOg9COg,quickclips_visomaster_teams,-0.005469942027176178
SlotAv2_step3500,1685,Yq138Fn-F9E,quickclips_visomaster_teams,0.002051026298727169
SlotAv2_step3500,1686,Lz4anX7bKd4,quickclips_visomaster_teams,-0.014257343577980912
SlotAv2_step3500,1687,7vbiLARZJtk,quickclips_visomaster_teams,0.0029695749662049936
SlotAv2_step3500,1688,r297MmAo_ao,quickclips_visomaster_teams,0.024777280578645824
SlotAv2_step3500,1689,Xw0_SNuN1eE,quickclips_visomaster_teams,-0.006701441491715953
SlotAv2_step3500,1690,FPm0ugLloe8,quickclips_visomaster_teams,0.02177582551407173
SlotAv2_step3500,1691,fFHDc6R1mgo,quickclips_visomaster_teams,-0.01075253906978113
SlotAv2_step3500,1692,TfqXiNpJl98,quickclips_visomaster_teams,0.030011321126793736
SlotAv2_step3500,1693,3vTKjvIcsPU,quickclips_visomaster_teams,0.006587284642590737
SlotAv2_step3500,1694,KkCXMQ4Vl-E,quickclips_visomaster_teams,-0.010132464945469008
SlotAv2_step3500,1695,Jrd6POciCBI,quickclips_visomaster_teams,-0.023691524859978386
SlotAv2_step3500,1696,pKimBAKQbzY,quickclips_visomaster_teams,0.009405555473011078
SlotAv2_step3500,1697,_HrtWwT5CsY,quickclips_visomaster_teams,-0.012519418875993569
SlotAv2_step3500,1698,XRA3N9wyN6I,quickclips_visomaster_teams,-0.005918723579994775
SlotAv2_step3500,1699,2c1gN-g3YDo,quickclips_visomaster_teams,0.00862556584626198
SlotAv2_step3500,1700,TWxmnQDQwPA,quickclips_visomaster_teams,-0.005050337071678921
SlotAv2_step3500,1701,LBb8Rqa29cQ,quickclips_visomaster_teams,0.00906174573241656
SlotAv2_step3500,1702,WPOH_MsASyI,quickclips_visomaster_teams,0.023357872072599636
SlotAv2_step3500,1703,r7JQRKps8Jk,quickclips_visomaster_teams,0.008286863240445676
SlotAv2_step3500,1704,BSe2iwALvio,quickclips_visomaster_teams,-0.007537180384121628
SlotAv2_step3500,1705,ahXM2GAv_gs,quickclips_visomaster_teams,-0.005601618512182325
SlotAv2_step3500,1706,i_IH09XTPDQ,quickclips_visomaster_teams,0.014648393441206043
SlotAv2_step3500,1707,CO_QH6qk550,quickclips_visomaster_teams,-0.0060888432337973504
SlotAv2_step3500,1708,IKHUqeniNtE,quickclips_visomaster_teams,-0.004555872191587423
SlotAv2_step3500,1709,nr8SVuBO02E,quickclips_visomaster_teams,0.05306717858200944
SlotAv2_step3500,1710,vQkRvYJTi_Y,quickclips_visomaster_teams,-0.0008821883560299446
SlotAv2_step3500,1711,PH43PCc0ADA,quickclips_visomaster_teams,-0.007074545714807609
SlotAv2_step3500,1712,P79ugKVKqiU,quickclips_visomaster_teams,0.02255642076420459
SlotAv2_step3500,1713,LtE9DQnNZRw,quickclips_visomaster_teams,-0.010679722784985801
SlotAv2_step3500,1714,GrGYgitDaUY,quickclips_visomaster_teams,0.010061808246712952
SlotAv2_step3500,1715,oAPYM1_dAtY,quickclips_visomaster_teams,0.000981753519789564
SlotAv2_step3500,1716,Q6N6HEl3Y3U,quickclips_visomaster_teams,0.0212665547804405
SlotAv2_step3500,1717,ujHmvxpFWzs,quickclips_visomaster_teams,0.015946522504782318
SlotAv2_step3500,1718,h6SMszFMa8M,quickclips_visomaster_teams,0.0017595191423511731
SlotAv2_step3500,1719,CsuXDLbRlgQ,quickclips_visomaster_teams,0.009525277224903367
SlotAv2_step3500,1720,6QN-rwcl7dg,quickclips_visomaster_teams,-0.00773044980525149
SlotAv2_step3500,1721,E1lAH0_Ifng,quickclips_visomaster_teams,0.006030195470203822
SlotAv2_step3500,1722,JFJ9BBacnls,quickclips_visomaster_teams,-0.004355337749043663
SlotAv2_step3500,1723,dtJVDWFrVME,quickclips_visomaster_teams,-0.0010699679259562412
SlotAv2_step3500,1724,vQ2e_o5Zf8w,quickclips_visomaster_teams,0.014399204245141167
SlotAv2_step3500,1725,oUCQH11m-yY,quickclips_visomaster_teams,-0.0043593124851571945
SlotAv2_step3500,1726,J_1PEVB2nyc,quickclips_visomaster_teams,-0.007598087293834741
SlotAv2_step3500,1727,dQvGUSmzWD0,quickclips_visomaster_teams,0.0013247828936989797
SlotAv2_step3500,1728,vwr57bqqI9g,quickclips_visomaster_teams,0.01050725983096861
SlotAv2_step3500,1729,K6KEksIuIq8,quickclips_visomaster_teams,-0.003782253154698199
SlotAv2_step3500,1730,a_GL0K3yo4s,quickclips_visomaster_teams,-0.02842815721947227
SlotAv2_step3500,1731,7sZ2VsPDw8U,quickclips_visomaster_teams,0.016935658116302526
SlotAv2_step3500,1732,mw0LGzIKvoo,quickclips_visomaster_teams,0.01955370833219288
SlotAv2_step3500,1733,ncgEECML7ng,quickclips_visomaster_teams,0.009463420641844569
SlotAv2_step3500,1734,jm4E3PYAIy4,quickclips_visomaster_teams,0.004316214907859699
SlotAv2_step3500,1735,IkN6eM3acc4,quickclips_visomaster_teams,0.01666656521016773
SlotAv2_step3500,1736,WoOUbinKeF0,quickclips_visomaster_teams,0.01102638580803674
SlotAv2_step3500,1737,6zy9pysDdME,quickclips_visomaster_teams,-0.006783313937224622
SlotAv2_step3500,1738,JfGfktwGCao,quickclips_visomaster_teams,-0.027199440561798356
SlotAv2_step3500,1739,V-FB9fZtdAk,quickclips_visomaster_teams,-0.008971176727134404
SlotAv2_step3500,1740,fQCBzW_T1TY,quickclips_visomaster_teams,-0.001017644022860286
SlotAv2_step3500,1741,6zy9pysDdME,quickclips_visomaster_teams,-0.0005419854064052172
SlotAv2_step3500,1742,JfGfktwGCao,quickclips_visomaster_teams,-0.014341329761574973
SlotAv2_step3500,1743,V-FB9fZtdAk,quickclips_visomaster_teams,0.0009712502255057841
SlotAv2_step3500,1744,LtE9DQnNZRw,quickclips_visomaster_teams,0.0051651637719858905
SlotAv2_step3500,1745,GrGYgitDaUY,quickclips_visomaster_teams,0.010662074304013171
SlotAv2_step3500,1746,Q6N6HEl3Y3U,quickclips_visomaster_teams,0.01981881286661514
SlotAv2_step3500,1747,ujHmvxpFWzs,quickclips_visomaster_teams,0.018714857039951304
SlotAv2_step3500,1748,oAPYM1_dAtY,quickclips_visomaster_teams,-0.00972312560212886
SlotAv2_step3500,1749,h6SMszFMa8M,quickclips_visomaster_teams,0.0065545998393098
SlotAv2_step3500,1750,CsuXDLbRlgQ,quickclips_visomaster_teams,7.157178505055829e-06
SlotAv2_step3500,1751,6QN-rwcl7dg,quickclips_visomaster_teams,-0.003314572656958228
SlotAv2_step3500,1752,E1lAH0_Ifng,quickclips_visomaster_teams,0.014000544706875374
SlotAv2_step3500,1753,JFJ9BBacnls,quickclips_visomaster_teams,-0.004419516345831482
SlotAv2_step3500,1754,dtJVDWFrVME,quickclips_visomaster_teams,0.011317170152432715
SlotAv2_step3500,1755,vQ2e_o5Zf8w,quickclips_visomaster_teams,0.015042800163353243
SlotAv2_step3500,1756,oUCQH11m-yY,quickclips_visomaster_teams,-0.0010523496693980931
SlotAv2_step3500,1757,J_1PEVB2nyc,quickclips_visomaster_teams,0.004725862108412922
SlotAv2_step3500,1758,dQvGUSmzWD0,quickclips_visomaster_teams,-0.0034991755124963095
SlotAv2_step3500,1759,vwr57bqqI9g,quickclips_visomaster_teams,0.023825808046537767
SlotAv2_step3500,1760,K6KEksIuIq8,quickclips_visomaster_teams,-0.006335435562170682
SlotAv2_step3500,1761,a_GL0K3yo4s,quickclips_visomaster_teams,-0.022094920759857445
SlotAv2_step3500,1762,7sZ2VsPDw8U,quickclips_visomaster_teams,0.017024487815590607
SlotAv2_step3500,1763,mw0LGzIKvoo,quickclips_visomaster_teams,0.01139361792751542
SlotAv2_step3500,1764,ncgEECML7ng,quickclips_visomaster_teams,0.006384998182969588
SlotAv2_step3500,1765,jm4E3PYAIy4,quickclips_visomaster_teams,0.0079898820040771
SlotAv2_step3500,1766,IkN6eM3acc4,quickclips_visomaster_teams,0.0078043643985251
SlotAv2_step3500,1767,WoOUbinKeF0,quickclips_visomaster_teams,0.020641033639764363
SlotAv2_step3500,1768,4Zsh1MdoKiE,quickclips_visomaster_teams,-0.0037611084655782084
SlotAv2_step3500,1769,86sBla6aOuU,quickclips_visomaster_teams,0.012058308266997862
SlotAv2_step3500,1770,cKBLEyNbbjQ,quickclips_visomaster_teams,-0.021324674641279122
SlotAv2_step3500,1771,KOKpwJ8qcQI,quickclips_visomaster_teams,-0.006160044244678675
SlotAv2_step3500,1772,8Yomhcg2pf4,quickclips_visomaster_teams,0.00934879965131094
SlotAv2_step3500,1773,_--vXPVmaqQ,quickclips_visomaster_teams,-0.004804731594790617
SlotAv2_step3500,1774,LBb8Rqa29cQ_scene067,quickclips_visomaster_teams,-0.015897744052890874
SlotAv2_step3500,1775,LqtVslFhIw0,quickclips_visomaster_teams,-0.03697270064515602
SlotAv2_step3500,1776,TPDgjwIGN9Y,quickclips_visomaster_teams,-0.014823292329067869
SlotAv2_step3500,1777,ZPT-nU4A8eE,quickclips_visomaster_teams,0.0033867146227162317
SlotAv2_step3500,1778,TQo9NNYl1DY,quickclips_visomaster_teams,0.01699981827734651
SlotAv2_step3500,1779,LcmG49--mDM,quickclips_visomaster_teams,-0.003924170762338997
SlotAv2_step3500,1780,z9TUMru19U4,quickclips_visomaster_teams,-0.008230344933327105
SlotAv2_step3500,1781,h8JE5rzZ9Bg,quickclips_visomaster_teams,0.015599756237324524
SlotAv2_step3500,1782,rpHDeLcLrRI,quickclips_visomaster_teams,-0.0055614468939749525
SlotAv2_step3500,1783,AYLVZdWafTQ,quickclips_visomaster_teams,-0.0017603242958285114
SlotAv2_step3500,1784,G1DEbEqPYWs,quickclips_visomaster_teams,0.017330038360349454
SlotAv2_step3500,1785,JVnprg2SVxA,quickclips_visomaster_teams,0.009704821486044322
SlotAv2_step3500,1786,LTbJAth-vNo,quickclips_visomaster_teams,0.016699305366606847
SlotAv2_step3500,1787,UfjanzTGEhA,quickclips_visomaster_teams,0.013058422400305861
SlotAv2_step3500,1788,49r9VxBt2Nc,quickclips_visomaster_teams,0.007540564022898273
SlotAv2_step3500,1789,jf5z5YsGbQY,quickclips_visomaster_teams,0.005036338591869489
SlotAv2_step3500,1790,0Hn3GMnjzAM,quickclips_visomaster_teams,-0.006116171905947648
SlotAv2_step3500,1791,bypw_xjirNk,quickclips_visomaster_teams,-0.006860868767573964
SlotAv2_step3500,1792,WUWamwmwgtg,quickclips_visomaster_teams,0.010347880136621941
SlotAv2_step3500,1793,_kyB9qF5JrQ,quickclips_visomaster_teams,-0.007763312291169333
SlotAv2_step3500,1794,6rzWZmvtrA8,quickclips_visomaster_teams,-0.02427166942878954
SlotAv2_step3500,1795,XKpXrD3SMsg,quickclips_visomaster_teams,0.005932942491511378
SlotAv2_step3500,1796,WUWamwmwgtg,quickclips_visomaster_teams,0.01835804836726777
SlotAv2_step3500,1797,_kyB9qF5JrQ,quickclips_visomaster_teams,-0.00890771499962844
SlotAv2_step3500,1798,6rzWZmvtrA8,quickclips_visomaster_teams,-0.017721504046675676
SlotAv2_step3500,1799,XKpXrD3SMsg,quickclips_visomaster_teams,0.008028670250573324
SlotAv2_step3500,1800,4Zsh1MdoKiE,quickclips_visomaster_teams,0.010526237601350233
SlotAv2_step3500,1801,zoV8oxh_Ap0,quickclips_visomaster_teams,0.014803271473082818
SlotAv2_step3500,1802,86sBla6aOuU,quickclips_visomaster_teams,-0.00227870882818917
SlotAv2_step3500,1803,cKBLEyNbbjQ,quickclips_visomaster_teams,-0.002286094669499236
SlotAv2_step3500,1804,KOKpwJ8qcQI,quickclips_visomaster_teams,-0.005329976684394803
SlotAv2_step3500,1805,8Yomhcg2pf4,quickclips_visomaster_teams,0.011934496650255593
SlotAv2_step3500,1806,_--vXPVmaqQ,quickclips_visomaster_teams,0.007416122448886655
SlotAv2_step3500,1807,LBb8Rqa29cQ_scene067,quickclips_visomaster_teams,-0.010264740619390016
SlotAv2_step3500,1808,caVBqnDm_7s,quickclips_visomaster_teams,-0.015093830867290964
SlotAv2_step3500,1809,LqtVslFhIw0,quickclips_visomaster_teams,-0.019405838667478362
SlotAv2_step3500,1810,TPDgjwIGN9Y,quickclips_visomaster_teams,-0.005404496795878831
SlotAv2_step3500,1811,ZPT-nU4A8eE,quickclips_visomaster_teams,-0.00021378000853430976
SlotAv2_step3500,1812,vm_UDFbu3LY,quickclips_visomaster_teams,-0.00171188608607673
SlotAv2_step3500,1813,z9TUMru19U4,quickclips_visomaster_teams,0.005752571676682905
SlotAv2_step3500,1814,h8JE5rzZ9Bg,quickclips_visomaster_teams,0.009611200333788194
SlotAv2_step3500,1815,rpHDeLcLrRI,quickclips_visomaster_teams,-0.0013954602724080155
SlotAv2_step3500,1816,AYLVZdWafTQ,quickclips_visomaster_teams,0.009881639917386994
SlotAv2_step3500,1817,G1DEbEqPYWs,quickclips_visomaster_teams,0.011988270975175325
SlotAv2_step3500,1818,JVnprg2SVxA,quickclips_visomaster_teams,0.024002041783346646
SlotAv2_step3500,1819,LTbJAth-vNo,quickclips_visomaster_teams,-0.0010916845840350407
SlotAv2_step3500,1820,UfjanzTGEhA,quickclips_visomaster_teams,0.03162837864981081
SlotAv2_step3500,1821,LcmG49--mDM,quickclips_visomaster_teams,-0.0031934691754035693
SlotAv2_step3500,1822,49r9VxBt2Nc,quickclips_visomaster_teams,0.01042909276659667
SlotAv2_step3500,1823,jf5z5YsGbQY,quickclips_visomaster_teams,0.01457937975695247
SlotAv2_step3500,1824,0Hn3GMnjzAM,quickclips_visomaster_teams,-0.0098779437414813
SlotAv2_step3500,1825,bypw_xjirNk,quickclips_visomaster_teams,-0.011631562374272977
T5C_step3500,0,RD_Radio14,hdtf_visomaster_teams,-0.0010793246418527038
T5C_step3500,1,RD_Radio27,hdtf_visomaster_teams,-0.015333432108713622
T5C_step3500,2,RD_Radio33,hdtf_visomaster_teams,-0.014609129610804239
T5C_step3500,3,RD_Radio38,hdtf_visomaster_teams,0.008336723076377894
T5C_step3500,4,RD_Radio51,hdtf_visomaster_teams,-0.01436072854120279
T5C_step3500,5,WDA_BrianSchatz0,hdtf_visomaster_teams,0.016939960257378837
T5C_step3500,6,WDA_JoeDonnelly,hdtf_visomaster_teams,0.015002741484380189
T5C_step3500,7,WRA_DebFischer2,hdtf_visomaster_teams,0.0057435929853411425
T5C_step3500,8,WRA_JohnKasich3,hdtf_visomaster_teams,0.0037037869044877795
T5C_step3500,9,WRA_MarshaBlackburn0,hdtf_visomaster_teams,0.003722050875120446
T5C_step3500,10,WRA_PeterRoskam0,hdtf_visomaster_teams,-0.017128936275210938
T5C_step3500,11,WRA_ReincePriebus,hdtf_visomaster_teams,0.0005129157864346787
T5C_step3500,12,RD_Radio45,hdtf_visomaster_teams,0.013765824636378807
T5C_step3500,13,WDA_CatherineCortezMasto,hdtf_visomaster_teams,0.0008604204249106477
T5C_step3500,14,WDA_ChrisCoons1,hdtf_visomaster_teams,-0.0015527637001358516
T5C_step3500,15,WDA_DebbieDingell1,hdtf_visomaster_teams,-0.006403111970129435
T5C_step3500,16,WDA_EricSwalwell,hdtf_visomaster_teams,-0.011194354861014354
T5C_step3500,17,WRA_CoryGardner,hdtf_visomaster_teams,0.0014165124285253107
T5C_step3500,18,WRA_DavidVitter,hdtf_visomaster_teams,-0.014924587327559117
T5C_step3500,19,WRA_DianeBlack1,hdtf_visomaster_teams,0.004520121891031112
T5C_step3500,20,WRA_JoeHeck1,hdtf_visomaster_teams,-0.0033638502116921662
T5C_step3500,21,WRA_RichardShelby,hdtf_visomaster_teams,0.014627941247198115
T5C_step3500,22,WRA_RogerWicker1,hdtf_visomaster_teams,0.009469605400851316
T5C_step3500,23,WDA_JackReed0,hdtf_visomaster_teams,-0.0142933655179164
T5C_step3500,24,WRA_MarcoRubio,hdtf_visomaster_teams,0.003333094845098717
T5C_step3500,25,RD_Radio29,hdtf_visomaster_teams,-0.0019933576050250408
T5C_step3500,26,RD_Radio36,hdtf_visomaster_teams,-0.007869990213608938
T5C_step3500,27,RD_Radio53,hdtf_visomaster_teams,0.01174888012255118
T5C_step3500,28,WDA_AmyKlobuchar1,hdtf_visomaster_teams,0.01419634849025414
T5C_step3500,29,WDA_BobCasey1,hdtf_visomaster_teams,-0.006373066978476544
T5C_step3500,30,WDA_LucyMcBath,hdtf_visomaster_teams,0.009612900917814485
T5C_step3500,31,WRA_CoryGardner0,hdtf_visomaster_teams,0.0008960763786138234
T5C_step3500,32,WRA_DebFischer1,hdtf_visomaster_teams,0.0033088475106091706
T5C_step3500,33,WRA_ErikPaulsen,hdtf_visomaster_teams,1.8934900456552006e-05
T5C_step3500,34,WRA_RogerWicker2,hdtf_visomaster_teams,-0.006615939704757188
T5C_step3500,35,WDA_StenyHoyer,hdtf_visomaster_teams,0.0072597688313712
T5C_step3500,36,WDA_ZoeLofgren,hdtf_visomaster_teams,-0.010738236378423492
T5C_step3500,37,WRA_AllenWest,hdtf_visomaster_teams,0.014103285551568432
T5C_step3500,38,WRA_DebFischer0,hdtf_visomaster_teams,-0.01351675809958763
T5C_step3500,39,WRA_JohnBoehner1,hdtf_visomaster_teams,0.005209227212948638
T5C_step3500,40,WRA_JoniErnst1,hdtf_visomaster_teams,0.01403021919874901
T5C_step3500,41,WRA_MarkwayneMullin,hdtf_visomaster_teams,0.002174424840039231
T5C_step3500,42,WDA_TimWalz,hdtf_visomaster_teams,0.007022541956291545
T5C_step3500,43,WRA_JoePitts,hdtf_visomaster_teams,0.019853727515753802
T5C_step3500,44,WRA_RobPortman,hdtf_visomaster_teams,0.0029290396035772997
T5C_step3500,45,WDA_ElijahCummings,hdtf_visomaster_teams,0.006906288397188998
T5C_step3500,46,WDA_VeronicaEscobar0,hdtf_visomaster_teams,-0.017786126628762975
T5C_step3500,47,WRA_JaimeHerreraBeutler0,hdtf_visomaster_teams,0.01709265185967434
T5C_step3500,48,WRA_PaulRyan1,hdtf_visomaster_teams,-0.005283281389480242
T5C_step3500,49,RD_Radio13,hdtf_visomaster_teams,0.009483717314721736
T5C_step3500,50,WDA_ChuckSchumer1,hdtf_visomaster_teams,-0.0019614872471907475
T5C_step3500,51,WDA_JoaquinCastro,hdtf_visomaster_teams,-0.011279946871736375
T5C_step3500,52,WDA_LloydDoggett0,hdtf_visomaster_teams,0.0029577657728360714
T5C_step3500,53,WDA_PeterDeFazio,hdtf_visomaster_teams,0.008970224092233574
T5C_step3500,54,WDA_RichardNeal0,hdtf_visomaster_teams,-0.007126257683474367
T5C_step3500,55,WDA_TammyBaldwin1,hdtf_visomaster_teams,-0.0112640935433525
T5C_step3500,56,WRA_JohnKasich1,hdtf_visomaster_teams,0.0100929429974707
T5C_step3500,57,WRA_PeteHoekstra,hdtf_visomaster_teams,0.008299632056505146
T5C_step3500,58,RD_Radio2,hdtf_visomaster_teams,0.0037822394899822793
T5C_step3500,59,RD_Radio41,hdtf_visomaster_teams,-0.013305531551483736
T5C_step3500,60,RD_Radio8,hdtf_visomaster_teams,0.01740348497110661
T5C_step3500,61,WDA_AndyKim,hdtf_visomaster_teams,-0.0033769883032868063
T5C_step3500,62,WDA_BarbaraLee1,hdtf_visomaster_teams,-0.00022992128779701897
T5C_step3500,63,WDA_CedricRichmond,hdtf_visomaster_teams,0.015449718889337672
T5C_step3500,64,WDA_ChrisCoons,hdtf_visomaster_teams,0.007084259416292031
T5C_step3500,65,WDA_ChrisMurphy1,hdtf_visomaster_teams,-0.006115053796489022
T5C_step3500,66,WDA_DebbieWassermanSchultz,hdtf_visomaster_teams,0.004394276431200467
T5C_step3500,67,WDA_DonaldMcEachin,hdtf_visomaster_teams,-0.00019411366218426629
T5C_step3500,68,WDA_DonnaShalala1,hdtf_visomaster_teams,-0.00449860892070327
T5C_step3500,69,WDA_HillaryClinton,hdtf_visomaster_teams,0.005144375548296525
T5C_step3500,70,WDA_JoeCrowley0,hdtf_visomaster_teams,-0.0029529983811197955
T5C_step3500,71,WDA_JoeManchin,hdtf_visomaster_teams,0.01663584149336637
T5C_step3500,72,WDA_JohnSarbanes1,hdtf_visomaster_teams,-0.010417654761901277
T5C_step3500,73,WDA_KarenBass,hdtf_visomaster_teams,0.0026227241519501663
T5C_step3500,74,WDA_LaurenUnderwood,hdtf_visomaster_teams,0.007798223964566431
T5C_step3500,75,WDA_LisaBluntRochester,hdtf_visomaster_teams,0.0015591370318073757
T5C_step3500,76,WDA_MichaelBennet,hdtf_visomaster_teams,0.018853873882421646
T5C_step3500,77,WDA_MichelleLujanGrisham,hdtf_visomaster_teams,0.0002000171310078281
T5C_step3500,78,WDA_NancyPelosi3,hdtf_visomaster_teams,0.005508794029517306
T5C_step3500,79,WDA_PeterDeFazio,hdtf_visomaster_teams,-0.002397395938748062
T5C_step3500,80,WDA_ScottPeters1,hdtf_visomaster_teams,-0.011519181440241385
T5C_step3500,81,WDA_SheldonWhitehouse1,hdtf_visomaster_teams,0.002822573521555182
T5C_step3500,82,WDA_TammyBaldwin1,hdtf_visomaster_teams,-0.007826996684491013
T5C_step3500,83,WDA_TomUdall,hdtf_visomaster_teams,0.0038656643992255784
T5C_step3500,84,WRA_CarlyFiorina0,hdtf_visomaster_teams,-0.011688860984451408
T5C_step3500,85,WRA_EricCantor,hdtf_visomaster_teams,0.004242624447682635
T5C_step3500,86,WRA_GeorgeLeMieux,hdtf_visomaster_teams,0.008031644185347186
T5C_step3500,87,WRA_JebHensarling0,hdtf_visomaster_teams,-0.01257394298897473
T5C_step3500,88,WRA_JebHensarling2,hdtf_visomaster_teams,-0.006615781371043272
T5C_step3500,89,WRA_JimRisch,hdtf_visomaster_teams,0.0016699005061727424
T5C_step3500,90,WRA_JohnKasich1,hdtf_visomaster_teams,0.00235798145092244
T5C_step3500,91,WRA_KayBaileyHutchison,hdtf_visomaster_teams,0.005611985983971953
T5C_step3500,92,WRA_KevinMcCarthy0,hdtf_visomaster_teams,0.0060510305769360395
T5C_step3500,93,WRA_LamarAlexander0,hdtf_visomaster_teams,-0.01163226024359455
T5C_step3500,94,WRA_NanHayworth,hdtf_visomaster_teams,0.0007362672283041443
T5C_step3500,95,WRA_PeteHoekstra,hdtf_visomaster_teams,0.0007791386226013389
T5C_step3500,96,WRA_RogerWicker0,hdtf_visomaster_teams,-0.006448470122008513
T5C_step3500,97,WRA_SteveDaines0,hdtf_visomaster_teams,-0.010755029607287655
T5C_step3500,98,WRA_TomPrice,hdtf_visomaster_teams,0.004961424477335299
T5C_step3500,99,RD_Radio35,hdtf_visomaster_teams,-0.007022482900402784
T5C_step3500,100,RD_Radio57,hdtf_visomaster_teams,0.008236306391699671
T5C_step3500,101,WDA_AdamSmith,hdtf_visomaster_teams,0.01610508971036136
T5C_step3500,102,WDA_BernieSanders,hdtf_visomaster_teams,-0.01281403505536013
T5C_step3500,103,WDA_BillRichardson,hdtf_visomaster_teams,-0.012289847709602373
T5C_step3500,104,WDA_DebbieDingell0,hdtf_visomaster_teams,-0.0036836444146916853
T5C_step3500,105,WDA_DianaDeGette1,hdtf_visomaster_teams,-0.0072989182537554955
T5C_step3500,106,WDA_JackReed0,hdtf_visomaster_teams,-0.014653874427379898
T5C_step3500,107,WDA_VeronicaEscobar0,hdtf_visomaster_teams,-0.00032832418436949304
T5C_step3500,108,WRA_DuncanHunter,hdtf_visomaster_teams,-1.3796812538403695e-05
T5C_step3500,109,WRA_JohnBarrasso0,hdtf_visomaster_teams,-0.006081957907848131
T5C_step3500,110,WDA_ChrisCoons1,hdtf_visomaster_teams,0.0034395479503079775
T5C_step3500,111,WDA_DebbieDingell1,hdtf_visomaster_teams,0.002904206797379549
T5C_step3500,112,WDA_EricSwalwell,hdtf_visomaster_teams,0.00552964363392931
T5C_step3500,113,WDA_HakeemJeffries,hdtf_visomaster_teams,0.0044862075000274915
T5C_step3500,114,WDA_HenryWaxman,hdtf_visomaster_teams,-0.0008672158413125797
T5C_step3500,115,WRA_CoryGardner,hdtf_visomaster_teams,0.004671242481886762
T5C_step3500,116,WRA_RichardShelby,hdtf_visomaster_teams,-0.0035035304850638484
T5C_step3500,117,RD_Radio34,hdtf_visomaster_teams,0.002110155677893581
T5C_step3500,118,RD_Radio39,hdtf_visomaster_teams,-0.008099883456090615
T5C_step3500,119,RD_Radio51,hdtf_visomaster_teams,-0.00435908905067152
T5C_step3500,120,WDA_DanKildee1,hdtf_visomaster_teams,-0.004169294839186495
T5C_step3500,121,WDA_FrankPallone0,hdtf_visomaster_teams,0.006572681447463934
T5C_step3500,122,WDA_TedDeutch,hdtf_visomaster_teams,-0.010527076682892114
T5C_step3500,123,WDA_TimWalz,hdtf_visomaster_teams,-0.0059559764535647985
T5C_step3500,124,WRA_JoePitts,hdtf_visomaster_teams,-0.0036721588025152912
T5C_step3500,125,WRA_JohnBoozman,hdtf_visomaster_teams,0.0026186040988673545
T5C_step3500,126,WRA_JohnHoeven,hdtf_visomaster_teams,0.006716592576723395
T5C_step3500,127,WRA_JohnKasich3,hdtf_visomaster_teams,-0.004325260525001604
T5C_step3500,128,WRA_MitchDaniels0,hdtf_visomaster_teams,-0.0006108210574789089
T5C_step3500,129,WRA_RobPortman,hdtf_visomaster_teams,-0.010821200113555349
T5C_step3500,130,WDA_BobbyScott,hdtf_visomaster_teams,-0.0053541009425496465
T5C_step3500,131,WDA_KimSchrier,hdtf_visomaster_teams,-4.123781685014434e-05
T5C_step3500,132,WDA_KirstenGillibrand,hdtf_visomaster_teams,0.011589864221446993
T5C_step3500,133,WDA_RaulRuiz,hdtf_visomaster_teams,-0.001437708235722467
T5C_step3500,134,WDA_TinaSmith,hdtf_visomaster_teams,-0.0005692730744418367
T5C_step3500,135,WRA_CoryGardner0,hdtf_visomaster_teams,0.00017641093547341325
T5C_step3500,136,WRA_CoryGardner1,hdtf_visomaster_teams,-0.012691764090282219
T5C_step3500,137,WRA_ErikPaulsen,hdtf_visomaster_teams,0.0026720881422943286
T5C_step3500,138,WRA_JaimeHerreraBeutler0,hdtf_visomaster_teams,-0.006215936756002165
T5C_step3500,139,WRA_KevinBrady,hdtf_visomaster_teams,-0.010506004430950495
T5C_step3500,140,WRA_KristiNoem2,hdtf_visomaster_teams,-0.007702579941228825
T5C_step3500,141,RD_Radio48,hdtf_visomaster_teams,-0.009448681254533145
T5C_step3500,142,RD_Radio9,hdtf_visomaster_teams,-0.010414775480750942
T5C_step3500,143,WDA_ChuckSchumer0,hdtf_visomaster_teams,0.008766445904560265
T5C_step3500,144,WDA_EdMarkey0,hdtf_visomaster_teams,0.0010046698580439373
T5C_step3500,145,WDA_EliotEngel,hdtf_visomaster_teams,0.006199618963268179
T5C_step3500,146,WDA_FrankPallone1,hdtf_visomaster_teams,0.0034218524350387077
T5C_step3500,147,WDA_GerryConnolly,hdtf_visomaster_teams,0.004777454932905696
T5C_step3500,148,WDA_JonTester0,hdtf_visomaster_teams,0.0015869398831379424
T5C_step3500,149,WDA_NancyPelosi0,hdtf_visomaster_teams,0.0014632155263227756
T5C_step3500,150,WDA_TerriSewell0,hdtf_visomaster_teams,0.004362954908425855
T5C_step3500,151,WRA_AllenWest,hdtf_visomaster_teams,0.010413442100827579
T5C_step3500,152,WRA_JoniErnst0,hdtf_visomaster_teams,-0.007998351156581823
T5C_step3500,153,WRA_MarshaBlackburn0,hdtf_visomaster_teams,0.003811916749570177
T5C_step3500,154,WRA_MittRomney,hdtf_visomaster_teams,-0.018762311722998814
T5C_step3500,155,RD_Radio33,hdtf_visomaster_teams,-0.007493371640237865
T5C_step3500,156,RD_Radio5,hdtf_visomaster_teams,-0.0029076819312957485
T5C_step3500,157,WDA_CarolynMaloney1,hdtf_visomaster_teams,0.0067475350934611215
T5C_step3500,158,WDA_JoeKennedy,hdtf_visomaster_teams,-0.010112723231789385
T5C_step3500,159,WDA_ScottPeters0,hdtf_visomaster_teams,0.0009710272197677777
T5C_step3500,160,WDA_StenyHoyer,hdtf_visomaster_teams,0.00842425434713392
T5C_step3500,161,WDA_ZoeLofgren,hdtf_visomaster_teams,-0.0011135766127852676
T5C_step3500,162,WRA_DebFischer0,hdtf_visomaster_teams,-0.013791619211513229
T5C_step3500,163,WRA_GregWalden,hdtf_visomaster_teams,-0.005306882358369467
T5C_step3500,164,WRA_GregWalden1,hdtf_visomaster_teams,-0.0057171888079680325
T5C_step3500,165,WRA_JoniErnst1,hdtf_visomaster_teams,0.008716864847461436
T5C_step3500,166,WRA_MarkwayneMullin,hdtf_visomaster_teams,-0.001221364950358344
T5C_step3500,167,WRA_MichaelSteele,hdtf_visomaster_teams,0.01291365343437084
T5C_step3500,168,WRA_PatRoberts,hdtf_visomaster_teams,0.012078826756745962
T5C_step3500,169,WRA_PeterRoskam0,hdtf_visomaster_teams,-0.013952753049625333
T5C_step3500,170,RD_Radio14,hdtf_visomaster_teams,-0.001603748632796712
T5C_step3500,171,RD_Radio27,hdtf_visomaster_teams,0.0052587830864270066
T5C_step3500,172,RD_Radio36,hdtf_visomaster_teams,0.0025772887259254184
T5C_step3500,173,RD_Radio49,hdtf_visomaster_teams,0.00017727344133725378
T5C_step3500,174,RD_Radio53,hdtf_visomaster_teams,0.014421817096107271
T5C_step3500,175,WDA_JoeDonnelly,hdtf_visomaster_teams,-0.00020094489047811897
T5C_step3500,176,WDA_MazieHirono0,hdtf_visomaster_teams,-0.004428230848905393
T5C_step3500,177,WDA_MikeThompson0,hdtf_visomaster_teams,0.0017330189031965295
T5C_step3500,178,WDA_RichardNeal1,hdtf_visomaster_teams,-0.007556419244148788
T5C_step3500,179,WRA_JebHensarling1,hdtf_visomaster_teams,-0.0027672655123071677
T5C_step3500,180,WRA_JohnBarrasso1,hdtf_visomaster_teams,-0.006574022833861917
T5C_step3500,181,WRA_MikeEnzi,hdtf_visomaster_teams,-0.004965446736879926
T5C_step3500,182,WRA_RogerWicker2,hdtf_visomaster_teams,0.00020241696687872093
T5C_step3500,183,WRA_ShelleyMooreCapito1,hdtf_visomaster_teams,0.013472838693674319
T5C_step3500,184,RD_Radio16,hdtf_visomaster_teams,0.018096825026763533
T5C_step3500,185,RD_Radio17,hdtf_visomaster_teams,0.00288964175873325
T5C_step3500,186,RD_Radio31,hdtf_visomaster_teams,-0.005672793297423038
T5C_step3500,187,RD_Radio37,hdtf_visomaster_teams,-0.009287907534305296
T5C_step3500,188,RD_Radio41,hdtf_visomaster_teams,-0.011271171215905753
T5C_step3500,189,RD_Radio45,hdtf_visomaster_teams,0.002388847575867123
T5C_step3500,190,RD_Radio49,hdtf_visomaster_teams,0.010264953308381251
T5C_step3500,191,WDA_AlexandriaOcasioCortez,hdtf_visomaster_teams,0.004000564678481232
T5C_step3500,192,WDA_BarbaraLee0,hdtf_visomaster_teams,-0.0038109579486985136
T5C_step3500,193,WDA_BenRayLujn,hdtf_visomaster_teams,0.011791619168889657
T5C_step3500,194,WDA_BrendaLawrence,hdtf_visomaster_teams,0.007811475530451619
T5C_step3500,195,WDA_CatherineCortezMasto,hdtf_visomaster_teams,0.013067987606992695
T5C_step3500,196,WDA_DebHaaland,hdtf_visomaster_teams,-0.012200327910996726
T5C_step3500,197,WDA_DebbieStabenow0,hdtf_visomaster_teams,-0.009344651810027459
T5C_step3500,198,WDA_JamesClyburn,hdtf_visomaster_teams,0.008388635685063789
T5C_step3500,199,WDA_JanSchakowsky0,hdtf_visomaster_teams,-0.015893456032218964
T5C_step3500,200,WDA_JoeCrowley0,hdtf_visomaster_teams,-0.002760445181989209
T5C_step3500,201,WDA_KarenBass,hdtf_visomaster_teams,-0.012545536982787375
T5C_step3500,202,WDA_KathyCastor1,hdtf_visomaster_teams,-0.0041208458980669565
T5C_step3500,203,WDA_LaurenUnderwood,hdtf_visomaster_teams,-0.0038630219972261197
T5C_step3500,204,WDA_MazieHirono0,hdtf_visomaster_teams,-0.005018656922772442
T5C_step3500,205,WDA_NancyPelosi1,hdtf_visomaster_teams,0.020521027309961075
T5C_step3500,206,WDA_PatrickLeahy1,hdtf_visomaster_teams,-0.0069040045250321974
T5C_step3500,207,WDA_RichardBlumenthal,hdtf_visomaster_teams,0.006620875387886322
T5C_step3500,208,WDA_RichardNeal1,hdtf_visomaster_teams,-0.012080898221137809
T5C_step3500,209,WDA_SuzanDelBene,hdtf_visomaster_teams,0.0007217485260740055
T5C_step3500,210,WDA_TedLieu,hdtf_visomaster_teams,0.015178309958259716
T5C_step3500,211,WDA_WhipJimClyburn,hdtf_visomaster_teams,-0.004579643731943761
T5C_step3500,212,WRA_AdamKinzinger1,hdtf_visomaster_teams,-0.003943498535125409
T5C_step3500,213,WRA_AustinScott0,hdtf_visomaster_teams,0.012294490168828736
T5C_step3500,214,WRA_CandiceMiller0,hdtf_visomaster_teams,-0.0038117082345416097
T5C_step3500,215,WRA_CathyMcMorrisRodgers2,hdtf_visomaster_teams,0.002601121083760118
T5C_step3500,216,WRA_DianeBlack1,hdtf_visomaster_teams,0.007446134527815389
T5C_step3500,217,WRA_EricCantor,hdtf_visomaster_teams,0.006818054188418942
T5C_step3500,218,WRA_GeorgeLeMieux,hdtf_visomaster_teams,0.005488820856354345
T5C_step3500,219,WRA_JebHensarling1,hdtf_visomaster_teams,-0.004327928448590054
T5C_step3500,220,WRA_JeffFlake,hdtf_visomaster_teams,0.006787817289003142
T5C_step3500,221,WRA_JimRisch,hdtf_visomaster_teams,-0.003493356146811282
T5C_step3500,222,WRA_KristiNoem1,hdtf_visomaster_teams,-0.002250186425770184
T5C_step3500,223,WRA_ShelleyMooreCapito0,hdtf_visomaster_teams,-0.010996281475395272
T5C_step3500,224,WRA_VickyHartzler,hdtf_visomaster_teams,0.006720687914399866
T5C_step3500,225,RD_Radio51,hdtf_visomaster_teams,-0.01813267933960495
T5C_step3500,226,WDA_AndyKim,hdtf_visomaster_teams,-0.012419458912747403
T5C_step3500,227,WDA_DickDurbin,hdtf_visomaster_teams,-0.0024888664531793024
T5C_step3500,228,WDA_LisaBluntRochester,hdtf_visomaster_teams,-0.0035892590809712705
T5C_step3500,229,WDA_MaggieHassan,hdtf_visomaster_teams,-0.005184286923609281
T5C_step3500,230,WDA_MichaelBennet,hdtf_visomaster_teams,-0.0011117657549587433
T5C_step3500,231,WDA_PattyMurray0,hdtf_visomaster_teams,0.012693507962274751
T5C_step3500,232,WDA_SeanCasten,hdtf_visomaster_teams,0.007502731019275481
T5C_step3500,233,WDA_TammyDuckworth,hdtf_visomaster_teams,-0.01336266851727307
T5C_step3500,234,WDA_TedDeutch,hdtf_visomaster_teams,-0.007875429028311582
T5C_step3500,235,WRA_JohnKasich3,hdtf_visomaster_teams,0.00034106127039746075
T5C_step3500,236,WRA_KayBaileyHutchison,hdtf_visomaster_teams,-0.008357978435928375
T5C_step3500,237,WRA_MitchDaniels0,hdtf_visomaster_teams,0.013824727908355738
T5C_step3500,238,WRA_TimScott,hdtf_visomaster_teams,-0.014993500685019359
T5C_step3500,239,RD_Radio12,hdtf_visomaster_teams,-0.012196087636190749
T5C_step3500,240,RD_Radio59,hdtf_visomaster_teams,0.0024872508646859924
T5C_step3500,241,RD_Radio8,hdtf_visomaster_teams,-0.005691455932187234
T5C_step3500,242,WDA_AmyKlobuchar0,hdtf_visomaster_teams,0.010912282839424775
T5C_step3500,243,WDA_AndyLevin,hdtf_visomaster_teams,-0.0027117960747363107
T5C_step3500,244,WDA_CedricRichmond,hdtf_visomaster_teams,0.00787489056976758
T5C_step3500,245,WDA_ChrisMurphy1,hdtf_visomaster_teams,0.0005282035885128024
T5C_step3500,246,WDA_PeterDeFazio,hdtf_visomaster_teams,-0.003065600223024008
T5C_step3500,247,WDA_TammyBaldwin1,hdtf_visomaster_teams,0.009268552480259982
T5C_step3500,248,WRA_JohnKasich1,hdtf_visomaster_teams,0.00844084982449204
T5C_step3500,249,WRA_PeteHoekstra,hdtf_visomaster_teams,-0.009245469200316492
T5C_step3500,250,WRA_TomCotton,hdtf_visomaster_teams,0.008720499048964731
T5C_step3500,251,WDA_BarbaraLee1,hdtf_visomaster_teams,-0.004390970723379409
T5C_step3500,252,WDA_DavidCicilline,hdtf_visomaster_teams,-0.007324818586558574
T5C_step3500,253,WDA_DebbieDingell1,hdtf_visomaster_teams,0.0025453733295263815
T5C_step3500,254,WDA_DebbieWassermanSchultz,hdtf_visomaster_teams,0.0025924706502305607
T5C_step3500,255,WDA_EricSwalwell,hdtf_visomaster_teams,0.00025937665225314274
T5C_step3500,256,WDA_JohnSarbanes1,hdtf_visomaster_teams,0.004745150343953058
T5C_step3500,257,WRA_CarlyFiorina0,hdtf_visomaster_teams,-0.006605628284586279
T5C_step3500,258,WRA_JebHensarling2,hdtf_visomaster_teams,-0.00911318711423521
T5C_step3500,259,WRA_JoeHeck1,hdtf_visomaster_teams,-0.006955849622311199
T5C_step3500,260,WRA_LamarAlexander0,hdtf_visomaster_teams,0.0037685300985200237
T5C_step3500,261,WRA_NanHayworth,hdtf_visomaster_teams,-0.0058999874069170675
T5C_step3500,262,WRA_RichardShelby,hdtf_visomaster_teams,0.004137855878154276
T5C_step3500,263,RD_Radio33,hdtf_visomaster_teams,-0.008037618029372164
T5C_step3500,264,RD_Radio36,hdtf_visomaster_teams,0.007401742511257999
T5C_step3500,265,RD_Radio53,hdtf_visomaster_teams,0.018998778008266767
T5C_step3500,266,WDA_DebbieStabenow1,hdtf_visomaster_teams,-0.007389689533570394
T5C_step3500,267,WDA_JonTester1,hdtf_visomaster_teams,0.0012553376425916537
T5C_step3500,268,WDA_KatieHill,hdtf_visomaster_teams,0.008254063299392635
T5C_step3500,269,WDA_MikeThompson0,hdtf_visomaster_teams,-0.0035175489187840585
T5C_step3500,270,WDA_ScottPeters0,hdtf_visomaster_teams,0.002830611929058497
T5C_step3500,271,WRA_GregWalden,hdtf_visomaster_teams,-0.0012203922992736092
T5C_step3500,272,WRA_JebHensarling0,hdtf_visomaster_teams,-0.011000958754017704
T5C_step3500,273,WRA_MikeEnzi,hdtf_visomaster_teams,-0.004373962167862786
T5C_step3500,274,WRA_PatRoberts,hdtf_visomaster_teams,0.002869017512638326
T5C_step3500,275,WRA_PeterRoskam0,hdtf_visomaster_teams,-0.010119658933133904
T5C_step3500,276,RD_Radio29,hdtf_visomaster_teams,0.0004908403605147758
T5C_step3500,277,RD_Radio57,hdtf_visomaster_teams,0.009182516317692738
T5C_step3500,278,WDA_BernieSanders,hdtf_visomaster_teams,-0.0034854012603384712
T5C_step3500,279,WDA_BillRichardson,hdtf_visomaster_teams,-0.01296445821264192
T5C_step3500,280,WDA_JoeKennedy,hdtf_visomaster_teams,-0.0018410101183401924
T5C_step3500,281,WDA_KirstenGillibrand,hdtf_visomaster_teams,0.007053931578666712
T5C_step3500,282,WDA_LucyMcBath,hdtf_visomaster_teams,0.0015940661497449446
T5C_step3500,283,WDA_StenyHoyer,hdtf_visomaster_teams,0.005705574579119357
T5C_step3500,284,WDA_ZoeLofgren,hdtf_visomaster_teams,-0.007753559784742064
T5C_step3500,286,WRA_DebFischer0,hdtf_visomaster_teams,-0.007399859503276644
T5C_step3500,287,WRA_ErikPaulsen,hdtf_visomaster_teams,0.0021993844630908534
T5C_step3500,288,WRA_JoniErnst1,hdtf_visomaster_teams,0.007094975618219149
T5C_step3500,289,WRA_KevinBrady,hdtf_visomaster_teams,0.007264007598135179
T5C_step3500,290,RD_Radio26,hdtf_visomaster_teams,-0.005943846353512748
T5C_step3500,291,RD_Radio9,hdtf_visomaster_teams,0.005995298499809981
T5C_step3500,292,WDA_DonaldMcEachin,hdtf_visomaster_teams,0.028337222184670923
T5C_step3500,293,WDA_DonnaShalala1,hdtf_visomaster_teams,-0.005417640644348579
T5C_step3500,294,WDA_EdMarkey0,hdtf_visomaster_teams,0.002541658850481696
T5C_step3500,295,WDA_GerryConnolly,hdtf_visomaster_teams,0.002216620097050342
T5C_step3500,296,WDA_MichelleObama,hdtf_visomaster_teams,0.021303649437263823
T5C_step3500,297,WRA_AllenWest,hdtf_visomaster_teams,0.020074697869265423
T5C_step3500,298,WRA_DanSullivan,hdtf_visomaster_teams,-0.007067637598956856
T5C_step3500,299,RD_Radio48,hdtf_visomaster_teams,-0.005285623925027537
T5C_step3500,300,WDA_EliotEngel,hdtf_visomaster_teams,-0.004997736740169286
T5C_step3500,301,WDA_FrankPallone1,hdtf_visomaster_teams,0.0012944849555013016
T5C_step3500,302,WDA_NancyPelosi0,hdtf_visomaster_teams,-0.008023424384274861
T5C_step3500,303,WDA_TerriSewell0,hdtf_visomaster_teams,0.005520171495386155
T5C_step3500,304,WRA_CarlyFiorina,hdtf_visomaster_teams,-0.010785311179657758
T5C_step3500,305,WRA_CoryGardner,hdtf_visomaster_teams,-0.012115061879729466
T5C_step3500,306,WRA_DavidVitter,hdtf_visomaster_teams,-0.011475156702053239
T5C_step3500,307,WRA_JoniErnst0,hdtf_visomaster_teams,-0.0061418030565478735
T5C_step3500,308,WRA_MarshaBlackburn0,hdtf_visomaster_teams,-0.0002284725878816409
T5C_step3500,309,RD_Radio1,hdtf_visomaster_teams,-0.0051616667627660635
T5C_step3500,310,RD_Radio11,hdtf_visomaster_teams,0.003642294037002673
T5C_step3500,311,RD_Radio22,hdtf_visomaster_teams,-0.0015276881990604096
T5C_step3500,312,RD_Radio37,hdtf_visomaster_teams,-0.007363298000186013
T5C_step3500,313,RD_Radio4,hdtf_visomaster_teams,-0.03126551258934646
T5C_step3500,314,RD_Radio41,hdtf_visomaster_teams,-0.014670964956710855
T5C_step3500,315,RD_Radio42,hdtf_visomaster_teams,-0.0038780812488510433
T5C_step3500,316,RD_Radio43,hdtf_visomaster_teams,-0.008710141452580275
T5C_step3500,317,RD_Radio50,hdtf_visomaster_teams,0.0032974910564543976
T5C_step3500,318,RD_Radio57,hdtf_visomaster_teams,0.006691718324890822
T5C_step3500,319,RD_Radio7,hdtf_visomaster_teams,-0.0031406205928460433
T5C_step3500,320,WDA_AnnieKuster,hdtf_visomaster_teams,0.006896972690129441
T5C_step3500,321,WDA_BernieSanders,hdtf_visomaster_teams,0.005865284212417705
T5C_step3500,322,WDA_BettyMcCollum,hdtf_visomaster_teams,-0.0077231279043639845
T5C_step3500,323,WDA_BillRichardson,hdtf_visomaster_teams,-0.004483165025202445
T5C_step3500,324,WDA_BobMenendez,hdtf_visomaster_teams,0.01450297320513981
T5C_step3500,325,WDA_BradSchneider,hdtf_visomaster_teams,0.006010038573614062
T5C_step3500,326,WDA_BrendaLawrence,hdtf_visomaster_teams,0.005906822137858198
T5C_step3500,327,WDA_BrianSchatz2,hdtf_visomaster_teams,-0.017925327806562075
T5C_step3500,328,WDA_ByronDorgan1,hdtf_visomaster_teams,0.008291074489624158
T5C_step3500,329,WDA_DianaDeGette0,hdtf_visomaster_teams,-0.00736862958829072
T5C_step3500,330,WDA_JoeNeguse,hdtf_visomaster_teams,-0.003850162940637681
T5C_step3500,331,WDA_KarenBass,hdtf_visomaster_teams,-0.013056757874069527
T5C_step3500,332,WDA_LaurenUnderwood,hdtf_visomaster_teams,0.006956883237259822
T5C_step3500,333,WDA_LloydDoggett1,hdtf_visomaster_teams,-0.0021120857659666296
T5C_step3500,334,WDA_MartinHeinrich,hdtf_visomaster_teams,0.005814165886865289
T5C_step3500,335,WDA_SheldonWhitehouse0,hdtf_visomaster_teams,-0.0022849226566048347
T5C_step3500,336,WDA_SherrodBrown1,hdtf_visomaster_teams,-0.006314950322191405
T5C_step3500,337,WDA_TomPerez,hdtf_visomaster_teams,0.011047939348294327
T5C_step3500,338,WRA_CoryGardner0,hdtf_visomaster_teams,0.009190669582341883
T5C_step3500,339,WRA_DanNewhouse,hdtf_visomaster_teams,-0.013390742822104985
T5C_step3500,340,WRA_JohnBarrasso0,hdtf_visomaster_teams,-0.005203145252522717
T5C_step3500,341,WRA_JohnThune,hdtf_visomaster_teams,-0.0031354935372701048
T5C_step3500,342,WRA_MikeJohanns1,hdtf_visomaster_teams,0.011461489553292473
T5C_step3500,343,WRA_MitchDaniels1,hdtf_visomaster_teams,0.00610541031037559
T5C_step3500,344,WRA_RoyBlunt,hdtf_visomaster_teams,0.0037112867691626696
T5C_step3500,345,WRA_SamBrownback,hdtf_visomaster_teams,-0.0029661375721215114
T5C_step3500,346,WRA_SaxbyChambliss,hdtf_visomaster_teams,0.006909563150731176
T5C_step3500,347,RD_Radio49,hdtf_visomaster_teams,-0.020139426416258845
T5C_step3500,348,WDA_MazieHirono0,hdtf_visomaster_teams,-0.011141885580120102
T5C_step3500,349,WDA_PatrickLeahy1,hdtf_visomaster_teams,-0.011251086065673687
T5C_step3500,350,WDA_PeterDeFazio,hdtf_visomaster_teams,-0.004520660551346642
T5C_step3500,351,WDA_RichardNeal1,hdtf_visomaster_teams,-0.006154396383869305
T5C_step3500,352,WDA_TammyBaldwin1,hdtf_visomaster_teams,-0.015738752671937063
T5C_step3500,353,WRA_AustinScott0,hdtf_visomaster_teams,0.006550326357487643
T5C_step3500,354,WRA_JebHensarling0,hdtf_visomaster_teams,0.005371524912451341
T5C_step3500,355,WRA_JebHensarling1,hdtf_visomaster_teams,0.003399236791844471
T5C_step3500,356,WRA_JohnKasich1,hdtf_visomaster_teams,-0.007916655482333865
T5C_step3500,357,WRA_KevinMcCarthy0,hdtf_visomaster_teams,-0.0008073643883161022
T5C_step3500,358,WRA_PeteHoekstra,hdtf_visomaster_teams,0.005513232162624352
T5C_step3500,359,WRA_VickyHartzler,hdtf_visomaster_teams,0.006370679318132731
T5C_step3500,360,RD_Radio16,hdtf_visomaster_teams,0.00756511871128303
T5C_step3500,361,RD_Radio48,hdtf_visomaster_teams,-0.008794773167900114
T5C_step3500,362,RD_Radio51,hdtf_visomaster_teams,-0.00580583320305845
T5C_step3500,363,WDA_BarbaraLee0,hdtf_visomaster_teams,0.0010229694605952484
T5C_step3500,364,WDA_BenRayLujn,hdtf_visomaster_teams,0.0096934696081444
T5C_step3500,365,WDA_ChuckSchumer0,hdtf_visomaster_teams,0.010087895950673872
T5C_step3500,366,WDA_TammyDuckworth,hdtf_visomaster_teams,-0.011060285389678525
T5C_step3500,367,WDA_TedDeutch,hdtf_visomaster_teams,-0.015896381989482553
T5C_step3500,368,WDA_TerriSewell0,hdtf_visomaster_teams,0.012326958720549827
T5C_step3500,369,WRA_AdamKinzinger1,hdtf_visomaster_teams,0.005488184055661416
T5C_step3500,370,WRA_JohnKasich3,hdtf_visomaster_teams,-0.0069697072352731
T5C_step3500,371,WRA_JoniErnst0,hdtf_visomaster_teams,-0.0089633458458773
T5C_step3500,372,WRA_KayBaileyHutchison,hdtf_visomaster_teams,0.004960049038844939
T5C_step3500,373,WRA_MitchDaniels0,hdtf_visomaster_teams,0.010524132561672634
T5C_step3500,374,RD_Radio33,hdtf_visomaster_teams,-0.0066389780964995395
T5C_step3500,375,WDA_BobCasey0,hdtf_visomaster_teams,0.0064657757087079396
T5C_step3500,376,WDA_DebbieStabenow0,hdtf_visomaster_teams,0.007849036998704349
T5C_step3500,377,WDA_JanSchakowsky0,hdtf_visomaster_teams,-0.0036755306231834005
T5C_step3500,378,WDA_JoeManchin,hdtf_visomaster_teams,0.02261161740232583
T5C_step3500,379,WDA_ScottPeters0,hdtf_visomaster_teams,0.0011652441748344778
T5C_step3500,380,WDA_SheldonWhitehouse1,hdtf_visomaster_teams,-0.005735078414342294
T5C_step3500,381,WDA_WhipJimClyburn,hdtf_visomaster_teams,0.0036817768323103074
T5C_step3500,382,WRA_GregWalden,hdtf_visomaster_teams,-0.007985703664663966
T5C_step3500,383,WRA_PatRoberts,hdtf_visomaster_teams,0.00955567801585859
T5C_step3500,384,WRA_PeterRoskam0,hdtf_visomaster_teams,0.00039022351673186664
T5C_step3500,385,WRA_SteveDaines0,hdtf_visomaster_teams,-0.005573816402394781
T5C_step3500,386,RD_Radio31,hdtf_visomaster_teams,-0.008064754444155772
T5C_step3500,387,RD_Radio59,hdtf_visomaster_teams,0.013474116934545687
T5C_step3500,388,RD_Radio8,hdtf_visomaster_teams,0.016265853084883482
T5C_step3500,389,WDA_BarbaraLee1,hdtf_visomaster_teams,0.012054623813412785
T5C_step3500,390,WDA_CedricRichmond,hdtf_visomaster_teams,0.012408271032399807
T5C_step3500,391,WDA_ChrisCoons,hdtf_visomaster_teams,0.011987393026387322
T5C_step3500,392,WDA_ChrisMurphy1,hdtf_visomaster_teams,0.001604222221341478
T5C_step3500,393,WDA_ElijahCummings,hdtf_visomaster_teams,-0.0049357821730369655
T5C_step3500,394,WDA_RichardBlumenthal,hdtf_visomaster_teams,0.0009009713145184176
T5C_step3500,395,WDA_ScottPeters1,hdtf_visomaster_teams,-0.014459063370944974
T5C_step3500,396,WDA_TomUdall,hdtf_visomaster_teams,-0.008447257350243112
T5C_step3500,397,WRA_CandiceMiller0,hdtf_visomaster_teams,0.010804134642458517
T5C_step3500,398,WRA_NanHayworth,hdtf_visomaster_teams,-0.006295899615754427
T5C_step3500,399,WDA_AmyKlobuchar1,hdtf_visomaster_teams,0.0035172483745911027
T5C_step3500,400,WDA_BobCasey1,hdtf_visomaster_teams,-0.001462431829226341
T5C_step3500,401,WDA_DebbieWassermanSchultz,hdtf_visomaster_teams,0.002878093187565975
T5C_step3500,402,WDA_JonTester1,hdtf_visomaster_teams,-0.009648472888745695
T5C_step3500,403,WDA_KatieHill,hdtf_visomaster_teams,0.008942822295861522
T5C_step3500,404,WDA_MarkWarner2,hdtf_visomaster_teams,-0.002069656282802131
T5C_step3500,405,WRA_AnnMarieBuerkle,hdtf_visomaster_teams,0.009992632493608416
T5C_step3500,406,WRA_AnnWagner,hdtf_visomaster_teams,-0.0096256727325108
T5C_step3500,407,WRA_CarlyFiorina0,hdtf_visomaster_teams,-0.003255708603213821
T5C_step3500,408,WRA_DebFischer1,hdtf_visomaster_teams,0.009066567102470469
T5C_step3500,409,WRA_JebHensarling2,hdtf_visomaster_teams,-0.0034728461820211316
T5C_step3500,410,WRA_LamarAlexander0,hdtf_visomaster_teams,-0.01069973488496164
T5C_step3500,411,RD_Radio14,hdtf_visomaster_teams,-0.0067943656402611775
T5C_step3500,412,RD_Radio27,hdtf_visomaster_teams,-0.01003599959575588
T5C_step3500,413,RD_Radio38,hdtf_visomaster_teams,0.0020935626303787156
T5C_step3500,414,WDA_BrianSchatz0,hdtf_visomaster_teams,0.010735081998529433
T5C_step3500,415,WDA_EliotEngel,hdtf_visomaster_teams,-0.006070758681228005
T5C_step3500,416,WDA_JoeDonnelly,hdtf_visomaster_teams,0.01512332193572678
T5C_step3500,417,WDA_KimSchrier,hdtf_visomaster_teams,0.002494017643861704
T5C_step3500,418,WDA_NancyPelosi0,hdtf_visomaster_teams,-0.0005409896604214458
T5C_step3500,419,WDA_TinaSmith,hdtf_visomaster_teams,0.005133677571582259
T5C_step3500,420,WRA_CoryGardner1,hdtf_visomaster_teams,-0.0004986933392508663
T5C_step3500,421,WRA_JohnBarrasso1,hdtf_visomaster_teams,-0.005878254662584616
T5C_step3500,422,WRA_MarshaBlackburn0,hdtf_visomaster_teams,0.013181144675701743
T5C_step3500,423,WRA_ReincePriebus,hdtf_visomaster_teams,0.0014492203828307742
T5C_step3500,424,RD_Radio17,hdtf_visomaster_teams,-0.01607880183176876
T5C_step3500,425,RD_Radio2,hdtf_visomaster_teams,0.016311899962600348
T5C_step3500,426,RD_Radio47,hdtf_visomaster_teams,-0.008053134632622107
T5C_step3500,427,RD_Radio5,hdtf_visomaster_teams,-0.010952823391625172
T5C_step3500,428,WDA_DonnaShalala1,hdtf_visomaster_teams,-0.005241862697555745
T5C_step3500,429,WDA_HillaryClinton,hdtf_visomaster_teams,0.006901344784584625
T5C_step3500,430,WDA_LucilleRoybal-Allard,hdtf_visomaster_teams,-0.016365514905111737
T5C_step3500,431,WRA_KevinBrady2,hdtf_visomaster_teams,0.005711612794218151
T5C_step3500,432,WRA_MarkwayneMullin,hdtf_visomaster_teams,-0.006446542868602957
T5C_step3500,433,WRA_MichaelSteele,hdtf_visomaster_teams,-0.0010040753960604259
T5C_step3500,434,WRA_PeterRoskam1,hdtf_visomaster_teams,-0.0022329614219117754
T5C_step3500,435,WRA_TomPrice,hdtf_visomaster_teams,-0.006471158792174244
T5C_step3500,436,RD_Radio12,hdtf_visomaster_teams,0.007629144119846544
T5C_step3500,437,RD_Radio3,hdtf_visomaster_teams,-0.009038562430126622
T5C_step3500,438,RD_Radio32,hdtf_visomaster_teams,-0.004416779744524498
T5C_step3500,439,RD_Radio40,hdtf_visomaster_teams,-0.01779526096642603
T5C_step3500,440,RD_Radio41,hdtf_visomaster_teams,-0.004168374575604646
T5C_step3500,441,RD_Radio54,hdtf_visomaster_teams,0.019941125299016895
T5C_step3500,442,WDA_AmyKlobuchar0,hdtf_visomaster_teams,0.01868784962321107
T5C_step3500,443,WDA_BarackObama,hdtf_visomaster_teams,0.0006884552514441851
T5C_step3500,444,WDA_BrendaLawrence,hdtf_visomaster_teams,-0.008677404627011527
T5C_step3500,445,WDA_ChrisVanHollen0,hdtf_visomaster_teams,-0.0011734562763678455
T5C_step3500,446,WDA_DebbieDingell0,hdtf_visomaster_teams,0.009074344752433704
T5C_step3500,447,WDA_DougJones,hdtf_visomaster_teams,0.00209733801725449
T5C_step3500,448,WDA_EdMarkey1,hdtf_visomaster_teams,0.0010779031081875796
T5C_step3500,449,WDA_EmanuelCleaver,hdtf_visomaster_teams,0.0010851513550777687
T5C_step3500,450,WDA_JackReed1,hdtf_visomaster_teams,0.0006673052702127081
T5C_step3500,451,WDA_JackyRosen1,hdtf_visomaster_teams,-0.008626057934810239
T5C_step3500,452,WDA_JanSchakowsky1,hdtf_visomaster_teams,0.0018092452964607593
T5C_step3500,453,WDA_JeanneShaheen1,hdtf_visomaster_teams,-0.0011751751767347164
T5C_step3500,454,WDA_JohnSarbanes0,hdtf_visomaster_teams,-0.0121234818253292
T5C_step3500,455,WDA_JohnYarmuth1,hdtf_visomaster_teams,0.011872161667597081
T5C_step3500,456,WDA_LloydDoggett1,hdtf_visomaster_teams,0.011163875010613715
T5C_step3500,457,WDA_MarciaFudge,hdtf_visomaster_teams,0.0023577648668949196
T5C_step3500,458,WDA_MikeDoyle,hdtf_visomaster_teams,-0.014401417187856706
T5C_step3500,459,WDA_RonWyden0,hdtf_visomaster_teams,-0.013148360120726718
T5C_step3500,460,WDA_TerriSewell,hdtf_visomaster_teams,0.0038240153982602057
T5C_step3500,461,WDA_VeronicaEscobar1,hdtf_visomaster_teams,-0.011023222700642935
T5C_step3500,462,WRA_BobCorker,hdtf_visomaster_teams,0.0029612540029274556
T5C_step3500,463,WRA_BobGoodlatte0,hdtf_visomaster_teams,0.0010490406681847217
T5C_step3500,464,WRA_BobbySchilling,hdtf_visomaster_teams,-1.2751847771776473e-05
T5C_step3500,465,WRA_CathyMcMorrisRodgers0,hdtf_visomaster_teams,0.02866309720243205
T5C_step3500,466,WRA_EricCantor,hdtf_visomaster_teams,0.005109820203284772
T5C_step3500,467,WRA_FredUpton,hdtf_visomaster_teams,-0.010782917189277097
T5C_step3500,468,WRA_JimInhofe,hdtf_visomaster_teams,0.009243342788025197
T5C_step3500,469,WRA_JohnBoehner1,hdtf_visomaster_teams,-0.0008429752873029359
T5C_step3500,470,WRA_JonKyl,hdtf_visomaster_teams,-0.0034354262429311406
T5C_step3500,471,WRA_JuddGregg,hdtf_visomaster_teams,-0.006201840655862666
T5C_step3500,472,WRA_KellyAyotte,hdtf_visomaster_teams,-0.01616470619491058
T5C_step3500,473,WRA_LynnJenkins,hdtf_visomaster_teams,-0.003964923298450512
T5C_step3500,474,WRA_RoyBlunt,hdtf_visomaster_teams,-0.00689553658138559
T5C_step3500,475,WRA_ShelleyMooreCapito0,hdtf_visomaster_teams,-0.006816180551990814
T5C_step3500,476,WRA_TomCotton,hdtf_visomaster_teams,0.008196535842856095
T5C_step3500,477,RD_Radio11,hdtf_visomaster_teams,0.0022157621839839275
T5C_step3500,478,RD_Radio17,hdtf_visomaster_teams,0.011583712366995551
T5C_step3500,479,RD_Radio22,hdtf_visomaster_teams,0.012347639417921486
T5C_step3500,480,RD_Radio47,hdtf_visomaster_teams,0.010428692535022805
T5C_step3500,481,WDA_AnnieKuster,hdtf_visomaster_teams,0.008346530145044478
T5C_step3500,482,WDA_DebHaaland,hdtf_visomaster_teams,0.0072935331076695
T5C_step3500,483,WDA_LucilleRoybal-Allard,hdtf_visomaster_teams,0.0017417283597400473
T5C_step3500,484,WDA_SuzanDelBene,hdtf_visomaster_teams,-0.007584177881610945
T5C_step3500,485,WDA_TomPerez,hdtf_visomaster_teams,-0.008802340334932466
T5C_step3500,486,WRA_CathyMcMorrisRodgers2,hdtf_visomaster_teams,-0.016408404923878368
T5C_step3500,487,WRA_JeffFlake,hdtf_visomaster_teams,0.024736323645034308
T5C_step3500,488,WRA_KevinBrady2,hdtf_visomaster_teams,0.0016383723425075526
T5C_step3500,489,WRA_PeterRoskam1,hdtf_visomaster_teams,0.004524333108572975
T5C_step3500,490,WRA_SaxbyChambliss,hdtf_visomaster_teams,-0.00047005907054430834
T5C_step3500,491,WRA_SteveScalise1,hdtf_visomaster_teams,0.006239977749485432
T5C_step3500,492,RD_Radio14,hdtf_visomaster_teams,0.000642191495379107
T5C_step3500,493,RD_Radio27,hdtf_visomaster_teams,0.004175245166282454
T5C_step3500,494,WDA_AlexandriaOcasioCortez,hdtf_visomaster_teams,-0.00456659016047904
T5C_step3500,495,WDA_JoeDonnelly,hdtf_visomaster_teams,0.0029931441564999594
T5C_step3500,496,WDA_LisaBluntRochester,hdtf_visomaster_teams,0.030085697193867722
T5C_step3500,497,WDA_MichaelBennet,hdtf_visomaster_teams,0.005912472736182926
T5C_step3500,498,WDA_PatrickLeahy1,hdtf_visomaster_teams,0.0038335749309724686
T5C_step3500,499,WDA_TedLieu,hdtf_visomaster_teams,0.019777569097802015
T5C_step3500,500,WRA_AustinScott0,hdtf_visomaster_teams,0.010483007805885356
T5C_step3500,501,WRA_JohnBarrasso1,hdtf_visomaster_teams,0.0007365769399446938
T5C_step3500,502,WRA_ReincePriebus,hdtf_visomaster_teams,0.004647815772201382
T5C_step3500,503,WRA_RogerWicker0,hdtf_visomaster_teams,0.001287121085681736
T5C_step3500,504,WRA_ShelleyMooreCapito1,hdtf_visomaster_teams,-0.00863631410110966
T5C_step3500,505,RD_Radio59,hdtf_visomaster_teams,-0.004251211286336546
T5C_step3500,506,RD_Radio8,hdtf_visomaster_teams,0.0029690033843081933
T5C_step3500,507,WDA_BarbaraLee0,hdtf_visomaster_teams,-0.0028557558921837463
T5C_step3500,508,WDA_BenRayLujn,hdtf_visomaster_teams,0.01128324964562702
T5C_step3500,509,WDA_ChrisMurphy1,hdtf_visomaster_teams,-0.009690930359885486
T5C_step3500,510,WDA_MazieHirono0,hdtf_visomaster_teams,-0.021646355030727045
T5C_step3500,511,WDA_RichardNeal1,hdtf_visomaster_teams,-0.007665191900184763
T5C_step3500,512,WDA_TomUdall,hdtf_visomaster_teams,0.009953978590629409
T5C_step3500,513,WRA_AdamKinzinger1,hdtf_visomaster_teams,-0.006638670617409654
T5C_step3500,514,WRA_JebHensarling1,hdtf_visomaster_teams,-0.009498073305649269
T5C_step3500,515,WRA_KayBaileyHutchison,hdtf_visomaster_teams,-0.00720022514291005
T5C_step3500,516,WRA_KristiNoem1,hdtf_visomaster_teams,-0.008571434386612837
T5C_step3500,517,RD_Radio1,hdtf_visomaster_teams,0.0004090544471052555
T5C_step3500,518,RD_Radio4,hdtf_visomaster_teams,-0.007476774856532604
T5C_step3500,519,WDA_BobMenendez,hdtf_visomaster_teams,-0.0039041124739944456
T5C_step3500,520,WDA_ByronDorgan1,hdtf_visomaster_teams,0.0045605730626050965
T5C_step3500,521,WDA_HakeemJeffries,hdtf_visomaster_teams,0.010308030491590379
T5C_step3500,522,WDA_HenryWaxman,hdtf_visomaster_teams,-0.0003140565198756504
T5C_step3500,523,WDA_PattyMurray1,hdtf_visomaster_teams,-0.013006198250193685
T5C_step3500,524,WDA_SherrodBrown1,hdtf_visomaster_teams,-0.006051436709258066
T5C_step3500,525,WRA_GeoffDavis,hdtf_visomaster_teams,0.011473396183361365
T5C_step3500,526,WRA_MitchDaniels1,hdtf_visomaster_teams,4.9738688479259406e-05
T5C_step3500,527,WRA_SamBrownback,hdtf_visomaster_teams,0.007920144163781413
T5C_step3500,528,RD_Radio19,hdtf_visomaster_teams,-0.009077605941567958
T5C_step3500,529,RD_Radio52,hdtf_visomaster_teams,0.0027060581625873124
T5C_step3500,530,WDA_DebbieStabenow0,hdtf_visomaster_teams,-0.006547231697841979
T5C_step3500,531,WDA_DianneFeinstein,hdtf_visomaster_teams,0.00416128012820836
T5C_step3500,532,WDA_FrankPallone0,hdtf_visomaster_teams,-0.0004094777077660349
T5C_step3500,533,WDA_JanSchakowsky0,hdtf_visomaster_teams,-0.01674181293720059
T5C_step3500,534,WDA_JimmyGomez,hdtf_visomaster_teams,-0.011801227370791567
T5C_step3500,535,WDA_NancyPelosi1,hdtf_visomaster_teams,0.014625869192819434
T5C_step3500,536,WDA_WhipJimClyburn,hdtf_visomaster_teams,0.006321099113335496
T5C_step3500,537,WRA_JohnBoozman,hdtf_visomaster_teams,-0.00041533154826627755
T5C_step3500,538,WRA_MikeJohanns,hdtf_visomaster_teams,-0.0030596394626104906
T5C_step3500,539,RD_Radio43,hdtf_visomaster_teams,-0.0013410244900535135
T5C_step3500,540,RD_Radio57,hdtf_visomaster_teams,0.01243606230227194
T5C_step3500,541,RD_Radio7,hdtf_visomaster_teams,0.0025512889665030526
T5C_step3500,542,WDA_BernieSanders,hdtf_visomaster_teams,0.003757607791831684
T5C_step3500,543,WDA_BettyMcCollum,hdtf_visomaster_teams,0.001166953292291986
T5C_step3500,544,WDA_BillRichardson,hdtf_visomaster_teams,-0.003681264057992105
T5C_step3500,545,WDA_DianaDeGette0,hdtf_visomaster_teams,-0.012109377019267606
T5C_step3500,546,WDA_JoeNeguse,hdtf_visomaster_teams,-0.008987934023544057
T5C_step3500,547,WRA_CathyMcMorrisRodgers1,hdtf_visomaster_teams,0.020222015081416803
T5C_step3500,548,WRA_JohnBarrasso0,hdtf_visomaster_teams,-0.003723595813309299
T5C_step3500,549,WRA_JohnBoehner0,hdtf_visomaster_teams,2.162305089719414e-05
T5C_step3500,550,WRA_KevinBrady3,hdtf_visomaster_teams,0.0032674551311193817
T5C_step3500,551,RD_Radio31,hdtf_visomaster_teams,-0.01083785483270785
T5C_step3500,552,WDA_BobCasey0,hdtf_visomaster_teams,0.007776332157346949
T5C_step3500,553,WDA_JoeManchin,hdtf_visomaster_teams,0.006669507711821011
T5C_step3500,554,WDA_KathyCastor,hdtf_visomaster_teams,0.0015753566456224327
T5C_step3500,555,WDA_KathyCastor1,hdtf_visomaster_teams,0.01437519390653423
T5C_step3500,556,WDA_MartinHeinrich,hdtf_visomaster_teams,0.006080362981549412
T5C_step3500,557,WDA_RichardBlumenthal,hdtf_visomaster_teams,0.003800957039224788
T5C_step3500,558,WDA_SheldonWhitehouse0,hdtf_visomaster_teams,0.0009748592860993111
T5C_step3500,559,WRA_CandiceMiller0,hdtf_visomaster_teams,-0.006726026944111962
T5C_step3500,560,WRA_CoryGardner0,hdtf_visomaster_teams,-0.011099753443660366
T5C_step3500,561,WRA_DanNewhouse,hdtf_visomaster_teams,0.00985462580154553
T5C_step3500,562,WRA_MikeJohanns1,hdtf_visomaster_teams,0.00624706477466138
T5C_step3500,563,WRA_SteveDaines0,hdtf_visomaster_teams,-0.005663586459158971
T5C_step3500,564,RD_Radio10,hdtf_visomaster_teams,0.0027531549843486172
T5C_step3500,565,RD_Radio19,hdtf_visomaster_teams,-0.004430474129474221
T5C_step3500,566,RD_Radio20,hdtf_visomaster_teams,0.004763516063721275
T5C_step3500,567,RD_Radio37,hdtf_visomaster_teams,-0.009884470293667326
T5C_step3500,568,RD_Radio9,hdtf_visomaster_teams,-0.010745302302597095
T5C_step3500,569,WDA_BenCardin1,hdtf_visomaster_teams,0.0049519412161581865
T5C_step3500,570,WDA_ChrisVanHollen1,hdtf_visomaster_teams,-0.007404412584886517
T5C_step3500,571,WDA_DianneFeinstein,hdtf_visomaster_teams,-0.01810896912353463
T5C_step3500,572,WDA_EdMarkey0,hdtf_visomaster_teams,0.011232541723970195
T5C_step3500,573,WDA_GerryConnolly,hdtf_visomaster_teams,0.007488038139549957
T5C_step3500,574,WDA_JamesClyburn1,hdtf_visomaster_teams,-0.00017243794753621562
T5C_step3500,575,WDA_JeffMerkley1,hdtf_visomaster_teams,-0.012001989588873475
T5C_step3500,576,WDA_JerryNadler,hdtf_visomaster_teams,-0.0006785771803907385
T5C_step3500,577,WDA_JimmyGomez,hdtf_visomaster_teams,-0.017189212179307946
T5C_step3500,578,WDA_JoeCrowley1,hdtf_visomaster_teams,0.010326899423054571
T5C_step3500,579,WDA_LloydDoggett1,hdtf_visomaster_teams,0.006502251118407144
T5C_step3500,580,WDA_NitaLowey,hdtf_visomaster_teams,0.0061695460293837694
T5C_step3500,581,WDA_NydiaVelzquez,hdtf_visomaster_teams,0.008230549268139218
T5C_step3500,582,WDA_RonWyden1,hdtf_visomaster_teams,-0.021152383332402925
T5C_step3500,583,WDA_SeanPatrickMaloney,hdtf_visomaster_teams,0.008357418157719194
T5C_step3500,584,WDA_SherrodBrown0,hdtf_visomaster_teams,-0.013110095097434
T5C_step3500,585,WDA_StephanieMurphy,hdtf_visomaster_teams,-0.014182873247557903
T5C_step3500,586,WDA_TammyBaldwin0,hdtf_visomaster_teams,0.01683269002902694
T5C_step3500,587,WDA_TerriSewell,hdtf_visomaster_teams,-0.009079234232208752
T5C_step3500,588,WDA_XavierBecerra,hdtf_visomaster_teams,0.02115322703298888
T5C_step3500,589,WRA_AdamKinzinger2,hdtf_visomaster_teams,-0.001973060211428959
T5C_step3500,590,WRA_AustinScott2,hdtf_visomaster_teams,-0.001285635382724374
T5C_step3500,591,WRA_DaveCamp,hdtf_visomaster_teams,-0.01670380407974921
T5C_step3500,592,WRA_FredUpton,hdtf_visomaster_teams,-0.004813308985423234
T5C_step3500,593,WRA_JohnBoehner0,hdtf_visomaster_teams,-0.007707433078327182
T5C_step3500,594,WRA_JohnnyIsakson,hdtf_visomaster_teams,0.0021329130997320756
T5C_step3500,595,WRA_KevinBrady3,hdtf_visomaster_teams,-0.010202942357024259
T5C_step3500,596,WRA_MikeJohanns,hdtf_visomaster_teams,-0.0073028309662479685
T5C_step3500,597,WRA_MittRomney,hdtf_visomaster_teams,-0.026668489943217584
T5C_step3500,598,WRA_OlympiaSnowe,hdtf_visomaster_teams,-0.0016979680431361101
T5C_step3500,599,WRA_PaulRyan1,hdtf_visomaster_teams,0.0012421434428560498
T5C_step3500,600,WRA_RandPaul1,hdtf_visomaster_teams,-0.010064323495666737
T5C_step3500,601,WRA_RandPaul2,hdtf_visomaster_teams,0.007686720800291442
T5C_step3500,602,WRA_RichardShelby,hdtf_visomaster_teams,-0.0008000116526036679
T5C_step3500,603,WRA_RoyBlunt,hdtf_visomaster_teams,-0.005315564780052387
T5C_step3500,604,WRA_ToddYoung,hdtf_visomaster_teams,-0.0037308762676120134
T5C_step3500,605,RD_Radio3,hdtf_visomaster_teams,-0.00941462008844445
T5C_step3500,606,RD_Radio50,hdtf_visomaster_teams,-0.00752992063888987
T5C_step3500,607,WDA_BrianSchatz2,hdtf_visomaster_teams,-0.0037890563661139576
T5C_step3500,608,WDA_JackReed1,hdtf_visomaster_teams,-0.00308769115412462
T5C_step3500,609,WDA_JackyRosen1,hdtf_visomaster_teams,-0.012366109909657285
T5C_step3500,610,WDA_JeanneShaheen1,hdtf_visomaster_teams,-0.00038444952030129926
T5C_step3500,611,WDA_JohnSarbanes0,hdtf_visomaster_teams,0.00177618997496173
T5C_step3500,612,WDA_KatherineClark,hdtf_visomaster_teams,0.01537984306948053
T5C_step3500,613,WDA_MartinHeinrich,hdtf_visomaster_teams,-0.005064406503577307
T5C_step3500,614,WDA_RonWyden0,hdtf_visomaster_teams,-0.015171200953724696
T5C_step3500,615,WDA_SheldonWhitehouse0,hdtf_visomaster_teams,-0.00360108509766272
T5C_step3500,616,WRA_DanNewhouse,hdtf_visomaster_teams,-0.003400079644762098
T5C_step3500,617,WRA_JuddGregg,hdtf_visomaster_teams,0.005441558877067544
T5C_step3500,618,WRA_MikeJohanns1,hdtf_visomaster_teams,0.01429906472409553
T5C_step3500,619,RD_Radio11,hdtf_visomaster_teams,-0.02128724097860689
T5C_step3500,620,RD_Radio18,hdtf_visomaster_teams,0.0020674540932334854
T5C_step3500,621,RD_Radio22,hdtf_visomaster_teams,-0.0001434557203619808
T5C_step3500,622,RD_Radio25,hdtf_visomaster_teams,-0.0036766333883188297
T5C_step3500,623,RD_Radio54,hdtf_visomaster_teams,0.01948299043829397
T5C_step3500,624,WDA_AnnieKuster,hdtf_visomaster_teams,0.004207842006430306
T5C_step3500,625,WDA_EdMarkey1,hdtf_visomaster_teams,-0.0028978287136170594
T5C_step3500,626,WDA_MikeDoyle,hdtf_visomaster_teams,-0.0006111652791730192
T5C_step3500,627,WDA_TomCarper,hdtf_visomaster_teams,0.0032123835241326844
T5C_step3500,628,WDA_TomPerez,hdtf_visomaster_teams,0.016608005400689373
T5C_step3500,629,WDA_VeronicaEscobar1,hdtf_visomaster_teams,0.007958355772268125
T5C_step3500,630,WRA_JimInhofe,hdtf_visomaster_teams,0.008243255046071808
T5C_step3500,631,WRA_KristiNoem0,hdtf_visomaster_teams,0.0017591718850753385
T5C_step3500,632,WRA_SaxbyChambliss,hdtf_visomaster_teams,0.006545007314737114
T5C_step3500,633,RD_Radio32,hdtf_visomaster_teams,-0.0027023300302102446
T5C_step3500,634,WDA_AlexandriaOcasioCortez,hdtf_visomaster_teams,-0.005252732572108898
T5C_step3500,635,WDA_DebHaaland,hdtf_visomaster_teams,-0.015342044356562733
T5C_step3500,636,WDA_SuzanDelBene,hdtf_visomaster_teams,-0.011214980931934404
T5C_step3500,637,WDA_TedLieu,hdtf_visomaster_teams,0.005388529927443797
T5C_step3500,638,WRA_AustinScott0,hdtf_visomaster_teams,0.002214333037105561
T5C_step3500,639,WRA_BobCorker,hdtf_visomaster_teams,-0.0018556727818245804
T5C_step3500,640,WRA_CathyMcMorrisRodgers0,hdtf_visomaster_teams,0.0009844458711461158
T5C_step3500,641,WRA_CathyMcMorrisRodgers2,hdtf_visomaster_teams,0.010864385727474621
T5C_step3500,642,WRA_JeffFlake,hdtf_visomaster_teams,-0.007837476468154511
T5C_step3500,643,WRA_LynnJenkins,hdtf_visomaster_teams,0.01204144604174787
T5C_step3500,644,WRA_VickyHartzler,hdtf_visomaster_teams,0.009389974138390558
T5C_step3500,645,RD_Radio16,hdtf_visomaster_teams,0.010684244979811219
T5C_step3500,646,RD_Radio17,hdtf_visomaster_teams,-0.0059144459881065245
T5C_step3500,647,WDA_BarbaraLee0,hdtf_visomaster_teams,-0.004927303335738077
T5C_step3500,648,WDA_BenRayLujn,hdtf_visomaster_teams,0.013961326809028816
T5C_step3500,649,WDA_BobCasey0,hdtf_visomaster_teams,0.006323996836218735
T5C_step3500,650,WDA_DebbieStabenow0,hdtf_visomaster_teams,0.006607036905824389
T5C_step3500,651,WDA_JanSchakowsky0,hdtf_visomaster_teams,-0.009783205302669653
T5C_step3500,652,WDA_JoeManchin,hdtf_visomaster_teams,-0.0005594465241252015
T5C_step3500,653,WDA_NancyPelosi1,hdtf_visomaster_teams,0.0033883853374771207
T5C_step3500,654,WDA_SheldonWhitehouse1,hdtf_visomaster_teams,0.011811171966736951
T5C_step3500,655,WDA_WhipJimClyburn,hdtf_visomaster_teams,-0.0026589946257791755
T5C_step3500,656,WRA_AdamKinzinger1,hdtf_visomaster_teams,0.008231377117892165
T5C_step3500,657,WRA_SteveDaines0,hdtf_visomaster_teams,-0.005915708344593814
T5C_step3500,658,RD_Radio1,hdtf_visomaster_teams,-0.00023686133770489497
T5C_step3500,659,RD_Radio4,hdtf_visomaster_teams,-0.02168791283810418
T5C_step3500,660,RD_Radio42,hdtf_visomaster_teams,-0.006147823770442961
T5C_step3500,661,WDA_AndyLevin,hdtf_visomaster_teams,0.0038563725572063542
T5C_step3500,662,WDA_BobMenendez,hdtf_visomaster_teams,0.011100573069075194
T5C_step3500,663,WDA_BradSchneider,hdtf_visomaster_teams,-0.006882086380997585
T5C_step3500,664,WDA_ByronDorgan1,hdtf_visomaster_teams,0.010429188141915773
T5C_step3500,665,WDA_SherrodBrown1,hdtf_visomaster_teams,-0.004681722588978975
T5C_step3500,666,WRA_AdamKinzinger0,hdtf_visomaster_teams,0.012586360524768393
T5C_step3500,667,WRA_JohnThune,hdtf_visomaster_teams,0.004036346268487031
T5C_step3500,668,WRA_LisaMurkowski0,hdtf_visomaster_teams,-0.003172445635755569
T5C_step3500,669,WRA_MitchDaniels1,hdtf_visomaster_teams,-0.001911495823757244
T5C_step3500,670,WRA_SamBrownback,hdtf_visomaster_teams,-0.010453043417949406
T5C_step3500,671,WDA_BarackObama,hdtf_visomaster_teams,-0.01008536652402816
T5C_step3500,672,WDA_DebbieStabenow1,hdtf_visomaster_teams,0.0009212176425478168
T5C_step3500,673,WDA_JanSchakowsky1,hdtf_visomaster_teams,0.014167306405209624
T5C_step3500,674,WDA_JonTester1,hdtf_visomaster_teams,-0.014607002352101328
T5C_step3500,675,WDA_KatieHill,hdtf_visomaster_teams,-0.005733444601325048
T5C_step3500,676,WDA_RichardBlumenthal,hdtf_visomaster_teams,-0.004221617398993805
T5C_step3500,677,WRA_BobGoodlatte0,hdtf_visomaster_teams,0.004653279786302331
T5C_step3500,678,WRA_BobbySchilling,hdtf_visomaster_teams,-0.013534854889530566
T5C_step3500,679,WRA_CandiceMiller0,hdtf_visomaster_teams,0.005849429580256712
T5C_step3500,680,WRA_JohnBoehner1,hdtf_visomaster_teams,0.0025486637173879486
T5C_step3500,681,WRA_KellyAyotte,hdtf_visomaster_teams,0.0010277236775658007
T5C_step3500,682,RD_Radio38,hdtf_visomaster_teams,-0.00808987722829806
T5C_step3500,683,RD_Radio40,hdtf_visomaster_teams,-0.008461754962154185
T5C_step3500,684,RD_Radio43,hdtf_visomaster_teams,-0.005690121638572654
T5C_step3500,685,RD_Radio7,hdtf_visomaster_teams,-0.005719461816116615
T5C_step3500,686,WDA_BettyMcCollum,hdtf_visomaster_teams,0.006997787332814517
T5C_step3500,687,WDA_ChrisVanHollen0,hdtf_visomaster_teams,0.001126213546522726
T5C_step3500,688,WDA_DianaDeGette0,hdtf_visomaster_teams,0.0010807541365964715
T5C_step3500,689,WDA_DougJones,hdtf_visomaster_teams,0.000445079116698261
T5C_step3500,690,WDA_JamesClyburn,hdtf_visomaster_teams,0.009421499582967261
T5C_step3500,691,WDA_JoeNeguse,hdtf_visomaster_teams,-0.00319114687058817
T5C_step3500,692,WDA_JohnYarmuth1,hdtf_visomaster_teams,-0.0034310349753398097
T5C_step3500,693,WDA_KimSchrier,hdtf_visomaster_teams,0.003863845537139041
T5C_step3500,694,WRA_CoryGardner1,hdtf_visomaster_teams,0.006225679031094349
T5C_step3500,695,RD_Radio13,hdtf_visomaster_teams,0.004309961897680199
T5C_step3500,696,RD_Radio18,hdtf_visomaster_teams,0.00898290210855637
T5C_step3500,697,RD_Radio20,hdtf_visomaster_teams,0.002602468880393622
T5C_step3500,698,RD_Radio23,hdtf_visomaster_teams,-0.0026580691544224174
T5C_step3500,699,RD_Radio25,hdtf_visomaster_teams,0.007836308743277445
T5C_step3500,700,RD_Radio28,hdtf_visomaster_teams,-0.0072476989853896044
T5C_step3500,701,RD_Radio30,hdtf_visomaster_teams,-0.013454069184240455
T5C_step3500,702,RD_Radio34,hdtf_visomaster_teams,0.002006375789838426
T5C_step3500,703,RD_Radio35,hdtf_visomaster_teams,-0.004005924607112986
T5C_step3500,704,WDA_BennieThompson1,hdtf_visomaster_teams,0.005303927194468267
T5C_step3500,705,WDA_BillPascrell,hdtf_visomaster_teams,0.011540384916353575
T5C_step3500,706,WDA_BrianSchatz1,hdtf_visomaster_teams,0.0008524634610013399
T5C_step3500,707,WDA_CarolynMaloney1,hdtf_visomaster_teams,0.004140850900184239
T5C_step3500,708,WDA_ChrisVanHollen1,hdtf_visomaster_teams,-0.0020020153830500815
T5C_step3500,709,WDA_ChuckSchumer1,hdtf_visomaster_teams,-0.012159318553114345
T5C_step3500,710,WDA_ColinAllred,hdtf_visomaster_teams,0.004133135313344887
T5C_step3500,711,WDA_DianaDeGette1,hdtf_visomaster_teams,-0.02224932336518326
T5C_step3500,712,WDA_HaleyStevens,hdtf_visomaster_teams,-0.007530802292248197
T5C_step3500,713,WDA_JeffMerkley1,hdtf_visomaster_teams,0.005234516939665858
T5C_step3500,714,WDA_JoaquinCastro,hdtf_visomaster_teams,-0.008861070746810282
T5C_step3500,715,WDA_LloydDoggett0,hdtf_visomaster_teams,-0.002809792662323194
T5C_step3500,716,WDA_LloydDoggett1,hdtf_visomaster_teams,-0.004496404700415364
T5C_step3500,717,WDA_LucilleRoybal-Allard,hdtf_visomaster_teams,0.0064612903370215155
T5C_step3500,718,WDA_MattCartwright,hdtf_visomaster_teams,0.014327690310962643
T5C_step3500,719,WDA_RichardNeal0,hdtf_visomaster_teams,0.006994951324893258
T5C_step3500,720,WDA_RobinKelly,hdtf_visomaster_teams,0.018226665754749193
T5C_step3500,721,WDA_RonWyden1,hdtf_visomaster_teams,-0.0080475130630033
T5C_step3500,722,WDA_TerriSewell,hdtf_visomaster_teams,-0.00013277257992524234
T5C_step3500,723,WDA_TomCarper,hdtf_visomaster_teams,0.006360828162932519
T5C_step3500,724,WDA_VeronicaEscobar0,hdtf_visomaster_teams,-0.012996984643959401
T5C_step3500,725,WRA_ChuckGrassley,hdtf_visomaster_teams,-0.005134661435378329
T5C_step3500,726,WRA_DebFischer2,hdtf_visomaster_teams,-0.0010588773196440072
T5C_step3500,727,WRA_DuncanHunter,hdtf_visomaster_teams,-0.008731010863511232
T5C_step3500,728,WRA_FredUpton,hdtf_visomaster_teams,0.0013425691695515387
T5C_step3500,729,WRA_KevinBrady2,hdtf_visomaster_teams,-0.017244148978009174
T5C_step3500,730,WRA_KristiNoem0,hdtf_visomaster_teams,0.0013604462100253588
T5C_step3500,731,WRA_LamarAlexander,hdtf_visomaster_teams,0.0036130979075784195
T5C_step3500,732,WRA_MikeCrapo,hdtf_visomaster_teams,0.003324796511405572
T5C_step3500,733,WRA_PaulRyan0,hdtf_visomaster_teams,-0.010939871226192666
T5C_step3500,734,WRA_PeterRoskam1,hdtf_visomaster_teams,0.011921216762630261
T5C_step3500,735,WRA_ReneeEllmers,hdtf_visomaster_teams,0.0019440173611992818
T5C_step3500,736,WRA_RoyBlunt,hdtf_visomaster_teams,-0.008800895175986978
T5C_step3500,737,WRA_SteveScalise1,hdtf_visomaster_teams,0.004615529608888974
T5C_step3500,738,RD_Radio12,hdtf_visomaster_teams,0.021554652092232517
T5C_step3500,739,RD_Radio43,hdtf_visomaster_teams,-0.004001136653076369
T5C_step3500,740,RD_Radio7,hdtf_visomaster_teams,-0.0031618136671165437
T5C_step3500,741,WDA_AmyKlobuchar0,hdtf_visomaster_teams,0.018488655008471327
T5C_step3500,742,WDA_BettyMcCollum,hdtf_visomaster_teams,-0.0035592321219640585
T5C_step3500,743,WDA_DianaDeGette0,hdtf_visomaster_teams,-0.004977406209740028
T5C_step3500,744,WDA_EmanuelCleaver,hdtf_visomaster_teams,0.002495705038711166
T5C_step3500,745,WDA_JoeNeguse,hdtf_visomaster_teams,-0.0051003539156917466
T5C_step3500,746,WDA_NydiaVelzquez,hdtf_visomaster_teams,0.004725597681501523
T5C_step3500,747,WRA_AdamKinzinger2,hdtf_visomaster_teams,-0.013905153410744874
T5C_step3500,748,WRA_DaveCamp,hdtf_visomaster_teams,0.0012693187768262758
T5C_step3500,749,WRA_JohnBoehner0,hdtf_visomaster_teams,0.005248034794675949
T5C_step3500,750,WRA_KevinBrady3,hdtf_visomaster_teams,-0.01071851146523915
T5C_step3500,751,WRA_RandPaul1,hdtf_visomaster_teams,0.0035917922282714594
T5C_step3500,752,WRA_TomCotton,hdtf_visomaster_teams,0.0027591784311867492
T5C_step3500,753,RD_Radio3,hdtf_visomaster_teams,-0.005655277905033877
T5C_step3500,754,RD_Radio47,hdtf_visomaster_teams,-0.0063773785784360295
T5C_step3500,755,RD_Radio50,hdtf_visomaster_teams,-0.004231526122674594
T5C_step3500,756,WDA_DebHaaland,hdtf_visomaster_teams,0.001992689785528448
T5C_step3500,757,WDA_JackyRosen1,hdtf_visomaster_teams,-0.009728892936844771
T5C_step3500,758,WDA_JeanneShaheen1,hdtf_visomaster_teams,0.003515034590574555
T5C_step3500,759,WDA_JonTester0,hdtf_visomaster_teams,0.013651606990982725
T5C_step3500,760,WDA_MartinHeinrich,hdtf_visomaster_teams,0.011143934788328766
T5C_step3500,761,WDA_RonWyden0,hdtf_visomaster_teams,-0.009155150068740653
T5C_step3500,762,WDA_SuzanDelBene,hdtf_visomaster_teams,0.011544640943508997
T5C_step3500,763,WRA_CathyMcMorrisRodgers2,hdtf_visomaster_teams,-0.0049085671658391245
T5C_step3500,764,WRA_DanNewhouse,hdtf_visomaster_teams,0.006319086861767862
T5C_step3500,765,WRA_JeffFlake,hdtf_visomaster_teams,0.009381882183121245
T5C_step3500,766,WRA_MikeJohanns1,hdtf_visomaster_teams,0.004495943160864968
T5C_step3500,767,RD_Radio2,hdtf_visomaster_teams,0.0009563198796386594
T5C_step3500,768,WDA_AndyLevin,hdtf_visomaster_teams,-0.015503208185737406
T5C_step3500,769,WDA_DickDurbin,hdtf_visomaster_teams,0.006048257914511414
T5C_step3500,770,WDA_DonaldMcEachin,hdtf_visomaster_teams,0.02292802615850039
T5C_step3500,771,WDA_DonnaShalala1,hdtf_visomaster_teams,-0.015040176477582965
T5C_step3500,772,WDA_HillaryClinton,hdtf_visomaster_teams,-0.016434017453462846
T5C_step3500,773,WDA_JackReed1,hdtf_visomaster_teams,-0.0009869585518912697
T5C_step3500,774,WDA_JohnSarbanes0,hdtf_visomaster_teams,-0.011684563608687337
T5C_step3500,775,WDA_KatherineClark,hdtf_visomaster_teams,0.005579995818317108
T5C_step3500,776,WDA_MaggieHassan,hdtf_visomaster_teams,0.00035149948002373595
T5C_step3500,777,WDA_PattyMurray0,hdtf_visomaster_teams,0.012206893917113527
T5C_step3500,778,WDA_SeanCasten,hdtf_visomaster_teams,0.011181277624313769
T5C_step3500,779,WRA_TimScott,hdtf_visomaster_teams,0.03514550138814622
T5C_step3500,780,WRA_TomPrice,hdtf_visomaster_teams,0.006600098613083862
T5C_step3500,781,RD_Radio10,hdtf_visomaster_teams,-0.007307197469579892
T5C_step3500,782,WDA_BarackObama,hdtf_visomaster_teams,0.0005382135006108072
T5C_step3500,783,WDA_JamesClyburn1,hdtf_visomaster_teams,-0.0038747539373804336
T5C_step3500,784,WDA_JanSchakowsky1,hdtf_visomaster_teams,0.009574547423394874
T5C_step3500,785,WDA_JerryNadler,hdtf_visomaster_teams,0.008807676471767278
T5C_step3500,786,WDA_SeanPatrickMaloney,hdtf_visomaster_teams,0.010299906205820558
T5C_step3500,787,WDA_TammyBaldwin0,hdtf_visomaster_teams,0.0015476691675600043
T5C_step3500,788,WDA_XavierBecerra,hdtf_visomaster_teams,-0.012233422941594161
T5C_step3500,789,WRA_BobGoodlatte0,hdtf_visomaster_teams,0.008726327944777458
T5C_step3500,790,WRA_BobbySchilling,hdtf_visomaster_teams,0.010606954118226753
T5C_step3500,791,WRA_CathyMcMorrisRodgers1,hdtf_visomaster_teams,0.004399804159805771
T5C_step3500,792,WRA_KellyAyotte,hdtf_visomaster_teams,-0.008229041049924888
T5C_step3500,793,WRA_PaulRyan1,hdtf_visomaster_teams,0.0162398712443733
T5C_step3500,794,WRA_ToddYoung,hdtf_visomaster_teams,-0.002094215167325538
T5C_step3500,795,RD_Radio32,hdtf_visomaster_teams,-0.00945366568263064
T5C_step3500,796,WDA_BenCardin1,hdtf_visomaster_teams,-0.0037919011436222155
T5C_step3500,797,WDA_ChrisMurphy0,hdtf_visomaster_teams,-0.005934563846819275
T5C_step3500,798,WDA_JamesClyburn,hdtf_visomaster_teams,0.0049607075734646715
T5C_step3500,799,WDA_JoeCrowley1,hdtf_visomaster_teams,0.009215677675840523
T5C_step3500,800,WDA_NitaLowey,hdtf_visomaster_teams,-0.003565643953061765
T5C_step3500,801,WDA_StephanieMurphy,hdtf_visomaster_teams,-0.0001458625778725602
T5C_step3500,802,WRA_AustinScott2,hdtf_visomaster_teams,0.00424261183019636
T5C_step3500,803,WRA_BobCorker,hdtf_visomaster_teams,-0.006191872202801265
T5C_step3500,804,WRA_CathyMcMorrisRodgers0,hdtf_visomaster_teams,0.02072681033385739
T5C_step3500,805,WRA_DianeBlack0,hdtf_visomaster_teams,-2.100844624462159e-05
T5C_step3500,806,WRA_JohnnyIsakson,hdtf_visomaster_teams,-0.003643899056821772
T5C_step3500,807,WRA_JonKyl,hdtf_visomaster_teams,-0.0009490841418006519
T5C_step3500,808,WRA_LynnJenkins,hdtf_visomaster_teams,0.009570641239507852
T5C_step3500,809,WRA_RandPaul2,hdtf_visomaster_teams,-0.002614106470629771
T5C_step3500,810,RD_Radio45,hdtf_visomaster_teams,0.01307931756911996
T5C_step3500,811,WDA_BobMenendez,hdtf_visomaster_teams,-0.009953314415372887
T5C_step3500,812,WDA_CatherineCortezMasto,hdtf_visomaster_teams,-0.005762752794712026
T5C_step3500,813,WDA_DebbieWassermanSchultz,hdtf_visomaster_teams,0.00832873694236679
T5C_step3500,814,WDA_JohnSarbanes1,hdtf_visomaster_teams,0.004975859301256019
T5C_step3500,815,WDA_SherrodBrown1,hdtf_visomaster_teams,-0.0003841080495150702
T5C_step3500,816,WRA_AdamKinzinger0,hdtf_visomaster_teams,0.01737544231096963
T5C_step3500,817,WRA_CarlyFiorina0,hdtf_visomaster_teams,0.00549828223716514
T5C_step3500,818,WRA_DianeBlack1,hdtf_visomaster_teams,-0.00038320935086493007
T5C_step3500,819,WRA_GeoffDavis,hdtf_visomaster_teams,0.010927980587547334
T5C_step3500,820,WRA_JebHensarling2,hdtf_visomaster_teams,-0.012444861000982747
T5C_step3500,821,WRA_LamarAlexander0,hdtf_visomaster_teams,0.004991765377447542
T5C_step3500,822,WRA_RogerWicker1,hdtf_visomaster_teams,-0.0015725507462266513
T5C_step3500,823,WRA_SamBrownback,hdtf_visomaster_teams,0.010345167993800159
T5C_step3500,824,RD_Radio11,hdtf_visomaster_teams,0.00138557152867483
T5C_step3500,825,RD_Radio19,hdtf_visomaster_teams,-0.014584977551419697
T5C_step3500,826,RD_Radio22,hdtf_visomaster_teams,0.006122829132693729
T5C_step3500,827,WDA_AnnieKuster,hdtf_visomaster_teams,0.004768679873838609
T5C_step3500,828,WDA_DianneFeinstein,hdtf_visomaster_teams,-0.016546298956398354
T5C_step3500,829,WDA_HakeemJeffries,hdtf_visomaster_teams,0.00546861637367691
T5C_step3500,830,WDA_HenryWaxman,hdtf_visomaster_teams,0.001872916662858326
T5C_step3500,831,WDA_JimmyGomez,hdtf_visomaster_teams,-0.029208654128210835
T5C_step3500,832,WDA_PattyMurray1,hdtf_visomaster_teams,-0.019621482885868954
T5C_step3500,833,WDA_TomPerez,hdtf_visomaster_teams,-0.0008065470527095489
T5C_step3500,834,WRA_MikeJohanns,hdtf_visomaster_teams,-0.0017792611629279147
T5C_step3500,835,WRA_OlympiaSnowe,hdtf_visomaster_teams,-0.01107931854596975
T5C_step3500,836,WRA_SaxbyChambliss,hdtf_visomaster_teams,-0.007480569864224908
T5C_step3500,837,RD_Radio20,hdtf_visomaster_teams,0.0019917789265489322
T5C_step3500,838,RD_Radio26,hdtf_visomaster_teams,-0.0003561200598662627
T5C_step3500,839,RD_Radio39,hdtf_visomaster_teams,-0.01348340321141123
T5C_step3500,840,RD_Radio47,hdtf_visomaster_teams,0.001216964511942969
T5C_step3500,841,RD_Radio52,hdtf_visomaster_teams,-0.005459235438011072
T5C_step3500,842,WDA_AdamSchiff,hdtf_visomaster_teams,0.007681536925646581
T5C_step3500,843,WDA_AdamSmith,hdtf_visomaster_teams,0.015560411679951132
T5C_step3500,844,WDA_AmyKlobuchar1,hdtf_visomaster_teams,0.015581211532142564
T5C_step3500,845,WDA_BobCasey1,hdtf_visomaster_teams,-0.011400166711613733
T5C_step3500,846,WDA_BobbyScott,hdtf_visomaster_teams,-0.01745806778282489
T5C_step3500,847,WDA_DanKildee1,hdtf_visomaster_teams,0.016186830437120433
T5C_step3500,848,WDA_DickDurbin,hdtf_visomaster_teams,0.0012010577241865405
T5C_step3500,849,WDA_ElijahCummings,hdtf_visomaster_teams,-0.0029454952056520516
T5C_step3500,850,WDA_FrankPallone0,hdtf_visomaster_teams,0.008731613268410245
T5C_step3500,851,WDA_JackReed0,hdtf_visomaster_teams,-0.01488177557132699
T5C_step3500,852,WDA_JeffMerkley1,hdtf_visomaster_teams,-0.0055320521745142
T5C_step3500,853,WDA_JonTester0,hdtf_visomaster_teams,0.008661924716633792
T5C_step3500,854,WDA_MaggieHassan,hdtf_visomaster_teams,-0.0062728358272289755
T5C_step3500,855,WDA_MarkWarner2,hdtf_visomaster_teams,-0.005718455241903786
T5C_step3500,856,WDA_MichelleLujanGrisham,hdtf_visomaster_teams,-0.005534801574229555
T5C_step3500,857,WDA_MichelleObama,hdtf_visomaster_teams,0.018802099664338313
T5C_step3500,858,WDA_NancyPelosi3,hdtf_visomaster_teams,-0.01296166519885296
T5C_step3500,859,WDA_PattyMurray0,hdtf_visomaster_teams,0.003691102605636786
T5C_step3500,860,WDA_RaulRuiz,hdtf_visomaster_teams,0.02646458243375422
T5C_step3500,861,WDA_RobinKelly,hdtf_visomaster_teams,-0.01443379581205339
T5C_step3500,862,WDA_SeanCasten,hdtf_visomaster_teams,0.01227475158971086
T5C_step3500,863,WDA_TerriSewell,hdtf_visomaster_teams,-0.004897620784267826
T5C_step3500,864,WDA_TerriSewell1,hdtf_visomaster_teams,0.010610647145373223
T5C_step3500,865,WDA_TimWalz,hdtf_visomaster_teams,-0.0022585325354327586
T5C_step3500,866,WRA_AnnWagner,hdtf_visomaster_teams,-0.014268833927552191
T5C_step3500,867,WRA_DanSullivan,hdtf_visomaster_teams,-0.009576924482618848
T5C_step3500,868,WRA_DebFischer1,hdtf_visomaster_teams,0.009408340353753866
T5C_step3500,869,WRA_DebFischer2,hdtf_visomaster_teams,0.0034932130104279946
T5C_step3500,870,WRA_FredUpton,hdtf_visomaster_teams,0.0033574905548632143
T5C_step3500,871,WRA_JaimeHerreraBeutler0,hdtf_visomaster_teams,0.003671103995426795
T5C_step3500,872,WRA_JoePitts,hdtf_visomaster_teams,0.03417484274792344
T5C_step3500,873,WRA_JohnBoozman,hdtf_visomaster_teams,0.00026466378786933027
T5C_step3500,874,WRA_JohnHoeven,hdtf_visomaster_teams,0.0033871381635459663
T5C_step3500,875,WRA_KristiNoem2,hdtf_visomaster_teams,0.00037271695183877277
T5C_step3500,876,WRA_MarcoRubio,hdtf_visomaster_teams,-0.002159778409747997
T5C_step3500,877,WRA_RandPaul0,hdtf_visomaster_teams,0.004719991984850499
T5C_step3500,878,WRA_TimScott,hdtf_visomaster_teams,0.03708087285029637
T5C_step3500,879,RD_Radio13,hdtf_visomaster_teams,0.0006131066441253863
T5C_step3500,880,RD_Radio23,hdtf_visomaster_teams,0.015062434586383355
T5C_step3500,881,RD_Radio30,hdtf_visomaster_teams,0.0008854230499131224
T5C_step3500,882,WDA_BennieThompson1,hdtf_visomaster_teams,0.01152061392735354
T5C_step3500,883,WDA_BillPascrell,hdtf_visomaster_teams,0.01028925810933733
T5C_step3500,884,WDA_BrianSchatz1,hdtf_visomaster_teams,-0.005163076263305251
T5C_step3500,885,WDA_ColinAllred,hdtf_visomaster_teams,-0.006665635845860883
T5C_step3500,886,WDA_HaleyStevens,hdtf_visomaster_teams,-0.011631320139126506
T5C_step3500,887,WRA_ChuckGrassley,hdtf_visomaster_teams,-0.004934009074116768
T5C_step3500,888,WRA_JohnBoehner1,hdtf_visomaster_teams,-0.006766108408228084
T5C_step3500,889,WRA_MikeCrapo,hdtf_visomaster_teams,0.0033410030466037317
T5C_step3500,890,WRA_ReneeEllmers,hdtf_visomaster_teams,-0.0018523034089053167
T5C_step3500,891,WDA_BrianSchatz2,hdtf_visomaster_teams,-0.016442141173035035
T5C_step3500,892,WDA_ChrisMurphy0,hdtf_visomaster_teams,0.0020742723529468456
T5C_step3500,893,WDA_DebbieDingell0,hdtf_visomaster_teams,-0.002286264122462683
T5C_step3500,894,WDA_NydiaVelzquez,hdtf_visomaster_teams,0.004268509992588338
T5C_step3500,895,WRA_AdamKinzinger2,hdtf_visomaster_teams,0.0007701777905050233
T5C_step3500,896,WRA_DaveCamp,hdtf_visomaster_teams,-0.002749602758914821
T5C_step3500,897,WRA_JohnBoehner0,hdtf_visomaster_teams,-0.016079401128347433
T5C_step3500,898,WRA_KevinBrady2,hdtf_visomaster_teams,-0.0047888139427108515
T5C_step3500,899,WRA_KevinBrady3,hdtf_visomaster_teams,-0.006823669766940331
T5C_step3500,900,WRA_PeterRoskam1,hdtf_visomaster_teams,0.0013044950499726034
T5C_step3500,901,RD_Radio12,hdtf_visomaster_teams,-0.010867529217648665
T5C_step3500,902,RD_Radio19,hdtf_visomaster_teams,-0.01600901893380076
T5C_step3500,903,WDA_AmyKlobuchar0,hdtf_visomaster_teams,0.008630410996650222
T5C_step3500,904,WDA_AndyKim,hdtf_visomaster_teams,-0.007490738539814373
T5C_step3500,905,WDA_DianneFeinstein,hdtf_visomaster_teams,-0.0015094205275694903
T5C_step3500,906,WDA_EmanuelCleaver,hdtf_visomaster_teams,-0.012258170535744243
T5C_step3500,907,WDA_JimmyGomez,hdtf_visomaster_teams,-0.008722585986511657
T5C_step3500,908,WDA_JoeCrowley0,hdtf_visomaster_teams,-0.0048577112780744365
T5C_step3500,909,WDA_LisaBluntRochester,hdtf_visomaster_teams,0.009411223947794992
T5C_step3500,910,WDA_MichaelBennet,hdtf_visomaster_teams,-0.0025062865120835205
T5C_step3500,911,WRA_MikeJohanns,hdtf_visomaster_teams,0.005743806165575371
T5C_step3500,912,WRA_RogerWicker0,hdtf_visomaster_teams,-2.0387701251392207e-06
T5C_step3500,913,WRA_TomCotton,hdtf_visomaster_teams,0.0005960583160267915
T5C_step3500,914,RD_Radio18,hdtf_visomaster_teams,0.005006396254462439
T5C_step3500,915,RD_Radio25,hdtf_visomaster_teams,0.005827962204260515
T5C_step3500,916,RD_Radio32,hdtf_visomaster_teams,0.002688558003690742
T5C_step3500,917,RD_Radio40,hdtf_visomaster_teams,-0.014591937061941847
T5C_step3500,918,WDA_ChrisVanHollen0,hdtf_visomaster_teams,-0.007935307525933445
T5C_step3500,919,WDA_DougJones,hdtf_visomaster_teams,-0.004024720217940055
T5C_step3500,920,WDA_JohnYarmuth1,hdtf_visomaster_teams,0.011038983710707141
T5C_step3500,921,WDA_MarciaFudge,hdtf_visomaster_teams,0.0029407248972616786
T5C_step3500,922,WDA_TomCarper,hdtf_visomaster_teams,0.008814805445806225
T5C_step3500,923,WRA_BobCorker,hdtf_visomaster_teams,-0.002195632653761897
T5C_step3500,924,WRA_CathyMcMorrisRodgers0,hdtf_visomaster_teams,-0.006500605601979577
T5C_step3500,925,WRA_JonKyl,hdtf_visomaster_teams,0.00012938235418996234
T5C_step3500,926,WRA_KristiNoem0,hdtf_visomaster_teams,-0.006019854068132498
T5C_step3500,927,WRA_LynnJenkins,hdtf_visomaster_teams,-0.007168115372329118
T5C_step3500,928,RD_Radio10,hdtf_visomaster_teams,0.0006793816962350712
T5C_step3500,929,WDA_BarackObama,hdtf_visomaster_teams,0.004066905741466038
T5C_step3500,930,WDA_JackReed1,hdtf_visomaster_teams,-0.015307251732577378
T5C_step3500,931,WDA_JamesClyburn1,hdtf_visomaster_teams,0.00348804037510195
T5C_step3500,932,WDA_JanSchakowsky1,hdtf_visomaster_teams,0.006283612121452113
T5C_step3500,933,WDA_JerryNadler,hdtf_visomaster_teams,-5.5261732122180614e-05
T5C_step3500,934,WDA_JohnSarbanes0,hdtf_visomaster_teams,0.004344392064870176
T5C_step3500,935,WDA_KatherineClark,hdtf_visomaster_teams,0.003992923903883641
T5C_step3500,936,WDA_SherrodBrown0,hdtf_visomaster_teams,-0.01591271637439725
T5C_step3500,937,WRA_BobGoodlatte0,hdtf_visomaster_teams,0.004637727509992385
T5C_step3500,938,WRA_BobbySchilling,hdtf_visomaster_teams,-0.009937569515161067
T5C_step3500,939,WRA_JuddGregg,hdtf_visomaster_teams,0.001970365495695723
T5C_step3500,940,WRA_KellyAyotte,hdtf_visomaster_teams,0.007620505131872227
T5C_step3500,941,WRA_ToddYoung,hdtf_visomaster_teams,-0.015263559994547043
T5C_step3500,942,RD_Radio1,hdtf_visomaster_teams,-0.003035055666913855
T5C_step3500,943,RD_Radio28,hdtf_visomaster_teams,-0.010218987026728441
T5C_step3500,944,RD_Radio4,hdtf_visomaster_teams,-0.013695879855358303
T5C_step3500,945,WDA_BarbaraLee1,hdtf_visomaster_teams,-0.002234951877771885
T5C_step3500,946,WDA_BradSchneider,hdtf_visomaster_teams,-0.012651920137461622
T5C_step3500,947,WDA_ByronDorgan1,hdtf_visomaster_teams,0.01830919530331129
T5C_step3500,948,WDA_ChrisCoons,hdtf_visomaster_teams,0.002650221900492606
T5C_step3500,949,WDA_ChuckSchumer1,hdtf_visomaster_teams,-0.012856414016267992
T5C_step3500,950,WDA_LloydDoggett0,hdtf_visomaster_teams,0.003299365621855791
T5C_step3500,951,WRA_MitchDaniels1,hdtf_visomaster_teams,0.006588128523175326
T5C_step3500,952,WRA_NanHayworth,hdtf_visomaster_teams,-0.007198113309355753
T5C_step3500,953,WRA_RandPaul1,hdtf_visomaster_teams,-0.006609386559933856
T5C_step3500,954,RD_Radio45,hdtf_visomaster_teams,0.004788946885631402
T5C_step3500,955,RD_Radio54,hdtf_visomaster_teams,0.004635397818928167
T5C_step3500,956,WDA_BenCardin1,hdtf_visomaster_teams,0.004613105081434477
T5C_step3500,957,WDA_CatherineCortezMasto,hdtf_visomaster_teams,0.018791153280459594
T5C_step3500,958,WDA_EdMarkey1,hdtf_visomaster_teams,0.004564286035421861
T5C_step3500,959,WDA_MikeDoyle,hdtf_visomaster_teams,0.001851502256135514
T5C_step3500,960,WDA_VeronicaEscobar1,hdtf_visomaster_teams,-0.0002805130707075557
T5C_step3500,961,WRA_AustinScott2,hdtf_visomaster_teams,-0.002993965172537431
T5C_step3500,962,WRA_DianeBlack0,hdtf_visomaster_teams,-0.0077025227307451535
T5C_step3500,963,WRA_DianeBlack1,hdtf_visomaster_teams,0.005543744521813032
T5C_step3500,964,WRA_JebHensarling0,hdtf_visomaster_teams,0.0005710831136691901
T5C_step3500,965,WRA_JimInhofe,hdtf_visomaster_teams,0.012810477366138485
T5C_step3500,966,WRA_JohnnyIsakson,hdtf_visomaster_teams,-0.003533770631318635
T5C_step3500,967,WRA_RogerWicker1,hdtf_visomaster_teams,-0.012640737956218737
T5C_step3500,968,RD_Radio20,hdtf_visomaster_teams,-0.0019081153438097096
T5C_step3500,969,RD_Radio21,hdtf_visomaster_teams,-0.01343530618465523
T5C_step3500,970,RD_Radio29,hdtf_visomaster_teams,-0.0037507036588311678
T5C_step3500,971,RD_Radio36,hdtf_visomaster_teams,-0.002885965492039952
T5C_step3500,972,RD_Radio5,hdtf_visomaster_teams,0.010842584385851303
T5C_step3500,973,RD_Radio53,hdtf_visomaster_teams,0.004167863652760812
T5C_step3500,974,WDA_AndyLevin,hdtf_visomaster_teams,0.009474817045778922
T5C_step3500,975,WDA_ChrisCoons1,hdtf_visomaster_teams,-0.008250228775849229
T5C_step3500,976,WDA_ChrisVanHollen1,hdtf_visomaster_teams,-0.005062122678554478
T5C_step3500,977,WDA_DebbieDingell1,hdtf_visomaster_teams,-0.002799030556683507
T5C_step3500,978,WDA_DebbieStabenow1,hdtf_visomaster_teams,0.00554082349082044
T5C_step3500,979,WDA_EricSwalwell,hdtf_visomaster_teams,-0.01526194110910811
T5C_step3500,980,WDA_JeffMerkley1,hdtf_visomaster_teams,0.012008352806298493
T5C_step3500,981,WDA_JoeKennedy,hdtf_visomaster_teams,0.0022430991980543578
T5C_step3500,982,WDA_JonTester1,hdtf_visomaster_teams,-0.01007794597788391
T5C_step3500,983,WDA_KatieHill,hdtf_visomaster_teams,0.011437643053488938
T5C_step3500,984,WDA_KirstenGillibrand,hdtf_visomaster_teams,0.0054091832686475275
T5C_step3500,985,WDA_LucyMcBath,hdtf_visomaster_teams,-0.001997912866271593
T5C_step3500,986,WDA_MichelleLujanGrisham,hdtf_visomaster_teams,0.0061297993779007715
T5C_step3500,987,WDA_MikeThompson0,hdtf_visomaster_teams,-0.0022081856097980832
T5C_step3500,988,WDA_NancyPelosi3,hdtf_visomaster_teams,0.008282546692478247
T5C_step3500,989,WDA_RobinKelly,hdtf_visomaster_teams,0.015288580850234056
T5C_step3500,990,WDA_RonWyden1,hdtf_visomaster_teams,-0.011720281262953691
T5C_step3500,991,WDA_StenyHoyer,hdtf_visomaster_teams,0.005053112292906174
T5C_step3500,992,WDA_ZoeLofgren,hdtf_visomaster_teams,-0.01414541272325204
T5C_step3500,993,WRA_AnnMarieBuerkle,hdtf_visomaster_teams,0.010218883524166392
T5C_step3500,994,WRA_BillCassidy0,hdtf_visomaster_teams,-0.005015489928122131
T5C_step3500,995,WRA_CarlyFiorina,hdtf_visomaster_teams,-0.005883114524241204
T5C_step3500,996,WRA_CoryGardner,hdtf_visomaster_teams,0.0019286625451513282
T5C_step3500,997,WRA_DavidVitter,hdtf_visomaster_teams,0.010477419405279742
T5C_step3500,998,WRA_DebFischer0,hdtf_visomaster_teams,-0.010864569607328201
T5C_step3500,999,WRA_DebFischer2,hdtf_visomaster_teams,0.0027535333588542873
T5C_step3500,1000,WRA_ErikPaulsen,hdtf_visomaster_teams,0.001221189238306343
T5C_step3500,1001,WRA_GeorgeLeMieux,hdtf_visomaster_teams,0.014532232344023923
T5C_step3500,1002,WRA_GregWalden1,hdtf_visomaster_teams,0.01292733438645686
T5C_step3500,1003,WRA_JimRisch,hdtf_visomaster_teams,0.000514308033516246
T5C_step3500,1004,WRA_JoeHeck1,hdtf_visomaster_teams,-0.0054774468425892765
T5C_step3500,1005,WRA_JoniErnst1,hdtf_visomaster_teams,0.005496462990562906
T5C_step3500,1006,WRA_KevinBrady,hdtf_visomaster_teams,0.002309155201917607
T5C_step3500,1007,WRA_MarkwayneMullin,hdtf_visomaster_teams,0.0010798417849498506
T5C_step3500,1008,WRA_MichaelSteele,hdtf_visomaster_teams,-0.01504555872327655
T5C_step3500,1009,WRA_MikeEnzi,hdtf_visomaster_teams,-0.0009929616994086834
T5C_step3500,1010,WRA_RogerWicker2,hdtf_visomaster_teams,-0.004580846275990475
T5C_step3500,1011,RD_Radio28,hdtf_visomaster_teams,-0.013667005667375408
T5C_step3500,1012,RD_Radio52,hdtf_visomaster_teams,-0.009821682290553196
T5C_step3500,1013,RD_Radio54,hdtf_visomaster_teams,0.004635397818928167
T5C_step3500,1014,WDA_ChuckSchumer1,hdtf_visomaster_teams,-0.01385741766270931
T5C_step3500,1015,WDA_RichardNeal0,hdtf_visomaster_teams,0.00985368244701032
T5C_step3500,1016,WDA_VeronicaEscobar1,hdtf_visomaster_teams,-0.004277854798268718
T5C_step3500,1017,WRA_JimInhofe,hdtf_visomaster_teams,0.008792982149415998
T5C_step3500,1018,WRA_JohnBoozman,hdtf_visomaster_teams,-0.01529345517221552
T5C_step3500,1019,WRA_JohnHoeven,hdtf_visomaster_teams,0.00507283582973526
T5C_step3500,1020,RD_Radio13,hdtf_visomaster_teams,0.006205987796788187
T5C_step3500,1021,RD_Radio39,hdtf_visomaster_teams,-0.007513805776589933
T5C_step3500,1022,WDA_BennieThompson1,hdtf_visomaster_teams,0.005898743218409465
T5C_step3500,1023,WDA_BillPascrell,hdtf_visomaster_teams,0.012612041829335733
T5C_step3500,1024,WDA_BrianSchatz1,hdtf_visomaster_teams,-0.003836650918198242
T5C_step3500,1025,WDA_ColinAllred,hdtf_visomaster_teams,-0.001857232031914673
T5C_step3500,1026,WDA_DanKildee1,hdtf_visomaster_teams,0.005125851523910591
T5C_step3500,1027,WDA_TimWalz,hdtf_visomaster_teams,-0.013659059699058436
T5C_step3500,1028,WRA_ChuckGrassley,hdtf_visomaster_teams,-0.00878647434751415
T5C_step3500,1029,WRA_JoePitts,hdtf_visomaster_teams,-0.02078078939484258
T5C_step3500,1030,WRA_LamarAlexander,hdtf_visomaster_teams,0.0024004765310601376
T5C_step3500,1031,WRA_MikeCrapo,hdtf_visomaster_teams,0.009648989651504842
T5C_step3500,1032,WRA_ReneeEllmers,hdtf_visomaster_teams,0.024684683657382103
T5C_step3500,1033,WRA_RobPortman,hdtf_visomaster_teams,-0.012867309697625503
T5C_step3500,1034,RD_Radio3,hdtf_visomaster_teams,-0.009431074624169776
T5C_step3500,1035,RD_Radio40,hdtf_visomaster_teams,-0.007313301228796554
T5C_step3500,1036,WDA_ChrisMurphy0,hdtf_visomaster_teams,-0.007209313350558542
T5C_step3500,1037,WDA_ChrisVanHollen0,hdtf_visomaster_teams,0.0076459153240858065
T5C_step3500,1038,WDA_DougJones,hdtf_visomaster_teams,0.009405832033683153
T5C_step3500,1039,WDA_JackyRosen1,hdtf_visomaster_teams,-0.013829792841920326
T5C_step3500,1040,WDA_JeanneShaheen1,hdtf_visomaster_teams,0.012025552432662172
T5C_step3500,1041,WDA_JohnYarmuth1,hdtf_visomaster_teams,-0.005913099046472242
T5C_step3500,1042,WDA_JonTester0,hdtf_visomaster_teams,-0.01878511969681587
T5C_step3500,1043,WDA_MarciaFudge,hdtf_visomaster_teams,0.018941235228484888
T5C_step3500,1044,WDA_NitaLowey,hdtf_visomaster_teams,-0.00399786914946437
T5C_step3500,1045,WDA_RonWyden0,hdtf_visomaster_teams,-0.015182735303751933
T5C_step3500,1046,WRA_RandPaul2,hdtf_visomaster_teams,-0.010696390725288444
T5C_step3500,1047,RD_Radio23,hdtf_visomaster_teams,-0.002526425765141233
T5C_step3500,1048,RD_Radio26,hdtf_visomaster_teams,-0.003636899877557149
T5C_step3500,1049,RD_Radio30,hdtf_visomaster_teams,0.006207938893380272
T5C_step3500,1050,WDA_AmyKlobuchar1,hdtf_visomaster_teams,-0.001576521398101125
T5C_step3500,1051,WDA_BobCasey1,hdtf_visomaster_teams,-0.01141466775767248
T5C_step3500,1052,WDA_CarolynMaloney1,hdtf_visomaster_teams,-0.0006310679987036234
T5C_step3500,1053,WDA_HaleyStevens,hdtf_visomaster_teams,-0.0024630752027169213
T5C_step3500,1054,WDA_MarkWarner2,hdtf_visomaster_teams,-0.002130374659967035
T5C_step3500,1055,WDA_MattCartwright,hdtf_visomaster_teams,0.017199298403269066
T5C_step3500,1056,WDA_MichelleObama,hdtf_visomaster_teams,0.02403923204456371
T5C_step3500,1057,WDA_TerriSewell1,hdtf_visomaster_teams,0.003720174675691709
T5C_step3500,1058,WRA_AnnWagner,hdtf_visomaster_teams,0.01426922675492228
T5C_step3500,1059,RD_Radio35,hdtf_visomaster_teams,-0.007006056677606331
T5C_step3500,1060,WDA_AdamSchiff,hdtf_visomaster_teams,0.0076855510501192825
T5C_step3500,1061,WDA_BobbyScott,hdtf_visomaster_teams,-0.0031206437383487365
T5C_step3500,1062,WDA_DianaDeGette1,hdtf_visomaster_teams,-0.015242720850341125
T5C_step3500,1063,WDA_RaulRuiz,hdtf_visomaster_teams,-0.0036509193752632296
T5C_step3500,1064,WDA_SeanPatrickMaloney,hdtf_visomaster_teams,0.0002939915475997784
T5C_step3500,1065,WDA_TammyBaldwin0,hdtf_visomaster_teams,0.025212909415094742
T5C_step3500,1066,WDA_VeronicaEscobar0,hdtf_visomaster_teams,0.0017022797801860166
T5C_step3500,1067,WRA_JaimeHerreraBeutler0,hdtf_visomaster_teams,-0.004916597501033366
T5C_step3500,1068,WRA_KristiNoem2,hdtf_visomaster_teams,0.008786690836268332
T5C_step3500,1069,WRA_PaulRyan0,hdtf_visomaster_teams,-7.929267555499466e-05
T5C_step3500,1070,WRA_RandPaul1,hdtf_visomaster_teams,0.005061251353187203
T5C_step3500,1071,RD_Radio10,hdtf_visomaster_teams,-0.005468767334826446
T5C_step3500,1072,RD_Radio18,hdtf_visomaster_teams,-0.0052230849890848785
T5C_step3500,1073,RD_Radio25,hdtf_visomaster_teams,-0.007423350753128211
T5C_step3500,1074,RD_Radio34,hdtf_visomaster_teams,0.008079610640562458
T5C_step3500,1075,WDA_BenCardin1,hdtf_visomaster_teams,-0.01482766118530281
T5C_step3500,1076,WDA_JamesClyburn1,hdtf_visomaster_teams,0.008740703722971787
T5C_step3500,1077,WDA_SherrodBrown0,hdtf_visomaster_teams,-0.015934570829331675
T5C_step3500,1078,WDA_StephanieMurphy,hdtf_visomaster_teams,0.00038476778598410576
T5C_step3500,1079,WDA_TomCarper,hdtf_visomaster_teams,0.0009646962886076722
T5C_step3500,1080,WRA_AustinScott2,hdtf_visomaster_teams,0.003954405148421832
T5C_step3500,1081,WRA_KristiNoem0,hdtf_visomaster_teams,-0.0010887487360737424
T5C_step3500,1082,WRA_ToddYoung,hdtf_visomaster_teams,0.00290056768057756
T5C_step3500,1083,WDA_AdamSmith,hdtf_visomaster_teams,0.018872734963365733
T5C_step3500,1084,WDA_DebbieDingell0,hdtf_visomaster_teams,0.0033670904360078037
T5C_step3500,1085,WDA_DickDurbin,hdtf_visomaster_teams,0.004512563395562748
T5C_step3500,1086,WDA_JackReed0,hdtf_visomaster_teams,-0.014367596239118421
T5C_step3500,1087,WDA_MaggieHassan,hdtf_visomaster_teams,-0.012049541202970821
T5C_step3500,1088,WDA_PattyMurray0,hdtf_visomaster_teams,0.002746991795649101
T5C_step3500,1089,WDA_SeanCasten,hdtf_visomaster_teams,0.016824978209725623
T5C_step3500,1090,WRA_JohnThune,hdtf_visomaster_teams,-0.00751227274525159
T5C_step3500,1091,WRA_LisaMurkowski0,hdtf_visomaster_teams,0.013278421177546886
T5C_step3500,1092,WRA_SteveScalise0,hdtf_visomaster_teams,-0.009669398452980435
T5C_step3500,1093,WRA_TimScott,hdtf_visomaster_teams,-0.014790044524840338
T5C_step3500,1094,322,quickclips_visomaster_teams,0.0152875312055051
T5C_step3500,1095,3265,quickclips_visomaster_teams,-0.011979941498153089
T5C_step3500,1096,3741,quickclips_visomaster_teams,-0.013676808846331904
T5C_step3500,1097,4109,quickclips_visomaster_teams,0.0043224410411667755
T5C_step3500,1098,4308,quickclips_visomaster_teams,0.009427482039203176
T5C_step3500,1099,5328,quickclips_visomaster_teams,0.013598664477798145
T5C_step3500,1100,5865,quickclips_visomaster_teams,-0.02000112580803678
T5C_step3500,1101,7504,quickclips_visomaster_teams,-0.006616385598330379
T5C_step3500,1102,7866,quickclips_visomaster_teams,0.014232533515788829
T5C_step3500,1103,7989,quickclips_visomaster_teams,0.0021593394273862086
T5C_step3500,1104,1066,quickclips_visomaster_teams,0.012089135150112982
T5C_step3500,1105,1259,quickclips_visomaster_teams,-0.0199916018527139
T5C_step3500,1106,1758,quickclips_visomaster_teams,0.001050802934623226
T5C_step3500,1107,4072,quickclips_visomaster_teams,0.009917690952201637
T5C_step3500,1108,4736,quickclips_visomaster_teams,0.0031637802161351932
T5C_step3500,1109,6051,quickclips_visomaster_teams,0.009291622310432882
T5C_step3500,1110,6468,quickclips_visomaster_teams,-0.020579587680415075
T5C_step3500,1111,7276,quickclips_visomaster_teams,0.004170014058632203
T5C_step3500,1112,9400,quickclips_visomaster_teams,0.010892423670217711
T5C_step3500,1113,9402,quickclips_visomaster_teams,-0.0030262726938337196
T5C_step3500,1114,1078,quickclips_visomaster_teams,0.0036640038836044876
T5C_step3500,1115,1187,quickclips_visomaster_teams,-0.0015671437208779782
T5C_step3500,1116,2319,quickclips_visomaster_teams,0.021965110112243086
T5C_step3500,1117,2354,quickclips_visomaster_teams,-0.011050704532763637
T5C_step3500,1118,2586,quickclips_visomaster_teams,0.012730577061686284
T5C_step3500,1119,3304,quickclips_visomaster_teams,0.0016534002347431648
T5C_step3500,1120,3826,quickclips_visomaster_teams,0.0033176883672357263
T5C_step3500,1121,7601,quickclips_visomaster_teams,0.009152165706789103
T5C_step3500,1122,8137,quickclips_visomaster_teams,0.0006107961595106415
T5C_step3500,1123,8200,quickclips_visomaster_teams,0.008118712181627435
T5C_step3500,1124,1981,quickclips_visomaster_teams,-0.003302977781820789
T5C_step3500,1125,2582,quickclips_visomaster_teams,0.00591798440604394
T5C_step3500,1126,41,quickclips_visomaster_teams,0.005516312029310712
T5C_step3500,1127,4209,quickclips_visomaster_teams,-0.006943563879419211
T5C_step3500,1128,6406,quickclips_visomaster_teams,-0.03402053485663565
T5C_step3500,1129,647,quickclips_visomaster_teams,0.02200594060492659
T5C_step3500,1130,7035,quickclips_visomaster_teams,0.007502908449921274
T5C_step3500,1131,8982,quickclips_visomaster_teams,-0.007166568601231347
T5C_step3500,1132,unknown_gSq1CUXNUN4,quickclips_visomaster_teams,0.012523648066425013
T5C_step3500,1133,1262,quickclips_visomaster_teams,-0.005696362003688834
T5C_step3500,1134,1728,quickclips_visomaster_teams,0.0014259478449998439
T5C_step3500,1135,2197,quickclips_visomaster_teams,-0.00634821565235575
T5C_step3500,1136,5225,quickclips_visomaster_teams,-0.0014778072680874093
T5C_step3500,1137,5562,quickclips_visomaster_teams,0.002287881962964055
T5C_step3500,1138,5664,quickclips_visomaster_teams,0.011567644698107874
T5C_step3500,1139,7926,quickclips_visomaster_teams,0.024986667806022857
T5C_step3500,1140,7948,quickclips_visomaster_teams,-0.0026216704407951846
T5C_step3500,1141,8816,quickclips_visomaster_teams,0.004917974111610037
T5C_step3500,1142,129,quickclips_visomaster_teams,0.020555991124797966
T5C_step3500,1143,3718,quickclips_visomaster_teams,0.004142023189267523
T5C_step3500,1144,4610,quickclips_visomaster_teams,0.007074091321401583
T5C_step3500,1145,4639,quickclips_visomaster_teams,0.017899043149020796
T5C_step3500,1146,488,quickclips_visomaster_teams,0.0063255019781737615
T5C_step3500,1147,5258,quickclips_visomaster_teams,0.009497607527578255
T5C_step3500,1148,5434,quickclips_visomaster_teams,0.016309884469587865
T5C_step3500,1149,7216,quickclips_visomaster_teams,0.0025765103487862375
T5C_step3500,1150,8701,quickclips_visomaster_teams,0.01202002441193559
T5C_step3500,1151,183,quickclips_visomaster_teams,-0.015485017207123017
T5C_step3500,1152,2156,quickclips_visomaster_teams,0.0008500365979305759
T5C_step3500,1153,2322,quickclips_visomaster_teams,-0.005315780755297014
T5C_step3500,1154,4892,quickclips_visomaster_teams,-0.0028512043637195297
T5C_step3500,1155,6025,quickclips_visomaster_teams,-0.008846391762469936
T5C_step3500,1156,unknown_fvRDBpEliEU,quickclips_visomaster_teams,0.016368542662255056
T5C_step3500,1157,unknown_n82ncUKxIqA,quickclips_visomaster_teams,-0.0024616616062038458
T5C_step3500,1158,183,quickclips_visomaster_teams,-0.011106642304284453
T5C_step3500,1159,2156,quickclips_visomaster_teams,0.007569442922007151
T5C_step3500,1160,2322,quickclips_visomaster_teams,-0.0031978106468458717
T5C_step3500,1161,4892,quickclips_visomaster_teams,-0.005863167425060177
T5C_step3500,1162,6025,quickclips_visomaster_teams,0.007800110123458455
T5C_step3500,1163,unknown_fvRDBpEliEU,quickclips_visomaster_teams,0.002235425945441424
T5C_step3500,1164,unknown_n82ncUKxIqA,quickclips_visomaster_teams,-4.1170533326906605e-05
T5C_step3500,1165,322,quickclips_visomaster_teams,0.018917112667003494
T5C_step3500,1166,3265,quickclips_visomaster_teams,-0.019989990490622243
T5C_step3500,1167,4109,quickclips_visomaster_teams,-0.005732253970814629
T5C_step3500,1168,4308,quickclips_visomaster_teams,0.0030782931340120464
T5C_step3500,1169,5328,quickclips_visomaster_teams,0.04991496820833045
T5C_step3500,1170,5865,quickclips_visomaster_teams,-0.028880470048496462
T5C_step3500,1171,7504,quickclips_visomaster_teams,-0.012997456724237315
T5C_step3500,1172,7866,quickclips_visomaster_teams,0.009273558043742837
T5C_step3500,1173,7989,quickclips_visomaster_teams,0.01211292198448555
T5C_step3500,1174,1066,quickclips_visomaster_teams,-0.008812947459232381
T5C_step3500,1175,1259,quickclips_visomaster_teams,-0.009463417683416095
T5C_step3500,1176,4072,quickclips_visomaster_teams,0.01309902598481327
T5C_step3500,1177,4736,quickclips_visomaster_teams,0.007139453353395979
T5C_step3500,1178,6051,quickclips_visomaster_teams,-0.0016885511084077267
T5C_step3500,1179,6468,quickclips_visomaster_teams,-0.009456678963585447
T5C_step3500,1180,7276,quickclips_visomaster_teams,-0.001972820298971511
T5C_step3500,1181,9400,quickclips_visomaster_teams,0.014283762146495424
T5C_step3500,1182,9402,quickclips_visomaster_teams,-0.003915724977660162
T5C_step3500,1183,1078,quickclips_visomaster_teams,-0.008919358933979372
T5C_step3500,1184,1187,quickclips_visomaster_teams,-0.021405962084364592
T5C_step3500,1185,2319,quickclips_visomaster_teams,0.01753656746690208
T5C_step3500,1186,2354,quickclips_visomaster_teams,0.0018050242594543878
T5C_step3500,1187,2586,quickclips_visomaster_teams,0.013458330490385882
T5C_step3500,1188,3304,quickclips_visomaster_teams,0.0017633756127652474
T5C_step3500,1189,3741,quickclips_visomaster_teams,-0.020217998466492387
T5C_step3500,1190,3826,quickclips_visomaster_teams,-0.006482219653198491
T5C_step3500,1191,7601,quickclips_visomaster_teams,-0.0034874476486578213
T5C_step3500,1192,8137,quickclips_visomaster_teams,0.0064370179179272955
T5C_step3500,1193,1981,quickclips_visomaster_teams,0.0051474462932805136
T5C_step3500,1194,2582,quickclips_visomaster_teams,0.006877533927482175
T5C_step3500,1195,41,quickclips_visomaster_teams,0.009079495038879842
T5C_step3500,1196,4209,quickclips_visomaster_teams,-0.005624015859336465
T5C_step3500,1197,6406,quickclips_visomaster_teams,-0.02232937680989818
T5C_step3500,1198,647,quickclips_visomaster_teams,0.016355540919527612
T5C_step3500,1199,7035,quickclips_visomaster_teams,-0.005194366859773249
T5C_step3500,1200,8982,quickclips_visomaster_teams,0.0019019630219356144
T5C_step3500,1201,9325,quickclips_visomaster_teams,0.029827776197902188
T5C_step3500,1202,unknown_gSq1CUXNUN4,quickclips_visomaster_teams,-0.003530324577863234
T5C_step3500,1203,1262,quickclips_visomaster_teams,0.003911155546360553
T5C_step3500,1204,1728,quickclips_visomaster_teams,0.0007149835387230681
T5C_step3500,1205,2197,quickclips_visomaster_teams,0.0034288060641940394
T5C_step3500,1206,5225,quickclips_visomaster_teams,0.0017037203164285341
T5C_step3500,1207,5562,quickclips_visomaster_teams,0.013268192722662511
T5C_step3500,1208,5664,quickclips_visomaster_teams,-0.004660265490057871
T5C_step3500,1209,7926,quickclips_visomaster_teams,-0.012256364673797426
T5C_step3500,1210,7948,quickclips_visomaster_teams,0.010642966887932434
T5C_step3500,1211,8200,quickclips_visomaster_teams,0.0014054762601109117
T5C_step3500,1212,8816,quickclips_visomaster_teams,-0.007448297079068318
T5C_step3500,1213,129,quickclips_visomaster_teams,0.020205830759611385
T5C_step3500,1214,3718,quickclips_visomaster_teams,0.0051763233782431
T5C_step3500,1215,4610,quickclips_visomaster_teams,0.007832539484134558
T5C_step3500,1216,4639,quickclips_visomaster_teams,0.017124868705134143
T5C_step3500,1217,488,quickclips_visomaster_teams,0.00182436754326522
T5C_step3500,1218,5258,quickclips_visomaster_teams,0.005149737591064926
T5C_step3500,1219,5434,quickclips_visomaster_teams,0.009197878425211971
T5C_step3500,1220,7216,quickclips_visomaster_teams,0.0037290753789592664
T5C_step3500,1221,8701,quickclips_visomaster_teams,0.005856829560597007
T5C_step3500,1222,1805,quickclips_visomaster_teams,-0.008729414418495656
T5C_step3500,1223,182,quickclips_visomaster_teams,0.00013297433851590162
T5C_step3500,1224,1857,quickclips_visomaster_teams,0.010134164987340988
T5C_step3500,1225,2738,quickclips_visomaster_teams,-0.00457840825191077
T5C_step3500,1226,4355,quickclips_visomaster_teams,0.01987149944452344
T5C_step3500,1227,4393,quickclips_visomaster_teams,-0.0018264098005558553
T5C_step3500,1228,5278,quickclips_visomaster_teams,-0.034247621097827384
T5C_step3500,1229,7629,quickclips_visomaster_teams,-0.033705577542087535
T5C_step3500,1230,7807,quickclips_visomaster_teams,-0.005842244458454722
T5C_step3500,1231,7855,quickclips_visomaster_teams,0.011327924628070515
T5C_step3500,1232,1417,quickclips_visomaster_teams,0.022892482972237296
T5C_step3500,1233,1711,quickclips_visomaster_teams,-0.002164738793130013
T5C_step3500,1234,350,quickclips_visomaster_teams,0.014849538976491043
T5C_step3500,1235,5164,quickclips_visomaster_teams,0.007065445896771766
T5C_step3500,1236,598,quickclips_visomaster_teams,0.003555111899787311
T5C_step3500,1237,6840,quickclips_visomaster_teams,-0.0027194415145583594
T5C_step3500,1238,7412,quickclips_visomaster_teams,-0.0076596300765993846
T5C_step3500,1239,7816,quickclips_visomaster_teams,0.005197268648316949
T5C_step3500,1240,7913,quickclips_visomaster_teams,0.0014526897621839913
T5C_step3500,1241,unknown_EimALxvXMQ0,quickclips_visomaster_teams,0.004809778808479494
T5C_step3500,1242,1758,quickclips_visomaster_teams,-0.0002861655187161591
T5C_step3500,1243,195,quickclips_visomaster_teams,0.004141267094973873
T5C_step3500,1244,2449,quickclips_visomaster_teams,-0.020968129045172132
T5C_step3500,1245,5707,quickclips_visomaster_teams,0.015284534473610953
T5C_step3500,1246,5778,quickclips_visomaster_teams,0.001613279387149915
T5C_step3500,1247,6038,quickclips_visomaster_teams,-0.004773647682129836
T5C_step3500,1248,6598,quickclips_visomaster_teams,0.01379507992650211
T5C_step3500,1249,81,quickclips_visomaster_teams,-0.004245237407945659
T5C_step3500,1250,9384,quickclips_visomaster_teams,-0.040231501952759964
T5C_step3500,1251,9398,quickclips_visomaster_teams,-0.0004379988769828047
T5C_step3500,1252,1057,quickclips_visomaster_teams,-0.005662017473659603
T5C_step3500,1253,1366,quickclips_visomaster_teams,0.0034900159054371874
T5C_step3500,1254,3052,quickclips_visomaster_teams,-0.0029559494914597594
T5C_step3500,1255,3719,quickclips_visomaster_teams,0.0014769292463073548
T5C_step3500,1256,5247,quickclips_visomaster_teams,-0.0025035191083216672
T5C_step3500,1257,7316,quickclips_visomaster_teams,-0.007500512848148613
T5C_step3500,1258,7910,quickclips_visomaster_teams,0.012302330781468177
T5C_step3500,1259,8230,quickclips_visomaster_teams,0.010728793933853887
T5C_step3500,1260,1662,quickclips_visomaster_teams,-0.003965253858223566
T5C_step3500,1261,2050,quickclips_visomaster_teams,0.008354803872864141
T5C_step3500,1262,2606,quickclips_visomaster_teams,0.029655844012770452
T5C_step3500,1263,5614,quickclips_visomaster_teams,0.05056971906119983
T5C_step3500,1264,5737,quickclips_visomaster_teams,-0.01510134400429711
T5C_step3500,1265,6461,quickclips_visomaster_teams,0.01696342392256367
T5C_step3500,1266,6476,quickclips_visomaster_teams,0.017833491246386182
T5C_step3500,1267,6844,quickclips_visomaster_teams,-0.011165141782108815
T5C_step3500,1268,8176,quickclips_visomaster_teams,0.007930666976118522
T5C_step3500,1269,1513,quickclips_visomaster_teams,0.018956092698429586
T5C_step3500,1270,1607,quickclips_visomaster_teams,-0.007891048416208465
T5C_step3500,1271,2198,quickclips_visomaster_teams,-0.004318102934649763
T5C_step3500,1272,3951,quickclips_visomaster_teams,-0.01251385623669665
T5C_step3500,1273,4068,quickclips_visomaster_teams,-0.003845873478724399
T5C_step3500,1274,4090,quickclips_visomaster_teams,-0.00215007785162477
T5C_step3500,1275,4754,quickclips_visomaster_teams,0.0009016117713310062
T5C_step3500,1276,6842,quickclips_visomaster_teams,0.024440902958960523
T5C_step3500,1277,6868,quickclips_visomaster_teams,0.012065765140313631
T5C_step3500,1278,1426,quickclips_visomaster_teams,0.018458127402284148
T5C_step3500,1279,1733,quickclips_visomaster_teams,0.003087717695337614
T5C_step3500,1280,2133,quickclips_visomaster_teams,0.023565152931059524
T5C_step3500,1281,2884,quickclips_visomaster_teams,-0.005448495243799836
T5C_step3500,1282,415,quickclips_visomaster_teams,-0.010485205918015932
T5C_step3500,1283,4934,quickclips_visomaster_teams,-0.005514226269563895
T5C_step3500,1284,6259,quickclips_visomaster_teams,0.020164625607140406
T5C_step3500,1285,786,quickclips_visomaster_teams,-0.0057174942602087366
T5C_step3500,1286,1426,quickclips_visomaster_teams,0.00803622189388701
T5C_step3500,1287,156,quickclips_visomaster_teams,-0.0029719488325831095
T5C_step3500,1288,1733,quickclips_visomaster_teams,0.0011948436280708645
T5C_step3500,1289,2133,quickclips_visomaster_teams,0.018669075758816017
T5C_step3500,1290,2884,quickclips_visomaster_teams,-0.010232134236942081
T5C_step3500,1291,415,quickclips_visomaster_teams,0.0019943104689530535
T5C_step3500,1292,4934,quickclips_visomaster_teams,0.011756417674425475
T5C_step3500,1293,6259,quickclips_visomaster_teams,0.024044384494973467
T5C_step3500,1294,786,quickclips_visomaster_teams,0.0033543523660861632
T5C_step3500,1295,1805,quickclips_visomaster_teams,-0.003302752838843848
T5C_step3500,1296,182,quickclips_visomaster_teams,0.005823884856080468
T5C_step3500,1297,1857,quickclips_visomaster_teams,0.004751312568457976
T5C_step3500,1298,2738,quickclips_visomaster_teams,0.0005385036275392775
T5C_step3500,1299,4393,quickclips_visomaster_teams,-0.0023081348642398237
T5C_step3500,1300,5278,quickclips_visomaster_teams,-0.017790223484326552
T5C_step3500,1301,7629,quickclips_visomaster_teams,-0.026810272066621368
T5C_step3500,1302,7807,quickclips_visomaster_teams,0.02540492143055657
T5C_step3500,1303,7855,quickclips_visomaster_teams,0.013382477354296093
T5C_step3500,1304,1711,quickclips_visomaster_teams,-0.0008319756862189762
T5C_step3500,1305,350,quickclips_visomaster_teams,0.012299132834668321
T5C_step3500,1306,5164,quickclips_visomaster_teams,0.009694946090779092
T5C_step3500,1307,598,quickclips_visomaster_teams,0.020766900907326413
T5C_step3500,1308,6840,quickclips_visomaster_teams,-0.0026829928563435875
T5C_step3500,1309,7412,quickclips_visomaster_teams,0.005381546094088569
T5C_step3500,1310,7816,quickclips_visomaster_teams,-0.00391450092383243
T5C_step3500,1311,7913,quickclips_visomaster_teams,0.0013142218611451525
T5C_step3500,1312,unknown_EimALxvXMQ0,quickclips_visomaster_teams,0.0013540623724747815
T5C_step3500,1313,195,quickclips_visomaster_teams,0.005303933704013966
T5C_step3500,1314,2449,quickclips_visomaster_teams,-0.015363576561508697
T5C_step3500,1315,4355,quickclips_visomaster_teams,0.013451461486482274
T5C_step3500,1316,5707,quickclips_visomaster_teams,0.0029193108822920862
T5C_step3500,1317,5778,quickclips_visomaster_teams,-0.0006987609820298252
T5C_step3500,1318,6038,quickclips_visomaster_teams,-0.008182388954577565
T5C_step3500,1319,6598,quickclips_visomaster_teams,0.009871176395209883
T5C_step3500,1320,81,quickclips_visomaster_teams,-0.0026322942969641706
T5C_step3500,1321,9384,quickclips_visomaster_teams,-0.031556893566373936
T5C_step3500,1322,9398,quickclips_visomaster_teams,0.005225163778617096
T5C_step3500,1323,1057,quickclips_visomaster_teams,-0.009263221725262831
T5C_step3500,1324,1366,quickclips_visomaster_teams,0.014936881254279501
T5C_step3500,1325,1417,quickclips_visomaster_teams,-0.0007566132824862511
T5C_step3500,1326,3052,quickclips_visomaster_teams,-0.005299936941413182
T5C_step3500,1327,3719,quickclips_visomaster_teams,0.004830593178481797
T5C_step3500,1328,5247,quickclips_visomaster_teams,-0.002534747458168462
T5C_step3500,1329,7316,quickclips_visomaster_teams,-0.0185751842965957
T5C_step3500,1330,7910,quickclips_visomaster_teams,0.001318929477824196
T5C_step3500,1331,8230,quickclips_visomaster_teams,0.014177814116441272
T5C_step3500,1332,1662,quickclips_visomaster_teams,0.011636924054482505
T5C_step3500,1333,2050,quickclips_visomaster_teams,0.004483622257747131
T5C_step3500,1334,2606,quickclips_visomaster_teams,0.025920220183174636
T5C_step3500,1335,5614,quickclips_visomaster_teams,0.04748529544409264
T5C_step3500,1336,5737,quickclips_visomaster_teams,-0.01159105746937429
T5C_step3500,1337,6461,quickclips_visomaster_teams,0.0031668696585194517
T5C_step3500,1338,6476,quickclips_visomaster_teams,0.005637285550493042
T5C_step3500,1339,6844,quickclips_visomaster_teams,0.0005289483720424823
T5C_step3500,1340,8176,quickclips_visomaster_teams,0.003103528344548234
T5C_step3500,1341,9325,quickclips_visomaster_teams,0.0009169947411947019
T5C_step3500,1342,1513,quickclips_visomaster_teams,0.015007423535770219
T5C_step3500,1343,1607,quickclips_visomaster_teams,-0.004578968127767346
T5C_step3500,1344,2198,quickclips_visomaster_teams,0.006823283562421261
T5C_step3500,1345,3951,quickclips_visomaster_teams,-0.019752579759927287
T5C_step3500,1346,4068,quickclips_visomaster_teams,0.01345899831499843
T5C_step3500,1347,4090,quickclips_visomaster_teams,-0.011660584795403856
T5C_step3500,1348,4754,quickclips_visomaster_teams,0.006288952439614037
T5C_step3500,1349,6842,quickclips_visomaster_teams,0.018739463420997866
T5C_step3500,1350,6868,quickclips_visomaster_teams,0.00828314382174262
T5C_step3500,1351,2295,quickclips_visomaster_teams,0.012329231726962457
T5C_step3500,1352,2580,quickclips_visomaster_teams,0.012358832857967551
T5C_step3500,1353,5379,quickclips_visomaster_teams,-0.008607619435716973
T5C_step3500,1354,5495,quickclips_visomaster_teams,0.007078978145678157
T5C_step3500,1355,6218,quickclips_visomaster_teams,-0.03168639422878642
T5C_step3500,1356,6725,quickclips_visomaster_teams,-0.02410459364259003
T5C_step3500,1357,6731,quickclips_visomaster_teams,0.01163772990070403
T5C_step3500,1358,8460,quickclips_visomaster_teams,0.0010451733362838809
T5C_step3500,1359,unknown_iow5V3Qlvwo,quickclips_visomaster_teams,0.008218180744585938
T5C_step3500,1360,1949,quickclips_visomaster_teams,0.012495242811744547
T5C_step3500,1361,2827,quickclips_visomaster_teams,0.005301732018995653
T5C_step3500,1362,5634,quickclips_visomaster_teams,0.00354967994173931
T5C_step3500,1363,6200,quickclips_visomaster_teams,-0.006073445991232015
T5C_step3500,1364,6250,quickclips_visomaster_teams,0.006315250739622576
T5C_step3500,1365,8064,quickclips_visomaster_teams,0.006068958580657561
T5C_step3500,1366,8278,quickclips_visomaster_teams,0.016125992694963346
T5C_step3500,1367,8753,quickclips_visomaster_teams,-0.006120982537124595
T5C_step3500,1368,unknown_VAPgP3ONJVo,quickclips_visomaster_teams,0.0031211296252166175
T5C_step3500,1369,1554,quickclips_visomaster_teams,0.002122882970025503
T5C_step3500,1370,1916,quickclips_visomaster_teams,-0.004646545161352834
T5C_step3500,1371,2004,quickclips_visomaster_teams,-0.0003463297182957697
T5C_step3500,1372,5176,quickclips_visomaster_teams,0.0082965272458353
T5C_step3500,1373,5270,quickclips_visomaster_teams,0.008754739878681191
T5C_step3500,1374,5370,quickclips_visomaster_teams,0.007629717222184466
T5C_step3500,1375,5731,quickclips_visomaster_teams,0.008484524057676628
T5C_step3500,1376,6378,quickclips_visomaster_teams,-0.029749111466160234
T5C_step3500,1377,2153,quickclips_visomaster_teams,0.01590192618849241
T5C_step3500,1378,3209,quickclips_visomaster_teams,0.01734172854374986
T5C_step3500,1379,4846,quickclips_visomaster_teams,0.021235314596367585
T5C_step3500,1380,5179,quickclips_visomaster_teams,-0.01066798621216462
T5C_step3500,1381,5233,quickclips_visomaster_teams,0.004523160634764412
T5C_step3500,1382,563,quickclips_visomaster_teams,0.02002138330903372
T5C_step3500,1383,5784,quickclips_visomaster_teams,0.01245059211450011
T5C_step3500,1384,7333,quickclips_visomaster_teams,-0.017944024466508834
T5C_step3500,1385,8285,quickclips_visomaster_teams,0.010650639169398152
T5C_step3500,1386,1164,quickclips_visomaster_teams,-0.008771178880584166
T5C_step3500,1387,164,quickclips_visomaster_teams,0.00027815987205965934
T5C_step3500,1388,1902,quickclips_visomaster_teams,0.0011703712511487172
T5C_step3500,1389,3433,quickclips_visomaster_teams,0.009328756176465343
T5C_step3500,1390,4438,quickclips_visomaster_teams,-0.0006911491404164652
T5C_step3500,1391,7764,quickclips_visomaster_teams,-0.0012435793327381537
T5C_step3500,1392,7772,quickclips_visomaster_teams,-0.0003508951311532358
T5C_step3500,1393,8617,quickclips_visomaster_teams,0.0075475831002812955
T5C_step3500,1394,1647,quickclips_visomaster_teams,0.003600666802702687
T5C_step3500,1395,1699,quickclips_visomaster_teams,0.010667789488719527
T5C_step3500,1396,181,quickclips_visomaster_teams,-0.00728305042526023
T5C_step3500,1397,2633,quickclips_visomaster_teams,-0.008054628386070944
T5C_step3500,1398,5071,quickclips_visomaster_teams,0.007088465680537701
T5C_step3500,1399,530,quickclips_visomaster_teams,0.0015430003804680868
T5C_step3500,1400,5354,quickclips_visomaster_teams,0.0035948007202638646
T5C_step3500,1401,684,quickclips_visomaster_teams,-0.0024214343224991386
T5C_step3500,1402,7780,quickclips_visomaster_teams,0.005534902991698752
T5C_step3500,1403,4722,quickclips_visomaster_teams,0.0067160597452780545
T5C_step3500,1404,5581,quickclips_visomaster_teams,0.019509959102373305
T5C_step3500,1405,5827,quickclips_visomaster_teams,-0.0007103373401284026
T5C_step3500,1406,6009,quickclips_visomaster_teams,0.037973326110654376
T5C_step3500,1407,6819,quickclips_visomaster_teams,-0.00968881138511552
T5C_step3500,1408,7425,quickclips_visomaster_teams,0.0028378046712009214
T5C_step3500,1409,7522,quickclips_visomaster_teams,0.010355040804717506
T5C_step3500,1410,7605,quickclips_visomaster_teams,-0.01075045244814178
T5C_step3500,1411,8206,quickclips_visomaster_teams,0.009009590531779306
T5C_step3500,1412,2051,quickclips_visomaster_teams,0.018188872218382036
T5C_step3500,1413,4722,quickclips_visomaster_teams,0.0014412200441858
T5C_step3500,1414,5827,quickclips_visomaster_teams,-0.003983106441308894
T5C_step3500,1415,6009,quickclips_visomaster_teams,0.024145720197174876
T5C_step3500,1416,6819,quickclips_visomaster_teams,0.028993530982514445
T5C_step3500,1417,7425,quickclips_visomaster_teams,-0.010293852042034687
T5C_step3500,1418,7522,quickclips_visomaster_teams,0.0031314423428781945
T5C_step3500,1419,7605,quickclips_visomaster_teams,-0.0029258927128244586
T5C_step3500,1420,8206,quickclips_visomaster_teams,0.007499629127611086
T5C_step3500,1421,2295,quickclips_visomaster_teams,0.024104728948977597
T5C_step3500,1422,2580,quickclips_visomaster_teams,0.005824710492720642
T5C_step3500,1423,5379,quickclips_visomaster_teams,-0.003534283411539506
T5C_step3500,1424,5495,quickclips_visomaster_teams,0.01683947499689047
T5C_step3500,1425,5581,quickclips_visomaster_teams,0.019348254329680792
T5C_step3500,1426,6218,quickclips_visomaster_teams,-0.020805155546231382
T5C_step3500,1427,6725,quickclips_visomaster_teams,-0.022432001572634287
T5C_step3500,1428,6731,quickclips_visomaster_teams,-0.0005596925723654448
T5C_step3500,1429,8460,quickclips_visomaster_teams,-0.011276965270580724
T5C_step3500,1430,unknown_iow5V3Qlvwo,quickclips_visomaster_teams,0.018217805322149352
T5C_step3500,1431,1949,quickclips_visomaster_teams,0.002819321064341948
T5C_step3500,1432,2827,quickclips_visomaster_teams,0.0015830553904080586
T5C_step3500,1433,5634,quickclips_visomaster_teams,0.00034614485815187774
T5C_step3500,1434,6200,quickclips_visomaster_teams,-0.003991604686048329
T5C_step3500,1435,6250,quickclips_visomaster_teams,0.005552489032055238
T5C_step3500,1436,8064,quickclips_visomaster_teams,-0.003225605617871551
T5C_step3500,1437,8278,quickclips_visomaster_teams,0.006582278260828349
T5C_step3500,1438,8753,quickclips_visomaster_teams,-0.002263340181691615
T5C_step3500,1439,unknown_VAPgP3ONJVo,quickclips_visomaster_teams,0.006302255362603568
T5C_step3500,1440,1554,quickclips_visomaster_teams,0.011341244070380367
T5C_step3500,1441,2004,quickclips_visomaster_teams,-0.005243395711404962
T5C_step3500,1442,5176,quickclips_visomaster_teams,0.0053249648002251975
T5C_step3500,1443,5270,quickclips_visomaster_teams,0.017410980860310576
T5C_step3500,1444,5370,quickclips_visomaster_teams,0.013159142283183186
T5C_step3500,1445,5731,quickclips_visomaster_teams,0.0035355525408599367
T5C_step3500,1446,6378,quickclips_visomaster_teams,-0.02765965213519487
T5C_step3500,1447,unknown_SS14c1PW_90,quickclips_visomaster_teams,-0.009053336337890159
T5C_step3500,1448,2153,quickclips_visomaster_teams,0.012060933963058898
T5C_step3500,1449,3209,quickclips_visomaster_teams,0.003028279984169378
T5C_step3500,1450,4846,quickclips_visomaster_teams,0.023391519602565206
T5C_step3500,1451,5179,quickclips_visomaster_teams,-0.01191933699382934
T5C_step3500,1452,5233,quickclips_visomaster_teams,-0.012012693222871396
T5C_step3500,1453,563,quickclips_visomaster_teams,0.030762264263337197
T5C_step3500,1454,5784,quickclips_visomaster_teams,0.003979195685283821
T5C_step3500,1455,7333,quickclips_visomaster_teams,-0.019740832508813415
T5C_step3500,1456,8285,quickclips_visomaster_teams,0.013222937276118897
T5C_step3500,1457,1164,quickclips_visomaster_teams,-0.01854223648963367
T5C_step3500,1458,164,quickclips_visomaster_teams,-0.020661428095706744
T5C_step3500,1459,3433,quickclips_visomaster_teams,0.015337721637359074
T5C_step3500,1460,4438,quickclips_visomaster_teams,0.0024367681811880548
T5C_step3500,1461,5459,quickclips_visomaster_teams,0.014801708400502711
T5C_step3500,1462,7764,quickclips_visomaster_teams,0.01420613738108065
T5C_step3500,1463,7772,quickclips_visomaster_teams,-0.010032063624887212
T5C_step3500,1464,8617,quickclips_visomaster_teams,0.002395105973479879
T5C_step3500,1465,1647,quickclips_visomaster_teams,0.001426054997802625
T5C_step3500,1466,181,quickclips_visomaster_teams,-0.0025433300334873786
T5C_step3500,1467,2633,quickclips_visomaster_teams,0.004027260034541862
T5C_step3500,1468,5071,quickclips_visomaster_teams,0.04650648969907979
T5C_step3500,1469,530,quickclips_visomaster_teams,-0.0013055591824011497
T5C_step3500,1470,5354,quickclips_visomaster_teams,-0.005013848167384845
T5C_step3500,1471,684,quickclips_visomaster_teams,0.0196420795755636
T5C_step3500,1472,7780,quickclips_visomaster_teams,0.0073315014531614665
T5C_step3500,1473,1900,quickclips_visomaster_teams,0.012811173409847948
T5C_step3500,1474,1962,quickclips_visomaster_teams,0.019716049250256447
T5C_step3500,1475,3226,quickclips_visomaster_teams,-0.02506062804501017
T5C_step3500,1476,4219,quickclips_visomaster_teams,0.016173504246154047
T5C_step3500,1477,5584,quickclips_visomaster_teams,-0.013640649398912621
T5C_step3500,1478,5897,quickclips_visomaster_teams,0.01021022024435177
T5C_step3500,1479,8241,quickclips_visomaster_teams,0.014914424389619815
T5C_step3500,1480,9068,quickclips_visomaster_teams,-0.011768749973658704
T5C_step3500,1481,unknown_x1Efv_wF5LE,quickclips_visomaster_teams,-0.0025608047280337143
T5C_step3500,1482,178,quickclips_visomaster_teams,-0.0077795735733372645
T5C_step3500,1483,2904,quickclips_visomaster_teams,0.0015203321459372797
T5C_step3500,1484,3884,quickclips_visomaster_teams,6.365365683558798e-05
T5C_step3500,1485,4368,quickclips_visomaster_teams,-0.007238790870399847
T5C_step3500,1486,4435,quickclips_visomaster_teams,-0.0012718950539609794
T5C_step3500,1487,5093,quickclips_visomaster_teams,-0.0008709667787864094
T5C_step3500,1488,6387,quickclips_visomaster_teams,0.0019498401609431089
T5C_step3500,1489,7938,quickclips_visomaster_teams,0.011962209050767359
T5C_step3500,1490,8228,quickclips_visomaster_teams,0.0039649621846606295
T5C_step3500,1491,1064,quickclips_visomaster_teams,-0.0006567352618854451
T5C_step3500,1492,1261,quickclips_visomaster_teams,-0.02351068265803898
T5C_step3500,1493,2255,quickclips_visomaster_teams,0.018668169829482294
T5C_step3500,1494,4088,quickclips_visomaster_teams,0.010709254727934173
T5C_step3500,1495,4695,quickclips_visomaster_teams,0.00858836618473042
T5C_step3500,1496,6420,quickclips_visomaster_teams,0.005357308453661167
T5C_step3500,1497,6521,quickclips_visomaster_teams,-0.003609551139563403
T5C_step3500,1498,unknown_VSqUVGCrOhk,quickclips_visomaster_teams,0.0061288663999822
T5C_step3500,1499,1212,quickclips_visomaster_teams,-0.006025835860172759
T5C_step3500,1500,1558,quickclips_visomaster_teams,-0.0008015612303235003
T5C_step3500,1501,3834,quickclips_visomaster_teams,0.0017763846295440096
T5C_step3500,1502,4596,quickclips_visomaster_teams,-0.003582193375969106
T5C_step3500,1503,4978,quickclips_visomaster_teams,0.004937054691179692
T5C_step3500,1504,4985,quickclips_visomaster_teams,-0.0012006646281128672
T5C_step3500,1505,5618,quickclips_visomaster_teams,0.004498889832403411
T5C_step3500,1506,6052,quickclips_visomaster_teams,0.010194591943899867
T5C_step3500,1507,8242,quickclips_visomaster_teams,0.010766788602988152
T5C_step3500,1508,9202,quickclips_visomaster_teams,0.002327054133857833
T5C_step3500,1509,1860,quickclips_visomaster_teams,0.01432820363108805
T5C_step3500,1510,2204,quickclips_visomaster_teams,-0.001047828909813885
T5C_step3500,1511,4418,quickclips_visomaster_teams,0.004415601481679442
T5C_step3500,1512,5792,quickclips_visomaster_teams,0.007003485362877157
T5C_step3500,1513,6278,quickclips_visomaster_teams,0.006346215204618141
T5C_step3500,1514,8430,quickclips_visomaster_teams,0.005545939531973401
T5C_step3500,1515,9089,quickclips_visomaster_teams,0.00810172844103228
T5C_step3500,1516,9345,quickclips_visomaster_teams,-0.008494993003212875
T5C_step3500,1517,9409,quickclips_visomaster_teams,-0.00581578785332444
T5C_step3500,1518,unknown_3SNSZSaonnk,quickclips_visomaster_teams,-0.007494386935056639
T5C_step3500,1519,1199,quickclips_visomaster_teams,-0.0019925254161159817
T5C_step3500,1520,2273,quickclips_visomaster_teams,0.010631276094804873
T5C_step3500,1521,248,quickclips_visomaster_teams,-0.001854346160813505
T5C_step3500,1522,280,quickclips_visomaster_teams,0.016093861503936456
T5C_step3500,1523,403,quickclips_visomaster_teams,0.002652658059267599
T5C_step3500,1524,6306,quickclips_visomaster_teams,-0.005477636697750954
T5C_step3500,1525,65,quickclips_visomaster_teams,0.007085824787749926
T5C_step3500,1526,9246,quickclips_visomaster_teams,-0.011389493297621307
T5C_step3500,1527,170,quickclips_visomaster_teams,-0.018324051700302504
T5C_step3500,1528,4424,quickclips_visomaster_teams,0.016958714883248925
T5C_step3500,1529,4897,quickclips_visomaster_teams,-0.014369857575962175
T5C_step3500,1530,6817,quickclips_visomaster_teams,-0.0024619262872674946
T5C_step3500,1531,7799,quickclips_visomaster_teams,0.017277201507065278
T5C_step3500,1532,7981,quickclips_visomaster_teams,0.01415223478400872
T5C_step3500,1533,1185,quickclips_visomaster_teams,-0.002897448179608671
T5C_step3500,1534,170,quickclips_visomaster_teams,-0.007974515022803639
T5C_step3500,1535,4424,quickclips_visomaster_teams,0.032902258545882954
T5C_step3500,1536,4897,quickclips_visomaster_teams,-0.007889878127884846
T5C_step3500,1537,6817,quickclips_visomaster_teams,0.004679718070690806
T5C_step3500,1538,7799,quickclips_visomaster_teams,0.027959352324296107
T5C_step3500,1539,7981,quickclips_visomaster_teams,0.013027576329165064
T5C_step3500,1540,8006,quickclips_visomaster_teams,0.007208655249404158
T5C_step3500,1541,9197,quickclips_visomaster_teams,-0.00017345303583502555
T5C_step3500,1542,1900,quickclips_visomaster_teams,-0.0042367347068386655
T5C_step3500,1543,1962,quickclips_visomaster_teams,0.016571737788061
T5C_step3500,1544,3226,quickclips_visomaster_teams,-0.01343200253125246
T5C_step3500,1545,4219,quickclips_visomaster_teams,0.004643644287490001
T5C_step3500,1546,5584,quickclips_visomaster_teams,-0.003674369557167598
T5C_step3500,1547,5897,quickclips_visomaster_teams,0.0012690175658285634
T5C_step3500,1548,8241,quickclips_visomaster_teams,-0.0034085551786193734
T5C_step3500,1549,9068,quickclips_visomaster_teams,0.01147357717806537
T5C_step3500,1550,unknown_x1Efv_wF5LE,quickclips_visomaster_teams,-0.0001302455729882638
T5C_step3500,1551,178,quickclips_visomaster_teams,0.006178653235166044
T5C_step3500,1552,2904,quickclips_visomaster_teams,0.006837082805007871
T5C_step3500,1553,3884,quickclips_visomaster_teams,0.0011047753189665909
T5C_step3500,1554,4368,quickclips_visomaster_teams,-0.0106659195050989
T5C_step3500,1555,4435,quickclips_visomaster_teams,0.007391567728303021
T5C_step3500,1556,5093,quickclips_visomaster_teams,0.0038804345566748138
T5C_step3500,1557,6387,quickclips_visomaster_teams,0.0029584329065440286
T5C_step3500,1558,7938,quickclips_visomaster_teams,-0.007571038111598959
T5C_step3500,1559,8228,quickclips_visomaster_teams,-0.008232761271675212
T5C_step3500,1560,1064,quickclips_visomaster_teams,0.0003860020094817422
T5C_step3500,1561,1261,quickclips_visomaster_teams,-0.013147311600617816
T5C_step3500,1562,2255,quickclips_visomaster_teams,0.02389935808266417
T5C_step3500,1563,4088,quickclips_visomaster_teams,0.014082823636155189
T5C_step3500,1564,4695,quickclips_visomaster_teams,-0.0006060375572504231
T5C_step3500,1565,6420,quickclips_visomaster_teams,0.004224669301649964
T5C_step3500,1566,unknown_VSqUVGCrOhk,quickclips_visomaster_teams,0.01261205344133116
T5C_step3500,1567,1212,quickclips_visomaster_teams,-0.015573757006612305
T5C_step3500,1568,1558,quickclips_visomaster_teams,0.0059501015308917275
T5C_step3500,1569,3834,quickclips_visomaster_teams,0.012599156526184811
T5C_step3500,1570,4596,quickclips_visomaster_teams,3.1098071184282663e-05
T5C_step3500,1571,4978,quickclips_visomaster_teams,-0.006992777272088531
T5C_step3500,1572,4985,quickclips_visomaster_teams,0.0006715604347302318
T5C_step3500,1573,6052,quickclips_visomaster_teams,-0.004481205207399202
T5C_step3500,1574,8242,quickclips_visomaster_teams,0.01606002950459081
T5C_step3500,1575,9202,quickclips_visomaster_teams,0.012535357928935164
T5C_step3500,1576,1860,quickclips_visomaster_teams,0.01499660244249165
T5C_step3500,1577,2204,quickclips_visomaster_teams,0.004702314383258903
T5C_step3500,1578,4418,quickclips_visomaster_teams,-0.0008681726684711937
T5C_step3500,1579,5792,quickclips_visomaster_teams,0.0011592730646185253
T5C_step3500,1580,8430,quickclips_visomaster_teams,0.01605636177768379
T5C_step3500,1581,9089,quickclips_visomaster_teams,0.016276616360455347
T5C_step3500,1582,9345,quickclips_visomaster_teams,-0.004808120685427074
T5C_step3500,1583,9409,quickclips_visomaster_teams,0.0006487007985829275
T5C_step3500,1584,unknown_3SNSZSaonnk,quickclips_visomaster_teams,-0.005004809221445548
T5C_step3500,1585,1199,quickclips_visomaster_teams,-0.005071634377692707
T5C_step3500,1586,2273,quickclips_visomaster_teams,0.006681971891049255
T5C_step3500,1587,248,quickclips_visomaster_teams,0.0008869995544275133
T5C_step3500,1588,280,quickclips_visomaster_teams,0.005510323769767273
T5C_step3500,1589,403,quickclips_visomaster_teams,0.0029575901693159796
T5C_step3500,1590,5618,quickclips_visomaster_teams,0.0006735139573817565
T5C_step3500,1591,6306,quickclips_visomaster_teams,-0.0024680267272566662
T5C_step3500,1592,65,quickclips_visomaster_teams,0.007691689454490411
T5C_step3500,1593,jy9gOzticS8,quickclips_visomaster_teams,0.008321554318380548
T5C_step3500,1594,wqNu6pNRAR4,quickclips_visomaster_teams,-0.0008948419672797944
T5C_step3500,1595,139JznBeH-8,quickclips_visomaster_teams,0.0027158799339965746
T5C_step3500,1596,Vw3T_2O5kIo,quickclips_visomaster_teams,-0.02617358624222861
T5C_step3500,1597,cmkZwuidcRI,quickclips_visomaster_teams,0.008986651225681616
T5C_step3500,1598,aSHfTCdZRrQ,quickclips_visomaster_teams,-0.02166235477997399
T5C_step3500,1599,pDiQ5W6CIM4,quickclips_visomaster_teams,-0.016455446463313025
T5C_step3500,1600,wE_pVFZTK9g,quickclips_visomaster_teams,0.010115387365603391
T5C_step3500,1601,eI3eK87etAk,quickclips_visomaster_teams,0.0060772681089732526
T5C_step3500,1602,HJgyiVgLVwY,quickclips_visomaster_teams,0.01303413786427389
T5C_step3500,1603,GIgRsGvOEI8,quickclips_visomaster_teams,-0.010891972720991919
T5C_step3500,1604,T3cY113SlTI,quickclips_visomaster_teams,-0.014093858729840779
T5C_step3500,1605,Mbd6Vl7UmBI,quickclips_visomaster_teams,-0.02840205376415232
T5C_step3500,1606,KxyceG1IkGY,quickclips_visomaster_teams,0.017817850176083005
T5C_step3500,1607,8Bwgk9qYpaA,quickclips_visomaster_teams,0.007217053460170913
T5C_step3500,1608,7tPaTyy1zgM,quickclips_visomaster_teams,-0.01871235172105904
T5C_step3500,1609,6Nc9oXEDfAc,quickclips_visomaster_teams,-0.015264346906427122
T5C_step3500,1610,BjVqQCT5rRg,quickclips_visomaster_teams,0.0010803750219695984
T5C_step3500,1611,hFTQ0oxSaVM,quickclips_visomaster_teams,0.004099993636127459
T5C_step3500,1612,Bz9sTBNHfgw,quickclips_visomaster_teams,-0.010122415170050664
T5C_step3500,1613,Ab2oTYPzZdE,quickclips_visomaster_teams,-0.002862493820953961
T5C_step3500,1614,MqGBNwyqUxw,quickclips_visomaster_teams,0.0013348998949861443
T5C_step3500,1615,U4q9COX1_vU,quickclips_visomaster_teams,0.02170596121531205
T5C_step3500,1616,KfVo1ibgDJ8,quickclips_visomaster_teams,0.009422372630157803
T5C_step3500,1617,cvxqafWT7RY,quickclips_visomaster_teams,0.0012963138040930529
T5C_step3500,1618,Pl0mNynQBeM,quickclips_visomaster_teams,-0.017859069155907098
T5C_step3500,1619,PS_oFG9W0fw,quickclips_visomaster_teams,0.014050194441058372
T5C_step3500,1620,nUpQLN9Ot1g,quickclips_visomaster_teams,0.001048961798490007
T5C_step3500,1621,-QR1vtnCEUY,quickclips_visomaster_teams,0.008980509226777067
T5C_step3500,1622,Pl0mNynQBeM,quickclips_visomaster_teams,0.010056721058336878
T5C_step3500,1623,PS_oFG9W0fw,quickclips_visomaster_teams,0.0045518754955517545
T5C_step3500,1624,nUpQLN9Ot1g,quickclips_visomaster_teams,-0.0023517507798573277
T5C_step3500,1625,-QR1vtnCEUY,quickclips_visomaster_teams,0.012136184178529423
T5C_step3500,1626,jy9gOzticS8,quickclips_visomaster_teams,0.010378190250467122
T5C_step3500,1627,wqNu6pNRAR4,quickclips_visomaster_teams,-0.0008235524873558418
T5C_step3500,1628,Vw3T_2O5kIo,quickclips_visomaster_teams,-0.012300537591644845
T5C_step3500,1629,cmkZwuidcRI,quickclips_visomaster_teams,0.011602159526143355
T5C_step3500,1630,aSHfTCdZRrQ,quickclips_visomaster_teams,-0.01377443799759416
T5C_step3500,1631,fLhcspXD78Y,quickclips_visomaster_teams,-0.015418173839284377
T5C_step3500,1632,pDiQ5W6CIM4,quickclips_visomaster_teams,0.0006167445422020938
T5C_step3500,1633,eI3eK87etAk,quickclips_visomaster_teams,0.0026010495595355366
T5C_step3500,1634,GIgRsGvOEI8,quickclips_visomaster_teams,0.006464342313640605
T5C_step3500,1635,139JznBeH-8,quickclips_visomaster_teams,0.008149239087156252
T5C_step3500,1636,T3cY113SlTI,quickclips_visomaster_teams,-0.0026859679629066286
T5C_step3500,1637,Mbd6Vl7UmBI,quickclips_visomaster_teams,-0.03800377892462753
T5C_step3500,1638,KxyceG1IkGY,quickclips_visomaster_teams,0.009863273275928917
T5C_step3500,1639,8Bwgk9qYpaA,quickclips_visomaster_teams,0.0013431641228348853
T5C_step3500,1640,7tPaTyy1zgM,quickclips_visomaster_teams,-0.010613081059927965
T5C_step3500,1641,6Nc9oXEDfAc,quickclips_visomaster_teams,-0.010747643756528678
T5C_step3500,1642,CO_QH6qk550,quickclips_visomaster_teams,-0.007392045638744051
T5C_step3500,1643,HJgyiVgLVwY,quickclips_visomaster_teams,0.00922095597660258
T5C_step3500,1644,BjVqQCT5rRg,quickclips_visomaster_teams,0.018053872490875762
T5C_step3500,1645,hFTQ0oxSaVM,quickclips_visomaster_teams,0.003245320461201775
T5C_step3500,1646,Bz9sTBNHfgw,quickclips_visomaster_teams,-0.008365925153230789
T5C_step3500,1647,ny7faOdFbeE,quickclips_visomaster_teams,-0.0019372757609243734
T5C_step3500,1648,MqGBNwyqUxw,quickclips_visomaster_teams,-0.002025713646670431
T5C_step3500,1649,U4q9COX1_vU,quickclips_visomaster_teams,0.010650687142512596
T5C_step3500,1650,KfVo1ibgDJ8,quickclips_visomaster_teams,0.005158045815020412
T5C_step3500,1651,cvxqafWT7RY,quickclips_visomaster_teams,-0.007212138044146779
T5C_step3500,1652,Lz4anX7bKd4,quickclips_visomaster_teams,0.004755933588722021
T5C_step3500,1653,r297MmAo_ao,quickclips_visomaster_teams,0.014790385820434505
T5C_step3500,1654,Xw0_SNuN1eE,quickclips_visomaster_teams,-0.01121133653524468
T5C_step3500,1655,XRA3N9wyN6I,quickclips_visomaster_teams,0.0012812791653627085
T5C_step3500,1656,FPm0ugLloe8,quickclips_visomaster_teams,0.0023812295069438588
T5C_step3500,1657,TWxmnQDQwPA,quickclips_visomaster_teams,-0.001212380372385787
T5C_step3500,1658,fFHDc6R1mgo,quickclips_visomaster_teams,-0.0133845390084098
T5C_step3500,1659,TfqXiNpJl98,quickclips_visomaster_teams,0.016835894333809623
T5C_step3500,1660,3vTKjvIcsPU,quickclips_visomaster_teams,0.006935229277209747
T5C_step3500,1661,KkCXMQ4Vl-E,quickclips_visomaster_teams,-0.0030952695007296876
T5C_step3500,1662,Jrd6POciCBI,quickclips_visomaster_teams,-0.013451824238368725
T5C_step3500,1663,pKimBAKQbzY,quickclips_visomaster_teams,0.004127595044962125
T5C_step3500,1664,_HrtWwT5CsY,quickclips_visomaster_teams,-0.009413988846115747
T5C_step3500,1665,wE_pVFZTK9g,quickclips_visomaster_teams,0.002518480792080793
T5C_step3500,1666,2c1gN-g3YDo,quickclips_visomaster_teams,0.0014459724353054302
T5C_step3500,1667,LBb8Rqa29cQ,quickclips_visomaster_teams,-0.012666986388840056
T5C_step3500,1668,WPOH_MsASyI,quickclips_visomaster_teams,0.017158944320168453
T5C_step3500,1669,r7JQRKps8Jk,quickclips_visomaster_teams,0.010303510645726887
T5C_step3500,1670,BSe2iwALvio,quickclips_visomaster_teams,-0.0015476400878694564
T5C_step3500,1671,ahXM2GAv_gs,quickclips_visomaster_teams,-0.003627851495802372
T5C_step3500,1672,i_IH09XTPDQ,quickclips_visomaster_teams,0.007499012781777633
T5C_step3500,1673,IKHUqeniNtE,quickclips_visomaster_teams,0.007130071452475129
T5C_step3500,1674,nr8SVuBO02E,quickclips_visomaster_teams,0.0289778880396979
T5C_step3500,1675,vQkRvYJTi_Y,quickclips_visomaster_teams,0.001397994336060136
T5C_step3500,1676,PH43PCc0ADA,quickclips_visomaster_teams,-0.0019438946530044967
T5C_step3500,1677,P79ugKVKqiU,quickclips_visomaster_teams,0.012954937484263358
T5C_step3500,1678,knKnIVIx08I,quickclips_visomaster_teams,-0.006538570563581547
T5C_step3500,1679,7nob6GOFW2M,quickclips_visomaster_teams,0.012146429444847624
T5C_step3500,1680,wiyQQOg9COg,quickclips_visomaster_teams,-0.027530836909666102
T5C_step3500,1681,Yq138Fn-F9E,quickclips_visomaster_teams,0.011780879441548302
T5C_step3500,1682,knKnIVIx08I,quickclips_visomaster_teams,0.0017201345039966499
T5C_step3500,1683,7nob6GOFW2M,quickclips_visomaster_teams,0.010529135648365518
T5C_step3500,1684,wiyQQOg9COg,quickclips_visomaster_teams,-0.02211927290077382
T5C_step3500,1685,Yq138Fn-F9E,quickclips_visomaster_teams,0.0007665821594129776
T5C_step3500,1686,Lz4anX7bKd4,quickclips_visomaster_teams,-0.0020524868136816833
T5C_step3500,1687,7vbiLARZJtk,quickclips_visomaster_teams,0.006432989057807073
T5C_step3500,1688,r297MmAo_ao,quickclips_visomaster_teams,0.01729098177943033
T5C_step3500,1689,Xw0_SNuN1eE,quickclips_visomaster_teams,-0.008392472942356472
T5C_step3500,1690,FPm0ugLloe8,quickclips_visomaster_teams,0.022007473350663862
T5C_step3500,1691,fFHDc6R1mgo,quickclips_visomaster_teams,-0.00786374348218179
T5C_step3500,1692,TfqXiNpJl98,quickclips_visomaster_teams,0.027799706715084197
T5C_step3500,1693,3vTKjvIcsPU,quickclips_visomaster_teams,0.0014952811330837803
T5C_step3500,1694,KkCXMQ4Vl-E,quickclips_visomaster_teams,-0.0177470819399068
T5C_step3500,1695,Jrd6POciCBI,quickclips_visomaster_teams,-0.01870575630906487
T5C_step3500,1696,pKimBAKQbzY,quickclips_visomaster_teams,-0.00015498835702847384
T5C_step3500,1697,_HrtWwT5CsY,quickclips_visomaster_teams,-0.00948941394380007
T5C_step3500,1698,XRA3N9wyN6I,quickclips_visomaster_teams,0.001390415612654676
T5C_step3500,1699,2c1gN-g3YDo,quickclips_visomaster_teams,0.001285792780653525
T5C_step3500,1700,TWxmnQDQwPA,quickclips_visomaster_teams,-0.0033648044494483187
T5C_step3500,1701,LBb8Rqa29cQ,quickclips_visomaster_teams,0.002086735355440994
T5C_step3500,1702,WPOH_MsASyI,quickclips_visomaster_teams,0.013204683232393929
T5C_step3500,1703,r7JQRKps8Jk,quickclips_visomaster_teams,0.009245333199992599
T5C_step3500,1704,BSe2iwALvio,quickclips_visomaster_teams,-0.008620675784908905
T5C_step3500,1705,ahXM2GAv_gs,quickclips_visomaster_teams,0.0012676946608698439
T5C_step3500,1706,i_IH09XTPDQ,quickclips_visomaster_teams,0.01070372996186966
T5C_step3500,1707,CO_QH6qk550,quickclips_visomaster_teams,-0.003206864557494409
T5C_step3500,1708,IKHUqeniNtE,quickclips_visomaster_teams,-0.0006707629931554403
T5C_step3500,1709,nr8SVuBO02E,quickclips_visomaster_teams,0.040501547129593474
T5C_step3500,1710,vQkRvYJTi_Y,quickclips_visomaster_teams,-0.004425163699557103
T5C_step3500,1711,PH43PCc0ADA,quickclips_visomaster_teams,-0.010262810323401452
T5C_step3500,1712,P79ugKVKqiU,quickclips_visomaster_teams,0.018875329269149258
T5C_step3500,1713,LtE9DQnNZRw,quickclips_visomaster_teams,-0.003620405023500599
T5C_step3500,1714,GrGYgitDaUY,quickclips_visomaster_teams,0.007369543269845773
T5C_step3500,1715,oAPYM1_dAtY,quickclips_visomaster_teams,0.007327002822812151
T5C_step3500,1716,Q6N6HEl3Y3U,quickclips_visomaster_teams,0.007897636938194254
T5C_step3500,1717,ujHmvxpFWzs,quickclips_visomaster_teams,0.0019322131064798305
T5C_step3500,1718,h6SMszFMa8M,quickclips_visomaster_teams,0.005203514728511653
T5C_step3500,1719,CsuXDLbRlgQ,quickclips_visomaster_teams,0.014680338081315084
T5C_step3500,1720,6QN-rwcl7dg,quickclips_visomaster_teams,-0.006124160598918222
T5C_step3500,1721,E1lAH0_Ifng,quickclips_visomaster_teams,-0.0033492729041048486
T5C_step3500,1722,JFJ9BBacnls,quickclips_visomaster_teams,-0.00322450565231428
T5C_step3500,1723,dtJVDWFrVME,quickclips_visomaster_teams,-0.0012736865885044114
T5C_step3500,1724,vQ2e_o5Zf8w,quickclips_visomaster_teams,0.02130000525283278
T5C_step3500,1725,oUCQH11m-yY,quickclips_visomaster_teams,-0.006758024632068151
T5C_step3500,1726,J_1PEVB2nyc,quickclips_visomaster_teams,-0.007183288918880497
T5C_step3500,1727,dQvGUSmzWD0,quickclips_visomaster_teams,0.009052925957548238
T5C_step3500,1728,vwr57bqqI9g,quickclips_visomaster_teams,0.00471269820234111
T5C_step3500,1729,K6KEksIuIq8,quickclips_visomaster_teams,0.007007419391073112
T5C_step3500,1730,a_GL0K3yo4s,quickclips_visomaster_teams,-0.021473339713830614
T5C_step3500,1731,7sZ2VsPDw8U,quickclips_visomaster_teams,0.007305275087464026
T5C_step3500,1732,mw0LGzIKvoo,quickclips_visomaster_teams,0.016620663436674732
T5C_step3500,1733,ncgEECML7ng,quickclips_visomaster_teams,0.010269789588784887
T5C_step3500,1734,jm4E3PYAIy4,quickclips_visomaster_teams,0.007636350266350018
T5C_step3500,1735,IkN6eM3acc4,quickclips_visomaster_teams,0.012496612664464227
T5C_step3500,1736,WoOUbinKeF0,quickclips_visomaster_teams,0.0024755158573650307
T5C_step3500,1737,6zy9pysDdME,quickclips_visomaster_teams,-0.001464468556743823
T5C_step3500,1738,JfGfktwGCao,quickclips_visomaster_teams,-0.030483234281931205
T5C_step3500,1739,V-FB9fZtdAk,quickclips_visomaster_teams,-0.016011667934125978
T5C_step3500,1740,fQCBzW_T1TY,quickclips_visomaster_teams,0.012688746209117372
T5C_step3500,1741,6zy9pysDdME,quickclips_visomaster_teams,0.004044118646639426
T5C_step3500,1742,JfGfktwGCao,quickclips_visomaster_teams,-0.02477381215155195
T5C_step3500,1743,V-FB9fZtdAk,quickclips_visomaster_teams,-0.0028751526206605687
T5C_step3500,1744,LtE9DQnNZRw,quickclips_visomaster_teams,0.009335729731353657
T5C_step3500,1745,GrGYgitDaUY,quickclips_visomaster_teams,0.009655246915022826
T5C_step3500,1746,Q6N6HEl3Y3U,quickclips_visomaster_teams,0.010263664873828326
T5C_step3500,1747,ujHmvxpFWzs,quickclips_visomaster_teams,0.007067610182460838
T5C_step3500,1748,oAPYM1_dAtY,quickclips_visomaster_teams,-0.001159089077065069
T5C_step3500,1749,h6SMszFMa8M,quickclips_visomaster_teams,0.012446303903635055
T5C_step3500,1750,CsuXDLbRlgQ,quickclips_visomaster_teams,0.00524040535248834
T5C_step3500,1751,6QN-rwcl7dg,quickclips_visomaster_teams,0.001585093037641535
T5C_step3500,1752,E1lAH0_Ifng,quickclips_visomaster_teams,0.004662097928417442
T5C_step3500,1753,JFJ9BBacnls,quickclips_visomaster_teams,-0.001414105141630157
T5C_step3500,1754,dtJVDWFrVME,quickclips_visomaster_teams,0.017205854406855643
T5C_step3500,1755,vQ2e_o5Zf8w,quickclips_visomaster_teams,0.015226119729913858
T5C_step3500,1756,oUCQH11m-yY,quickclips_visomaster_teams,-0.005537368073225855
T5C_step3500,1757,J_1PEVB2nyc,quickclips_visomaster_teams,0.0020723325079853396
T5C_step3500,1758,dQvGUSmzWD0,quickclips_visomaster_teams,0.005407894655534436
T5C_step3500,1759,vwr57bqqI9g,quickclips_visomaster_teams,0.014643049885320142
T5C_step3500,1760,K6KEksIuIq8,quickclips_visomaster_teams,0.006115622826580425
T5C_step3500,1761,a_GL0K3yo4s,quickclips_visomaster_teams,-0.022014641136458173
T5C_step3500,1762,7sZ2VsPDw8U,quickclips_visomaster_teams,0.01025886836539032
T5C_step3500,1763,mw0LGzIKvoo,quickclips_visomaster_teams,0.01612180941520429
T5C_step3500,1764,ncgEECML7ng,quickclips_visomaster_teams,0.006736850026433145
T5C_step3500,1765,jm4E3PYAIy4,quickclips_visomaster_teams,0.012907530942629891
T5C_step3500,1766,IkN6eM3acc4,quickclips_visomaster_teams,0.00972633932993871
T5C_step3500,1767,WoOUbinKeF0,quickclips_visomaster_teams,0.013951116078761063
T5C_step3500,1768,4Zsh1MdoKiE,quickclips_visomaster_teams,-0.0035147762379832605
T5C_step3500,1769,86sBla6aOuU,quickclips_visomaster_teams,0.01496822296911081
T5C_step3500,1770,cKBLEyNbbjQ,quickclips_visomaster_teams,-0.012840096685242934
T5C_step3500,1771,KOKpwJ8qcQI,quickclips_visomaster_teams,0.00023275861081358202
T5C_step3500,1772,8Yomhcg2pf4,quickclips_visomaster_teams,0.006250251200273315
T5C_step3500,1773,_--vXPVmaqQ,quickclips_visomaster_teams,0.0016043942773945748
T5C_step3500,1774,LBb8Rqa29cQ_scene067,quickclips_visomaster_teams,-0.012718168990342216
T5C_step3500,1775,LqtVslFhIw0,quickclips_visomaster_teams,-0.026523359056969995
T5C_step3500,1776,TPDgjwIGN9Y,quickclips_visomaster_teams,-0.0059536900459345255
T5C_step3500,1777,ZPT-nU4A8eE,quickclips_visomaster_teams,0.012343107312905985
T5C_step3500,1778,TQo9NNYl1DY,quickclips_visomaster_teams,0.012643152116323959
T5C_step3500,1779,LcmG49--mDM,quickclips_visomaster_teams,0.0011218145335327506
T5C_step3500,1780,z9TUMru19U4,quickclips_visomaster_teams,-0.0127069564096353
T5C_step3500,1781,h8JE5rzZ9Bg,quickclips_visomaster_teams,0.01484791702555422
T5C_step3500,1782,rpHDeLcLrRI,quickclips_visomaster_teams,-0.007824436286070447
T5C_step3500,1783,AYLVZdWafTQ,quickclips_visomaster_teams,-0.017374221924862897
T5C_step3500,1784,G1DEbEqPYWs,quickclips_visomaster_teams,0.017544711674893625
T5C_step3500,1785,JVnprg2SVxA,quickclips_visomaster_teams,0.026466864007951216
T5C_step3500,1786,LTbJAth-vNo,quickclips_visomaster_teams,0.01633826952698896
T5C_step3500,1787,UfjanzTGEhA,quickclips_visomaster_teams,0.008709427826870116
T5C_step3500,1788,49r9VxBt2Nc,quickclips_visomaster_teams,0.006219813899477441
T5C_step3500,1789,jf5z5YsGbQY,quickclips_visomaster_teams,0.00349768849424225
T5C_step3500,1790,0Hn3GMnjzAM,quickclips_visomaster_teams,-0.010070187540284997
T5C_step3500,1791,bypw_xjirNk,quickclips_visomaster_teams,-0.0070114255480271705
T5C_step3500,1792,WUWamwmwgtg,quickclips_visomaster_teams,-0.0009633169477824381
T5C_step3500,1793,_kyB9qF5JrQ,quickclips_visomaster_teams,-0.0009928360443618885
T5C_step3500,1794,6rzWZmvtrA8,quickclips_visomaster_teams,-0.026636909619730274
T5C_step3500,1795,XKpXrD3SMsg,quickclips_visomaster_teams,0.015410481649314413
T5C_step3500,1796,WUWamwmwgtg,quickclips_visomaster_teams,0.001045288594519537
T5C_step3500,1797,_kyB9qF5JrQ,quickclips_visomaster_teams,-0.0024505000727853307
T5C_step3500,1798,6rzWZmvtrA8,quickclips_visomaster_teams,-0.016566499671046418
T5C_step3500,1799,XKpXrD3SMsg,quickclips_visomaster_teams,0.0171096993877077
T5C_step3500,1800,4Zsh1MdoKiE,quickclips_visomaster_teams,0.007778017573134309
T5C_step3500,1801,zoV8oxh_Ap0,quickclips_visomaster_teams,0.015070452336833861
T5C_step3500,1802,86sBla6aOuU,quickclips_visomaster_teams,-0.0004609232514180394
T5C_step3500,1803,cKBLEyNbbjQ,quickclips_visomaster_teams,-0.007179910056971394
T5C_step3500,1804,KOKpwJ8qcQI,quickclips_visomaster_teams,0.0004671661083855117
T5C_step3500,1805,8Yomhcg2pf4,quickclips_visomaster_teams,0.0038852946943956027
T5C_step3500,1806,_--vXPVmaqQ,quickclips_visomaster_teams,0.01093233193521512
T5C_step3500,1807,LBb8Rqa29cQ_scene067,quickclips_visomaster_teams,-0.0068742978215327625
T5C_step3500,1808,caVBqnDm_7s,quickclips_visomaster_teams,-0.014491468798686954
T5C_step3500,1809,LqtVslFhIw0,quickclips_visomaster_teams,-0.017512028315005496
T5C_step3500,1810,TPDgjwIGN9Y,quickclips_visomaster_teams,-0.007016592375547362
T5C_step3500,1811,ZPT-nU4A8eE,quickclips_visomaster_teams,0.00249581735450033
T5C_step3500,1812,vm_UDFbu3LY,quickclips_visomaster_teams,-0.008731128305998164
T5C_step3500,1813,z9TUMru19U4,quickclips_visomaster_teams,0.0038039680749719857
T5C_step3500,1814,h8JE5rzZ9Bg,quickclips_visomaster_teams,0.004611441368713295
T5C_step3500,1815,rpHDeLcLrRI,quickclips_visomaster_teams,-0.0022689179522431113
T5C_step3500,1816,AYLVZdWafTQ,quickclips_visomaster_teams,0.0007170001771515562
T5C_step3500,1817,G1DEbEqPYWs,quickclips_visomaster_teams,0.009774341486718668
T5C_step3500,1818,JVnprg2SVxA,quickclips_visomaster_teams,0.029053370351403433
T5C_step3500,1819,LTbJAth-vNo,quickclips_visomaster_teams,-0.0022419362172445712
T5C_step3500,1820,UfjanzTGEhA,quickclips_visomaster_teams,0.03292493221544779
T5C_step3500,1821,LcmG49--mDM,quickclips_visomaster_teams,0.004286444933529264
T5C_step3500,1822,49r9VxBt2Nc,quickclips_visomaster_teams,0.01108164464754988
T5C_step3500,1823,jf5z5YsGbQY,quickclips_visomaster_teams,0.014283808162018383
T5C_step3500,1824,0Hn3GMnjzAM,quickclips_visomaster_teams,-0.016978860284745108
T5C_step3500,1825,bypw_xjirNk,quickclips_visomaster_teams,-0.009832936842033391
