identity_id,base_capture_id,source,clean_bucket,clean_prefix,clean_real_frame_count,teams_bucket,teams_prefix,teams_real_frame_count,notes
RD_Radio14,HDTF20260416_00000,hdtf_visomaster_teams,hdtf_visomaster_cropped_frames,samples/HDTF20260416_00000/frames/real/,16,hdtf_visomaster_cropped_frames_teams,samples/HDTF20260416_00000/frames/real/,16,
RD_Radio27,HDTF20260416_00001,hdtf_visomaster_teams,hdtf_visomaster_cropped_frames,samples/HDTF20260416_00001/frames/real/,16,hdtf_visomaster_cropped_frames_teams,samples/HDTF20260416_00001/frames/real/,16,
RD_Radio33,HDTF20260416_00002,hdtf_visomaster_teams,hdtf_visomaster_cropped_frames,samples/HDTF20260416_00002/frames/real/,16,hdtf_visomaster_cropped_frames_teams,samples/HDTF20260416_00002/frames/real/,16,
RD_Radio38,HDTF20260416_00003,hdtf_visomaster_teams,hdtf_visomaster_cropped_frames,samples/HDTF20260416_00003/frames/real/,16,hdtf_visomaster_cropped_frames_teams,samples/HDTF20260416_00003/frames/real/,16,
RD_Radio51,HDTF20260416_00005,hdtf_visomaster_teams,hdtf_visomaster_cropped_frames,samples/HDTF20260416_00005/frames/real/,16,hdtf_visomaster_cropped_frames_teams,samples/HDTF20260416_00005/frames/real/,16,
WDA_BrianSchatz0,HDTF20260416_00006,hdtf_visomaster_teams,hdtf_visomaster_cropped_frames,samples/HDTF20260416_00006/frames/real/,16,hdtf_visomaster_cropped_frames_teams,samples/HDTF20260416_00006/frames/real/,16,
WDA_JoeDonnelly,HDTF20260416_00012,hdtf_visomaster_teams,hdtf_visomaster_cropped_frames,samples/HDTF20260416_00012/frames/real/,16,hdtf_visomaster_cropped_frames_teams,samples/HDTF20260416_00012/frames/real/,16,
WRA_DebFischer2,HDTF20260416_00031,hdtf_visomaster_teams,hdtf_visomaster_cropped_frames,samples/HDTF20260416_00031/frames/real/,16,hdtf_visomaster_cropped_frames_teams,samples/HDTF20260416_00031/frames/real/,16,
WRA_JohnKasich3,HDTF20260416_00036,hdtf_visomaster_teams,hdtf_visomaster_cropped_frames,samples/HDTF20260416_00036/frames/real/,16,hdtf_visomaster_cropped_frames_teams,samples/HDTF20260416_00036/frames/real/,16,
WRA_MarshaBlackburn0,HDTF20260416_00038,hdtf_visomaster_teams,hdtf_visomaster_cropped_frames,samples/HDTF20260416_00038/frames/real/,16,hdtf_visomaster_cropped_frames_teams,samples/HDTF20260416_00038/frames/real/,16,
WRA_PeterRoskam0,HDTF20260416_00041,hdtf_visomaster_teams,hdtf_visomaster_cropped_frames,samples/HDTF20260416_00041/frames/real/,16,hdtf_visomaster_cropped_frames_teams,samples/HDTF20260416_00041/frames/real/,16,
WRA_ReincePriebus,HDTF20260416_00042,hdtf_visomaster_teams,hdtf_visomaster_cropped_frames,samples/HDTF20260416_00042/frames/real/,16,hdtf_visomaster_cropped_frames_teams,samples/HDTF20260416_00042/frames/real/,16,
RD_Radio45,HDTF20260416_00045,hdtf_visomaster_teams,hdtf_visomaster_cropped_frames,samples/HDTF20260416_00045/frames/real/,16,hdtf_visomaster_cropped_frames_teams,samples/HDTF20260416_00045/frames/real/,16,
WDA_CatherineCortezMasto,HDTF20260416_00046,hdtf_visomaster_teams,hdtf_visomaster_cropped_frames,samples/HDTF20260416_00046/frames/real/,16,hdtf_visomaster_cropped_frames_teams,samples/HDTF20260416_00046/frames/real/,16,
WDA_ChrisCoons1,HDTF20260416_00047,hdtf_visomaster_teams,hdtf_visomaster_cropped_frames,samples/HDTF20260416_00047/frames/real/,16,hdtf_visomaster_cropped_frames_teams,samples/HDTF20260416_00047/frames/real/,16,
WDA_DebbieDingell1,HDTF20260416_00049,hdtf_visomaster_teams,hdtf_visomaster_cropped_frames,samples/HDTF20260416_00049/frames/real/,16,hdtf_visomaster_cropped_frames_teams,samples/HDTF20260416_00049/frames/real/,16,
WDA_EricSwalwell,HDTF20260416_00050,hdtf_visomaster_teams,hdtf_visomaster_cropped_frames,samples/HDTF20260416_00050/frames/real/,16,hdtf_visomaster_cropped_frames_teams,samples/HDTF20260416_00050/frames/real/,16,
WRA_CoryGardner,HDTF20260416_00053,hdtf_visomaster_teams,hdtf_visomaster_cropped_frames,samples/HDTF20260416_00053/frames/real/,16,hdtf_visomaster_cropped_frames_teams,samples/HDTF20260416_00053/frames/real/,16,
WRA_DavidVitter,HDTF20260416_00054,hdtf_visomaster_teams,hdtf_visomaster_cropped_frames,samples/HDTF20260416_00054/frames/real/,16,hdtf_visomaster_cropped_frames_teams,samples/HDTF20260416_00054/frames/real/,16,
WRA_DianeBlack1,HDTF20260416_00055,hdtf_visomaster_teams,hdtf_visomaster_cropped_frames,samples/HDTF20260416_00055/frames/real/,16,hdtf_visomaster_cropped_frames_teams,samples/HDTF20260416_00055/frames/real/,16,
WRA_JoeHeck1,HDTF20260416_00056,hdtf_visomaster_teams,hdtf_visomaster_cropped_frames,samples/HDTF20260416_00056/frames/real/,16,hdtf_visomaster_cropped_frames_teams,samples/HDTF20260416_00056/frames/real/,16,
WRA_RichardShelby,HDTF20260416_00057,hdtf_visomaster_teams,hdtf_visomaster_cropped_frames,samples/HDTF20260416_00057/frames/real/,16,hdtf_visomaster_cropped_frames_teams,samples/HDTF20260416_00057/frames/real/,16,
WRA_RogerWicker1,HDTF20260416_00058,hdtf_visomaster_teams,hdtf_visomaster_cropped_frames,samples/HDTF20260416_00058/frames/real/,16,hdtf_visomaster_cropped_frames_teams,samples/HDTF20260416_00058/frames/real/,16,
WDA_JackReed0,HDTF20260416_00065,hdtf_visomaster_teams,hdtf_visomaster_cropped_frames,samples/HDTF20260416_00065/frames/real/,16,hdtf_visomaster_cropped_frames_teams,samples/HDTF20260416_00065/frames/real/,16,
WRA_MarcoRubio,HDTF20260416_00071,hdtf_visomaster_teams,hdtf_visomaster_cropped_frames,samples/HDTF20260416_00071/frames/real/,16,hdtf_visomaster_cropped_frames_teams,samples/HDTF20260416_00071/frames/real/,16,
RD_Radio29,HDTF20260416_00074,hdtf_visomaster_teams,hdtf_visomaster_cropped_frames,samples/HDTF20260416_00074/frames/real/,16,hdtf_visomaster_cropped_frames_teams,samples/HDTF20260416_00074/frames/real/,16,
RD_Radio36,HDTF20260416_00075,hdtf_visomaster_teams,hdtf_visomaster_cropped_frames,samples/HDTF20260416_00075/frames/real/,16,hdtf_visomaster_cropped_frames_teams,samples/HDTF20260416_00075/frames/real/,16,
RD_Radio53,HDTF20260416_00076,hdtf_visomaster_teams,hdtf_visomaster_cropped_frames,samples/HDTF20260416_00076/frames/real/,16,hdtf_visomaster_cropped_frames_teams,samples/HDTF20260416_00076/frames/real/,16,
WDA_AmyKlobuchar1,HDTF20260416_00077,hdtf_visomaster_teams,hdtf_visomaster_cropped_frames,samples/HDTF20260416_00077/frames/real/,16,hdtf_visomaster_cropped_frames_teams,samples/HDTF20260416_00077/frames/real/,16,
WDA_BobCasey1,HDTF20260416_00078,hdtf_visomaster_teams,hdtf_visomaster_cropped_frames,samples/HDTF20260416_00078/frames/real/,16,hdtf_visomaster_cropped_frames_teams,samples/HDTF20260416_00078/frames/real/,16,
WDA_LucyMcBath,HDTF20260416_00080,hdtf_visomaster_teams,hdtf_visomaster_cropped_frames,samples/HDTF20260416_00080/frames/real/,16,hdtf_visomaster_cropped_frames_teams,samples/HDTF20260416_00080/frames/real/,16,
WRA_CoryGardner0,HDTF20260416_00083,hdtf_visomaster_teams,hdtf_visomaster_cropped_frames,samples/HDTF20260416_00083/frames/real/,16,hdtf_visomaster_cropped_frames_teams,samples/HDTF20260416_00083/frames/real/,16,
WRA_DebFischer1,HDTF20260416_00084,hdtf_visomaster_teams,hdtf_visomaster_cropped_frames,samples/HDTF20260416_00084/frames/real/,16,hdtf_visomaster_cropped_frames_teams,samples/HDTF20260416_00084/frames/real/,16,
WRA_ErikPaulsen,HDTF20260416_00085,hdtf_visomaster_teams,hdtf_visomaster_cropped_frames,samples/HDTF20260416_00085/frames/real/,16,hdtf_visomaster_cropped_frames_teams,samples/HDTF20260416_00085/frames/real/,16,
WRA_RogerWicker2,HDTF20260416_00088,hdtf_visomaster_teams,hdtf_visomaster_cropped_frames,samples/HDTF20260416_00088/frames/real/,16,hdtf_visomaster_cropped_frames_teams,samples/HDTF20260416_00088/frames/real/,16,
WDA_StenyHoyer,HDTF20260416_00094,hdtf_visomaster_teams,hdtf_visomaster_cropped_frames,samples/HDTF20260416_00094/frames/real/,16,hdtf_visomaster_cropped_frames_teams,samples/HDTF20260416_00094/frames/real/,16,
WDA_ZoeLofgren,HDTF20260416_00095,hdtf_visomaster_teams,hdtf_visomaster_cropped_frames,samples/HDTF20260416_00095/frames/real/,16,hdtf_visomaster_cropped_frames_teams,samples/HDTF20260416_00095/frames/real/,16,
WRA_AllenWest,HDTF20260416_00096,hdtf_visomaster_teams,hdtf_visomaster_cropped_frames,samples/HDTF20260416_00096/frames/real/,16,hdtf_visomaster_cropped_frames_teams,samples/HDTF20260416_00096/frames/real/,16,
WRA_DebFischer0,HDTF20260416_00097,hdtf_visomaster_teams,hdtf_visomaster_cropped_frames,samples/HDTF20260416_00097/frames/real/,16,hdtf_visomaster_cropped_frames_teams,samples/HDTF20260416_00097/frames/real/,16,
WRA_JohnBoehner1,HDTF20260416_00099,hdtf_visomaster_teams,hdtf_visomaster_cropped_frames,samples/HDTF20260416_00099/frames/real/,16,hdtf_visomaster_cropped_frames_teams,samples/HDTF20260416_00099/frames/real/,16,
WRA_JoniErnst1,HDTF20260416_00100,hdtf_visomaster_teams,hdtf_visomaster_cropped_frames,samples/HDTF20260416_00100/frames/real/,16,hdtf_visomaster_cropped_frames_teams,samples/HDTF20260416_00100/frames/real/,16,
WRA_MarkwayneMullin,HDTF20260416_00101,hdtf_visomaster_teams,hdtf_visomaster_cropped_frames,samples/HDTF20260416_00101/frames/real/,16,hdtf_visomaster_cropped_frames_teams,samples/HDTF20260416_00101/frames/real/,16,
WDA_TimWalz,HDTF20260416_00112,hdtf_visomaster_teams,hdtf_visomaster_cropped_frames,samples/HDTF20260416_00112/frames/real/,16,hdtf_visomaster_cropped_frames_teams,samples/HDTF20260416_00112/frames/real/,16,
WRA_JoePitts,HDTF20260416_00115,hdtf_visomaster_teams,hdtf_visomaster_cropped_frames,samples/HDTF20260416_00115/frames/real/,16,hdtf_visomaster_cropped_frames_teams,samples/HDTF20260416_00115/frames/real/,16,
WRA_RobPortman,HDTF20260416_00118,hdtf_visomaster_teams,hdtf_visomaster_cropped_frames,samples/HDTF20260416_00118/frames/real/,16,hdtf_visomaster_cropped_frames_teams,samples/HDTF20260416_00118/frames/real/,16,
WDA_ElijahCummings,HDTF20260416_00123,hdtf_visomaster_teams,hdtf_visomaster_cropped_frames,samples/HDTF20260416_00123/frames/real/,16,hdtf_visomaster_cropped_frames_teams,samples/HDTF20260416_00123/frames/real/,16,
WDA_VeronicaEscobar0,HDTF20260416_00127,hdtf_visomaster_teams,hdtf_visomaster_cropped_frames,samples/HDTF20260416_00127/frames/real/,16,hdtf_visomaster_cropped_frames_teams,samples/HDTF20260416_00127/frames/real/,16,
WRA_JaimeHerreraBeutler0,HDTF20260416_00130,hdtf_visomaster_teams,hdtf_visomaster_cropped_frames,samples/HDTF20260416_00130/frames/real/,16,hdtf_visomaster_cropped_frames_teams,samples/HDTF20260416_00130/frames/real/,16,
WRA_PaulRyan1,HDTF20260416_00133,hdtf_visomaster_teams,hdtf_visomaster_cropped_frames,samples/HDTF20260416_00133/frames/real/,16,hdtf_visomaster_cropped_frames_teams,samples/HDTF20260416_00133/frames/real/,16,
RD_Radio13,HDTF20260416_00134,hdtf_visomaster_teams,hdtf_visomaster_cropped_frames,samples/HDTF20260416_00134/frames/real/,16,hdtf_visomaster_cropped_frames_teams,samples/HDTF20260416_00134/frames/real/,16,
WDA_ChuckSchumer1,HDTF20260416_00137,hdtf_visomaster_teams,hdtf_visomaster_cropped_frames,samples/HDTF20260416_00137/frames/real/,16,hdtf_visomaster_cropped_frames_teams,samples/HDTF20260416_00137/frames/real/,16,
WDA_JoaquinCastro,HDTF20260416_00139,hdtf_visomaster_teams,hdtf_visomaster_cropped_frames,samples/HDTF20260416_00139/frames/real/,16,hdtf_visomaster_cropped_frames_teams,samples/HDTF20260416_00139/frames/real/,16,
WDA_LloydDoggett0,HDTF20260416_00140,hdtf_visomaster_teams,hdtf_visomaster_cropped_frames,samples/HDTF20260416_00140/frames/real/,16,hdtf_visomaster_cropped_frames_teams,samples/HDTF20260416_00140/frames/real/,16,
WDA_PeterDeFazio,HDTF20260416_00141,hdtf_visomaster_teams,hdtf_visomaster_cropped_frames,samples/HDTF20260416_00141/frames/real/,16,hdtf_visomaster_cropped_frames_teams,samples/HDTF20260416_00141/frames/real/,16,
WDA_RichardNeal0,HDTF20260416_00142,hdtf_visomaster_teams,hdtf_visomaster_cropped_frames,samples/HDTF20260416_00142/frames/real/,16,hdtf_visomaster_cropped_frames_teams,samples/HDTF20260416_00142/frames/real/,16,
WDA_TammyBaldwin1,HDTF20260416_00143,hdtf_visomaster_teams,hdtf_visomaster_cropped_frames,samples/HDTF20260416_00143/frames/real/,16,hdtf_visomaster_cropped_frames_teams,samples/HDTF20260416_00143/frames/real/,16,
WRA_JohnKasich1,HDTF20260416_00144,hdtf_visomaster_teams,hdtf_visomaster_cropped_frames,samples/HDTF20260416_00144/frames/real/,16,hdtf_visomaster_cropped_frames_teams,samples/HDTF20260416_00144/frames/real/,16,
WRA_PeteHoekstra,HDTF20260416_00147,hdtf_visomaster_teams,hdtf_visomaster_cropped_frames,samples/HDTF20260416_00147/frames/real/,16,hdtf_visomaster_cropped_frames_teams,samples/HDTF20260416_00147/frames/real/,16,
RD_Radio2,HDTF20260416_00148,hdtf_visomaster_teams,hdtf_visomaster_cropped_frames,samples/HDTF20260416_00148/frames/real/,16,hdtf_visomaster_cropped_frames_teams,samples/HDTF20260416_00148/frames/real/,16,
RD_Radio41,HDTF20260416_00149,hdtf_visomaster_teams,hdtf_visomaster_cropped_frames,samples/HDTF20260416_00149/frames/real/,16,hdtf_visomaster_cropped_frames_teams,samples/HDTF20260416_00149/frames/real/,16,
RD_Radio8,HDTF20260416_00151,hdtf_visomaster_teams,hdtf_visomaster_cropped_frames,samples/HDTF20260416_00151/frames/real/,16,hdtf_visomaster_cropped_frames_teams,samples/HDTF20260416_00151/frames/real/,16,
WDA_AndyKim,HDTF20260416_00152,hdtf_visomaster_teams,hdtf_visomaster_cropped_frames,samples/HDTF20260416_00152/frames/real/,16,hdtf_visomaster_cropped_frames_teams,samples/HDTF20260416_00152/frames/real/,16,
WDA_BarbaraLee1,HDTF20260416_00153,hdtf_visomaster_teams,hdtf_visomaster_cropped_frames,samples/HDTF20260416_00153/frames/real/,16,hdtf_visomaster_cropped_frames_teams,samples/HDTF20260416_00153/frames/real/,16,
WDA_CedricRichmond,HDTF20260416_00156,hdtf_visomaster_teams,hdtf_visomaster_cropped_frames,samples/HDTF20260416_00156/frames/real/,16,hdtf_visomaster_cropped_frames_teams,samples/HDTF20260416_00156/frames/real/,16,
WDA_ChrisCoons,HDTF20260416_00157,hdtf_visomaster_teams,hdtf_visomaster_cropped_frames,samples/HDTF20260416_00157/frames/real/,16,hdtf_visomaster_cropped_frames_teams,samples/HDTF20260416_00157/frames/real/,16,
WDA_ChrisMurphy1,HDTF20260416_00158,hdtf_visomaster_teams,hdtf_visomaster_cropped_frames,samples/HDTF20260416_00158/frames/real/,16,hdtf_visomaster_cropped_frames_teams,samples/HDTF20260416_00158/frames/real/,16,
WDA_DebbieWassermanSchultz,HDTF20260416_00159,hdtf_visomaster_teams,hdtf_visomaster_cropped_frames,samples/HDTF20260416_00159/frames/real/,16,hdtf_visomaster_cropped_frames_teams,samples/HDTF20260416_00159/frames/real/,16,
WDA_DonaldMcEachin,HDTF20260416_00160,hdtf_visomaster_teams,hdtf_visomaster_cropped_frames,samples/HDTF20260416_00160/frames/real/,16,hdtf_visomaster_cropped_frames_teams,samples/HDTF20260416_00160/frames/real/,16,
WDA_DonnaShalala1,HDTF20260416_00161,hdtf_visomaster_teams,hdtf_visomaster_cropped_frames,samples/HDTF20260416_00161/frames/real/,16,hdtf_visomaster_cropped_frames_teams,samples/HDTF20260416_00161/frames/real/,16,
WDA_HillaryClinton,HDTF20260416_00162,hdtf_visomaster_teams,hdtf_visomaster_cropped_frames,samples/HDTF20260416_00162/frames/real/,16,hdtf_visomaster_cropped_frames_teams,samples/HDTF20260416_00162/frames/real/,16,
WDA_JoeCrowley0,HDTF20260416_00163,hdtf_visomaster_teams,hdtf_visomaster_cropped_frames,samples/HDTF20260416_00163/frames/real/,16,hdtf_visomaster_cropped_frames_teams,samples/HDTF20260416_00163/frames/real/,16,
WDA_JoeManchin,HDTF20260416_00164,hdtf_visomaster_teams,hdtf_visomaster_cropped_frames,samples/HDTF20260416_00164/frames/real/,16,hdtf_visomaster_cropped_frames_teams,samples/HDTF20260416_00164/frames/real/,16,
WDA_JohnSarbanes1,HDTF20260416_00165,hdtf_visomaster_teams,hdtf_visomaster_cropped_frames,samples/HDTF20260416_00165/frames/real/,16,hdtf_visomaster_cropped_frames_teams,samples/HDTF20260416_00165/frames/real/,16,
WDA_KarenBass,HDTF20260416_00166,hdtf_visomaster_teams,hdtf_visomaster_cropped_frames,samples/HDTF20260416_00166/frames/real/,16,hdtf_visomaster_cropped_frames_teams,samples/HDTF20260416_00166/frames/real/,16,
WDA_LaurenUnderwood,HDTF20260416_00167,hdtf_visomaster_teams,hdtf_visomaster_cropped_frames,samples/HDTF20260416_00167/frames/real/,16,hdtf_visomaster_cropped_frames_teams,samples/HDTF20260416_00167/frames/real/,16,
WDA_LisaBluntRochester,HDTF20260416_00168,hdtf_visomaster_teams,hdtf_visomaster_cropped_frames,samples/HDTF20260416_00168/frames/real/,16,hdtf_visomaster_cropped_frames_teams,samples/HDTF20260416_00168/frames/real/,16,
WDA_MichaelBennet,HDTF20260416_00169,hdtf_visomaster_teams,hdtf_visomaster_cropped_frames,samples/HDTF20260416_00169/frames/real/,16,hdtf_visomaster_cropped_frames_teams,samples/HDTF20260416_00169/frames/real/,16,
WDA_MichelleLujanGrisham,HDTF20260416_00170,hdtf_visomaster_teams,hdtf_visomaster_cropped_frames,samples/HDTF20260416_00170/frames/real/,16,hdtf_visomaster_cropped_frames_teams,samples/HDTF20260416_00170/frames/real/,16,
WDA_NancyPelosi3,HDTF20260416_00171,hdtf_visomaster_teams,hdtf_visomaster_cropped_frames,samples/HDTF20260416_00171/frames/real/,16,hdtf_visomaster_cropped_frames_teams,samples/HDTF20260416_00171/frames/real/,16,
WDA_PeterDeFazio,HDTF20260416_00172,hdtf_visomaster_teams,hdtf_visomaster_cropped_frames,samples/HDTF20260416_00172/frames/real/,16,hdtf_visomaster_cropped_frames_teams,samples/HDTF20260416_00172/frames/real/,16,
WDA_ScottPeters1,HDTF20260416_00173,hdtf_visomaster_teams,hdtf_visomaster_cropped_frames,samples/HDTF20260416_00173/frames/real/,16,hdtf_visomaster_cropped_frames_teams,samples/HDTF20260416_00173/frames/real/,16,
WDA_SheldonWhitehouse1,HDTF20260416_00174,hdtf_visomaster_teams,hdtf_visomaster_cropped_frames,samples/HDTF20260416_00174/frames/real/,16,hdtf_visomaster_cropped_frames_teams,samples/HDTF20260416_00174/frames/real/,16,
WDA_TammyBaldwin1,HDTF20260416_00175,hdtf_visomaster_teams,hdtf_visomaster_cropped_frames,samples/HDTF20260416_00175/frames/real/,16,hdtf_visomaster_cropped_frames_teams,samples/HDTF20260416_00175/frames/real/,16,
WDA_TomUdall,HDTF20260416_00176,hdtf_visomaster_teams,hdtf_visomaster_cropped_frames,samples/HDTF20260416_00176/frames/real/,16,hdtf_visomaster_cropped_frames_teams,samples/HDTF20260416_00176/frames/real/,16,
WRA_CarlyFiorina0,HDTF20260416_00177,hdtf_visomaster_teams,hdtf_visomaster_cropped_frames,samples/HDTF20260416_00177/frames/real/,16,hdtf_visomaster_cropped_frames_teams,samples/HDTF20260416_00177/frames/real/,16,
WRA_EricCantor,HDTF20260416_00178,hdtf_visomaster_teams,hdtf_visomaster_cropped_frames,samples/HDTF20260416_00178/frames/real/,16,hdtf_visomaster_cropped_frames_teams,samples/HDTF20260416_00178/frames/real/,16,
WRA_GeorgeLeMieux,HDTF20260416_00179,hdtf_visomaster_teams,hdtf_visomaster_cropped_frames,samples/HDTF20260416_00179/frames/real/,16,hdtf_visomaster_cropped_frames_teams,samples/HDTF20260416_00179/frames/real/,16,
WRA_JebHensarling0,HDTF20260416_00180,hdtf_visomaster_teams,hdtf_visomaster_cropped_frames,samples/HDTF20260416_00180/frames/real/,16,hdtf_visomaster_cropped_frames_teams,samples/HDTF20260416_00180/frames/real/,16,
WRA_JebHensarling2,HDTF20260416_00181,hdtf_visomaster_teams,hdtf_visomaster_cropped_frames,samples/HDTF20260416_00181/frames/real/,16,hdtf_visomaster_cropped_frames_teams,samples/HDTF20260416_00181/frames/real/,16,
WRA_JimRisch,HDTF20260416_00182,hdtf_visomaster_teams,hdtf_visomaster_cropped_frames,samples/HDTF20260416_00182/frames/real/,16,hdtf_visomaster_cropped_frames_teams,samples/HDTF20260416_00182/frames/real/,16,
WRA_JohnKasich1,HDTF20260416_00183,hdtf_visomaster_teams,hdtf_visomaster_cropped_frames,samples/HDTF20260416_00183/frames/real/,16,hdtf_visomaster_cropped_frames_teams,samples/HDTF20260416_00183/frames/real/,16,
WRA_KayBaileyHutchison,HDTF20260416_00184,hdtf_visomaster_teams,hdtf_visomaster_cropped_frames,samples/HDTF20260416_00184/frames/real/,16,hdtf_visomaster_cropped_frames_teams,samples/HDTF20260416_00184/frames/real/,16,
WRA_KevinMcCarthy0,HDTF20260416_00185,hdtf_visomaster_teams,hdtf_visomaster_cropped_frames,samples/HDTF20260416_00185/frames/real/,16,hdtf_visomaster_cropped_frames_teams,samples/HDTF20260416_00185/frames/real/,16,
WRA_LamarAlexander0,HDTF20260416_00186,hdtf_visomaster_teams,hdtf_visomaster_cropped_frames,samples/HDTF20260416_00186/frames/real/,16,hdtf_visomaster_cropped_frames_teams,samples/HDTF20260416_00186/frames/real/,16,
WRA_NanHayworth,HDTF20260416_00187,hdtf_visomaster_teams,hdtf_visomaster_cropped_frames,samples/HDTF20260416_00187/frames/real/,16,hdtf_visomaster_cropped_frames_teams,samples/HDTF20260416_00187/frames/real/,16,
WRA_PeteHoekstra,HDTF20260416_00188,hdtf_visomaster_teams,hdtf_visomaster_cropped_frames,samples/HDTF20260416_00188/frames/real/,16,hdtf_visomaster_cropped_frames_teams,samples/HDTF20260416_00188/frames/real/,16,
WRA_RogerWicker0,HDTF20260416_00189,hdtf_visomaster_teams,hdtf_visomaster_cropped_frames,samples/HDTF20260416_00189/frames/real/,16,hdtf_visomaster_cropped_frames_teams,samples/HDTF20260416_00189/frames/real/,16,
WRA_SteveDaines0,HDTF20260416_00190,hdtf_visomaster_teams,hdtf_visomaster_cropped_frames,samples/HDTF20260416_00190/frames/real/,16,hdtf_visomaster_cropped_frames_teams,samples/HDTF20260416_00190/frames/real/,16,
WRA_TomPrice,HDTF20260416_00191,hdtf_visomaster_teams,hdtf_visomaster_cropped_frames,samples/HDTF20260416_00191/frames/real/,16,hdtf_visomaster_cropped_frames_teams,samples/HDTF20260416_00191/frames/real/,16,
RD_Radio35,HDTF20260416_00192,hdtf_visomaster_teams,hdtf_visomaster_cropped_frames,samples/HDTF20260416_00192/frames/real/,16,hdtf_visomaster_cropped_frames_teams,samples/HDTF20260416_00192/frames/real/,16,
RD_Radio57,HDTF20260416_00193,hdtf_visomaster_teams,hdtf_visomaster_cropped_frames,samples/HDTF20260416_00193/frames/real/,16,hdtf_visomaster_cropped_frames_teams,samples/HDTF20260416_00193/frames/real/,16,
WDA_AdamSmith,HDTF20260416_00194,hdtf_visomaster_teams,hdtf_visomaster_cropped_frames,samples/HDTF20260416_00194/frames/real/,16,hdtf_visomaster_cropped_frames_teams,samples/HDTF20260416_00194/frames/real/,16,
WDA_BernieSanders,HDTF20260416_00195,hdtf_visomaster_teams,hdtf_visomaster_cropped_frames,samples/HDTF20260416_00195/frames/real/,16,hdtf_visomaster_cropped_frames_teams,samples/HDTF20260416_00195/frames/real/,16,
WDA_BillRichardson,HDTF20260416_00196,hdtf_visomaster_teams,hdtf_visomaster_cropped_frames,samples/HDTF20260416_00196/frames/real/,16,hdtf_visomaster_cropped_frames_teams,samples/HDTF20260416_00196/frames/real/,16,
WDA_DebbieDingell0,HDTF20260416_00197,hdtf_visomaster_teams,hdtf_visomaster_cropped_frames,samples/HDTF20260416_00197/frames/real/,16,hdtf_visomaster_cropped_frames_teams,samples/HDTF20260416_00197/frames/real/,16,
WDA_DianaDeGette1,HDTF20260416_00198,hdtf_visomaster_teams,hdtf_visomaster_cropped_frames,samples/HDTF20260416_00198/frames/real/,16,hdtf_visomaster_cropped_frames_teams,samples/HDTF20260416_00198/frames/real/,16,
WDA_JackReed0,HDTF20260416_00199,hdtf_visomaster_teams,hdtf_visomaster_cropped_frames,samples/HDTF20260416_00199/frames/real/,16,hdtf_visomaster_cropped_frames_teams,samples/HDTF20260416_00199/frames/real/,16,
WDA_VeronicaEscobar0,HDTF20260416_00200,hdtf_visomaster_teams,hdtf_visomaster_cropped_frames,samples/HDTF20260416_00200/frames/real/,16,hdtf_visomaster_cropped_frames_teams,samples/HDTF20260416_00200/frames/real/,16,
WRA_DuncanHunter,HDTF20260416_00201,hdtf_visomaster_teams,hdtf_visomaster_cropped_frames,samples/HDTF20260416_00201/frames/real/,16,hdtf_visomaster_cropped_frames_teams,samples/HDTF20260416_00201/frames/real/,16,
WRA_JohnBarrasso0,HDTF20260416_00202,hdtf_visomaster_teams,hdtf_visomaster_cropped_frames,samples/HDTF20260416_00202/frames/real/,16,hdtf_visomaster_cropped_frames_teams,samples/HDTF20260416_00202/frames/real/,16,
WDA_ChrisCoons1,HDTF20260416_00208,hdtf_visomaster_teams,hdtf_visomaster_cropped_frames,samples/HDTF20260416_00208/frames/real/,16,hdtf_visomaster_cropped_frames_teams,samples/HDTF20260416_00208/frames/real/,16,
WDA_DebbieDingell1,HDTF20260416_00210,hdtf_visomaster_teams,hdtf_visomaster_cropped_frames,samples/HDTF20260416_00210/frames/real/,16,hdtf_visomaster_cropped_frames_teams,samples/HDTF20260416_00210/frames/real/,16,
WDA_EricSwalwell,HDTF20260416_00211,hdtf_visomaster_teams,hdtf_visomaster_cropped_frames,samples/HDTF20260416_00211/frames/real/,16,hdtf_visomaster_cropped_frames_teams,samples/HDTF20260416_00211/frames/real/,16,
WDA_HakeemJeffries,HDTF20260416_00212,hdtf_visomaster_teams,hdtf_visomaster_cropped_frames,samples/HDTF20260416_00212/frames/real/,16,hdtf_visomaster_cropped_frames_teams,samples/HDTF20260416_00212/frames/real/,16,
WDA_HenryWaxman,HDTF20260416_00213,hdtf_visomaster_teams,hdtf_visomaster_cropped_frames,samples/HDTF20260416_00213/frames/real/,16,hdtf_visomaster_cropped_frames_teams,samples/HDTF20260416_00213/frames/real/,16,
WRA_CoryGardner,HDTF20260416_00217,hdtf_visomaster_teams,hdtf_visomaster_cropped_frames,samples/HDTF20260416_00217/frames/real/,16,hdtf_visomaster_cropped_frames_teams,samples/HDTF20260416_00217/frames/real/,16,
WRA_RichardShelby,HDTF20260416_00221,hdtf_visomaster_teams,hdtf_visomaster_cropped_frames,samples/HDTF20260416_00221/frames/real/,16,hdtf_visomaster_cropped_frames_teams,samples/HDTF20260416_00221/frames/real/,16,
RD_Radio34,HDTF20260416_00222,hdtf_visomaster_teams,hdtf_visomaster_cropped_frames,samples/HDTF20260416_00222/frames/real/,16,hdtf_visomaster_cropped_frames_teams,samples/HDTF20260416_00222/frames/real/,16,
RD_Radio39,HDTF20260416_00223,hdtf_visomaster_teams,hdtf_visomaster_cropped_frames,samples/HDTF20260416_00223/frames/real/,16,hdtf_visomaster_cropped_frames_teams,samples/HDTF20260416_00223/frames/real/,16,
RD_Radio51,HDTF20260416_00224,hdtf_visomaster_teams,hdtf_visomaster_cropped_frames,samples/HDTF20260416_00224/frames/real/,16,hdtf_visomaster_cropped_frames_teams,samples/HDTF20260416_00224/frames/real/,16,
WDA_DanKildee1,HDTF20260416_00226,hdtf_visomaster_teams,hdtf_visomaster_cropped_frames,samples/HDTF20260416_00226/frames/real/,16,hdtf_visomaster_cropped_frames_teams,samples/HDTF20260416_00226/frames/real/,16,
WDA_FrankPallone0,HDTF20260416_00227,hdtf_visomaster_teams,hdtf_visomaster_cropped_frames,samples/HDTF20260416_00227/frames/real/,16,hdtf_visomaster_cropped_frames_teams,samples/HDTF20260416_00227/frames/real/,16,
WDA_TedDeutch,HDTF20260416_00229,hdtf_visomaster_teams,hdtf_visomaster_cropped_frames,samples/HDTF20260416_00229/frames/real/,16,hdtf_visomaster_cropped_frames_teams,samples/HDTF20260416_00229/frames/real/,16,
WDA_TimWalz,HDTF20260416_00230,hdtf_visomaster_teams,hdtf_visomaster_cropped_frames,samples/HDTF20260416_00230/frames/real/,16,hdtf_visomaster_cropped_frames_teams,samples/HDTF20260416_00230/frames/real/,16,
WRA_JoePitts,HDTF20260416_00231,hdtf_visomaster_teams,hdtf_visomaster_cropped_frames,samples/HDTF20260416_00231/frames/real/,16,hdtf_visomaster_cropped_frames_teams,samples/HDTF20260416_00231/frames/real/,16,
WRA_JohnBoozman,HDTF20260416_00232,hdtf_visomaster_teams,hdtf_visomaster_cropped_frames,samples/HDTF20260416_00232/frames/real/,16,hdtf_visomaster_cropped_frames_teams,samples/HDTF20260416_00232/frames/real/,16,
WRA_JohnHoeven,HDTF20260416_00233,hdtf_visomaster_teams,hdtf_visomaster_cropped_frames,samples/HDTF20260416_00233/frames/real/,16,hdtf_visomaster_cropped_frames_teams,samples/HDTF20260416_00233/frames/real/,16,
WRA_JohnKasich3,HDTF20260416_00234,hdtf_visomaster_teams,hdtf_visomaster_cropped_frames,samples/HDTF20260416_00234/frames/real/,16,hdtf_visomaster_cropped_frames_teams,samples/HDTF20260416_00234/frames/real/,16,
WRA_MitchDaniels0,HDTF20260416_00235,hdtf_visomaster_teams,hdtf_visomaster_cropped_frames,samples/HDTF20260416_00235/frames/real/,16,hdtf_visomaster_cropped_frames_teams,samples/HDTF20260416_00235/frames/real/,16,
WRA_RobPortman,HDTF20260416_00236,hdtf_visomaster_teams,hdtf_visomaster_cropped_frames,samples/HDTF20260416_00236/frames/real/,16,hdtf_visomaster_cropped_frames_teams,samples/HDTF20260416_00236/frames/real/,16,
WDA_BobbyScott,HDTF20260416_00240,hdtf_visomaster_teams,hdtf_visomaster_cropped_frames,samples/HDTF20260416_00240/frames/real/,16,hdtf_visomaster_cropped_frames_teams,samples/HDTF20260416_00240/frames/real/,16,
WDA_KimSchrier,HDTF20260416_00241,hdtf_visomaster_teams,hdtf_visomaster_cropped_frames,samples/HDTF20260416_00241/frames/real/,16,hdtf_visomaster_cropped_frames_teams,samples/HDTF20260416_00241/frames/real/,16,
WDA_KirstenGillibrand,HDTF20260416_00242,hdtf_visomaster_teams,hdtf_visomaster_cropped_frames,samples/HDTF20260416_00242/frames/real/,16,hdtf_visomaster_cropped_frames_teams,samples/HDTF20260416_00242/frames/real/,16,
WDA_RaulRuiz,HDTF20260416_00244,hdtf_visomaster_teams,hdtf_visomaster_cropped_frames,samples/HDTF20260416_00244/frames/real/,16,hdtf_visomaster_cropped_frames_teams,samples/HDTF20260416_00244/frames/real/,16,
WDA_TinaSmith,HDTF20260416_00245,hdtf_visomaster_teams,hdtf_visomaster_cropped_frames,samples/HDTF20260416_00245/frames/real/,16,hdtf_visomaster_cropped_frames_teams,samples/HDTF20260416_00245/frames/real/,16,
WRA_CoryGardner0,HDTF20260416_00246,hdtf_visomaster_teams,hdtf_visomaster_cropped_frames,samples/HDTF20260416_00246/frames/real/,16,hdtf_visomaster_cropped_frames_teams,samples/HDTF20260416_00246/frames/real/,16,
WRA_CoryGardner1,HDTF20260416_00247,hdtf_visomaster_teams,hdtf_visomaster_cropped_frames,samples/HDTF20260416_00247/frames/real/,16,hdtf_visomaster_cropped_frames_teams,samples/HDTF20260416_00247/frames/real/,16,
WRA_ErikPaulsen,HDTF20260416_00248,hdtf_visomaster_teams,hdtf_visomaster_cropped_frames,samples/HDTF20260416_00248/frames/real/,16,hdtf_visomaster_cropped_frames_teams,samples/HDTF20260416_00248/frames/real/,16,
WRA_JaimeHerreraBeutler0,HDTF20260416_00249,hdtf_visomaster_teams,hdtf_visomaster_cropped_frames,samples/HDTF20260416_00249/frames/real/,16,hdtf_visomaster_cropped_frames_teams,samples/HDTF20260416_00249/frames/real/,16,
WRA_KevinBrady,HDTF20260416_00250,hdtf_visomaster_teams,hdtf_visomaster_cropped_frames,samples/HDTF20260416_00250/frames/real/,16,hdtf_visomaster_cropped_frames_teams,samples/HDTF20260416_00250/frames/real/,16,
WRA_KristiNoem2,HDTF20260416_00251,hdtf_visomaster_teams,hdtf_visomaster_cropped_frames,samples/HDTF20260416_00251/frames/real/,16,hdtf_visomaster_cropped_frames_teams,samples/HDTF20260416_00251/frames/real/,16,
RD_Radio48,HDTF20260416_00252,hdtf_visomaster_teams,hdtf_visomaster_cropped_frames,samples/HDTF20260416_00252/frames/real/,16,hdtf_visomaster_cropped_frames_teams,samples/HDTF20260416_00252/frames/real/,16,
RD_Radio9,HDTF20260416_00253,hdtf_visomaster_teams,hdtf_visomaster_cropped_frames,samples/HDTF20260416_00253/frames/real/,16,hdtf_visomaster_cropped_frames_teams,samples/HDTF20260416_00253/frames/real/,16,
WDA_ChuckSchumer0,HDTF20260416_00255,hdtf_visomaster_teams,hdtf_visomaster_cropped_frames,samples/HDTF20260416_00255/frames/real/,16,hdtf_visomaster_cropped_frames_teams,samples/HDTF20260416_00255/frames/real/,16,
WDA_EdMarkey0,HDTF20260416_00256,hdtf_visomaster_teams,hdtf_visomaster_cropped_frames,samples/HDTF20260416_00256/frames/real/,16,hdtf_visomaster_cropped_frames_teams,samples/HDTF20260416_00256/frames/real/,16,
WDA_EliotEngel,HDTF20260416_00257,hdtf_visomaster_teams,hdtf_visomaster_cropped_frames,samples/HDTF20260416_00257/frames/real/,16,hdtf_visomaster_cropped_frames_teams,samples/HDTF20260416_00257/frames/real/,16,
WDA_FrankPallone1,HDTF20260416_00258,hdtf_visomaster_teams,hdtf_visomaster_cropped_frames,samples/HDTF20260416_00258/frames/real/,16,hdtf_visomaster_cropped_frames_teams,samples/HDTF20260416_00258/frames/real/,16,
WDA_GerryConnolly,HDTF20260416_00259,hdtf_visomaster_teams,hdtf_visomaster_cropped_frames,samples/HDTF20260416_00259/frames/real/,16,hdtf_visomaster_cropped_frames_teams,samples/HDTF20260416_00259/frames/real/,16,
WDA_JonTester0,HDTF20260416_00260,hdtf_visomaster_teams,hdtf_visomaster_cropped_frames,samples/HDTF20260416_00260/frames/real/,16,hdtf_visomaster_cropped_frames_teams,samples/HDTF20260416_00260/frames/real/,16,
WDA_NancyPelosi0,HDTF20260416_00261,hdtf_visomaster_teams,hdtf_visomaster_cropped_frames,samples/HDTF20260416_00261/frames/real/,16,hdtf_visomaster_cropped_frames_teams,samples/HDTF20260416_00261/frames/real/,16,
WDA_TerriSewell0,HDTF20260416_00262,hdtf_visomaster_teams,hdtf_visomaster_cropped_frames,samples/HDTF20260416_00262/frames/real/,16,hdtf_visomaster_cropped_frames_teams,samples/HDTF20260416_00262/frames/real/,16,
WRA_AllenWest,HDTF20260416_00263,hdtf_visomaster_teams,hdtf_visomaster_cropped_frames,samples/HDTF20260416_00263/frames/real/,16,hdtf_visomaster_cropped_frames_teams,samples/HDTF20260416_00263/frames/real/,16,
WRA_JoniErnst0,HDTF20260416_00264,hdtf_visomaster_teams,hdtf_visomaster_cropped_frames,samples/HDTF20260416_00264/frames/real/,16,hdtf_visomaster_cropped_frames_teams,samples/HDTF20260416_00264/frames/real/,16,
WRA_MarshaBlackburn0,HDTF20260416_00265,hdtf_visomaster_teams,hdtf_visomaster_cropped_frames,samples/HDTF20260416_00265/frames/real/,16,hdtf_visomaster_cropped_frames_teams,samples/HDTF20260416_00265/frames/real/,16,
WRA_MittRomney,HDTF20260416_00266,hdtf_visomaster_teams,hdtf_visomaster_cropped_frames,samples/HDTF20260416_00266/frames/real/,16,hdtf_visomaster_cropped_frames_teams,samples/HDTF20260416_00266/frames/real/,16,
RD_Radio33,HDTF20260416_00267,hdtf_visomaster_teams,hdtf_visomaster_cropped_frames,samples/HDTF20260416_00267/frames/real/,16,hdtf_visomaster_cropped_frames_teams,samples/HDTF20260416_00267/frames/real/,16,
RD_Radio5,HDTF20260416_00268,hdtf_visomaster_teams,hdtf_visomaster_cropped_frames,samples/HDTF20260416_00268/frames/real/,16,hdtf_visomaster_cropped_frames_teams,samples/HDTF20260416_00268/frames/real/,16,
WDA_CarolynMaloney1,HDTF20260416_00269,hdtf_visomaster_teams,hdtf_visomaster_cropped_frames,samples/HDTF20260416_00269/frames/real/,16,hdtf_visomaster_cropped_frames_teams,samples/HDTF20260416_00269/frames/real/,16,
WDA_JoeKennedy,HDTF20260416_00270,hdtf_visomaster_teams,hdtf_visomaster_cropped_frames,samples/HDTF20260416_00270/frames/real/,16,hdtf_visomaster_cropped_frames_teams,samples/HDTF20260416_00270/frames/real/,16,
WDA_ScottPeters0,HDTF20260416_00271,hdtf_visomaster_teams,hdtf_visomaster_cropped_frames,samples/HDTF20260416_00271/frames/real/,16,hdtf_visomaster_cropped_frames_teams,samples/HDTF20260416_00271/frames/real/,16,
WDA_StenyHoyer,HDTF20260416_00272,hdtf_visomaster_teams,hdtf_visomaster_cropped_frames,samples/HDTF20260416_00272/frames/real/,16,hdtf_visomaster_cropped_frames_teams,samples/HDTF20260416_00272/frames/real/,16,
WDA_ZoeLofgren,HDTF20260416_00273,hdtf_visomaster_teams,hdtf_visomaster_cropped_frames,samples/HDTF20260416_00273/frames/real/,16,hdtf_visomaster_cropped_frames_teams,samples/HDTF20260416_00273/frames/real/,16,
WRA_DebFischer0,HDTF20260416_00274,hdtf_visomaster_teams,hdtf_visomaster_cropped_frames,samples/HDTF20260416_00274/frames/real/,16,hdtf_visomaster_cropped_frames_teams,samples/HDTF20260416_00274/frames/real/,16,
WRA_GregWalden,HDTF20260416_00275,hdtf_visomaster_teams,hdtf_visomaster_cropped_frames,samples/HDTF20260416_00275/frames/real/,16,hdtf_visomaster_cropped_frames_teams,samples/HDTF20260416_00275/frames/real/,16,
WRA_GregWalden1,HDTF20260416_00276,hdtf_visomaster_teams,hdtf_visomaster_cropped_frames,samples/HDTF20260416_00276/frames/real/,16,hdtf_visomaster_cropped_frames_teams,samples/HDTF20260416_00276/frames/real/,16,
WRA_JoniErnst1,HDTF20260416_00277,hdtf_visomaster_teams,hdtf_visomaster_cropped_frames,samples/HDTF20260416_00277/frames/real/,16,hdtf_visomaster_cropped_frames_teams,samples/HDTF20260416_00277/frames/real/,16,
WRA_MarkwayneMullin,HDTF20260416_00278,hdtf_visomaster_teams,hdtf_visomaster_cropped_frames,samples/HDTF20260416_00278/frames/real/,16,hdtf_visomaster_cropped_frames_teams,samples/HDTF20260416_00278/frames/real/,16,
WRA_MichaelSteele,HDTF20260416_00279,hdtf_visomaster_teams,hdtf_visomaster_cropped_frames,samples/HDTF20260416_00279/frames/real/,16,hdtf_visomaster_cropped_frames_teams,samples/HDTF20260416_00279/frames/real/,16,
WRA_PatRoberts,HDTF20260416_00280,hdtf_visomaster_teams,hdtf_visomaster_cropped_frames,samples/HDTF20260416_00280/frames/real/,16,hdtf_visomaster_cropped_frames_teams,samples/HDTF20260416_00280/frames/real/,16,
WRA_PeterRoskam0,HDTF20260416_00281,hdtf_visomaster_teams,hdtf_visomaster_cropped_frames,samples/HDTF20260416_00281/frames/real/,16,hdtf_visomaster_cropped_frames_teams,samples/HDTF20260416_00281/frames/real/,16,
RD_Radio14,HDTF20260416_00282,hdtf_visomaster_teams,hdtf_visomaster_cropped_frames,samples/HDTF20260416_00282/frames/real/,16,hdtf_visomaster_cropped_frames_teams,samples/HDTF20260416_00282/frames/real/,16,
RD_Radio27,HDTF20260416_00283,hdtf_visomaster_teams,hdtf_visomaster_cropped_frames,samples/HDTF20260416_00283/frames/real/,16,hdtf_visomaster_cropped_frames_teams,samples/HDTF20260416_00283/frames/real/,16,
RD_Radio36,HDTF20260416_00284,hdtf_visomaster_teams,hdtf_visomaster_cropped_frames,samples/HDTF20260416_00284/frames/real/,16,hdtf_visomaster_cropped_frames_teams,samples/HDTF20260416_00284/frames/real/,16,
RD_Radio49,HDTF20260416_00285,hdtf_visomaster_teams,hdtf_visomaster_cropped_frames,samples/HDTF20260416_00285/frames/real/,16,hdtf_visomaster_cropped_frames_teams,samples/HDTF20260416_00285/frames/real/,16,
RD_Radio53,HDTF20260416_00286,hdtf_visomaster_teams,hdtf_visomaster_cropped_frames,samples/HDTF20260416_00286/frames/real/,16,hdtf_visomaster_cropped_frames_teams,samples/HDTF20260416_00286/frames/real/,16,
WDA_JoeDonnelly,HDTF20260416_00287,hdtf_visomaster_teams,hdtf_visomaster_cropped_frames,samples/HDTF20260416_00287/frames/real/,16,hdtf_visomaster_cropped_frames_teams,samples/HDTF20260416_00287/frames/real/,16,
WDA_MazieHirono0,HDTF20260416_00288,hdtf_visomaster_teams,hdtf_visomaster_cropped_frames,samples/HDTF20260416_00288/frames/real/,16,hdtf_visomaster_cropped_frames_teams,samples/HDTF20260416_00288/frames/real/,16,
WDA_MikeThompson0,HDTF20260416_00289,hdtf_visomaster_teams,hdtf_visomaster_cropped_frames,samples/HDTF20260416_00289/frames/real/,16,hdtf_visomaster_cropped_frames_teams,samples/HDTF20260416_00289/frames/real/,16,
WDA_RichardNeal1,HDTF20260416_00290,hdtf_visomaster_teams,hdtf_visomaster_cropped_frames,samples/HDTF20260416_00290/frames/real/,16,hdtf_visomaster_cropped_frames_teams,samples/HDTF20260416_00290/frames/real/,16,
WRA_JebHensarling1,HDTF20260416_00291,hdtf_visomaster_teams,hdtf_visomaster_cropped_frames,samples/HDTF20260416_00291/frames/real/,16,hdtf_visomaster_cropped_frames_teams,samples/HDTF20260416_00291/frames/real/,16,
WRA_JohnBarrasso1,HDTF20260416_00292,hdtf_visomaster_teams,hdtf_visomaster_cropped_frames,samples/HDTF20260416_00292/frames/real/,16,hdtf_visomaster_cropped_frames_teams,samples/HDTF20260416_00292/frames/real/,16,
WRA_MikeEnzi,HDTF20260416_00293,hdtf_visomaster_teams,hdtf_visomaster_cropped_frames,samples/HDTF20260416_00293/frames/real/,16,hdtf_visomaster_cropped_frames_teams,samples/HDTF20260416_00293/frames/real/,16,
WRA_RogerWicker2,HDTF20260416_00294,hdtf_visomaster_teams,hdtf_visomaster_cropped_frames,samples/HDTF20260416_00294/frames/real/,16,hdtf_visomaster_cropped_frames_teams,samples/HDTF20260416_00294/frames/real/,16,
WRA_ShelleyMooreCapito1,HDTF20260416_00295,hdtf_visomaster_teams,hdtf_visomaster_cropped_frames,samples/HDTF20260416_00295/frames/real/,16,hdtf_visomaster_cropped_frames_teams,samples/HDTF20260416_00295/frames/real/,16,
RD_Radio16,HDTF20260416_00296,hdtf_visomaster_teams,hdtf_visomaster_cropped_frames,samples/HDTF20260416_00296/frames/real/,16,hdtf_visomaster_cropped_frames_teams,samples/HDTF20260416_00296/frames/real/,16,
RD_Radio17,HDTF20260416_00297,hdtf_visomaster_teams,hdtf_visomaster_cropped_frames,samples/HDTF20260416_00297/frames/real/,16,hdtf_visomaster_cropped_frames_teams,samples/HDTF20260416_00297/frames/real/,16,
RD_Radio31,HDTF20260416_00298,hdtf_visomaster_teams,hdtf_visomaster_cropped_frames,samples/HDTF20260416_00298/frames/real/,16,hdtf_visomaster_cropped_frames_teams,samples/HDTF20260416_00298/frames/real/,16,
RD_Radio37,HDTF20260416_00299,hdtf_visomaster_teams,hdtf_visomaster_cropped_frames,samples/HDTF20260416_00299/frames/real/,16,hdtf_visomaster_cropped_frames_teams,samples/HDTF20260416_00299/frames/real/,16,
RD_Radio41,HDTF20260416_00300,hdtf_visomaster_teams,hdtf_visomaster_cropped_frames,samples/HDTF20260416_00300/frames/real/,16,hdtf_visomaster_cropped_frames_teams,samples/HDTF20260416_00300/frames/real/,16,
RD_Radio45,HDTF20260416_00301,hdtf_visomaster_teams,hdtf_visomaster_cropped_frames,samples/HDTF20260416_00301/frames/real/,16,hdtf_visomaster_cropped_frames_teams,samples/HDTF20260416_00301/frames/real/,16,
RD_Radio49,HDTF20260416_00302,hdtf_visomaster_teams,hdtf_visomaster_cropped_frames,samples/HDTF20260416_00302/frames/real/,16,hdtf_visomaster_cropped_frames_teams,samples/HDTF20260416_00302/frames/real/,16,
WDA_AlexandriaOcasioCortez,HDTF20260416_00303,hdtf_visomaster_teams,hdtf_visomaster_cropped_frames,samples/HDTF20260416_00303/frames/real/,16,hdtf_visomaster_cropped_frames_teams,samples/HDTF20260416_00303/frames/real/,16,
WDA_BarbaraLee0,HDTF20260416_00304,hdtf_visomaster_teams,hdtf_visomaster_cropped_frames,samples/HDTF20260416_00304/frames/real/,16,hdtf_visomaster_cropped_frames_teams,samples/HDTF20260416_00304/frames/real/,16,
WDA_BenRayLujn,HDTF20260416_00305,hdtf_visomaster_teams,hdtf_visomaster_cropped_frames,samples/HDTF20260416_00305/frames/real/,16,hdtf_visomaster_cropped_frames_teams,samples/HDTF20260416_00305/frames/real/,16,
WDA_BrendaLawrence,HDTF20260416_00306,hdtf_visomaster_teams,hdtf_visomaster_cropped_frames,samples/HDTF20260416_00306/frames/real/,16,hdtf_visomaster_cropped_frames_teams,samples/HDTF20260416_00306/frames/real/,16,
WDA_CatherineCortezMasto,HDTF20260416_00307,hdtf_visomaster_teams,hdtf_visomaster_cropped_frames,samples/HDTF20260416_00307/frames/real/,16,hdtf_visomaster_cropped_frames_teams,samples/HDTF20260416_00307/frames/real/,16,
WDA_DebHaaland,HDTF20260416_00308,hdtf_visomaster_teams,hdtf_visomaster_cropped_frames,samples/HDTF20260416_00308/frames/real/,16,hdtf_visomaster_cropped_frames_teams,samples/HDTF20260416_00308/frames/real/,16,
WDA_DebbieStabenow0,HDTF20260416_00309,hdtf_visomaster_teams,hdtf_visomaster_cropped_frames,samples/HDTF20260416_00309/frames/real/,16,hdtf_visomaster_cropped_frames_teams,samples/HDTF20260416_00309/frames/real/,16,
WDA_JamesClyburn,HDTF20260416_00310,hdtf_visomaster_teams,hdtf_visomaster_cropped_frames,samples/HDTF20260416_00310/frames/real/,16,hdtf_visomaster_cropped_frames_teams,samples/HDTF20260416_00310/frames/real/,16,
WDA_JanSchakowsky0,HDTF20260416_00311,hdtf_visomaster_teams,hdtf_visomaster_cropped_frames,samples/HDTF20260416_00311/frames/real/,16,hdtf_visomaster_cropped_frames_teams,samples/HDTF20260416_00311/frames/real/,16,
WDA_JoeCrowley0,HDTF20260416_00312,hdtf_visomaster_teams,hdtf_visomaster_cropped_frames,samples/HDTF20260416_00312/frames/real/,16,hdtf_visomaster_cropped_frames_teams,samples/HDTF20260416_00312/frames/real/,16,
WDA_KarenBass,HDTF20260416_00313,hdtf_visomaster_teams,hdtf_visomaster_cropped_frames,samples/HDTF20260416_00313/frames/real/,16,hdtf_visomaster_cropped_frames_teams,samples/HDTF20260416_00313/frames/real/,16,
WDA_KathyCastor1,HDTF20260416_00315,hdtf_visomaster_teams,hdtf_visomaster_cropped_frames,samples/HDTF20260416_00315/frames/real/,16,hdtf_visomaster_cropped_frames_teams,samples/HDTF20260416_00315/frames/real/,16,
WDA_LaurenUnderwood,HDTF20260416_00316,hdtf_visomaster_teams,hdtf_visomaster_cropped_frames,samples/HDTF20260416_00316/frames/real/,16,hdtf_visomaster_cropped_frames_teams,samples/HDTF20260416_00316/frames/real/,16,
WDA_MazieHirono0,HDTF20260416_00317,hdtf_visomaster_teams,hdtf_visomaster_cropped_frames,samples/HDTF20260416_00317/frames/real/,16,hdtf_visomaster_cropped_frames_teams,samples/HDTF20260416_00317/frames/real/,16,
WDA_NancyPelosi1,HDTF20260416_00318,hdtf_visomaster_teams,hdtf_visomaster_cropped_frames,samples/HDTF20260416_00318/frames/real/,16,hdtf_visomaster_cropped_frames_teams,samples/HDTF20260416_00318/frames/real/,16,
WDA_PatrickLeahy1,HDTF20260416_00320,hdtf_visomaster_teams,hdtf_visomaster_cropped_frames,samples/HDTF20260416_00320/frames/real/,16,hdtf_visomaster_cropped_frames_teams,samples/HDTF20260416_00320/frames/real/,16,
WDA_RichardBlumenthal,HDTF20260416_00321,hdtf_visomaster_teams,hdtf_visomaster_cropped_frames,samples/HDTF20260416_00321/frames/real/,16,hdtf_visomaster_cropped_frames_teams,samples/HDTF20260416_00321/frames/real/,16,
WDA_RichardNeal1,HDTF20260416_00322,hdtf_visomaster_teams,hdtf_visomaster_cropped_frames,samples/HDTF20260416_00322/frames/real/,16,hdtf_visomaster_cropped_frames_teams,samples/HDTF20260416_00322/frames/real/,16,
WDA_SuzanDelBene,HDTF20260416_00323,hdtf_visomaster_teams,hdtf_visomaster_cropped_frames,samples/HDTF20260416_00323/frames/real/,16,hdtf_visomaster_cropped_frames_teams,samples/HDTF20260416_00323/frames/real/,16,
WDA_TedLieu,HDTF20260416_00324,hdtf_visomaster_teams,hdtf_visomaster_cropped_frames,samples/HDTF20260416_00324/frames/real/,16,hdtf_visomaster_cropped_frames_teams,samples/HDTF20260416_00324/frames/real/,16,
WDA_WhipJimClyburn,HDTF20260416_00325,hdtf_visomaster_teams,hdtf_visomaster_cropped_frames,samples/HDTF20260416_00325/frames/real/,16,hdtf_visomaster_cropped_frames_teams,samples/HDTF20260416_00325/frames/real/,16,
WRA_AdamKinzinger1,HDTF20260416_00326,hdtf_visomaster_teams,hdtf_visomaster_cropped_frames,samples/HDTF20260416_00326/frames/real/,16,hdtf_visomaster_cropped_frames_teams,samples/HDTF20260416_00326/frames/real/,16,
WRA_AustinScott0,HDTF20260416_00327,hdtf_visomaster_teams,hdtf_visomaster_cropped_frames,samples/HDTF20260416_00327/frames/real/,16,hdtf_visomaster_cropped_frames_teams,samples/HDTF20260416_00327/frames/real/,16,
WRA_CandiceMiller0,HDTF20260416_00328,hdtf_visomaster_teams,hdtf_visomaster_cropped_frames,samples/HDTF20260416_00328/frames/real/,16,hdtf_visomaster_cropped_frames_teams,samples/HDTF20260416_00328/frames/real/,16,
WRA_CathyMcMorrisRodgers2,HDTF20260416_00329,hdtf_visomaster_teams,hdtf_visomaster_cropped_frames,samples/HDTF20260416_00329/frames/real/,16,hdtf_visomaster_cropped_frames_teams,samples/HDTF20260416_00329/frames/real/,16,
WRA_DianeBlack1,HDTF20260416_00330,hdtf_visomaster_teams,hdtf_visomaster_cropped_frames,samples/HDTF20260416_00330/frames/real/,16,hdtf_visomaster_cropped_frames_teams,samples/HDTF20260416_00330/frames/real/,16,
WRA_EricCantor,HDTF20260416_00331,hdtf_visomaster_teams,hdtf_visomaster_cropped_frames,samples/HDTF20260416_00331/frames/real/,16,hdtf_visomaster_cropped_frames_teams,samples/HDTF20260416_00331/frames/real/,16,
WRA_GeorgeLeMieux,HDTF20260416_00332,hdtf_visomaster_teams,hdtf_visomaster_cropped_frames,samples/HDTF20260416_00332/frames/real/,16,hdtf_visomaster_cropped_frames_teams,samples/HDTF20260416_00332/frames/real/,16,
WRA_JebHensarling1,HDTF20260416_00333,hdtf_visomaster_teams,hdtf_visomaster_cropped_frames,samples/HDTF20260416_00333/frames/real/,16,hdtf_visomaster_cropped_frames_teams,samples/HDTF20260416_00333/frames/real/,16,
WRA_JeffFlake,HDTF20260416_00334,hdtf_visomaster_teams,hdtf_visomaster_cropped_frames,samples/HDTF20260416_00334/frames/real/,16,hdtf_visomaster_cropped_frames_teams,samples/HDTF20260416_00334/frames/real/,16,
WRA_JimRisch,HDTF20260416_00335,hdtf_visomaster_teams,hdtf_visomaster_cropped_frames,samples/HDTF20260416_00335/frames/real/,16,hdtf_visomaster_cropped_frames_teams,samples/HDTF20260416_00335/frames/real/,16,
WRA_KristiNoem1,HDTF20260416_00336,hdtf_visomaster_teams,hdtf_visomaster_cropped_frames,samples/HDTF20260416_00336/frames/real/,16,hdtf_visomaster_cropped_frames_teams,samples/HDTF20260416_00336/frames/real/,16,
WRA_ShelleyMooreCapito0,HDTF20260416_00338,hdtf_visomaster_teams,hdtf_visomaster_cropped_frames,samples/HDTF20260416_00338/frames/real/,16,hdtf_visomaster_cropped_frames_teams,samples/HDTF20260416_00338/frames/real/,16,
WRA_VickyHartzler,HDTF20260416_00339,hdtf_visomaster_teams,hdtf_visomaster_cropped_frames,samples/HDTF20260416_00339/frames/real/,16,hdtf_visomaster_cropped_frames_teams,samples/HDTF20260416_00339/frames/real/,16,
RD_Radio51,HDTF20260416_00340,hdtf_visomaster_teams,hdtf_visomaster_cropped_frames,samples/HDTF20260416_00340/frames/real/,16,hdtf_visomaster_cropped_frames_teams,samples/HDTF20260416_00340/frames/real/,16,
WDA_AndyKim,HDTF20260416_00341,hdtf_visomaster_teams,hdtf_visomaster_cropped_frames,samples/HDTF20260416_00341/frames/real/,16,hdtf_visomaster_cropped_frames_teams,samples/HDTF20260416_00341/frames/real/,16,
WDA_DickDurbin,HDTF20260416_00342,hdtf_visomaster_teams,hdtf_visomaster_cropped_frames,samples/HDTF20260416_00342/frames/real/,16,hdtf_visomaster_cropped_frames_teams,samples/HDTF20260416_00342/frames/real/,16,
WDA_LisaBluntRochester,HDTF20260416_00343,hdtf_visomaster_teams,hdtf_visomaster_cropped_frames,samples/HDTF20260416_00343/frames/real/,16,hdtf_visomaster_cropped_frames_teams,samples/HDTF20260416_00343/frames/real/,16,
WDA_MaggieHassan,HDTF20260416_00344,hdtf_visomaster_teams,hdtf_visomaster_cropped_frames,samples/HDTF20260416_00344/frames/real/,16,hdtf_visomaster_cropped_frames_teams,samples/HDTF20260416_00344/frames/real/,16,
WDA_MichaelBennet,HDTF20260416_00345,hdtf_visomaster_teams,hdtf_visomaster_cropped_frames,samples/HDTF20260416_00345/frames/real/,16,hdtf_visomaster_cropped_frames_teams,samples/HDTF20260416_00345/frames/real/,16,
WDA_PattyMurray0,HDTF20260416_00346,hdtf_visomaster_teams,hdtf_visomaster_cropped_frames,samples/HDTF20260416_00346/frames/real/,16,hdtf_visomaster_cropped_frames_teams,samples/HDTF20260416_00346/frames/real/,16,
WDA_SeanCasten,HDTF20260416_00347,hdtf_visomaster_teams,hdtf_visomaster_cropped_frames,samples/HDTF20260416_00347/frames/real/,16,hdtf_visomaster_cropped_frames_teams,samples/HDTF20260416_00347/frames/real/,16,
WDA_TammyDuckworth,HDTF20260416_00348,hdtf_visomaster_teams,hdtf_visomaster_cropped_frames,samples/HDTF20260416_00348/frames/real/,16,hdtf_visomaster_cropped_frames_teams,samples/HDTF20260416_00348/frames/real/,16,
WDA_TedDeutch,HDTF20260416_00349,hdtf_visomaster_teams,hdtf_visomaster_cropped_frames,samples/HDTF20260416_00349/frames/real/,16,hdtf_visomaster_cropped_frames_teams,samples/HDTF20260416_00349/frames/real/,16,
WRA_JohnKasich3,HDTF20260416_00350,hdtf_visomaster_teams,hdtf_visomaster_cropped_frames,samples/HDTF20260416_00350/frames/real/,16,hdtf_visomaster_cropped_frames_teams,samples/HDTF20260416_00350/frames/real/,16,
WRA_KayBaileyHutchison,HDTF20260416_00351,hdtf_visomaster_teams,hdtf_visomaster_cropped_frames,samples/HDTF20260416_00351/frames/real/,16,hdtf_visomaster_cropped_frames_teams,samples/HDTF20260416_00351/frames/real/,16,
WRA_MitchDaniels0,HDTF20260416_00352,hdtf_visomaster_teams,hdtf_visomaster_cropped_frames,samples/HDTF20260416_00352/frames/real/,16,hdtf_visomaster_cropped_frames_teams,samples/HDTF20260416_00352/frames/real/,16,
WRA_TimScott,HDTF20260416_00354,hdtf_visomaster_teams,hdtf_visomaster_cropped_frames,samples/HDTF20260416_00354/frames/real/,16,hdtf_visomaster_cropped_frames_teams,samples/HDTF20260416_00354/frames/real/,16,
RD_Radio12,HDTF20260416_00355,hdtf_visomaster_teams,hdtf_visomaster_cropped_frames,samples/HDTF20260416_00355/frames/real/,16,hdtf_visomaster_cropped_frames_teams,samples/HDTF20260416_00355/frames/real/,16,
RD_Radio59,HDTF20260416_00356,hdtf_visomaster_teams,hdtf_visomaster_cropped_frames,samples/HDTF20260416_00356/frames/real/,16,hdtf_visomaster_cropped_frames_teams,samples/HDTF20260416_00356/frames/real/,16,
RD_Radio8,HDTF20260416_00357,hdtf_visomaster_teams,hdtf_visomaster_cropped_frames,samples/HDTF20260416_00357/frames/real/,16,hdtf_visomaster_cropped_frames_teams,samples/HDTF20260416_00357/frames/real/,16,
WDA_AmyKlobuchar0,HDTF20260416_00358,hdtf_visomaster_teams,hdtf_visomaster_cropped_frames,samples/HDTF20260416_00358/frames/real/,16,hdtf_visomaster_cropped_frames_teams,samples/HDTF20260416_00358/frames/real/,16,
WDA_AndyLevin,HDTF20260416_00359,hdtf_visomaster_teams,hdtf_visomaster_cropped_frames,samples/HDTF20260416_00359/frames/real/,16,hdtf_visomaster_cropped_frames_teams,samples/HDTF20260416_00359/frames/real/,16,
WDA_CedricRichmond,HDTF20260416_00360,hdtf_visomaster_teams,hdtf_visomaster_cropped_frames,samples/HDTF20260416_00360/frames/real/,16,hdtf_visomaster_cropped_frames_teams,samples/HDTF20260416_00360/frames/real/,16,
WDA_ChrisMurphy1,HDTF20260416_00361,hdtf_visomaster_teams,hdtf_visomaster_cropped_frames,samples/HDTF20260416_00361/frames/real/,16,hdtf_visomaster_cropped_frames_teams,samples/HDTF20260416_00361/frames/real/,16,
WDA_PeterDeFazio,HDTF20260416_00363,hdtf_visomaster_teams,hdtf_visomaster_cropped_frames,samples/HDTF20260416_00363/frames/real/,16,hdtf_visomaster_cropped_frames_teams,samples/HDTF20260416_00363/frames/real/,16,
WDA_TammyBaldwin1,HDTF20260416_00364,hdtf_visomaster_teams,hdtf_visomaster_cropped_frames,samples/HDTF20260416_00364/frames/real/,16,hdtf_visomaster_cropped_frames_teams,samples/HDTF20260416_00364/frames/real/,16,
WRA_JohnKasich1,HDTF20260416_00366,hdtf_visomaster_teams,hdtf_visomaster_cropped_frames,samples/HDTF20260416_00366/frames/real/,16,hdtf_visomaster_cropped_frames_teams,samples/HDTF20260416_00366/frames/real/,16,
WRA_PeteHoekstra,HDTF20260416_00368,hdtf_visomaster_teams,hdtf_visomaster_cropped_frames,samples/HDTF20260416_00368/frames/real/,16,hdtf_visomaster_cropped_frames_teams,samples/HDTF20260416_00368/frames/real/,16,
WRA_TomCotton,HDTF20260416_00369,hdtf_visomaster_teams,hdtf_visomaster_cropped_frames,samples/HDTF20260416_00369/frames/real/,16,hdtf_visomaster_cropped_frames_teams,samples/HDTF20260416_00369/frames/real/,16,
WDA_BarbaraLee1,HDTF20260416_00371,hdtf_visomaster_teams,hdtf_visomaster_cropped_frames,samples/HDTF20260416_00371/frames/real/,16,hdtf_visomaster_cropped_frames_teams,samples/HDTF20260416_00371/frames/real/,16,
WDA_DavidCicilline,HDTF20260416_00373,hdtf_visomaster_teams,hdtf_visomaster_cropped_frames,samples/HDTF20260416_00373/frames/real/,16,hdtf_visomaster_cropped_frames_teams,samples/HDTF20260416_00373/frames/real/,16,
WDA_DebbieDingell1,HDTF20260416_00374,hdtf_visomaster_teams,hdtf_visomaster_cropped_frames,samples/HDTF20260416_00374/frames/real/,16,hdtf_visomaster_cropped_frames_teams,samples/HDTF20260416_00374/frames/real/,16,
WDA_DebbieWassermanSchultz,HDTF20260416_00375,hdtf_visomaster_teams,hdtf_visomaster_cropped_frames,samples/HDTF20260416_00375/frames/real/,16,hdtf_visomaster_cropped_frames_teams,samples/HDTF20260416_00375/frames/real/,16,
WDA_EricSwalwell,HDTF20260416_00376,hdtf_visomaster_teams,hdtf_visomaster_cropped_frames,samples/HDTF20260416_00376/frames/real/,16,hdtf_visomaster_cropped_frames_teams,samples/HDTF20260416_00376/frames/real/,16,
WDA_JohnSarbanes1,HDTF20260416_00377,hdtf_visomaster_teams,hdtf_visomaster_cropped_frames,samples/HDTF20260416_00377/frames/real/,16,hdtf_visomaster_cropped_frames_teams,samples/HDTF20260416_00377/frames/real/,16,
WRA_CarlyFiorina0,HDTF20260416_00379,hdtf_visomaster_teams,hdtf_visomaster_cropped_frames,samples/HDTF20260416_00379/frames/real/,16,hdtf_visomaster_cropped_frames_teams,samples/HDTF20260416_00379/frames/real/,16,
WRA_JebHensarling2,HDTF20260416_00380,hdtf_visomaster_teams,hdtf_visomaster_cropped_frames,samples/HDTF20260416_00380/frames/real/,16,hdtf_visomaster_cropped_frames_teams,samples/HDTF20260416_00380/frames/real/,16,
WRA_JoeHeck1,HDTF20260416_00381,hdtf_visomaster_teams,hdtf_visomaster_cropped_frames,samples/HDTF20260416_00381/frames/real/,16,hdtf_visomaster_cropped_frames_teams,samples/HDTF20260416_00381/frames/real/,16,
WRA_LamarAlexander0,HDTF20260416_00382,hdtf_visomaster_teams,hdtf_visomaster_cropped_frames,samples/HDTF20260416_00382/frames/real/,16,hdtf_visomaster_cropped_frames_teams,samples/HDTF20260416_00382/frames/real/,16,
WRA_NanHayworth,HDTF20260416_00383,hdtf_visomaster_teams,hdtf_visomaster_cropped_frames,samples/HDTF20260416_00383/frames/real/,16,hdtf_visomaster_cropped_frames_teams,samples/HDTF20260416_00383/frames/real/,16,
WRA_RichardShelby,HDTF20260416_00384,hdtf_visomaster_teams,hdtf_visomaster_cropped_frames,samples/HDTF20260416_00384/frames/real/,16,hdtf_visomaster_cropped_frames_teams,samples/HDTF20260416_00384/frames/real/,16,
RD_Radio33,HDTF20260416_00385,hdtf_visomaster_teams,hdtf_visomaster_cropped_frames,samples/HDTF20260416_00385/frames/real/,16,hdtf_visomaster_cropped_frames_teams,samples/HDTF20260416_00385/frames/real/,16,
RD_Radio36,HDTF20260416_00386,hdtf_visomaster_teams,hdtf_visomaster_cropped_frames,samples/HDTF20260416_00386/frames/real/,16,hdtf_visomaster_cropped_frames_teams,samples/HDTF20260416_00386/frames/real/,16,
RD_Radio53,HDTF20260416_00387,hdtf_visomaster_teams,hdtf_visomaster_cropped_frames,samples/HDTF20260416_00387/frames/real/,16,hdtf_visomaster_cropped_frames_teams,samples/HDTF20260416_00387/frames/real/,16,
WDA_DebbieStabenow1,HDTF20260416_00388,hdtf_visomaster_teams,hdtf_visomaster_cropped_frames,samples/HDTF20260416_00388/frames/real/,16,hdtf_visomaster_cropped_frames_teams,samples/HDTF20260416_00388/frames/real/,16,
WDA_JonTester1,HDTF20260416_00389,hdtf_visomaster_teams,hdtf_visomaster_cropped_frames,samples/HDTF20260416_00389/frames/real/,16,hdtf_visomaster_cropped_frames_teams,samples/HDTF20260416_00389/frames/real/,16,
WDA_KatieHill,HDTF20260416_00390,hdtf_visomaster_teams,hdtf_visomaster_cropped_frames,samples/HDTF20260416_00390/frames/real/,16,hdtf_visomaster_cropped_frames_teams,samples/HDTF20260416_00390/frames/real/,16,
WDA_MikeThompson0,HDTF20260416_00391,hdtf_visomaster_teams,hdtf_visomaster_cropped_frames,samples/HDTF20260416_00391/frames/real/,16,hdtf_visomaster_cropped_frames_teams,samples/HDTF20260416_00391/frames/real/,16,
WDA_ScottPeters0,HDTF20260416_00392,hdtf_visomaster_teams,hdtf_visomaster_cropped_frames,samples/HDTF20260416_00392/frames/real/,16,hdtf_visomaster_cropped_frames_teams,samples/HDTF20260416_00392/frames/real/,16,
WRA_GregWalden,HDTF20260416_00394,hdtf_visomaster_teams,hdtf_visomaster_cropped_frames,samples/HDTF20260416_00394/frames/real/,16,hdtf_visomaster_cropped_frames_teams,samples/HDTF20260416_00394/frames/real/,16,
WRA_JebHensarling0,HDTF20260416_00395,hdtf_visomaster_teams,hdtf_visomaster_cropped_frames,samples/HDTF20260416_00395/frames/real/,16,hdtf_visomaster_cropped_frames_teams,samples/HDTF20260416_00395/frames/real/,16,
WRA_MikeEnzi,HDTF20260416_00396,hdtf_visomaster_teams,hdtf_visomaster_cropped_frames,samples/HDTF20260416_00396/frames/real/,16,hdtf_visomaster_cropped_frames_teams,samples/HDTF20260416_00396/frames/real/,16,
WRA_PatRoberts,HDTF20260416_00397,hdtf_visomaster_teams,hdtf_visomaster_cropped_frames,samples/HDTF20260416_00397/frames/real/,16,hdtf_visomaster_cropped_frames_teams,samples/HDTF20260416_00397/frames/real/,16,
WRA_PeterRoskam0,HDTF20260416_00398,hdtf_visomaster_teams,hdtf_visomaster_cropped_frames,samples/HDTF20260416_00398/frames/real/,16,hdtf_visomaster_cropped_frames_teams,samples/HDTF20260416_00398/frames/real/,16,
RD_Radio29,HDTF20260416_00400,hdtf_visomaster_teams,hdtf_visomaster_cropped_frames,samples/HDTF20260416_00400/frames/real/,16,hdtf_visomaster_cropped_frames_teams,samples/HDTF20260416_00400/frames/real/,16,
RD_Radio57,HDTF20260416_00401,hdtf_visomaster_teams,hdtf_visomaster_cropped_frames,samples/HDTF20260416_00401/frames/real/,16,hdtf_visomaster_cropped_frames_teams,samples/HDTF20260416_00401/frames/real/,16,
WDA_BernieSanders,HDTF20260416_00402,hdtf_visomaster_teams,hdtf_visomaster_cropped_frames,samples/HDTF20260416_00402/frames/real/,16,hdtf_visomaster_cropped_frames_teams,samples/HDTF20260416_00402/frames/real/,16,
WDA_BillRichardson,HDTF20260416_00403,hdtf_visomaster_teams,hdtf_visomaster_cropped_frames,samples/HDTF20260416_00403/frames/real/,16,hdtf_visomaster_cropped_frames_teams,samples/HDTF20260416_00403/frames/real/,16,
WDA_JoeKennedy,HDTF20260416_00404,hdtf_visomaster_teams,hdtf_visomaster_cropped_frames,samples/HDTF20260416_00404/frames/real/,16,hdtf_visomaster_cropped_frames_teams,samples/HDTF20260416_00404/frames/real/,16,
WDA_KirstenGillibrand,HDTF20260416_00405,hdtf_visomaster_teams,hdtf_visomaster_cropped_frames,samples/HDTF20260416_00405/frames/real/,16,hdtf_visomaster_cropped_frames_teams,samples/HDTF20260416_00405/frames/real/,16,
WDA_LucyMcBath,HDTF20260416_00406,hdtf_visomaster_teams,hdtf_visomaster_cropped_frames,samples/HDTF20260416_00406/frames/real/,16,hdtf_visomaster_cropped_frames_teams,samples/HDTF20260416_00406/frames/real/,16,
WDA_StenyHoyer,HDTF20260416_00407,hdtf_visomaster_teams,hdtf_visomaster_cropped_frames,samples/HDTF20260416_00407/frames/real/,16,hdtf_visomaster_cropped_frames_teams,samples/HDTF20260416_00407/frames/real/,16,
WDA_ZoeLofgren,HDTF20260416_00408,hdtf_visomaster_teams,hdtf_visomaster_cropped_frames,samples/HDTF20260416_00408/frames/real/,16,hdtf_visomaster_cropped_frames_teams,samples/HDTF20260416_00408/frames/real/,16,
WRA_CathyMcMorrisRodgers1,HDTF20260416_00409,hdtf_visomaster_teams,hdtf_visomaster_cropped_frames,samples/HDTF20260416_00409/frames/real/,16,hdtf_visomaster_cropped_frames_teams,samples/HDTF20260416_00409/frames/real/,16,
WRA_DebFischer0,HDTF20260416_00410,hdtf_visomaster_teams,hdtf_visomaster_cropped_frames,samples/HDTF20260416_00410/frames/real/,16,hdtf_visomaster_cropped_frames_teams,samples/HDTF20260416_00410/frames/real/,16,
WRA_ErikPaulsen,HDTF20260416_00411,hdtf_visomaster_teams,hdtf_visomaster_cropped_frames,samples/HDTF20260416_00411/frames/real/,16,hdtf_visomaster_cropped_frames_teams,samples/HDTF20260416_00411/frames/real/,16,
WRA_JoniErnst1,HDTF20260416_00413,hdtf_visomaster_teams,hdtf_visomaster_cropped_frames,samples/HDTF20260416_00413/frames/real/,16,hdtf_visomaster_cropped_frames_teams,samples/HDTF20260416_00413/frames/real/,16,
WRA_KevinBrady,HDTF20260416_00414,hdtf_visomaster_teams,hdtf_visomaster_cropped_frames,samples/HDTF20260416_00414/frames/real/,16,hdtf_visomaster_cropped_frames_teams,samples/HDTF20260416_00414/frames/real/,16,
RD_Radio26,HDTF20260416_00416,hdtf_visomaster_teams,hdtf_visomaster_cropped_frames,samples/HDTF20260416_00416/frames/real/,16,hdtf_visomaster_cropped_frames_teams,samples/HDTF20260416_00416/frames/real/,16,
RD_Radio9,HDTF20260416_00417,hdtf_visomaster_teams,hdtf_visomaster_cropped_frames,samples/HDTF20260416_00417/frames/real/,16,hdtf_visomaster_cropped_frames_teams,samples/HDTF20260416_00417/frames/real/,16,
WDA_DonaldMcEachin,HDTF20260416_00418,hdtf_visomaster_teams,hdtf_visomaster_cropped_frames,samples/HDTF20260416_00418/frames/real/,16,hdtf_visomaster_cropped_frames_teams,samples/HDTF20260416_00418/frames/real/,16,
WDA_DonnaShalala1,HDTF20260416_00419,hdtf_visomaster_teams,hdtf_visomaster_cropped_frames,samples/HDTF20260416_00419/frames/real/,16,hdtf_visomaster_cropped_frames_teams,samples/HDTF20260416_00419/frames/real/,16,
WDA_EdMarkey0,HDTF20260416_00420,hdtf_visomaster_teams,hdtf_visomaster_cropped_frames,samples/HDTF20260416_00420/frames/real/,16,hdtf_visomaster_cropped_frames_teams,samples/HDTF20260416_00420/frames/real/,16,
WDA_GerryConnolly,HDTF20260416_00421,hdtf_visomaster_teams,hdtf_visomaster_cropped_frames,samples/HDTF20260416_00421/frames/real/,16,hdtf_visomaster_cropped_frames_teams,samples/HDTF20260416_00421/frames/real/,16,
WDA_MichelleObama,HDTF20260416_00423,hdtf_visomaster_teams,hdtf_visomaster_cropped_frames,samples/HDTF20260416_00423/frames/real/,16,hdtf_visomaster_cropped_frames_teams,samples/HDTF20260416_00423/frames/real/,16,
WRA_AllenWest,HDTF20260416_00425,hdtf_visomaster_teams,hdtf_visomaster_cropped_frames,samples/HDTF20260416_00425/frames/real/,16,hdtf_visomaster_cropped_frames_teams,samples/HDTF20260416_00425/frames/real/,16,
WRA_DanSullivan,HDTF20260416_00426,hdtf_visomaster_teams,hdtf_visomaster_cropped_frames,samples/HDTF20260416_00426/frames/real/,16,hdtf_visomaster_cropped_frames_teams,samples/HDTF20260416_00426/frames/real/,16,
RD_Radio48,HDTF20260416_00429,hdtf_visomaster_teams,hdtf_visomaster_cropped_frames,samples/HDTF20260416_00429/frames/real/,16,hdtf_visomaster_cropped_frames_teams,samples/HDTF20260416_00429/frames/real/,16,
WDA_EliotEngel,HDTF20260416_00433,hdtf_visomaster_teams,hdtf_visomaster_cropped_frames,samples/HDTF20260416_00433/frames/real/,16,hdtf_visomaster_cropped_frames_teams,samples/HDTF20260416_00433/frames/real/,16,
WDA_FrankPallone1,HDTF20260416_00434,hdtf_visomaster_teams,hdtf_visomaster_cropped_frames,samples/HDTF20260416_00434/frames/real/,16,hdtf_visomaster_cropped_frames_teams,samples/HDTF20260416_00434/frames/real/,16,
WDA_NancyPelosi0,HDTF20260416_00435,hdtf_visomaster_teams,hdtf_visomaster_cropped_frames,samples/HDTF20260416_00435/frames/real/,16,hdtf_visomaster_cropped_frames_teams,samples/HDTF20260416_00435/frames/real/,16,
WDA_TerriSewell0,HDTF20260416_00436,hdtf_visomaster_teams,hdtf_visomaster_cropped_frames,samples/HDTF20260416_00436/frames/real/,16,hdtf_visomaster_cropped_frames_teams,samples/HDTF20260416_00436/frames/real/,16,
WRA_CarlyFiorina,HDTF20260416_00438,hdtf_visomaster_teams,hdtf_visomaster_cropped_frames,samples/HDTF20260416_00438/frames/real/,16,hdtf_visomaster_cropped_frames_teams,samples/HDTF20260416_00438/frames/real/,16,
WRA_CoryGardner,HDTF20260416_00439,hdtf_visomaster_teams,hdtf_visomaster_cropped_frames,samples/HDTF20260416_00439/frames/real/,16,hdtf_visomaster_cropped_frames_teams,samples/HDTF20260416_00439/frames/real/,16,
WRA_DavidVitter,HDTF20260416_00440,hdtf_visomaster_teams,hdtf_visomaster_cropped_frames,samples/HDTF20260416_00440/frames/real/,16,hdtf_visomaster_cropped_frames_teams,samples/HDTF20260416_00440/frames/real/,16,
WRA_JoniErnst0,HDTF20260416_00441,hdtf_visomaster_teams,hdtf_visomaster_cropped_frames,samples/HDTF20260416_00441/frames/real/,16,hdtf_visomaster_cropped_frames_teams,samples/HDTF20260416_00441/frames/real/,16,
WRA_MarshaBlackburn0,HDTF20260416_00442,hdtf_visomaster_teams,hdtf_visomaster_cropped_frames,samples/HDTF20260416_00442/frames/real/,16,hdtf_visomaster_cropped_frames_teams,samples/HDTF20260416_00442/frames/real/,16,
RD_Radio1,HDTF20260416_00444,hdtf_visomaster_teams,hdtf_visomaster_cropped_frames,samples/HDTF20260416_00444/frames/real/,16,hdtf_visomaster_cropped_frames_teams,samples/HDTF20260416_00444/frames/real/,16,
RD_Radio11,HDTF20260416_00445,hdtf_visomaster_teams,hdtf_visomaster_cropped_frames,samples/HDTF20260416_00445/frames/real/,16,hdtf_visomaster_cropped_frames_teams,samples/HDTF20260416_00445/frames/real/,16,
RD_Radio22,HDTF20260416_00446,hdtf_visomaster_teams,hdtf_visomaster_cropped_frames,samples/HDTF20260416_00446/frames/real/,16,hdtf_visomaster_cropped_frames_teams,samples/HDTF20260416_00446/frames/real/,16,
RD_Radio37,HDTF20260416_00447,hdtf_visomaster_teams,hdtf_visomaster_cropped_frames,samples/HDTF20260416_00447/frames/real/,16,hdtf_visomaster_cropped_frames_teams,samples/HDTF20260416_00447/frames/real/,16,
RD_Radio4,HDTF20260416_00448,hdtf_visomaster_teams,hdtf_visomaster_cropped_frames,samples/HDTF20260416_00448/frames/real/,16,hdtf_visomaster_cropped_frames_teams,samples/HDTF20260416_00448/frames/real/,16,
RD_Radio41,HDTF20260416_00449,hdtf_visomaster_teams,hdtf_visomaster_cropped_frames,samples/HDTF20260416_00449/frames/real/,16,hdtf_visomaster_cropped_frames_teams,samples/HDTF20260416_00449/frames/real/,16,
RD_Radio42,HDTF20260416_00450,hdtf_visomaster_teams,hdtf_visomaster_cropped_frames,samples/HDTF20260416_00450/frames/real/,16,hdtf_visomaster_cropped_frames_teams,samples/HDTF20260416_00450/frames/real/,16,
RD_Radio43,HDTF20260416_00451,hdtf_visomaster_teams,hdtf_visomaster_cropped_frames,samples/HDTF20260416_00451/frames/real/,16,hdtf_visomaster_cropped_frames_teams,samples/HDTF20260416_00451/frames/real/,16,
RD_Radio50,HDTF20260416_00452,hdtf_visomaster_teams,hdtf_visomaster_cropped_frames,samples/HDTF20260416_00452/frames/real/,16,hdtf_visomaster_cropped_frames_teams,samples/HDTF20260416_00452/frames/real/,16,
RD_Radio57,HDTF20260416_00453,hdtf_visomaster_teams,hdtf_visomaster_cropped_frames,samples/HDTF20260416_00453/frames/real/,16,hdtf_visomaster_cropped_frames_teams,samples/HDTF20260416_00453/frames/real/,16,
RD_Radio7,HDTF20260416_00454,hdtf_visomaster_teams,hdtf_visomaster_cropped_frames,samples/HDTF20260416_00454/frames/real/,16,hdtf_visomaster_cropped_frames_teams,samples/HDTF20260416_00454/frames/real/,16,
WDA_AnnieKuster,HDTF20260416_00455,hdtf_visomaster_teams,hdtf_visomaster_cropped_frames,samples/HDTF20260416_00455/frames/real/,16,hdtf_visomaster_cropped_frames_teams,samples/HDTF20260416_00455/frames/real/,16,
WDA_BernieSanders,HDTF20260416_00456,hdtf_visomaster_teams,hdtf_visomaster_cropped_frames,samples/HDTF20260416_00456/frames/real/,16,hdtf_visomaster_cropped_frames_teams,samples/HDTF20260416_00456/frames/real/,16,
WDA_BettyMcCollum,HDTF20260416_00457,hdtf_visomaster_teams,hdtf_visomaster_cropped_frames,samples/HDTF20260416_00457/frames/real/,16,hdtf_visomaster_cropped_frames_teams,samples/HDTF20260416_00457/frames/real/,16,
WDA_BillRichardson,HDTF20260416_00458,hdtf_visomaster_teams,hdtf_visomaster_cropped_frames,samples/HDTF20260416_00458/frames/real/,16,hdtf_visomaster_cropped_frames_teams,samples/HDTF20260416_00458/frames/real/,16,
WDA_BobMenendez,HDTF20260416_00459,hdtf_visomaster_teams,hdtf_visomaster_cropped_frames,samples/HDTF20260416_00459/frames/real/,16,hdtf_visomaster_cropped_frames_teams,samples/HDTF20260416_00459/frames/real/,16,
WDA_BradSchneider,HDTF20260416_00460,hdtf_visomaster_teams,hdtf_visomaster_cropped_frames,samples/HDTF20260416_00460/frames/real/,16,hdtf_visomaster_cropped_frames_teams,samples/HDTF20260416_00460/frames/real/,16,
WDA_BrendaLawrence,HDTF20260416_00461,hdtf_visomaster_teams,hdtf_visomaster_cropped_frames,samples/HDTF20260416_00461/frames/real/,16,hdtf_visomaster_cropped_frames_teams,samples/HDTF20260416_00461/frames/real/,16,
WDA_BrianSchatz2,HDTF20260416_00462,hdtf_visomaster_teams,hdtf_visomaster_cropped_frames,samples/HDTF20260416_00462/frames/real/,16,hdtf_visomaster_cropped_frames_teams,samples/HDTF20260416_00462/frames/real/,16,
WDA_ByronDorgan1,HDTF20260416_00463,hdtf_visomaster_teams,hdtf_visomaster_cropped_frames,samples/HDTF20260416_00463/frames/real/,16,hdtf_visomaster_cropped_frames_teams,samples/HDTF20260416_00463/frames/real/,16,
WDA_DianaDeGette0,HDTF20260416_00464,hdtf_visomaster_teams,hdtf_visomaster_cropped_frames,samples/HDTF20260416_00464/frames/real/,16,hdtf_visomaster_cropped_frames_teams,samples/HDTF20260416_00464/frames/real/,16,
WDA_JoeNeguse,HDTF20260416_00465,hdtf_visomaster_teams,hdtf_visomaster_cropped_frames,samples/HDTF20260416_00465/frames/real/,16,hdtf_visomaster_cropped_frames_teams,samples/HDTF20260416_00465/frames/real/,16,
WDA_KarenBass,HDTF20260416_00467,hdtf_visomaster_teams,hdtf_visomaster_cropped_frames,samples/HDTF20260416_00467/frames/real/,16,hdtf_visomaster_cropped_frames_teams,samples/HDTF20260416_00467/frames/real/,16,
WDA_LaurenUnderwood,HDTF20260416_00468,hdtf_visomaster_teams,hdtf_visomaster_cropped_frames,samples/HDTF20260416_00468/frames/real/,16,hdtf_visomaster_cropped_frames_teams,samples/HDTF20260416_00468/frames/real/,16,
WDA_LloydDoggett1,HDTF20260416_00469,hdtf_visomaster_teams,hdtf_visomaster_cropped_frames,samples/HDTF20260416_00469/frames/real/,16,hdtf_visomaster_cropped_frames_teams,samples/HDTF20260416_00469/frames/real/,16,
WDA_MartinHeinrich,HDTF20260416_00470,hdtf_visomaster_teams,hdtf_visomaster_cropped_frames,samples/HDTF20260416_00470/frames/real/,16,hdtf_visomaster_cropped_frames_teams,samples/HDTF20260416_00470/frames/real/,16,
WDA_SheldonWhitehouse0,HDTF20260416_00471,hdtf_visomaster_teams,hdtf_visomaster_cropped_frames,samples/HDTF20260416_00471/frames/real/,16,hdtf_visomaster_cropped_frames_teams,samples/HDTF20260416_00471/frames/real/,16,
WDA_SherrodBrown1,HDTF20260416_00472,hdtf_visomaster_teams,hdtf_visomaster_cropped_frames,samples/HDTF20260416_00472/frames/real/,16,hdtf_visomaster_cropped_frames_teams,samples/HDTF20260416_00472/frames/real/,16,
WDA_TomPerez,HDTF20260416_00473,hdtf_visomaster_teams,hdtf_visomaster_cropped_frames,samples/HDTF20260416_00473/frames/real/,16,hdtf_visomaster_cropped_frames_teams,samples/HDTF20260416_00473/frames/real/,16,
WRA_CoryGardner0,HDTF20260416_00475,hdtf_visomaster_teams,hdtf_visomaster_cropped_frames,samples/HDTF20260416_00475/frames/real/,16,hdtf_visomaster_cropped_frames_teams,samples/HDTF20260416_00475/frames/real/,16,
WRA_DanNewhouse,HDTF20260416_00476,hdtf_visomaster_teams,hdtf_visomaster_cropped_frames,samples/HDTF20260416_00476/frames/real/,16,hdtf_visomaster_cropped_frames_teams,samples/HDTF20260416_00476/frames/real/,16,
WRA_JohnBarrasso0,HDTF20260416_00479,hdtf_visomaster_teams,hdtf_visomaster_cropped_frames,samples/HDTF20260416_00479/frames/real/,16,hdtf_visomaster_cropped_frames_teams,samples/HDTF20260416_00479/frames/real/,16,
WRA_JohnThune,HDTF20260416_00480,hdtf_visomaster_teams,hdtf_visomaster_cropped_frames,samples/HDTF20260416_00480/frames/real/,16,hdtf_visomaster_cropped_frames_teams,samples/HDTF20260416_00480/frames/real/,16,
WRA_MikeJohanns1,HDTF20260416_00482,hdtf_visomaster_teams,hdtf_visomaster_cropped_frames,samples/HDTF20260416_00482/frames/real/,16,hdtf_visomaster_cropped_frames_teams,samples/HDTF20260416_00482/frames/real/,16,
WRA_MitchDaniels1,HDTF20260416_00483,hdtf_visomaster_teams,hdtf_visomaster_cropped_frames,samples/HDTF20260416_00483/frames/real/,16,hdtf_visomaster_cropped_frames_teams,samples/HDTF20260416_00483/frames/real/,16,
WRA_RoyBlunt,HDTF20260416_00484,hdtf_visomaster_teams,hdtf_visomaster_cropped_frames,samples/HDTF20260416_00484/frames/real/,16,hdtf_visomaster_cropped_frames_teams,samples/HDTF20260416_00484/frames/real/,16,
WRA_SamBrownback,HDTF20260416_00485,hdtf_visomaster_teams,hdtf_visomaster_cropped_frames,samples/HDTF20260416_00485/frames/real/,16,hdtf_visomaster_cropped_frames_teams,samples/HDTF20260416_00485/frames/real/,16,
WRA_SaxbyChambliss,HDTF20260416_00486,hdtf_visomaster_teams,hdtf_visomaster_cropped_frames,samples/HDTF20260416_00486/frames/real/,16,hdtf_visomaster_cropped_frames_teams,samples/HDTF20260416_00486/frames/real/,16,
RD_Radio49,HDTF20260416_00488,hdtf_visomaster_teams,hdtf_visomaster_cropped_frames,samples/HDTF20260416_00488/frames/real/,16,hdtf_visomaster_cropped_frames_teams,samples/HDTF20260416_00488/frames/real/,16,
WDA_MazieHirono0,HDTF20260416_00490,hdtf_visomaster_teams,hdtf_visomaster_cropped_frames,samples/HDTF20260416_00490/frames/real/,16,hdtf_visomaster_cropped_frames_teams,samples/HDTF20260416_00490/frames/real/,16,
WDA_PatrickLeahy1,HDTF20260416_00491,hdtf_visomaster_teams,hdtf_visomaster_cropped_frames,samples/HDTF20260416_00491/frames/real/,16,hdtf_visomaster_cropped_frames_teams,samples/HDTF20260416_00491/frames/real/,16,
WDA_PeterDeFazio,HDTF20260416_00492,hdtf_visomaster_teams,hdtf_visomaster_cropped_frames,samples/HDTF20260416_00492/frames/real/,16,hdtf_visomaster_cropped_frames_teams,samples/HDTF20260416_00492/frames/real/,16,
WDA_RichardNeal1,HDTF20260416_00493,hdtf_visomaster_teams,hdtf_visomaster_cropped_frames,samples/HDTF20260416_00493/frames/real/,16,hdtf_visomaster_cropped_frames_teams,samples/HDTF20260416_00493/frames/real/,16,
WDA_TammyBaldwin1,HDTF20260416_00494,hdtf_visomaster_teams,hdtf_visomaster_cropped_frames,samples/HDTF20260416_00494/frames/real/,16,hdtf_visomaster_cropped_frames_teams,samples/HDTF20260416_00494/frames/real/,16,
WRA_AustinScott0,HDTF20260416_00496,hdtf_visomaster_teams,hdtf_visomaster_cropped_frames,samples/HDTF20260416_00496/frames/real/,16,hdtf_visomaster_cropped_frames_teams,samples/HDTF20260416_00496/frames/real/,16,
WRA_JebHensarling0,HDTF20260416_00497,hdtf_visomaster_teams,hdtf_visomaster_cropped_frames,samples/HDTF20260416_00497/frames/real/,16,hdtf_visomaster_cropped_frames_teams,samples/HDTF20260416_00497/frames/real/,16,
WRA_JebHensarling1,HDTF20260416_00498,hdtf_visomaster_teams,hdtf_visomaster_cropped_frames,samples/HDTF20260416_00498/frames/real/,16,hdtf_visomaster_cropped_frames_teams,samples/HDTF20260416_00498/frames/real/,16,
WRA_JohnKasich1,HDTF20260416_00499,hdtf_visomaster_teams,hdtf_visomaster_cropped_frames,samples/HDTF20260416_00499/frames/real/,16,hdtf_visomaster_cropped_frames_teams,samples/HDTF20260416_00499/frames/real/,16,
WRA_KevinMcCarthy0,HDTF20260416_00500,hdtf_visomaster_teams,hdtf_visomaster_cropped_frames,samples/HDTF20260416_00500/frames/real/,16,hdtf_visomaster_cropped_frames_teams,samples/HDTF20260416_00500/frames/real/,16,
WRA_PeteHoekstra,HDTF20260416_00501,hdtf_visomaster_teams,hdtf_visomaster_cropped_frames,samples/HDTF20260416_00501/frames/real/,16,hdtf_visomaster_cropped_frames_teams,samples/HDTF20260416_00501/frames/real/,16,
WRA_VickyHartzler,HDTF20260416_00502,hdtf_visomaster_teams,hdtf_visomaster_cropped_frames,samples/HDTF20260416_00502/frames/real/,16,hdtf_visomaster_cropped_frames_teams,samples/HDTF20260416_00502/frames/real/,16,
RD_Radio16,HDTF20260416_00503,hdtf_visomaster_teams,hdtf_visomaster_cropped_frames,samples/HDTF20260416_00503/frames/real/,16,hdtf_visomaster_cropped_frames_teams,samples/HDTF20260416_00503/frames/real/,16,
RD_Radio48,HDTF20260416_00504,hdtf_visomaster_teams,hdtf_visomaster_cropped_frames,samples/HDTF20260416_00504/frames/real/,16,hdtf_visomaster_cropped_frames_teams,samples/HDTF20260416_00504/frames/real/,16,
RD_Radio51,HDTF20260416_00505,hdtf_visomaster_teams,hdtf_visomaster_cropped_frames,samples/HDTF20260416_00505/frames/real/,16,hdtf_visomaster_cropped_frames_teams,samples/HDTF20260416_00505/frames/real/,16,
WDA_BarbaraLee0,HDTF20260416_00506,hdtf_visomaster_teams,hdtf_visomaster_cropped_frames,samples/HDTF20260416_00506/frames/real/,16,hdtf_visomaster_cropped_frames_teams,samples/HDTF20260416_00506/frames/real/,16,
WDA_BenRayLujn,HDTF20260416_00507,hdtf_visomaster_teams,hdtf_visomaster_cropped_frames,samples/HDTF20260416_00507/frames/real/,16,hdtf_visomaster_cropped_frames_teams,samples/HDTF20260416_00507/frames/real/,16,
WDA_ChuckSchumer0,HDTF20260416_00508,hdtf_visomaster_teams,hdtf_visomaster_cropped_frames,samples/HDTF20260416_00508/frames/real/,16,hdtf_visomaster_cropped_frames_teams,samples/HDTF20260416_00508/frames/real/,16,
WDA_TammyDuckworth,HDTF20260416_00509,hdtf_visomaster_teams,hdtf_visomaster_cropped_frames,samples/HDTF20260416_00509/frames/real/,16,hdtf_visomaster_cropped_frames_teams,samples/HDTF20260416_00509/frames/real/,16,
WDA_TedDeutch,HDTF20260416_00510,hdtf_visomaster_teams,hdtf_visomaster_cropped_frames,samples/HDTF20260416_00510/frames/real/,16,hdtf_visomaster_cropped_frames_teams,samples/HDTF20260416_00510/frames/real/,16,
WDA_TerriSewell0,HDTF20260416_00511,hdtf_visomaster_teams,hdtf_visomaster_cropped_frames,samples/HDTF20260416_00511/frames/real/,16,hdtf_visomaster_cropped_frames_teams,samples/HDTF20260416_00511/frames/real/,16,
WRA_AdamKinzinger1,HDTF20260416_00512,hdtf_visomaster_teams,hdtf_visomaster_cropped_frames,samples/HDTF20260416_00512/frames/real/,16,hdtf_visomaster_cropped_frames_teams,samples/HDTF20260416_00512/frames/real/,16,
WRA_JohnKasich3,HDTF20260416_00513,hdtf_visomaster_teams,hdtf_visomaster_cropped_frames,samples/HDTF20260416_00513/frames/real/,16,hdtf_visomaster_cropped_frames_teams,samples/HDTF20260416_00513/frames/real/,16,
WRA_JoniErnst0,HDTF20260416_00514,hdtf_visomaster_teams,hdtf_visomaster_cropped_frames,samples/HDTF20260416_00514/frames/real/,16,hdtf_visomaster_cropped_frames_teams,samples/HDTF20260416_00514/frames/real/,16,
WRA_KayBaileyHutchison,HDTF20260416_00515,hdtf_visomaster_teams,hdtf_visomaster_cropped_frames,samples/HDTF20260416_00515/frames/real/,16,hdtf_visomaster_cropped_frames_teams,samples/HDTF20260416_00515/frames/real/,16,
WRA_MitchDaniels0,HDTF20260416_00517,hdtf_visomaster_teams,hdtf_visomaster_cropped_frames,samples/HDTF20260416_00517/frames/real/,16,hdtf_visomaster_cropped_frames_teams,samples/HDTF20260416_00517/frames/real/,16,
RD_Radio33,HDTF20260416_00518,hdtf_visomaster_teams,hdtf_visomaster_cropped_frames,samples/HDTF20260416_00518/frames/real/,16,hdtf_visomaster_cropped_frames_teams,samples/HDTF20260416_00518/frames/real/,16,
WDA_BobCasey0,HDTF20260416_00519,hdtf_visomaster_teams,hdtf_visomaster_cropped_frames,samples/HDTF20260416_00519/frames/real/,16,hdtf_visomaster_cropped_frames_teams,samples/HDTF20260416_00519/frames/real/,16,
WDA_DebbieStabenow0,HDTF20260416_00520,hdtf_visomaster_teams,hdtf_visomaster_cropped_frames,samples/HDTF20260416_00520/frames/real/,16,hdtf_visomaster_cropped_frames_teams,samples/HDTF20260416_00520/frames/real/,16,
WDA_JanSchakowsky0,HDTF20260416_00522,hdtf_visomaster_teams,hdtf_visomaster_cropped_frames,samples/HDTF20260416_00522/frames/real/,16,hdtf_visomaster_cropped_frames_teams,samples/HDTF20260416_00522/frames/real/,16,
WDA_JoeManchin,HDTF20260416_00523,hdtf_visomaster_teams,hdtf_visomaster_cropped_frames,samples/HDTF20260416_00523/frames/real/,16,hdtf_visomaster_cropped_frames_teams,samples/HDTF20260416_00523/frames/real/,16,
WDA_ScottPeters0,HDTF20260416_00526,hdtf_visomaster_teams,hdtf_visomaster_cropped_frames,samples/HDTF20260416_00526/frames/real/,16,hdtf_visomaster_cropped_frames_teams,samples/HDTF20260416_00526/frames/real/,16,
WDA_SheldonWhitehouse1,HDTF20260416_00527,hdtf_visomaster_teams,hdtf_visomaster_cropped_frames,samples/HDTF20260416_00527/frames/real/,16,hdtf_visomaster_cropped_frames_teams,samples/HDTF20260416_00527/frames/real/,16,
WDA_WhipJimClyburn,HDTF20260416_00528,hdtf_visomaster_teams,hdtf_visomaster_cropped_frames,samples/HDTF20260416_00528/frames/real/,16,hdtf_visomaster_cropped_frames_teams,samples/HDTF20260416_00528/frames/real/,16,
WRA_GregWalden,HDTF20260416_00529,hdtf_visomaster_teams,hdtf_visomaster_cropped_frames,samples/HDTF20260416_00529/frames/real/,16,hdtf_visomaster_cropped_frames_teams,samples/HDTF20260416_00529/frames/real/,16,
WRA_PatRoberts,HDTF20260416_00530,hdtf_visomaster_teams,hdtf_visomaster_cropped_frames,samples/HDTF20260416_00530/frames/real/,16,hdtf_visomaster_cropped_frames_teams,samples/HDTF20260416_00530/frames/real/,16,
WRA_PeterRoskam0,HDTF20260416_00531,hdtf_visomaster_teams,hdtf_visomaster_cropped_frames,samples/HDTF20260416_00531/frames/real/,16,hdtf_visomaster_cropped_frames_teams,samples/HDTF20260416_00531/frames/real/,16,
WRA_SteveDaines0,HDTF20260416_00532,hdtf_visomaster_teams,hdtf_visomaster_cropped_frames,samples/HDTF20260416_00532/frames/real/,16,hdtf_visomaster_cropped_frames_teams,samples/HDTF20260416_00532/frames/real/,16,
RD_Radio31,HDTF20260416_00533,hdtf_visomaster_teams,hdtf_visomaster_cropped_frames,samples/HDTF20260416_00533/frames/real/,16,hdtf_visomaster_cropped_frames_teams,samples/HDTF20260416_00533/frames/real/,16,
RD_Radio59,HDTF20260416_00534,hdtf_visomaster_teams,hdtf_visomaster_cropped_frames,samples/HDTF20260416_00534/frames/real/,16,hdtf_visomaster_cropped_frames_teams,samples/HDTF20260416_00534/frames/real/,16,
RD_Radio8,HDTF20260416_00535,hdtf_visomaster_teams,hdtf_visomaster_cropped_frames,samples/HDTF20260416_00535/frames/real/,16,hdtf_visomaster_cropped_frames_teams,samples/HDTF20260416_00535/frames/real/,16,
WDA_BarbaraLee1,HDTF20260416_00536,hdtf_visomaster_teams,hdtf_visomaster_cropped_frames,samples/HDTF20260416_00536/frames/real/,16,hdtf_visomaster_cropped_frames_teams,samples/HDTF20260416_00536/frames/real/,16,
WDA_CedricRichmond,HDTF20260416_00537,hdtf_visomaster_teams,hdtf_visomaster_cropped_frames,samples/HDTF20260416_00537/frames/real/,16,hdtf_visomaster_cropped_frames_teams,samples/HDTF20260416_00537/frames/real/,16,
WDA_ChrisCoons,HDTF20260416_00538,hdtf_visomaster_teams,hdtf_visomaster_cropped_frames,samples/HDTF20260416_00538/frames/real/,16,hdtf_visomaster_cropped_frames_teams,samples/HDTF20260416_00538/frames/real/,16,
WDA_ChrisMurphy1,HDTF20260416_00539,hdtf_visomaster_teams,hdtf_visomaster_cropped_frames,samples/HDTF20260416_00539/frames/real/,16,hdtf_visomaster_cropped_frames_teams,samples/HDTF20260416_00539/frames/real/,16,
WDA_ElijahCummings,HDTF20260416_00540,hdtf_visomaster_teams,hdtf_visomaster_cropped_frames,samples/HDTF20260416_00540/frames/real/,16,hdtf_visomaster_cropped_frames_teams,samples/HDTF20260416_00540/frames/real/,16,
WDA_RichardBlumenthal,HDTF20260416_00543,hdtf_visomaster_teams,hdtf_visomaster_cropped_frames,samples/HDTF20260416_00543/frames/real/,16,hdtf_visomaster_cropped_frames_teams,samples/HDTF20260416_00543/frames/real/,16,
WDA_ScottPeters1,HDTF20260416_00544,hdtf_visomaster_teams,hdtf_visomaster_cropped_frames,samples/HDTF20260416_00544/frames/real/,16,hdtf_visomaster_cropped_frames_teams,samples/HDTF20260416_00544/frames/real/,16,
WDA_TomUdall,HDTF20260416_00545,hdtf_visomaster_teams,hdtf_visomaster_cropped_frames,samples/HDTF20260416_00545/frames/real/,16,hdtf_visomaster_cropped_frames_teams,samples/HDTF20260416_00545/frames/real/,16,
WRA_CandiceMiller0,HDTF20260416_00546,hdtf_visomaster_teams,hdtf_visomaster_cropped_frames,samples/HDTF20260416_00546/frames/real/,16,hdtf_visomaster_cropped_frames_teams,samples/HDTF20260416_00546/frames/real/,16,
WRA_NanHayworth,HDTF20260416_00547,hdtf_visomaster_teams,hdtf_visomaster_cropped_frames,samples/HDTF20260416_00547/frames/real/,16,hdtf_visomaster_cropped_frames_teams,samples/HDTF20260416_00547/frames/real/,16,
WDA_AmyKlobuchar1,HDTF20260416_00548,hdtf_visomaster_teams,hdtf_visomaster_cropped_frames,samples/HDTF20260416_00548/frames/real/,16,hdtf_visomaster_cropped_frames_teams,samples/HDTF20260416_00548/frames/real/,16,
WDA_BobCasey1,HDTF20260416_00549,hdtf_visomaster_teams,hdtf_visomaster_cropped_frames,samples/HDTF20260416_00549/frames/real/,16,hdtf_visomaster_cropped_frames_teams,samples/HDTF20260416_00549/frames/real/,16,
WDA_DebbieWassermanSchultz,HDTF20260416_00551,hdtf_visomaster_teams,hdtf_visomaster_cropped_frames,samples/HDTF20260416_00551/frames/real/,16,hdtf_visomaster_cropped_frames_teams,samples/HDTF20260416_00551/frames/real/,16,
WDA_JonTester1,HDTF20260416_00553,hdtf_visomaster_teams,hdtf_visomaster_cropped_frames,samples/HDTF20260416_00553/frames/real/,16,hdtf_visomaster_cropped_frames_teams,samples/HDTF20260416_00553/frames/real/,16,
WDA_KatieHill,HDTF20260416_00554,hdtf_visomaster_teams,hdtf_visomaster_cropped_frames,samples/HDTF20260416_00554/frames/real/,16,hdtf_visomaster_cropped_frames_teams,samples/HDTF20260416_00554/frames/real/,16,
WDA_MarkWarner2,HDTF20260416_00555,hdtf_visomaster_teams,hdtf_visomaster_cropped_frames,samples/HDTF20260416_00555/frames/real/,16,hdtf_visomaster_cropped_frames_teams,samples/HDTF20260416_00555/frames/real/,16,
WRA_AnnMarieBuerkle,HDTF20260416_00556,hdtf_visomaster_teams,hdtf_visomaster_cropped_frames,samples/HDTF20260416_00556/frames/real/,16,hdtf_visomaster_cropped_frames_teams,samples/HDTF20260416_00556/frames/real/,16,
WRA_AnnWagner,HDTF20260416_00557,hdtf_visomaster_teams,hdtf_visomaster_cropped_frames,samples/HDTF20260416_00557/frames/real/,16,hdtf_visomaster_cropped_frames_teams,samples/HDTF20260416_00557/frames/real/,16,
WRA_CarlyFiorina0,HDTF20260416_00558,hdtf_visomaster_teams,hdtf_visomaster_cropped_frames,samples/HDTF20260416_00558/frames/real/,16,hdtf_visomaster_cropped_frames_teams,samples/HDTF20260416_00558/frames/real/,16,
WRA_DebFischer1,HDTF20260416_00559,hdtf_visomaster_teams,hdtf_visomaster_cropped_frames,samples/HDTF20260416_00559/frames/real/,16,hdtf_visomaster_cropped_frames_teams,samples/HDTF20260416_00559/frames/real/,16,
WRA_JebHensarling2,HDTF20260416_00560,hdtf_visomaster_teams,hdtf_visomaster_cropped_frames,samples/HDTF20260416_00560/frames/real/,16,hdtf_visomaster_cropped_frames_teams,samples/HDTF20260416_00560/frames/real/,16,
WRA_LamarAlexander0,HDTF20260416_00561,hdtf_visomaster_teams,hdtf_visomaster_cropped_frames,samples/HDTF20260416_00561/frames/real/,16,hdtf_visomaster_cropped_frames_teams,samples/HDTF20260416_00561/frames/real/,16,
RD_Radio14,HDTF20260416_00562,hdtf_visomaster_teams,hdtf_visomaster_cropped_frames,samples/HDTF20260416_00562/frames/real/,16,hdtf_visomaster_cropped_frames_teams,samples/HDTF20260416_00562/frames/real/,16,
RD_Radio27,HDTF20260416_00563,hdtf_visomaster_teams,hdtf_visomaster_cropped_frames,samples/HDTF20260416_00563/frames/real/,16,hdtf_visomaster_cropped_frames_teams,samples/HDTF20260416_00563/frames/real/,16,
RD_Radio38,HDTF20260416_00564,hdtf_visomaster_teams,hdtf_visomaster_cropped_frames,samples/HDTF20260416_00564/frames/real/,16,hdtf_visomaster_cropped_frames_teams,samples/HDTF20260416_00564/frames/real/,16,
WDA_BrianSchatz0,HDTF20260416_00565,hdtf_visomaster_teams,hdtf_visomaster_cropped_frames,samples/HDTF20260416_00565/frames/real/,16,hdtf_visomaster_cropped_frames_teams,samples/HDTF20260416_00565/frames/real/,16,
WDA_EliotEngel,HDTF20260416_00566,hdtf_visomaster_teams,hdtf_visomaster_cropped_frames,samples/HDTF20260416_00566/frames/real/,16,hdtf_visomaster_cropped_frames_teams,samples/HDTF20260416_00566/frames/real/,16,
WDA_JoeDonnelly,HDTF20260416_00568,hdtf_visomaster_teams,hdtf_visomaster_cropped_frames,samples/HDTF20260416_00568/frames/real/,16,hdtf_visomaster_cropped_frames_teams,samples/HDTF20260416_00568/frames/real/,16,
WDA_KimSchrier,HDTF20260416_00569,hdtf_visomaster_teams,hdtf_visomaster_cropped_frames,samples/HDTF20260416_00569/frames/real/,16,hdtf_visomaster_cropped_frames_teams,samples/HDTF20260416_00569/frames/real/,16,
WDA_NancyPelosi0,HDTF20260416_00570,hdtf_visomaster_teams,hdtf_visomaster_cropped_frames,samples/HDTF20260416_00570/frames/real/,16,hdtf_visomaster_cropped_frames_teams,samples/HDTF20260416_00570/frames/real/,16,
WDA_TinaSmith,HDTF20260416_00571,hdtf_visomaster_teams,hdtf_visomaster_cropped_frames,samples/HDTF20260416_00571/frames/real/,16,hdtf_visomaster_cropped_frames_teams,samples/HDTF20260416_00571/frames/real/,16,
WRA_CoryGardner1,HDTF20260416_00572,hdtf_visomaster_teams,hdtf_visomaster_cropped_frames,samples/HDTF20260416_00572/frames/real/,16,hdtf_visomaster_cropped_frames_teams,samples/HDTF20260416_00572/frames/real/,16,
WRA_JohnBarrasso1,HDTF20260416_00573,hdtf_visomaster_teams,hdtf_visomaster_cropped_frames,samples/HDTF20260416_00573/frames/real/,16,hdtf_visomaster_cropped_frames_teams,samples/HDTF20260416_00573/frames/real/,16,
WRA_MarshaBlackburn0,HDTF20260416_00574,hdtf_visomaster_teams,hdtf_visomaster_cropped_frames,samples/HDTF20260416_00574/frames/real/,16,hdtf_visomaster_cropped_frames_teams,samples/HDTF20260416_00574/frames/real/,16,
WRA_ReincePriebus,HDTF20260416_00575,hdtf_visomaster_teams,hdtf_visomaster_cropped_frames,samples/HDTF20260416_00575/frames/real/,16,hdtf_visomaster_cropped_frames_teams,samples/HDTF20260416_00575/frames/real/,16,
RD_Radio17,HDTF20260416_00577,hdtf_visomaster_teams,hdtf_visomaster_cropped_frames,samples/HDTF20260416_00577/frames/real/,16,hdtf_visomaster_cropped_frames_teams,samples/HDTF20260416_00577/frames/real/,16,
RD_Radio2,HDTF20260416_00578,hdtf_visomaster_teams,hdtf_visomaster_cropped_frames,samples/HDTF20260416_00578/frames/real/,16,hdtf_visomaster_cropped_frames_teams,samples/HDTF20260416_00578/frames/real/,16,
RD_Radio47,HDTF20260416_00579,hdtf_visomaster_teams,hdtf_visomaster_cropped_frames,samples/HDTF20260416_00579/frames/real/,16,hdtf_visomaster_cropped_frames_teams,samples/HDTF20260416_00579/frames/real/,16,
RD_Radio5,HDTF20260416_00580,hdtf_visomaster_teams,hdtf_visomaster_cropped_frames,samples/HDTF20260416_00580/frames/real/,16,hdtf_visomaster_cropped_frames_teams,samples/HDTF20260416_00580/frames/real/,16,
WDA_DonnaShalala1,HDTF20260416_00582,hdtf_visomaster_teams,hdtf_visomaster_cropped_frames,samples/HDTF20260416_00582/frames/real/,16,hdtf_visomaster_cropped_frames_teams,samples/HDTF20260416_00582/frames/real/,16,
WDA_HillaryClinton,HDTF20260416_00583,hdtf_visomaster_teams,hdtf_visomaster_cropped_frames,samples/HDTF20260416_00583/frames/real/,16,hdtf_visomaster_cropped_frames_teams,samples/HDTF20260416_00583/frames/real/,16,
WDA_LucilleRoybal-Allard,HDTF20260416_00584,hdtf_visomaster_teams,hdtf_visomaster_cropped_frames,samples/HDTF20260416_00584/frames/real/,16,hdtf_visomaster_cropped_frames_teams,samples/HDTF20260416_00584/frames/real/,16,
WRA_KevinBrady2,HDTF20260416_00586,hdtf_visomaster_teams,hdtf_visomaster_cropped_frames,samples/HDTF20260416_00586/frames/real/,16,hdtf_visomaster_cropped_frames_teams,samples/HDTF20260416_00586/frames/real/,16,
WRA_MarkwayneMullin,HDTF20260416_00587,hdtf_visomaster_teams,hdtf_visomaster_cropped_frames,samples/HDTF20260416_00587/frames/real/,16,hdtf_visomaster_cropped_frames_teams,samples/HDTF20260416_00587/frames/real/,16,
WRA_MichaelSteele,HDTF20260416_00588,hdtf_visomaster_teams,hdtf_visomaster_cropped_frames,samples/HDTF20260416_00588/frames/real/,16,hdtf_visomaster_cropped_frames_teams,samples/HDTF20260416_00588/frames/real/,16,
WRA_PeterRoskam1,HDTF20260416_00589,hdtf_visomaster_teams,hdtf_visomaster_cropped_frames,samples/HDTF20260416_00589/frames/real/,16,hdtf_visomaster_cropped_frames_teams,samples/HDTF20260416_00589/frames/real/,16,
WRA_TomPrice,HDTF20260416_00591,hdtf_visomaster_teams,hdtf_visomaster_cropped_frames,samples/HDTF20260416_00591/frames/real/,16,hdtf_visomaster_cropped_frames_teams,samples/HDTF20260416_00591/frames/real/,16,
RD_Radio12,HDTF20260416_00592,hdtf_visomaster_teams,hdtf_visomaster_cropped_frames,samples/HDTF20260416_00592/frames/real/,16,hdtf_visomaster_cropped_frames_teams,samples/HDTF20260416_00592/frames/real/,16,
RD_Radio3,HDTF20260416_00593,hdtf_visomaster_teams,hdtf_visomaster_cropped_frames,samples/HDTF20260416_00593/frames/real/,16,hdtf_visomaster_cropped_frames_teams,samples/HDTF20260416_00593/frames/real/,16,
RD_Radio32,HDTF20260416_00594,hdtf_visomaster_teams,hdtf_visomaster_cropped_frames,samples/HDTF20260416_00594/frames/real/,16,hdtf_visomaster_cropped_frames_teams,samples/HDTF20260416_00594/frames/real/,16,
RD_Radio40,HDTF20260416_00596,hdtf_visomaster_teams,hdtf_visomaster_cropped_frames,samples/HDTF20260416_00596/frames/real/,16,hdtf_visomaster_cropped_frames_teams,samples/HDTF20260416_00596/frames/real/,16,
RD_Radio41,HDTF20260416_00597,hdtf_visomaster_teams,hdtf_visomaster_cropped_frames,samples/HDTF20260416_00597/frames/real/,16,hdtf_visomaster_cropped_frames_teams,samples/HDTF20260416_00597/frames/real/,16,
RD_Radio54,HDTF20260416_00598,hdtf_visomaster_teams,hdtf_visomaster_cropped_frames,samples/HDTF20260416_00598/frames/real/,16,hdtf_visomaster_cropped_frames_teams,samples/HDTF20260416_00598/frames/real/,16,
WDA_AmyKlobuchar0,HDTF20260416_00599,hdtf_visomaster_teams,hdtf_visomaster_cropped_frames,samples/HDTF20260416_00599/frames/real/,16,hdtf_visomaster_cropped_frames_teams,samples/HDTF20260416_00599/frames/real/,16,
WDA_BarackObama,HDTF20260416_00600,hdtf_visomaster_teams,hdtf_visomaster_cropped_frames,samples/HDTF20260416_00600/frames/real/,16,hdtf_visomaster_cropped_frames_teams,samples/HDTF20260416_00600/frames/real/,16,
WDA_BrendaLawrence,HDTF20260416_00601,hdtf_visomaster_teams,hdtf_visomaster_cropped_frames,samples/HDTF20260416_00601/frames/real/,16,hdtf_visomaster_cropped_frames_teams,samples/HDTF20260416_00601/frames/real/,16,
WDA_ChrisVanHollen0,HDTF20260416_00602,hdtf_visomaster_teams,hdtf_visomaster_cropped_frames,samples/HDTF20260416_00602/frames/real/,16,hdtf_visomaster_cropped_frames_teams,samples/HDTF20260416_00602/frames/real/,16,
WDA_DebbieDingell0,HDTF20260416_00603,hdtf_visomaster_teams,hdtf_visomaster_cropped_frames,samples/HDTF20260416_00603/frames/real/,16,hdtf_visomaster_cropped_frames_teams,samples/HDTF20260416_00603/frames/real/,16,
WDA_DougJones,HDTF20260416_00604,hdtf_visomaster_teams,hdtf_visomaster_cropped_frames,samples/HDTF20260416_00604/frames/real/,16,hdtf_visomaster_cropped_frames_teams,samples/HDTF20260416_00604/frames/real/,16,
WDA_EdMarkey1,HDTF20260416_00605,hdtf_visomaster_teams,hdtf_visomaster_cropped_frames,samples/HDTF20260416_00605/frames/real/,16,hdtf_visomaster_cropped_frames_teams,samples/HDTF20260416_00605/frames/real/,16,
WDA_EmanuelCleaver,HDTF20260416_00606,hdtf_visomaster_teams,hdtf_visomaster_cropped_frames,samples/HDTF20260416_00606/frames/real/,16,hdtf_visomaster_cropped_frames_teams,samples/HDTF20260416_00606/frames/real/,16,
WDA_JackReed1,HDTF20260416_00607,hdtf_visomaster_teams,hdtf_visomaster_cropped_frames,samples/HDTF20260416_00607/frames/real/,16,hdtf_visomaster_cropped_frames_teams,samples/HDTF20260416_00607/frames/real/,16,
WDA_JackyRosen1,HDTF20260416_00608,hdtf_visomaster_teams,hdtf_visomaster_cropped_frames,samples/HDTF20260416_00608/frames/real/,16,hdtf_visomaster_cropped_frames_teams,samples/HDTF20260416_00608/frames/real/,16,
WDA_JanSchakowsky1,HDTF20260416_00609,hdtf_visomaster_teams,hdtf_visomaster_cropped_frames,samples/HDTF20260416_00609/frames/real/,16,hdtf_visomaster_cropped_frames_teams,samples/HDTF20260416_00609/frames/real/,16,
WDA_JeanneShaheen1,HDTF20260416_00610,hdtf_visomaster_teams,hdtf_visomaster_cropped_frames,samples/HDTF20260416_00610/frames/real/,16,hdtf_visomaster_cropped_frames_teams,samples/HDTF20260416_00610/frames/real/,16,
WDA_JohnSarbanes0,HDTF20260416_00612,hdtf_visomaster_teams,hdtf_visomaster_cropped_frames,samples/HDTF20260416_00612/frames/real/,16,hdtf_visomaster_cropped_frames_teams,samples/HDTF20260416_00612/frames/real/,16,
WDA_JohnYarmuth1,HDTF20260416_00613,hdtf_visomaster_teams,hdtf_visomaster_cropped_frames,samples/HDTF20260416_00613/frames/real/,16,hdtf_visomaster_cropped_frames_teams,samples/HDTF20260416_00613/frames/real/,16,
WDA_LloydDoggett1,HDTF20260416_00615,hdtf_visomaster_teams,hdtf_visomaster_cropped_frames,samples/HDTF20260416_00615/frames/real/,16,hdtf_visomaster_cropped_frames_teams,samples/HDTF20260416_00615/frames/real/,16,
WDA_MarciaFudge,HDTF20260416_00616,hdtf_visomaster_teams,hdtf_visomaster_cropped_frames,samples/HDTF20260416_00616/frames/real/,16,hdtf_visomaster_cropped_frames_teams,samples/HDTF20260416_00616/frames/real/,16,
WDA_MikeDoyle,HDTF20260416_00617,hdtf_visomaster_teams,hdtf_visomaster_cropped_frames,samples/HDTF20260416_00617/frames/real/,16,hdtf_visomaster_cropped_frames_teams,samples/HDTF20260416_00617/frames/real/,16,
WDA_RonWyden0,HDTF20260416_00618,hdtf_visomaster_teams,hdtf_visomaster_cropped_frames,samples/HDTF20260416_00618/frames/real/,16,hdtf_visomaster_cropped_frames_teams,samples/HDTF20260416_00618/frames/real/,16,
WDA_TerriSewell,HDTF20260416_00619,hdtf_visomaster_teams,hdtf_visomaster_cropped_frames,samples/HDTF20260416_00619/frames/real/,16,hdtf_visomaster_cropped_frames_teams,samples/HDTF20260416_00619/frames/real/,16,
WDA_VeronicaEscobar1,HDTF20260416_00620,hdtf_visomaster_teams,hdtf_visomaster_cropped_frames,samples/HDTF20260416_00620/frames/real/,16,hdtf_visomaster_cropped_frames_teams,samples/HDTF20260416_00620/frames/real/,16,
WRA_BobCorker,HDTF20260416_00621,hdtf_visomaster_teams,hdtf_visomaster_cropped_frames,samples/HDTF20260416_00621/frames/real/,16,hdtf_visomaster_cropped_frames_teams,samples/HDTF20260416_00621/frames/real/,16,
WRA_BobGoodlatte0,HDTF20260416_00622,hdtf_visomaster_teams,hdtf_visomaster_cropped_frames,samples/HDTF20260416_00622/frames/real/,16,hdtf_visomaster_cropped_frames_teams,samples/HDTF20260416_00622/frames/real/,16,
WRA_BobbySchilling,HDTF20260416_00623,hdtf_visomaster_teams,hdtf_visomaster_cropped_frames,samples/HDTF20260416_00623/frames/real/,16,hdtf_visomaster_cropped_frames_teams,samples/HDTF20260416_00623/frames/real/,16,
WRA_CathyMcMorrisRodgers0,HDTF20260416_00624,hdtf_visomaster_teams,hdtf_visomaster_cropped_frames,samples/HDTF20260416_00624/frames/real/,16,hdtf_visomaster_cropped_frames_teams,samples/HDTF20260416_00624/frames/real/,16,
WRA_EricCantor,HDTF20260416_00625,hdtf_visomaster_teams,hdtf_visomaster_cropped_frames,samples/HDTF20260416_00625/frames/real/,16,hdtf_visomaster_cropped_frames_teams,samples/HDTF20260416_00625/frames/real/,16,
WRA_FredUpton,HDTF20260416_00626,hdtf_visomaster_teams,hdtf_visomaster_cropped_frames,samples/HDTF20260416_00626/frames/real/,16,hdtf_visomaster_cropped_frames_teams,samples/HDTF20260416_00626/frames/real/,16,
WRA_JimInhofe,HDTF20260416_00627,hdtf_visomaster_teams,hdtf_visomaster_cropped_frames,samples/HDTF20260416_00627/frames/real/,16,hdtf_visomaster_cropped_frames_teams,samples/HDTF20260416_00627/frames/real/,16,
WRA_JohnBoehner1,HDTF20260416_00628,hdtf_visomaster_teams,hdtf_visomaster_cropped_frames,samples/HDTF20260416_00628/frames/real/,16,hdtf_visomaster_cropped_frames_teams,samples/HDTF20260416_00628/frames/real/,16,
WRA_JonKyl,HDTF20260416_00629,hdtf_visomaster_teams,hdtf_visomaster_cropped_frames,samples/HDTF20260416_00629/frames/real/,16,hdtf_visomaster_cropped_frames_teams,samples/HDTF20260416_00629/frames/real/,16,
WRA_JuddGregg,HDTF20260416_00630,hdtf_visomaster_teams,hdtf_visomaster_cropped_frames,samples/HDTF20260416_00630/frames/real/,16,hdtf_visomaster_cropped_frames_teams,samples/HDTF20260416_00630/frames/real/,16,
WRA_KellyAyotte,HDTF20260416_00631,hdtf_visomaster_teams,hdtf_visomaster_cropped_frames,samples/HDTF20260416_00631/frames/real/,16,hdtf_visomaster_cropped_frames_teams,samples/HDTF20260416_00631/frames/real/,16,
WRA_LynnJenkins,HDTF20260416_00632,hdtf_visomaster_teams,hdtf_visomaster_cropped_frames,samples/HDTF20260416_00632/frames/real/,16,hdtf_visomaster_cropped_frames_teams,samples/HDTF20260416_00632/frames/real/,16,
WRA_RoyBlunt,HDTF20260416_00633,hdtf_visomaster_teams,hdtf_visomaster_cropped_frames,samples/HDTF20260416_00633/frames/real/,16,hdtf_visomaster_cropped_frames_teams,samples/HDTF20260416_00633/frames/real/,16,
WRA_ShelleyMooreCapito0,HDTF20260416_00634,hdtf_visomaster_teams,hdtf_visomaster_cropped_frames,samples/HDTF20260416_00634/frames/real/,16,hdtf_visomaster_cropped_frames_teams,samples/HDTF20260416_00634/frames/real/,16,
WRA_TomCotton,HDTF20260416_00635,hdtf_visomaster_teams,hdtf_visomaster_cropped_frames,samples/HDTF20260416_00635/frames/real/,16,hdtf_visomaster_cropped_frames_teams,samples/HDTF20260416_00635/frames/real/,16,
RD_Radio11,HDTF20260416_00636,hdtf_visomaster_teams,hdtf_visomaster_cropped_frames,samples/HDTF20260416_00636/frames/real/,16,hdtf_visomaster_cropped_frames_teams,samples/HDTF20260416_00636/frames/real/,16,
RD_Radio17,HDTF20260416_00637,hdtf_visomaster_teams,hdtf_visomaster_cropped_frames,samples/HDTF20260416_00637/frames/real/,16,hdtf_visomaster_cropped_frames_teams,samples/HDTF20260416_00637/frames/real/,16,
RD_Radio22,HDTF20260416_00638,hdtf_visomaster_teams,hdtf_visomaster_cropped_frames,samples/HDTF20260416_00638/frames/real/,16,hdtf_visomaster_cropped_frames_teams,samples/HDTF20260416_00638/frames/real/,16,
RD_Radio47,HDTF20260416_00639,hdtf_visomaster_teams,hdtf_visomaster_cropped_frames,samples/HDTF20260416_00639/frames/real/,16,hdtf_visomaster_cropped_frames_teams,samples/HDTF20260416_00639/frames/real/,16,
WDA_AnnieKuster,HDTF20260416_00640,hdtf_visomaster_teams,hdtf_visomaster_cropped_frames,samples/HDTF20260416_00640/frames/real/,16,hdtf_visomaster_cropped_frames_teams,samples/HDTF20260416_00640/frames/real/,16,
WDA_DebHaaland,HDTF20260416_00641,hdtf_visomaster_teams,hdtf_visomaster_cropped_frames,samples/HDTF20260416_00641/frames/real/,16,hdtf_visomaster_cropped_frames_teams,samples/HDTF20260416_00641/frames/real/,16,
WDA_LucilleRoybal-Allard,HDTF20260416_00642,hdtf_visomaster_teams,hdtf_visomaster_cropped_frames,samples/HDTF20260416_00642/frames/real/,16,hdtf_visomaster_cropped_frames_teams,samples/HDTF20260416_00642/frames/real/,16,
WDA_SuzanDelBene,HDTF20260416_00643,hdtf_visomaster_teams,hdtf_visomaster_cropped_frames,samples/HDTF20260416_00643/frames/real/,16,hdtf_visomaster_cropped_frames_teams,samples/HDTF20260416_00643/frames/real/,16,
WDA_TomPerez,HDTF20260416_00644,hdtf_visomaster_teams,hdtf_visomaster_cropped_frames,samples/HDTF20260416_00644/frames/real/,16,hdtf_visomaster_cropped_frames_teams,samples/HDTF20260416_00644/frames/real/,16,
WRA_CathyMcMorrisRodgers2,HDTF20260416_00645,hdtf_visomaster_teams,hdtf_visomaster_cropped_frames,samples/HDTF20260416_00645/frames/real/,16,hdtf_visomaster_cropped_frames_teams,samples/HDTF20260416_00645/frames/real/,16,
WRA_JeffFlake,HDTF20260416_00646,hdtf_visomaster_teams,hdtf_visomaster_cropped_frames,samples/HDTF20260416_00646/frames/real/,16,hdtf_visomaster_cropped_frames_teams,samples/HDTF20260416_00646/frames/real/,16,
WRA_KevinBrady2,HDTF20260416_00647,hdtf_visomaster_teams,hdtf_visomaster_cropped_frames,samples/HDTF20260416_00647/frames/real/,16,hdtf_visomaster_cropped_frames_teams,samples/HDTF20260416_00647/frames/real/,16,
WRA_PeterRoskam1,HDTF20260416_00648,hdtf_visomaster_teams,hdtf_visomaster_cropped_frames,samples/HDTF20260416_00648/frames/real/,16,hdtf_visomaster_cropped_frames_teams,samples/HDTF20260416_00648/frames/real/,16,
WRA_SaxbyChambliss,HDTF20260416_00649,hdtf_visomaster_teams,hdtf_visomaster_cropped_frames,samples/HDTF20260416_00649/frames/real/,16,hdtf_visomaster_cropped_frames_teams,samples/HDTF20260416_00649/frames/real/,16,
WRA_SteveScalise1,HDTF20260416_00650,hdtf_visomaster_teams,hdtf_visomaster_cropped_frames,samples/HDTF20260416_00650/frames/real/,16,hdtf_visomaster_cropped_frames_teams,samples/HDTF20260416_00650/frames/real/,16,
RD_Radio14,HDTF20260416_00651,hdtf_visomaster_teams,hdtf_visomaster_cropped_frames,samples/HDTF20260416_00651/frames/real/,16,hdtf_visomaster_cropped_frames_teams,samples/HDTF20260416_00651/frames/real/,16,
RD_Radio27,HDTF20260416_00652,hdtf_visomaster_teams,hdtf_visomaster_cropped_frames,samples/HDTF20260416_00652/frames/real/,16,hdtf_visomaster_cropped_frames_teams,samples/HDTF20260416_00652/frames/real/,16,
WDA_AlexandriaOcasioCortez,HDTF20260416_00653,hdtf_visomaster_teams,hdtf_visomaster_cropped_frames,samples/HDTF20260416_00653/frames/real/,16,hdtf_visomaster_cropped_frames_teams,samples/HDTF20260416_00653/frames/real/,16,
WDA_JoeDonnelly,HDTF20260416_00655,hdtf_visomaster_teams,hdtf_visomaster_cropped_frames,samples/HDTF20260416_00655/frames/real/,16,hdtf_visomaster_cropped_frames_teams,samples/HDTF20260416_00655/frames/real/,16,
WDA_LisaBluntRochester,HDTF20260416_00656,hdtf_visomaster_teams,hdtf_visomaster_cropped_frames,samples/HDTF20260416_00656/frames/real/,16,hdtf_visomaster_cropped_frames_teams,samples/HDTF20260416_00656/frames/real/,16,
WDA_MichaelBennet,HDTF20260416_00657,hdtf_visomaster_teams,hdtf_visomaster_cropped_frames,samples/HDTF20260416_00657/frames/real/,16,hdtf_visomaster_cropped_frames_teams,samples/HDTF20260416_00657/frames/real/,16,
WDA_PatrickLeahy1,HDTF20260416_00658,hdtf_visomaster_teams,hdtf_visomaster_cropped_frames,samples/HDTF20260416_00658/frames/real/,16,hdtf_visomaster_cropped_frames_teams,samples/HDTF20260416_00658/frames/real/,16,
WDA_TedLieu,HDTF20260416_00659,hdtf_visomaster_teams,hdtf_visomaster_cropped_frames,samples/HDTF20260416_00659/frames/real/,16,hdtf_visomaster_cropped_frames_teams,samples/HDTF20260416_00659/frames/real/,16,
WRA_AustinScott0,HDTF20260416_00660,hdtf_visomaster_teams,hdtf_visomaster_cropped_frames,samples/HDTF20260416_00660/frames/real/,16,hdtf_visomaster_cropped_frames_teams,samples/HDTF20260416_00660/frames/real/,16,
WRA_JohnBarrasso1,HDTF20260416_00661,hdtf_visomaster_teams,hdtf_visomaster_cropped_frames,samples/HDTF20260416_00661/frames/real/,16,hdtf_visomaster_cropped_frames_teams,samples/HDTF20260416_00661/frames/real/,16,
WRA_ReincePriebus,HDTF20260416_00662,hdtf_visomaster_teams,hdtf_visomaster_cropped_frames,samples/HDTF20260416_00662/frames/real/,16,hdtf_visomaster_cropped_frames_teams,samples/HDTF20260416_00662/frames/real/,16,
WRA_RogerWicker0,HDTF20260416_00663,hdtf_visomaster_teams,hdtf_visomaster_cropped_frames,samples/HDTF20260416_00663/frames/real/,16,hdtf_visomaster_cropped_frames_teams,samples/HDTF20260416_00663/frames/real/,16,
WRA_ShelleyMooreCapito1,HDTF20260416_00664,hdtf_visomaster_teams,hdtf_visomaster_cropped_frames,samples/HDTF20260416_00664/frames/real/,16,hdtf_visomaster_cropped_frames_teams,samples/HDTF20260416_00664/frames/real/,16,
RD_Radio59,HDTF20260416_00668,hdtf_visomaster_teams,hdtf_visomaster_cropped_frames,samples/HDTF20260416_00668/frames/real/,16,hdtf_visomaster_cropped_frames_teams,samples/HDTF20260416_00668/frames/real/,16,
RD_Radio8,HDTF20260416_00669,hdtf_visomaster_teams,hdtf_visomaster_cropped_frames,samples/HDTF20260416_00669/frames/real/,16,hdtf_visomaster_cropped_frames_teams,samples/HDTF20260416_00669/frames/real/,16,
WDA_BarbaraLee0,HDTF20260416_00670,hdtf_visomaster_teams,hdtf_visomaster_cropped_frames,samples/HDTF20260416_00670/frames/real/,16,hdtf_visomaster_cropped_frames_teams,samples/HDTF20260416_00670/frames/real/,16,
WDA_BenRayLujn,HDTF20260416_00671,hdtf_visomaster_teams,hdtf_visomaster_cropped_frames,samples/HDTF20260416_00671/frames/real/,16,hdtf_visomaster_cropped_frames_teams,samples/HDTF20260416_00671/frames/real/,16,
WDA_ChrisMurphy1,HDTF20260416_00673,hdtf_visomaster_teams,hdtf_visomaster_cropped_frames,samples/HDTF20260416_00673/frames/real/,16,hdtf_visomaster_cropped_frames_teams,samples/HDTF20260416_00673/frames/real/,16,
WDA_MazieHirono0,HDTF20260416_00674,hdtf_visomaster_teams,hdtf_visomaster_cropped_frames,samples/HDTF20260416_00674/frames/real/,16,hdtf_visomaster_cropped_frames_teams,samples/HDTF20260416_00674/frames/real/,16,
WDA_RichardNeal1,HDTF20260416_00675,hdtf_visomaster_teams,hdtf_visomaster_cropped_frames,samples/HDTF20260416_00675/frames/real/,16,hdtf_visomaster_cropped_frames_teams,samples/HDTF20260416_00675/frames/real/,16,
WDA_TomUdall,HDTF20260416_00676,hdtf_visomaster_teams,hdtf_visomaster_cropped_frames,samples/HDTF20260416_00676/frames/real/,16,hdtf_visomaster_cropped_frames_teams,samples/HDTF20260416_00676/frames/real/,16,
WRA_AdamKinzinger1,HDTF20260416_00677,hdtf_visomaster_teams,hdtf_visomaster_cropped_frames,samples/HDTF20260416_00677/frames/real/,16,hdtf_visomaster_cropped_frames_teams,samples/HDTF20260416_00677/frames/real/,16,
WRA_JebHensarling1,HDTF20260416_00678,hdtf_visomaster_teams,hdtf_visomaster_cropped_frames,samples/HDTF20260416_00678/frames/real/,16,hdtf_visomaster_cropped_frames_teams,samples/HDTF20260416_00678/frames/real/,16,
WRA_KayBaileyHutchison,HDTF20260416_00679,hdtf_visomaster_teams,hdtf_visomaster_cropped_frames,samples/HDTF20260416_00679/frames/real/,16,hdtf_visomaster_cropped_frames_teams,samples/HDTF20260416_00679/frames/real/,16,
WRA_KristiNoem1,HDTF20260416_00680,hdtf_visomaster_teams,hdtf_visomaster_cropped_frames,samples/HDTF20260416_00680/frames/real/,16,hdtf_visomaster_cropped_frames_teams,samples/HDTF20260416_00680/frames/real/,16,
RD_Radio1,HDTF20260416_00681,hdtf_visomaster_teams,hdtf_visomaster_cropped_frames,samples/HDTF20260416_00681/frames/real/,16,hdtf_visomaster_cropped_frames_teams,samples/HDTF20260416_00681/frames/real/,16,
RD_Radio4,HDTF20260416_00682,hdtf_visomaster_teams,hdtf_visomaster_cropped_frames,samples/HDTF20260416_00682/frames/real/,16,hdtf_visomaster_cropped_frames_teams,samples/HDTF20260416_00682/frames/real/,16,
WDA_BobMenendez,HDTF20260416_00683,hdtf_visomaster_teams,hdtf_visomaster_cropped_frames,samples/HDTF20260416_00683/frames/real/,16,hdtf_visomaster_cropped_frames_teams,samples/HDTF20260416_00683/frames/real/,16,
WDA_ByronDorgan1,HDTF20260416_00685,hdtf_visomaster_teams,hdtf_visomaster_cropped_frames,samples/HDTF20260416_00685/frames/real/,16,hdtf_visomaster_cropped_frames_teams,samples/HDTF20260416_00685/frames/real/,16,
WDA_HakeemJeffries,HDTF20260416_00686,hdtf_visomaster_teams,hdtf_visomaster_cropped_frames,samples/HDTF20260416_00686/frames/real/,16,hdtf_visomaster_cropped_frames_teams,samples/HDTF20260416_00686/frames/real/,16,
WDA_HenryWaxman,HDTF20260416_00687,hdtf_visomaster_teams,hdtf_visomaster_cropped_frames,samples/HDTF20260416_00687/frames/real/,16,hdtf_visomaster_cropped_frames_teams,samples/HDTF20260416_00687/frames/real/,16,
WDA_PattyMurray1,HDTF20260416_00688,hdtf_visomaster_teams,hdtf_visomaster_cropped_frames,samples/HDTF20260416_00688/frames/real/,16,hdtf_visomaster_cropped_frames_teams,samples/HDTF20260416_00688/frames/real/,16,
WDA_SherrodBrown1,HDTF20260416_00689,hdtf_visomaster_teams,hdtf_visomaster_cropped_frames,samples/HDTF20260416_00689/frames/real/,16,hdtf_visomaster_cropped_frames_teams,samples/HDTF20260416_00689/frames/real/,16,
WRA_GeoffDavis,HDTF20260416_00692,hdtf_visomaster_teams,hdtf_visomaster_cropped_frames,samples/HDTF20260416_00692/frames/real/,16,hdtf_visomaster_cropped_frames_teams,samples/HDTF20260416_00692/frames/real/,16,
WRA_MitchDaniels1,HDTF20260416_00693,hdtf_visomaster_teams,hdtf_visomaster_cropped_frames,samples/HDTF20260416_00693/frames/real/,16,hdtf_visomaster_cropped_frames_teams,samples/HDTF20260416_00693/frames/real/,16,
WRA_SamBrownback,HDTF20260416_00694,hdtf_visomaster_teams,hdtf_visomaster_cropped_frames,samples/HDTF20260416_00694/frames/real/,16,hdtf_visomaster_cropped_frames_teams,samples/HDTF20260416_00694/frames/real/,16,
RD_Radio19,HDTF20260416_00695,hdtf_visomaster_teams,hdtf_visomaster_cropped_frames,samples/HDTF20260416_00695/frames/real/,16,hdtf_visomaster_cropped_frames_teams,samples/HDTF20260416_00695/frames/real/,16,
RD_Radio52,HDTF20260416_00696,hdtf_visomaster_teams,hdtf_visomaster_cropped_frames,samples/HDTF20260416_00696/frames/real/,16,hdtf_visomaster_cropped_frames_teams,samples/HDTF20260416_00696/frames/real/,16,
WDA_DebbieStabenow0,HDTF20260416_00697,hdtf_visomaster_teams,hdtf_visomaster_cropped_frames,samples/HDTF20260416_00697/frames/real/,16,hdtf_visomaster_cropped_frames_teams,samples/HDTF20260416_00697/frames/real/,16,
WDA_DianneFeinstein,HDTF20260416_00698,hdtf_visomaster_teams,hdtf_visomaster_cropped_frames,samples/HDTF20260416_00698/frames/real/,16,hdtf_visomaster_cropped_frames_teams,samples/HDTF20260416_00698/frames/real/,16,
WDA_FrankPallone0,HDTF20260416_00700,hdtf_visomaster_teams,hdtf_visomaster_cropped_frames,samples/HDTF20260416_00700/frames/real/,16,hdtf_visomaster_cropped_frames_teams,samples/HDTF20260416_00700/frames/real/,16,
WDA_JanSchakowsky0,HDTF20260416_00701,hdtf_visomaster_teams,hdtf_visomaster_cropped_frames,samples/HDTF20260416_00701/frames/real/,16,hdtf_visomaster_cropped_frames_teams,samples/HDTF20260416_00701/frames/real/,16,
WDA_JimmyGomez,HDTF20260416_00702,hdtf_visomaster_teams,hdtf_visomaster_cropped_frames,samples/HDTF20260416_00702/frames/real/,16,hdtf_visomaster_cropped_frames_teams,samples/HDTF20260416_00702/frames/real/,16,
WDA_NancyPelosi1,HDTF20260416_00703,hdtf_visomaster_teams,hdtf_visomaster_cropped_frames,samples/HDTF20260416_00703/frames/real/,16,hdtf_visomaster_cropped_frames_teams,samples/HDTF20260416_00703/frames/real/,16,
WDA_WhipJimClyburn,HDTF20260416_00705,hdtf_visomaster_teams,hdtf_visomaster_cropped_frames,samples/HDTF20260416_00705/frames/real/,16,hdtf_visomaster_cropped_frames_teams,samples/HDTF20260416_00705/frames/real/,16,
WRA_JohnBoozman,HDTF20260416_00706,hdtf_visomaster_teams,hdtf_visomaster_cropped_frames,samples/HDTF20260416_00706/frames/real/,16,hdtf_visomaster_cropped_frames_teams,samples/HDTF20260416_00706/frames/real/,16,
WRA_MikeJohanns,HDTF20260416_00708,hdtf_visomaster_teams,hdtf_visomaster_cropped_frames,samples/HDTF20260416_00708/frames/real/,16,hdtf_visomaster_cropped_frames_teams,samples/HDTF20260416_00708/frames/real/,16,
RD_Radio43,HDTF20260416_00710,hdtf_visomaster_teams,hdtf_visomaster_cropped_frames,samples/HDTF20260416_00710/frames/real/,16,hdtf_visomaster_cropped_frames_teams,samples/HDTF20260416_00710/frames/real/,16,
RD_Radio57,HDTF20260416_00711,hdtf_visomaster_teams,hdtf_visomaster_cropped_frames,samples/HDTF20260416_00711/frames/real/,16,hdtf_visomaster_cropped_frames_teams,samples/HDTF20260416_00711/frames/real/,16,
RD_Radio7,HDTF20260416_00712,hdtf_visomaster_teams,hdtf_visomaster_cropped_frames,samples/HDTF20260416_00712/frames/real/,16,hdtf_visomaster_cropped_frames_teams,samples/HDTF20260416_00712/frames/real/,16,
WDA_BernieSanders,HDTF20260416_00713,hdtf_visomaster_teams,hdtf_visomaster_cropped_frames,samples/HDTF20260416_00713/frames/real/,16,hdtf_visomaster_cropped_frames_teams,samples/HDTF20260416_00713/frames/real/,16,
WDA_BettyMcCollum,HDTF20260416_00714,hdtf_visomaster_teams,hdtf_visomaster_cropped_frames,samples/HDTF20260416_00714/frames/real/,16,hdtf_visomaster_cropped_frames_teams,samples/HDTF20260416_00714/frames/real/,16,
WDA_BillRichardson,HDTF20260416_00715,hdtf_visomaster_teams,hdtf_visomaster_cropped_frames,samples/HDTF20260416_00715/frames/real/,16,hdtf_visomaster_cropped_frames_teams,samples/HDTF20260416_00715/frames/real/,16,
WDA_DianaDeGette0,HDTF20260416_00716,hdtf_visomaster_teams,hdtf_visomaster_cropped_frames,samples/HDTF20260416_00716/frames/real/,16,hdtf_visomaster_cropped_frames_teams,samples/HDTF20260416_00716/frames/real/,16,
WDA_JoeNeguse,HDTF20260416_00717,hdtf_visomaster_teams,hdtf_visomaster_cropped_frames,samples/HDTF20260416_00717/frames/real/,16,hdtf_visomaster_cropped_frames_teams,samples/HDTF20260416_00717/frames/real/,16,
WRA_CathyMcMorrisRodgers1,HDTF20260416_00720,hdtf_visomaster_teams,hdtf_visomaster_cropped_frames,samples/HDTF20260416_00720/frames/real/,16,hdtf_visomaster_cropped_frames_teams,samples/HDTF20260416_00720/frames/real/,16,
WRA_JohnBarrasso0,HDTF20260416_00722,hdtf_visomaster_teams,hdtf_visomaster_cropped_frames,samples/HDTF20260416_00722/frames/real/,16,hdtf_visomaster_cropped_frames_teams,samples/HDTF20260416_00722/frames/real/,16,
WRA_JohnBoehner0,HDTF20260416_00723,hdtf_visomaster_teams,hdtf_visomaster_cropped_frames,samples/HDTF20260416_00723/frames/real/,16,hdtf_visomaster_cropped_frames_teams,samples/HDTF20260416_00723/frames/real/,16,
WRA_KevinBrady3,HDTF20260416_00724,hdtf_visomaster_teams,hdtf_visomaster_cropped_frames,samples/HDTF20260416_00724/frames/real/,16,hdtf_visomaster_cropped_frames_teams,samples/HDTF20260416_00724/frames/real/,16,
RD_Radio31,HDTF20260416_00725,hdtf_visomaster_teams,hdtf_visomaster_cropped_frames,samples/HDTF20260416_00725/frames/real/,16,hdtf_visomaster_cropped_frames_teams,samples/HDTF20260416_00725/frames/real/,16,
WDA_BobCasey0,HDTF20260416_00727,hdtf_visomaster_teams,hdtf_visomaster_cropped_frames,samples/HDTF20260416_00727/frames/real/,16,hdtf_visomaster_cropped_frames_teams,samples/HDTF20260416_00727/frames/real/,16,
WDA_JoeManchin,HDTF20260416_00728,hdtf_visomaster_teams,hdtf_visomaster_cropped_frames,samples/HDTF20260416_00728/frames/real/,16,hdtf_visomaster_cropped_frames_teams,samples/HDTF20260416_00728/frames/real/,16,
WDA_KathyCastor,HDTF20260416_00729,hdtf_visomaster_teams,hdtf_visomaster_cropped_frames,samples/HDTF20260416_00729/frames/real/,16,hdtf_visomaster_cropped_frames_teams,samples/HDTF20260416_00729/frames/real/,16,
WDA_KathyCastor1,HDTF20260416_00730,hdtf_visomaster_teams,hdtf_visomaster_cropped_frames,samples/HDTF20260416_00730/frames/real/,16,hdtf_visomaster_cropped_frames_teams,samples/HDTF20260416_00730/frames/real/,16,
WDA_MartinHeinrich,HDTF20260416_00731,hdtf_visomaster_teams,hdtf_visomaster_cropped_frames,samples/HDTF20260416_00731/frames/real/,16,hdtf_visomaster_cropped_frames_teams,samples/HDTF20260416_00731/frames/real/,16,
WDA_RichardBlumenthal,HDTF20260416_00732,hdtf_visomaster_teams,hdtf_visomaster_cropped_frames,samples/HDTF20260416_00732/frames/real/,16,hdtf_visomaster_cropped_frames_teams,samples/HDTF20260416_00732/frames/real/,16,
WDA_SheldonWhitehouse0,HDTF20260416_00733,hdtf_visomaster_teams,hdtf_visomaster_cropped_frames,samples/HDTF20260416_00733/frames/real/,16,hdtf_visomaster_cropped_frames_teams,samples/HDTF20260416_00733/frames/real/,16,
WRA_CandiceMiller0,HDTF20260416_00735,hdtf_visomaster_teams,hdtf_visomaster_cropped_frames,samples/HDTF20260416_00735/frames/real/,16,hdtf_visomaster_cropped_frames_teams,samples/HDTF20260416_00735/frames/real/,16,
WRA_CoryGardner0,HDTF20260416_00736,hdtf_visomaster_teams,hdtf_visomaster_cropped_frames,samples/HDTF20260416_00736/frames/real/,16,hdtf_visomaster_cropped_frames_teams,samples/HDTF20260416_00736/frames/real/,16,
WRA_DanNewhouse,HDTF20260416_00737,hdtf_visomaster_teams,hdtf_visomaster_cropped_frames,samples/HDTF20260416_00737/frames/real/,16,hdtf_visomaster_cropped_frames_teams,samples/HDTF20260416_00737/frames/real/,16,
WRA_MikeJohanns1,HDTF20260416_00738,hdtf_visomaster_teams,hdtf_visomaster_cropped_frames,samples/HDTF20260416_00738/frames/real/,16,hdtf_visomaster_cropped_frames_teams,samples/HDTF20260416_00738/frames/real/,16,
WRA_SteveDaines0,HDTF20260416_00739,hdtf_visomaster_teams,hdtf_visomaster_cropped_frames,samples/HDTF20260416_00739/frames/real/,16,hdtf_visomaster_cropped_frames_teams,samples/HDTF20260416_00739/frames/real/,16,
RD_Radio10,HDTF20260416_00740,hdtf_visomaster_teams,hdtf_visomaster_cropped_frames,samples/HDTF20260416_00740/frames/real/,16,hdtf_visomaster_cropped_frames_teams,samples/HDTF20260416_00740/frames/real/,16,
RD_Radio19,HDTF20260416_00741,hdtf_visomaster_teams,hdtf_visomaster_cropped_frames,samples/HDTF20260416_00741/frames/real/,16,hdtf_visomaster_cropped_frames_teams,samples/HDTF20260416_00741/frames/real/,16,
RD_Radio20,HDTF20260416_00742,hdtf_visomaster_teams,hdtf_visomaster_cropped_frames,samples/HDTF20260416_00742/frames/real/,16,hdtf_visomaster_cropped_frames_teams,samples/HDTF20260416_00742/frames/real/,16,
RD_Radio37,HDTF20260416_00743,hdtf_visomaster_teams,hdtf_visomaster_cropped_frames,samples/HDTF20260416_00743/frames/real/,16,hdtf_visomaster_cropped_frames_teams,samples/HDTF20260416_00743/frames/real/,16,
RD_Radio9,HDTF20260416_00744,hdtf_visomaster_teams,hdtf_visomaster_cropped_frames,samples/HDTF20260416_00744/frames/real/,16,hdtf_visomaster_cropped_frames_teams,samples/HDTF20260416_00744/frames/real/,16,
WDA_BenCardin1,HDTF20260416_00745,hdtf_visomaster_teams,hdtf_visomaster_cropped_frames,samples/HDTF20260416_00745/frames/real/,16,hdtf_visomaster_cropped_frames_teams,samples/HDTF20260416_00745/frames/real/,16,
WDA_ChrisVanHollen1,HDTF20260416_00747,hdtf_visomaster_teams,hdtf_visomaster_cropped_frames,samples/HDTF20260416_00747/frames/real/,16,hdtf_visomaster_cropped_frames_teams,samples/HDTF20260416_00747/frames/real/,16,
WDA_DianneFeinstein,HDTF20260416_00748,hdtf_visomaster_teams,hdtf_visomaster_cropped_frames,samples/HDTF20260416_00748/frames/real/,16,hdtf_visomaster_cropped_frames_teams,samples/HDTF20260416_00748/frames/real/,16,
WDA_EdMarkey0,HDTF20260416_00749,hdtf_visomaster_teams,hdtf_visomaster_cropped_frames,samples/HDTF20260416_00749/frames/real/,16,hdtf_visomaster_cropped_frames_teams,samples/HDTF20260416_00749/frames/real/,16,
WDA_GerryConnolly,HDTF20260416_00750,hdtf_visomaster_teams,hdtf_visomaster_cropped_frames,samples/HDTF20260416_00750/frames/real/,16,hdtf_visomaster_cropped_frames_teams,samples/HDTF20260416_00750/frames/real/,16,
WDA_JamesClyburn1,HDTF20260416_00751,hdtf_visomaster_teams,hdtf_visomaster_cropped_frames,samples/HDTF20260416_00751/frames/real/,16,hdtf_visomaster_cropped_frames_teams,samples/HDTF20260416_00751/frames/real/,16,
WDA_JeffMerkley1,HDTF20260416_00752,hdtf_visomaster_teams,hdtf_visomaster_cropped_frames,samples/HDTF20260416_00752/frames/real/,16,hdtf_visomaster_cropped_frames_teams,samples/HDTF20260416_00752/frames/real/,16,
WDA_JerryNadler,HDTF20260416_00753,hdtf_visomaster_teams,hdtf_visomaster_cropped_frames,samples/HDTF20260416_00753/frames/real/,16,hdtf_visomaster_cropped_frames_teams,samples/HDTF20260416_00753/frames/real/,16,
WDA_JimmyGomez,HDTF20260416_00754,hdtf_visomaster_teams,hdtf_visomaster_cropped_frames,samples/HDTF20260416_00754/frames/real/,16,hdtf_visomaster_cropped_frames_teams,samples/HDTF20260416_00754/frames/real/,16,
WDA_JoeCrowley1,HDTF20260416_00755,hdtf_visomaster_teams,hdtf_visomaster_cropped_frames,samples/HDTF20260416_00755/frames/real/,16,hdtf_visomaster_cropped_frames_teams,samples/HDTF20260416_00755/frames/real/,16,
WDA_LloydDoggett1,HDTF20260416_00756,hdtf_visomaster_teams,hdtf_visomaster_cropped_frames,samples/HDTF20260416_00756/frames/real/,16,hdtf_visomaster_cropped_frames_teams,samples/HDTF20260416_00756/frames/real/,16,
WDA_NitaLowey,HDTF20260416_00757,hdtf_visomaster_teams,hdtf_visomaster_cropped_frames,samples/HDTF20260416_00757/frames/real/,16,hdtf_visomaster_cropped_frames_teams,samples/HDTF20260416_00757/frames/real/,16,
WDA_NydiaVelzquez,HDTF20260416_00758,hdtf_visomaster_teams,hdtf_visomaster_cropped_frames,samples/HDTF20260416_00758/frames/real/,16,hdtf_visomaster_cropped_frames_teams,samples/HDTF20260416_00758/frames/real/,16,
WDA_RonWyden1,HDTF20260416_00759,hdtf_visomaster_teams,hdtf_visomaster_cropped_frames,samples/HDTF20260416_00759/frames/real/,16,hdtf_visomaster_cropped_frames_teams,samples/HDTF20260416_00759/frames/real/,16,
WDA_SeanPatrickMaloney,HDTF20260416_00760,hdtf_visomaster_teams,hdtf_visomaster_cropped_frames,samples/HDTF20260416_00760/frames/real/,16,hdtf_visomaster_cropped_frames_teams,samples/HDTF20260416_00760/frames/real/,16,
WDA_SherrodBrown0,HDTF20260416_00761,hdtf_visomaster_teams,hdtf_visomaster_cropped_frames,samples/HDTF20260416_00761/frames/real/,16,hdtf_visomaster_cropped_frames_teams,samples/HDTF20260416_00761/frames/real/,16,
WDA_StephanieMurphy,HDTF20260416_00762,hdtf_visomaster_teams,hdtf_visomaster_cropped_frames,samples/HDTF20260416_00762/frames/real/,16,hdtf_visomaster_cropped_frames_teams,samples/HDTF20260416_00762/frames/real/,16,
WDA_TammyBaldwin0,HDTF20260416_00763,hdtf_visomaster_teams,hdtf_visomaster_cropped_frames,samples/HDTF20260416_00763/frames/real/,16,hdtf_visomaster_cropped_frames_teams,samples/HDTF20260416_00763/frames/real/,16,
WDA_TerriSewell,HDTF20260416_00764,hdtf_visomaster_teams,hdtf_visomaster_cropped_frames,samples/HDTF20260416_00764/frames/real/,16,hdtf_visomaster_cropped_frames_teams,samples/HDTF20260416_00764/frames/real/,16,
WDA_XavierBecerra,HDTF20260416_00765,hdtf_visomaster_teams,hdtf_visomaster_cropped_frames,samples/HDTF20260416_00765/frames/real/,16,hdtf_visomaster_cropped_frames_teams,samples/HDTF20260416_00765/frames/real/,16,
WRA_AdamKinzinger2,HDTF20260416_00766,hdtf_visomaster_teams,hdtf_visomaster_cropped_frames,samples/HDTF20260416_00766/frames/real/,16,hdtf_visomaster_cropped_frames_teams,samples/HDTF20260416_00766/frames/real/,16,
WRA_AustinScott2,HDTF20260416_00768,hdtf_visomaster_teams,hdtf_visomaster_cropped_frames,samples/HDTF20260416_00768/frames/real/,16,hdtf_visomaster_cropped_frames_teams,samples/HDTF20260416_00768/frames/real/,16,
WRA_DaveCamp,HDTF20260416_00769,hdtf_visomaster_teams,hdtf_visomaster_cropped_frames,samples/HDTF20260416_00769/frames/real/,16,hdtf_visomaster_cropped_frames_teams,samples/HDTF20260416_00769/frames/real/,16,
WRA_FredUpton,HDTF20260416_00771,hdtf_visomaster_teams,hdtf_visomaster_cropped_frames,samples/HDTF20260416_00771/frames/real/,16,hdtf_visomaster_cropped_frames_teams,samples/HDTF20260416_00771/frames/real/,16,
WRA_JohnBoehner0,HDTF20260416_00772,hdtf_visomaster_teams,hdtf_visomaster_cropped_frames,samples/HDTF20260416_00772/frames/real/,16,hdtf_visomaster_cropped_frames_teams,samples/HDTF20260416_00772/frames/real/,16,
WRA_JohnnyIsakson,HDTF20260416_00773,hdtf_visomaster_teams,hdtf_visomaster_cropped_frames,samples/HDTF20260416_00773/frames/real/,16,hdtf_visomaster_cropped_frames_teams,samples/HDTF20260416_00773/frames/real/,16,
WRA_KevinBrady3,HDTF20260416_00774,hdtf_visomaster_teams,hdtf_visomaster_cropped_frames,samples/HDTF20260416_00774/frames/real/,16,hdtf_visomaster_cropped_frames_teams,samples/HDTF20260416_00774/frames/real/,16,
WRA_MikeJohanns,HDTF20260416_00775,hdtf_visomaster_teams,hdtf_visomaster_cropped_frames,samples/HDTF20260416_00775/frames/real/,16,hdtf_visomaster_cropped_frames_teams,samples/HDTF20260416_00775/frames/real/,16,
WRA_MittRomney,HDTF20260416_00776,hdtf_visomaster_teams,hdtf_visomaster_cropped_frames,samples/HDTF20260416_00776/frames/real/,16,hdtf_visomaster_cropped_frames_teams,samples/HDTF20260416_00776/frames/real/,16,
WRA_OlympiaSnowe,HDTF20260416_00777,hdtf_visomaster_teams,hdtf_visomaster_cropped_frames,samples/HDTF20260416_00777/frames/real/,16,hdtf_visomaster_cropped_frames_teams,samples/HDTF20260416_00777/frames/real/,16,
WRA_PaulRyan1,HDTF20260416_00778,hdtf_visomaster_teams,hdtf_visomaster_cropped_frames,samples/HDTF20260416_00778/frames/real/,16,hdtf_visomaster_cropped_frames_teams,samples/HDTF20260416_00778/frames/real/,16,
WRA_RandPaul1,HDTF20260416_00779,hdtf_visomaster_teams,hdtf_visomaster_cropped_frames,samples/HDTF20260416_00779/frames/real/,16,hdtf_visomaster_cropped_frames_teams,samples/HDTF20260416_00779/frames/real/,16,
WRA_RandPaul2,HDTF20260416_00780,hdtf_visomaster_teams,hdtf_visomaster_cropped_frames,samples/HDTF20260416_00780/frames/real/,16,hdtf_visomaster_cropped_frames_teams,samples/HDTF20260416_00780/frames/real/,16,
WRA_RichardShelby,HDTF20260416_00781,hdtf_visomaster_teams,hdtf_visomaster_cropped_frames,samples/HDTF20260416_00781/frames/real/,16,hdtf_visomaster_cropped_frames_teams,samples/HDTF20260416_00781/frames/real/,16,
WRA_RoyBlunt,HDTF20260416_00782,hdtf_visomaster_teams,hdtf_visomaster_cropped_frames,samples/HDTF20260416_00782/frames/real/,16,hdtf_visomaster_cropped_frames_teams,samples/HDTF20260416_00782/frames/real/,16,
WRA_ToddYoung,HDTF20260416_00784,hdtf_visomaster_teams,hdtf_visomaster_cropped_frames,samples/HDTF20260416_00784/frames/real/,16,hdtf_visomaster_cropped_frames_teams,samples/HDTF20260416_00784/frames/real/,16,
RD_Radio3,HDTF20260416_00785,hdtf_visomaster_teams,hdtf_visomaster_cropped_frames,samples/HDTF20260416_00785/frames/real/,16,hdtf_visomaster_cropped_frames_teams,samples/HDTF20260416_00785/frames/real/,16,
RD_Radio50,HDTF20260416_00786,hdtf_visomaster_teams,hdtf_visomaster_cropped_frames,samples/HDTF20260416_00786/frames/real/,16,hdtf_visomaster_cropped_frames_teams,samples/HDTF20260416_00786/frames/real/,16,
WDA_BrianSchatz2,HDTF20260416_00787,hdtf_visomaster_teams,hdtf_visomaster_cropped_frames,samples/HDTF20260416_00787/frames/real/,16,hdtf_visomaster_cropped_frames_teams,samples/HDTF20260416_00787/frames/real/,16,
WDA_JackReed1,HDTF20260416_00788,hdtf_visomaster_teams,hdtf_visomaster_cropped_frames,samples/HDTF20260416_00788/frames/real/,16,hdtf_visomaster_cropped_frames_teams,samples/HDTF20260416_00788/frames/real/,16,
WDA_JackyRosen1,HDTF20260416_00789,hdtf_visomaster_teams,hdtf_visomaster_cropped_frames,samples/HDTF20260416_00789/frames/real/,16,hdtf_visomaster_cropped_frames_teams,samples/HDTF20260416_00789/frames/real/,16,
WDA_JeanneShaheen1,HDTF20260416_00790,hdtf_visomaster_teams,hdtf_visomaster_cropped_frames,samples/HDTF20260416_00790/frames/real/,16,hdtf_visomaster_cropped_frames_teams,samples/HDTF20260416_00790/frames/real/,16,
WDA_JohnSarbanes0,HDTF20260416_00791,hdtf_visomaster_teams,hdtf_visomaster_cropped_frames,samples/HDTF20260416_00791/frames/real/,16,hdtf_visomaster_cropped_frames_teams,samples/HDTF20260416_00791/frames/real/,16,
WDA_KatherineClark,HDTF20260416_00792,hdtf_visomaster_teams,hdtf_visomaster_cropped_frames,samples/HDTF20260416_00792/frames/real/,16,hdtf_visomaster_cropped_frames_teams,samples/HDTF20260416_00792/frames/real/,16,
WDA_MartinHeinrich,HDTF20260416_00793,hdtf_visomaster_teams,hdtf_visomaster_cropped_frames,samples/HDTF20260416_00793/frames/real/,16,hdtf_visomaster_cropped_frames_teams,samples/HDTF20260416_00793/frames/real/,16,
WDA_RonWyden0,HDTF20260416_00794,hdtf_visomaster_teams,hdtf_visomaster_cropped_frames,samples/HDTF20260416_00794/frames/real/,16,hdtf_visomaster_cropped_frames_teams,samples/HDTF20260416_00794/frames/real/,16,
WDA_SheldonWhitehouse0,HDTF20260416_00795,hdtf_visomaster_teams,hdtf_visomaster_cropped_frames,samples/HDTF20260416_00795/frames/real/,16,hdtf_visomaster_cropped_frames_teams,samples/HDTF20260416_00795/frames/real/,16,
WRA_DanNewhouse,HDTF20260416_00796,hdtf_visomaster_teams,hdtf_visomaster_cropped_frames,samples/HDTF20260416_00796/frames/real/,16,hdtf_visomaster_cropped_frames_teams,samples/HDTF20260416_00796/frames/real/,16,
WRA_JuddGregg,HDTF20260416_00797,hdtf_visomaster_teams,hdtf_visomaster_cropped_frames,samples/HDTF20260416_00797/frames/real/,16,hdtf_visomaster_cropped_frames_teams,samples/HDTF20260416_00797/frames/real/,16,
WRA_MikeJohanns1,HDTF20260416_00798,hdtf_visomaster_teams,hdtf_visomaster_cropped_frames,samples/HDTF20260416_00798/frames/real/,16,hdtf_visomaster_cropped_frames_teams,samples/HDTF20260416_00798/frames/real/,16,
RD_Radio11,HDTF20260416_00799,hdtf_visomaster_teams,hdtf_visomaster_cropped_frames,samples/HDTF20260416_00799/frames/real/,16,hdtf_visomaster_cropped_frames_teams,samples/HDTF20260416_00799/frames/real/,16,
RD_Radio18,HDTF20260416_00800,hdtf_visomaster_teams,hdtf_visomaster_cropped_frames,samples/HDTF20260416_00800/frames/real/,16,hdtf_visomaster_cropped_frames_teams,samples/HDTF20260416_00800/frames/real/,16,
RD_Radio22,HDTF20260416_00801,hdtf_visomaster_teams,hdtf_visomaster_cropped_frames,samples/HDTF20260416_00801/frames/real/,16,hdtf_visomaster_cropped_frames_teams,samples/HDTF20260416_00801/frames/real/,16,
RD_Radio25,HDTF20260416_00802,hdtf_visomaster_teams,hdtf_visomaster_cropped_frames,samples/HDTF20260416_00802/frames/real/,16,hdtf_visomaster_cropped_frames_teams,samples/HDTF20260416_00802/frames/real/,16,
RD_Radio54,HDTF20260416_00803,hdtf_visomaster_teams,hdtf_visomaster_cropped_frames,samples/HDTF20260416_00803/frames/real/,16,hdtf_visomaster_cropped_frames_teams,samples/HDTF20260416_00803/frames/real/,16,
WDA_AnnieKuster,HDTF20260416_00804,hdtf_visomaster_teams,hdtf_visomaster_cropped_frames,samples/HDTF20260416_00804/frames/real/,16,hdtf_visomaster_cropped_frames_teams,samples/HDTF20260416_00804/frames/real/,16,
WDA_EdMarkey1,HDTF20260416_00805,hdtf_visomaster_teams,hdtf_visomaster_cropped_frames,samples/HDTF20260416_00805/frames/real/,16,hdtf_visomaster_cropped_frames_teams,samples/HDTF20260416_00805/frames/real/,16,
WDA_MikeDoyle,HDTF20260416_00806,hdtf_visomaster_teams,hdtf_visomaster_cropped_frames,samples/HDTF20260416_00806/frames/real/,16,hdtf_visomaster_cropped_frames_teams,samples/HDTF20260416_00806/frames/real/,16,
WDA_TomCarper,HDTF20260416_00807,hdtf_visomaster_teams,hdtf_visomaster_cropped_frames,samples/HDTF20260416_00807/frames/real/,16,hdtf_visomaster_cropped_frames_teams,samples/HDTF20260416_00807/frames/real/,16,
WDA_TomPerez,HDTF20260416_00808,hdtf_visomaster_teams,hdtf_visomaster_cropped_frames,samples/HDTF20260416_00808/frames/real/,16,hdtf_visomaster_cropped_frames_teams,samples/HDTF20260416_00808/frames/real/,16,
WDA_VeronicaEscobar1,HDTF20260416_00809,hdtf_visomaster_teams,hdtf_visomaster_cropped_frames,samples/HDTF20260416_00809/frames/real/,16,hdtf_visomaster_cropped_frames_teams,samples/HDTF20260416_00809/frames/real/,16,
WRA_JimInhofe,HDTF20260416_00810,hdtf_visomaster_teams,hdtf_visomaster_cropped_frames,samples/HDTF20260416_00810/frames/real/,16,hdtf_visomaster_cropped_frames_teams,samples/HDTF20260416_00810/frames/real/,16,
WRA_KristiNoem0,HDTF20260416_00811,hdtf_visomaster_teams,hdtf_visomaster_cropped_frames,samples/HDTF20260416_00811/frames/real/,16,hdtf_visomaster_cropped_frames_teams,samples/HDTF20260416_00811/frames/real/,16,
WRA_SaxbyChambliss,HDTF20260416_00812,hdtf_visomaster_teams,hdtf_visomaster_cropped_frames,samples/HDTF20260416_00812/frames/real/,16,hdtf_visomaster_cropped_frames_teams,samples/HDTF20260416_00812/frames/real/,16,
RD_Radio32,HDTF20260416_00813,hdtf_visomaster_teams,hdtf_visomaster_cropped_frames,samples/HDTF20260416_00813/frames/real/,16,hdtf_visomaster_cropped_frames_teams,samples/HDTF20260416_00813/frames/real/,16,
WDA_AlexandriaOcasioCortez,HDTF20260416_00814,hdtf_visomaster_teams,hdtf_visomaster_cropped_frames,samples/HDTF20260416_00814/frames/real/,16,hdtf_visomaster_cropped_frames_teams,samples/HDTF20260416_00814/frames/real/,16,
WDA_DebHaaland,HDTF20260416_00815,hdtf_visomaster_teams,hdtf_visomaster_cropped_frames,samples/HDTF20260416_00815/frames/real/,16,hdtf_visomaster_cropped_frames_teams,samples/HDTF20260416_00815/frames/real/,16,
WDA_SuzanDelBene,HDTF20260416_00817,hdtf_visomaster_teams,hdtf_visomaster_cropped_frames,samples/HDTF20260416_00817/frames/real/,16,hdtf_visomaster_cropped_frames_teams,samples/HDTF20260416_00817/frames/real/,16,
WDA_TedLieu,HDTF20260416_00818,hdtf_visomaster_teams,hdtf_visomaster_cropped_frames,samples/HDTF20260416_00818/frames/real/,16,hdtf_visomaster_cropped_frames_teams,samples/HDTF20260416_00818/frames/real/,16,
WRA_AustinScott0,HDTF20260416_00819,hdtf_visomaster_teams,hdtf_visomaster_cropped_frames,samples/HDTF20260416_00819/frames/real/,16,hdtf_visomaster_cropped_frames_teams,samples/HDTF20260416_00819/frames/real/,16,
WRA_BobCorker,HDTF20260416_00820,hdtf_visomaster_teams,hdtf_visomaster_cropped_frames,samples/HDTF20260416_00820/frames/real/,16,hdtf_visomaster_cropped_frames_teams,samples/HDTF20260416_00820/frames/real/,16,
WRA_CathyMcMorrisRodgers0,HDTF20260416_00821,hdtf_visomaster_teams,hdtf_visomaster_cropped_frames,samples/HDTF20260416_00821/frames/real/,16,hdtf_visomaster_cropped_frames_teams,samples/HDTF20260416_00821/frames/real/,16,
WRA_CathyMcMorrisRodgers2,HDTF20260416_00822,hdtf_visomaster_teams,hdtf_visomaster_cropped_frames,samples/HDTF20260416_00822/frames/real/,16,hdtf_visomaster_cropped_frames_teams,samples/HDTF20260416_00822/frames/real/,16,
WRA_JeffFlake,HDTF20260416_00823,hdtf_visomaster_teams,hdtf_visomaster_cropped_frames,samples/HDTF20260416_00823/frames/real/,16,hdtf_visomaster_cropped_frames_teams,samples/HDTF20260416_00823/frames/real/,16,
WRA_LynnJenkins,HDTF20260416_00825,hdtf_visomaster_teams,hdtf_visomaster_cropped_frames,samples/HDTF20260416_00825/frames/real/,16,hdtf_visomaster_cropped_frames_teams,samples/HDTF20260416_00825/frames/real/,16,
WRA_VickyHartzler,HDTF20260416_00826,hdtf_visomaster_teams,hdtf_visomaster_cropped_frames,samples/HDTF20260416_00826/frames/real/,16,hdtf_visomaster_cropped_frames_teams,samples/HDTF20260416_00826/frames/real/,16,
RD_Radio16,HDTF20260416_00827,hdtf_visomaster_teams,hdtf_visomaster_cropped_frames,samples/HDTF20260416_00827/frames/real/,16,hdtf_visomaster_cropped_frames_teams,samples/HDTF20260416_00827/frames/real/,16,
RD_Radio17,HDTF20260416_00828,hdtf_visomaster_teams,hdtf_visomaster_cropped_frames,samples/HDTF20260416_00828/frames/real/,16,hdtf_visomaster_cropped_frames_teams,samples/HDTF20260416_00828/frames/real/,16,
WDA_BarbaraLee0,HDTF20260416_00829,hdtf_visomaster_teams,hdtf_visomaster_cropped_frames,samples/HDTF20260416_00829/frames/real/,16,hdtf_visomaster_cropped_frames_teams,samples/HDTF20260416_00829/frames/real/,16,
WDA_BenRayLujn,HDTF20260416_00830,hdtf_visomaster_teams,hdtf_visomaster_cropped_frames,samples/HDTF20260416_00830/frames/real/,16,hdtf_visomaster_cropped_frames_teams,samples/HDTF20260416_00830/frames/real/,16,
WDA_BobCasey0,HDTF20260416_00831,hdtf_visomaster_teams,hdtf_visomaster_cropped_frames,samples/HDTF20260416_00831/frames/real/,16,hdtf_visomaster_cropped_frames_teams,samples/HDTF20260416_00831/frames/real/,16,
WDA_DebbieStabenow0,HDTF20260416_00832,hdtf_visomaster_teams,hdtf_visomaster_cropped_frames,samples/HDTF20260416_00832/frames/real/,16,hdtf_visomaster_cropped_frames_teams,samples/HDTF20260416_00832/frames/real/,16,
WDA_JanSchakowsky0,HDTF20260416_00833,hdtf_visomaster_teams,hdtf_visomaster_cropped_frames,samples/HDTF20260416_00833/frames/real/,16,hdtf_visomaster_cropped_frames_teams,samples/HDTF20260416_00833/frames/real/,16,
WDA_JoeManchin,HDTF20260416_00834,hdtf_visomaster_teams,hdtf_visomaster_cropped_frames,samples/HDTF20260416_00834/frames/real/,16,hdtf_visomaster_cropped_frames_teams,samples/HDTF20260416_00834/frames/real/,16,
WDA_NancyPelosi1,HDTF20260416_00835,hdtf_visomaster_teams,hdtf_visomaster_cropped_frames,samples/HDTF20260416_00835/frames/real/,16,hdtf_visomaster_cropped_frames_teams,samples/HDTF20260416_00835/frames/real/,16,
WDA_SheldonWhitehouse1,HDTF20260416_00837,hdtf_visomaster_teams,hdtf_visomaster_cropped_frames,samples/HDTF20260416_00837/frames/real/,16,hdtf_visomaster_cropped_frames_teams,samples/HDTF20260416_00837/frames/real/,16,
WDA_WhipJimClyburn,HDTF20260416_00838,hdtf_visomaster_teams,hdtf_visomaster_cropped_frames,samples/HDTF20260416_00838/frames/real/,16,hdtf_visomaster_cropped_frames_teams,samples/HDTF20260416_00838/frames/real/,16,
WRA_AdamKinzinger1,HDTF20260416_00839,hdtf_visomaster_teams,hdtf_visomaster_cropped_frames,samples/HDTF20260416_00839/frames/real/,16,hdtf_visomaster_cropped_frames_teams,samples/HDTF20260416_00839/frames/real/,16,
WRA_SteveDaines0,HDTF20260416_00841,hdtf_visomaster_teams,hdtf_visomaster_cropped_frames,samples/HDTF20260416_00841/frames/real/,16,hdtf_visomaster_cropped_frames_teams,samples/HDTF20260416_00841/frames/real/,16,
RD_Radio1,HDTF20260416_00842,hdtf_visomaster_teams,hdtf_visomaster_cropped_frames,samples/HDTF20260416_00842/frames/real/,16,hdtf_visomaster_cropped_frames_teams,samples/HDTF20260416_00842/frames/real/,16,
RD_Radio4,HDTF20260416_00843,hdtf_visomaster_teams,hdtf_visomaster_cropped_frames,samples/HDTF20260416_00843/frames/real/,16,hdtf_visomaster_cropped_frames_teams,samples/HDTF20260416_00843/frames/real/,16,
RD_Radio42,HDTF20260416_00844,hdtf_visomaster_teams,hdtf_visomaster_cropped_frames,samples/HDTF20260416_00844/frames/real/,16,hdtf_visomaster_cropped_frames_teams,samples/HDTF20260416_00844/frames/real/,16,
WDA_AndyLevin,HDTF20260416_00845,hdtf_visomaster_teams,hdtf_visomaster_cropped_frames,samples/HDTF20260416_00845/frames/real/,16,hdtf_visomaster_cropped_frames_teams,samples/HDTF20260416_00845/frames/real/,16,
WDA_BobMenendez,HDTF20260416_00846,hdtf_visomaster_teams,hdtf_visomaster_cropped_frames,samples/HDTF20260416_00846/frames/real/,16,hdtf_visomaster_cropped_frames_teams,samples/HDTF20260416_00846/frames/real/,16,
WDA_BradSchneider,HDTF20260416_00847,hdtf_visomaster_teams,hdtf_visomaster_cropped_frames,samples/HDTF20260416_00847/frames/real/,16,hdtf_visomaster_cropped_frames_teams,samples/HDTF20260416_00847/frames/real/,16,
WDA_ByronDorgan1,HDTF20260416_00848,hdtf_visomaster_teams,hdtf_visomaster_cropped_frames,samples/HDTF20260416_00848/frames/real/,16,hdtf_visomaster_cropped_frames_teams,samples/HDTF20260416_00848/frames/real/,16,
WDA_SherrodBrown1,HDTF20260416_00850,hdtf_visomaster_teams,hdtf_visomaster_cropped_frames,samples/HDTF20260416_00850/frames/real/,16,hdtf_visomaster_cropped_frames_teams,samples/HDTF20260416_00850/frames/real/,16,
WRA_AdamKinzinger0,HDTF20260416_00851,hdtf_visomaster_teams,hdtf_visomaster_cropped_frames,samples/HDTF20260416_00851/frames/real/,16,hdtf_visomaster_cropped_frames_teams,samples/HDTF20260416_00851/frames/real/,16,
WRA_JohnThune,HDTF20260416_00853,hdtf_visomaster_teams,hdtf_visomaster_cropped_frames,samples/HDTF20260416_00853/frames/real/,16,hdtf_visomaster_cropped_frames_teams,samples/HDTF20260416_00853/frames/real/,16,
WRA_LisaMurkowski0,HDTF20260416_00854,hdtf_visomaster_teams,hdtf_visomaster_cropped_frames,samples/HDTF20260416_00854/frames/real/,16,hdtf_visomaster_cropped_frames_teams,samples/HDTF20260416_00854/frames/real/,16,
WRA_MitchDaniels1,HDTF20260416_00855,hdtf_visomaster_teams,hdtf_visomaster_cropped_frames,samples/HDTF20260416_00855/frames/real/,16,hdtf_visomaster_cropped_frames_teams,samples/HDTF20260416_00855/frames/real/,16,
WRA_SamBrownback,HDTF20260416_00856,hdtf_visomaster_teams,hdtf_visomaster_cropped_frames,samples/HDTF20260416_00856/frames/real/,16,hdtf_visomaster_cropped_frames_teams,samples/HDTF20260416_00856/frames/real/,16,
WDA_BarackObama,HDTF20260416_00858,hdtf_visomaster_teams,hdtf_visomaster_cropped_frames,samples/HDTF20260416_00858/frames/real/,16,hdtf_visomaster_cropped_frames_teams,samples/HDTF20260416_00858/frames/real/,16,
WDA_DebbieStabenow1,HDTF20260416_00859,hdtf_visomaster_teams,hdtf_visomaster_cropped_frames,samples/HDTF20260416_00859/frames/real/,16,hdtf_visomaster_cropped_frames_teams,samples/HDTF20260416_00859/frames/real/,16,
WDA_JanSchakowsky1,HDTF20260416_00860,hdtf_visomaster_teams,hdtf_visomaster_cropped_frames,samples/HDTF20260416_00860/frames/real/,16,hdtf_visomaster_cropped_frames_teams,samples/HDTF20260416_00860/frames/real/,16,
WDA_JonTester1,HDTF20260416_00861,hdtf_visomaster_teams,hdtf_visomaster_cropped_frames,samples/HDTF20260416_00861/frames/real/,16,hdtf_visomaster_cropped_frames_teams,samples/HDTF20260416_00861/frames/real/,16,
WDA_KatieHill,HDTF20260416_00864,hdtf_visomaster_teams,hdtf_visomaster_cropped_frames,samples/HDTF20260416_00864/frames/real/,16,hdtf_visomaster_cropped_frames_teams,samples/HDTF20260416_00864/frames/real/,16,
WDA_RichardBlumenthal,HDTF20260416_00865,hdtf_visomaster_teams,hdtf_visomaster_cropped_frames,samples/HDTF20260416_00865/frames/real/,16,hdtf_visomaster_cropped_frames_teams,samples/HDTF20260416_00865/frames/real/,16,
WRA_BobGoodlatte0,HDTF20260416_00867,hdtf_visomaster_teams,hdtf_visomaster_cropped_frames,samples/HDTF20260416_00867/frames/real/,16,hdtf_visomaster_cropped_frames_teams,samples/HDTF20260416_00867/frames/real/,16,
WRA_BobbySchilling,HDTF20260416_00868,hdtf_visomaster_teams,hdtf_visomaster_cropped_frames,samples/HDTF20260416_00868/frames/real/,16,hdtf_visomaster_cropped_frames_teams,samples/HDTF20260416_00868/frames/real/,16,
WRA_CandiceMiller0,HDTF20260416_00869,hdtf_visomaster_teams,hdtf_visomaster_cropped_frames,samples/HDTF20260416_00869/frames/real/,16,hdtf_visomaster_cropped_frames_teams,samples/HDTF20260416_00869/frames/real/,16,
WRA_JohnBoehner1,HDTF20260416_00870,hdtf_visomaster_teams,hdtf_visomaster_cropped_frames,samples/HDTF20260416_00870/frames/real/,16,hdtf_visomaster_cropped_frames_teams,samples/HDTF20260416_00870/frames/real/,16,
WRA_KellyAyotte,HDTF20260416_00871,hdtf_visomaster_teams,hdtf_visomaster_cropped_frames,samples/HDTF20260416_00871/frames/real/,16,hdtf_visomaster_cropped_frames_teams,samples/HDTF20260416_00871/frames/real/,16,
RD_Radio38,HDTF20260416_00872,hdtf_visomaster_teams,hdtf_visomaster_cropped_frames,samples/HDTF20260416_00872/frames/real/,16,hdtf_visomaster_cropped_frames_teams,samples/HDTF20260416_00872/frames/real/,16,
RD_Radio40,HDTF20260416_00873,hdtf_visomaster_teams,hdtf_visomaster_cropped_frames,samples/HDTF20260416_00873/frames/real/,16,hdtf_visomaster_cropped_frames_teams,samples/HDTF20260416_00873/frames/real/,16,
RD_Radio43,HDTF20260416_00874,hdtf_visomaster_teams,hdtf_visomaster_cropped_frames,samples/HDTF20260416_00874/frames/real/,16,hdtf_visomaster_cropped_frames_teams,samples/HDTF20260416_00874/frames/real/,16,
RD_Radio7,HDTF20260416_00875,hdtf_visomaster_teams,hdtf_visomaster_cropped_frames,samples/HDTF20260416_00875/frames/real/,16,hdtf_visomaster_cropped_frames_teams,samples/HDTF20260416_00875/frames/real/,16,
WDA_BettyMcCollum,HDTF20260416_00876,hdtf_visomaster_teams,hdtf_visomaster_cropped_frames,samples/HDTF20260416_00876/frames/real/,16,hdtf_visomaster_cropped_frames_teams,samples/HDTF20260416_00876/frames/real/,16,
WDA_ChrisVanHollen0,HDTF20260416_00877,hdtf_visomaster_teams,hdtf_visomaster_cropped_frames,samples/HDTF20260416_00877/frames/real/,16,hdtf_visomaster_cropped_frames_teams,samples/HDTF20260416_00877/frames/real/,16,
WDA_DianaDeGette0,HDTF20260416_00878,hdtf_visomaster_teams,hdtf_visomaster_cropped_frames,samples/HDTF20260416_00878/frames/real/,16,hdtf_visomaster_cropped_frames_teams,samples/HDTF20260416_00878/frames/real/,16,
WDA_DougJones,HDTF20260416_00879,hdtf_visomaster_teams,hdtf_visomaster_cropped_frames,samples/HDTF20260416_00879/frames/real/,16,hdtf_visomaster_cropped_frames_teams,samples/HDTF20260416_00879/frames/real/,16,
WDA_JamesClyburn,HDTF20260416_00880,hdtf_visomaster_teams,hdtf_visomaster_cropped_frames,samples/HDTF20260416_00880/frames/real/,16,hdtf_visomaster_cropped_frames_teams,samples/HDTF20260416_00880/frames/real/,16,
WDA_JoeNeguse,HDTF20260416_00881,hdtf_visomaster_teams,hdtf_visomaster_cropped_frames,samples/HDTF20260416_00881/frames/real/,16,hdtf_visomaster_cropped_frames_teams,samples/HDTF20260416_00881/frames/real/,16,
WDA_JohnYarmuth1,HDTF20260416_00882,hdtf_visomaster_teams,hdtf_visomaster_cropped_frames,samples/HDTF20260416_00882/frames/real/,16,hdtf_visomaster_cropped_frames_teams,samples/HDTF20260416_00882/frames/real/,16,
WDA_KimSchrier,HDTF20260416_00883,hdtf_visomaster_teams,hdtf_visomaster_cropped_frames,samples/HDTF20260416_00883/frames/real/,16,hdtf_visomaster_cropped_frames_teams,samples/HDTF20260416_00883/frames/real/,16,
WRA_CoryGardner1,HDTF20260416_00886,hdtf_visomaster_teams,hdtf_visomaster_cropped_frames,samples/HDTF20260416_00886/frames/real/,16,hdtf_visomaster_cropped_frames_teams,samples/HDTF20260416_00886/frames/real/,16,
RD_Radio13,HDTF20260416_00887,hdtf_visomaster_teams,hdtf_visomaster_cropped_frames,samples/HDTF20260416_00887/frames/real/,16,hdtf_visomaster_cropped_frames_teams,samples/HDTF20260416_00887/frames/real/,16,
RD_Radio18,HDTF20260416_00888,hdtf_visomaster_teams,hdtf_visomaster_cropped_frames,samples/HDTF20260416_00888/frames/real/,16,hdtf_visomaster_cropped_frames_teams,samples/HDTF20260416_00888/frames/real/,16,
RD_Radio20,HDTF20260416_00889,hdtf_visomaster_teams,hdtf_visomaster_cropped_frames,samples/HDTF20260416_00889/frames/real/,16,hdtf_visomaster_cropped_frames_teams,samples/HDTF20260416_00889/frames/real/,16,
RD_Radio23,HDTF20260416_00890,hdtf_visomaster_teams,hdtf_visomaster_cropped_frames,samples/HDTF20260416_00890/frames/real/,16,hdtf_visomaster_cropped_frames_teams,samples/HDTF20260416_00890/frames/real/,16,
RD_Radio25,HDTF20260416_00891,hdtf_visomaster_teams,hdtf_visomaster_cropped_frames,samples/HDTF20260416_00891/frames/real/,16,hdtf_visomaster_cropped_frames_teams,samples/HDTF20260416_00891/frames/real/,16,
RD_Radio28,HDTF20260416_00892,hdtf_visomaster_teams,hdtf_visomaster_cropped_frames,samples/HDTF20260416_00892/frames/real/,16,hdtf_visomaster_cropped_frames_teams,samples/HDTF20260416_00892/frames/real/,16,
RD_Radio30,HDTF20260416_00893,hdtf_visomaster_teams,hdtf_visomaster_cropped_frames,samples/HDTF20260416_00893/frames/real/,16,hdtf_visomaster_cropped_frames_teams,samples/HDTF20260416_00893/frames/real/,16,
RD_Radio34,HDTF20260416_00894,hdtf_visomaster_teams,hdtf_visomaster_cropped_frames,samples/HDTF20260416_00894/frames/real/,16,hdtf_visomaster_cropped_frames_teams,samples/HDTF20260416_00894/frames/real/,16,
RD_Radio35,HDTF20260416_00895,hdtf_visomaster_teams,hdtf_visomaster_cropped_frames,samples/HDTF20260416_00895/frames/real/,16,hdtf_visomaster_cropped_frames_teams,samples/HDTF20260416_00895/frames/real/,16,
WDA_BennieThompson1,HDTF20260416_00896,hdtf_visomaster_teams,hdtf_visomaster_cropped_frames,samples/HDTF20260416_00896/frames/real/,16,hdtf_visomaster_cropped_frames_teams,samples/HDTF20260416_00896/frames/real/,16,
WDA_BillPascrell,HDTF20260416_00897,hdtf_visomaster_teams,hdtf_visomaster_cropped_frames,samples/HDTF20260416_00897/frames/real/,16,hdtf_visomaster_cropped_frames_teams,samples/HDTF20260416_00897/frames/real/,16,
WDA_BrianSchatz1,HDTF20260416_00898,hdtf_visomaster_teams,hdtf_visomaster_cropped_frames,samples/HDTF20260416_00898/frames/real/,16,hdtf_visomaster_cropped_frames_teams,samples/HDTF20260416_00898/frames/real/,16,
WDA_CarolynMaloney1,HDTF20260416_00899,hdtf_visomaster_teams,hdtf_visomaster_cropped_frames,samples/HDTF20260416_00899/frames/real/,16,hdtf_visomaster_cropped_frames_teams,samples/HDTF20260416_00899/frames/real/,16,
WDA_ChrisVanHollen1,HDTF20260416_00900,hdtf_visomaster_teams,hdtf_visomaster_cropped_frames,samples/HDTF20260416_00900/frames/real/,16,hdtf_visomaster_cropped_frames_teams,samples/HDTF20260416_00900/frames/real/,16,
WDA_ChuckSchumer1,HDTF20260416_00901,hdtf_visomaster_teams,hdtf_visomaster_cropped_frames,samples/HDTF20260416_00901/frames/real/,16,hdtf_visomaster_cropped_frames_teams,samples/HDTF20260416_00901/frames/real/,16,
WDA_ColinAllred,HDTF20260416_00902,hdtf_visomaster_teams,hdtf_visomaster_cropped_frames,samples/HDTF20260416_00902/frames/real/,16,hdtf_visomaster_cropped_frames_teams,samples/HDTF20260416_00902/frames/real/,16,
WDA_DianaDeGette1,HDTF20260416_00903,hdtf_visomaster_teams,hdtf_visomaster_cropped_frames,samples/HDTF20260416_00903/frames/real/,16,hdtf_visomaster_cropped_frames_teams,samples/HDTF20260416_00903/frames/real/,16,
WDA_HaleyStevens,HDTF20260416_00904,hdtf_visomaster_teams,hdtf_visomaster_cropped_frames,samples/HDTF20260416_00904/frames/real/,16,hdtf_visomaster_cropped_frames_teams,samples/HDTF20260416_00904/frames/real/,16,
WDA_JeffMerkley1,HDTF20260416_00905,hdtf_visomaster_teams,hdtf_visomaster_cropped_frames,samples/HDTF20260416_00905/frames/real/,16,hdtf_visomaster_cropped_frames_teams,samples/HDTF20260416_00905/frames/real/,16,
WDA_JoaquinCastro,HDTF20260416_00906,hdtf_visomaster_teams,hdtf_visomaster_cropped_frames,samples/HDTF20260416_00906/frames/real/,16,hdtf_visomaster_cropped_frames_teams,samples/HDTF20260416_00906/frames/real/,16,
WDA_LloydDoggett0,HDTF20260416_00907,hdtf_visomaster_teams,hdtf_visomaster_cropped_frames,samples/HDTF20260416_00907/frames/real/,16,hdtf_visomaster_cropped_frames_teams,samples/HDTF20260416_00907/frames/real/,16,
WDA_LloydDoggett1,HDTF20260416_00908,hdtf_visomaster_teams,hdtf_visomaster_cropped_frames,samples/HDTF20260416_00908/frames/real/,16,hdtf_visomaster_cropped_frames_teams,samples/HDTF20260416_00908/frames/real/,16,
WDA_LucilleRoybal-Allard,HDTF20260416_00909,hdtf_visomaster_teams,hdtf_visomaster_cropped_frames,samples/HDTF20260416_00909/frames/real/,16,hdtf_visomaster_cropped_frames_teams,samples/HDTF20260416_00909/frames/real/,16,
WDA_MattCartwright,HDTF20260416_00910,hdtf_visomaster_teams,hdtf_visomaster_cropped_frames,samples/HDTF20260416_00910/frames/real/,16,hdtf_visomaster_cropped_frames_teams,samples/HDTF20260416_00910/frames/real/,16,
WDA_RichardNeal0,HDTF20260416_00911,hdtf_visomaster_teams,hdtf_visomaster_cropped_frames,samples/HDTF20260416_00911/frames/real/,16,hdtf_visomaster_cropped_frames_teams,samples/HDTF20260416_00911/frames/real/,16,
WDA_RobinKelly,HDTF20260416_00912,hdtf_visomaster_teams,hdtf_visomaster_cropped_frames,samples/HDTF20260416_00912/frames/real/,16,hdtf_visomaster_cropped_frames_teams,samples/HDTF20260416_00912/frames/real/,16,
WDA_RonWyden1,HDTF20260416_00913,hdtf_visomaster_teams,hdtf_visomaster_cropped_frames,samples/HDTF20260416_00913/frames/real/,16,hdtf_visomaster_cropped_frames_teams,samples/HDTF20260416_00913/frames/real/,16,
WDA_TerriSewell,HDTF20260416_00914,hdtf_visomaster_teams,hdtf_visomaster_cropped_frames,samples/HDTF20260416_00914/frames/real/,16,hdtf_visomaster_cropped_frames_teams,samples/HDTF20260416_00914/frames/real/,16,
WDA_TomCarper,HDTF20260416_00915,hdtf_visomaster_teams,hdtf_visomaster_cropped_frames,samples/HDTF20260416_00915/frames/real/,16,hdtf_visomaster_cropped_frames_teams,samples/HDTF20260416_00915/frames/real/,16,
WDA_VeronicaEscobar0,HDTF20260416_00916,hdtf_visomaster_teams,hdtf_visomaster_cropped_frames,samples/HDTF20260416_00916/frames/real/,16,hdtf_visomaster_cropped_frames_teams,samples/HDTF20260416_00916/frames/real/,16,
WRA_ChuckGrassley,HDTF20260416_00917,hdtf_visomaster_teams,hdtf_visomaster_cropped_frames,samples/HDTF20260416_00917/frames/real/,16,hdtf_visomaster_cropped_frames_teams,samples/HDTF20260416_00917/frames/real/,16,
WRA_DebFischer2,HDTF20260416_00918,hdtf_visomaster_teams,hdtf_visomaster_cropped_frames,samples/HDTF20260416_00918/frames/real/,16,hdtf_visomaster_cropped_frames_teams,samples/HDTF20260416_00918/frames/real/,16,
WRA_DuncanHunter,HDTF20260416_00919,hdtf_visomaster_teams,hdtf_visomaster_cropped_frames,samples/HDTF20260416_00919/frames/real/,16,hdtf_visomaster_cropped_frames_teams,samples/HDTF20260416_00919/frames/real/,16,
WRA_FredUpton,HDTF20260416_00920,hdtf_visomaster_teams,hdtf_visomaster_cropped_frames,samples/HDTF20260416_00920/frames/real/,16,hdtf_visomaster_cropped_frames_teams,samples/HDTF20260416_00920/frames/real/,16,
WRA_KevinBrady2,HDTF20260416_00922,hdtf_visomaster_teams,hdtf_visomaster_cropped_frames,samples/HDTF20260416_00922/frames/real/,16,hdtf_visomaster_cropped_frames_teams,samples/HDTF20260416_00922/frames/real/,16,
WRA_KristiNoem0,HDTF20260416_00923,hdtf_visomaster_teams,hdtf_visomaster_cropped_frames,samples/HDTF20260416_00923/frames/real/,16,hdtf_visomaster_cropped_frames_teams,samples/HDTF20260416_00923/frames/real/,16,
WRA_LamarAlexander,HDTF20260416_00924,hdtf_visomaster_teams,hdtf_visomaster_cropped_frames,samples/HDTF20260416_00924/frames/real/,16,hdtf_visomaster_cropped_frames_teams,samples/HDTF20260416_00924/frames/real/,16,
WRA_MikeCrapo,HDTF20260416_00925,hdtf_visomaster_teams,hdtf_visomaster_cropped_frames,samples/HDTF20260416_00925/frames/real/,16,hdtf_visomaster_cropped_frames_teams,samples/HDTF20260416_00925/frames/real/,16,
WRA_PaulRyan0,HDTF20260416_00926,hdtf_visomaster_teams,hdtf_visomaster_cropped_frames,samples/HDTF20260416_00926/frames/real/,16,hdtf_visomaster_cropped_frames_teams,samples/HDTF20260416_00926/frames/real/,16,
WRA_PeterRoskam1,HDTF20260416_00927,hdtf_visomaster_teams,hdtf_visomaster_cropped_frames,samples/HDTF20260416_00927/frames/real/,16,hdtf_visomaster_cropped_frames_teams,samples/HDTF20260416_00927/frames/real/,16,
WRA_ReneeEllmers,HDTF20260416_00928,hdtf_visomaster_teams,hdtf_visomaster_cropped_frames,samples/HDTF20260416_00928/frames/real/,16,hdtf_visomaster_cropped_frames_teams,samples/HDTF20260416_00928/frames/real/,16,
WRA_RoyBlunt,HDTF20260416_00929,hdtf_visomaster_teams,hdtf_visomaster_cropped_frames,samples/HDTF20260416_00929/frames/real/,16,hdtf_visomaster_cropped_frames_teams,samples/HDTF20260416_00929/frames/real/,16,
WRA_SteveScalise1,HDTF20260416_00930,hdtf_visomaster_teams,hdtf_visomaster_cropped_frames,samples/HDTF20260416_00930/frames/real/,16,hdtf_visomaster_cropped_frames_teams,samples/HDTF20260416_00930/frames/real/,16,
RD_Radio12,HDTF20260416_00931,hdtf_visomaster_teams,hdtf_visomaster_cropped_frames,samples/HDTF20260416_00931/frames/real/,16,hdtf_visomaster_cropped_frames_teams,samples/HDTF20260416_00931/frames/real/,16,
RD_Radio43,HDTF20260416_00932,hdtf_visomaster_teams,hdtf_visomaster_cropped_frames,samples/HDTF20260416_00932/frames/real/,16,hdtf_visomaster_cropped_frames_teams,samples/HDTF20260416_00932/frames/real/,16,
RD_Radio7,HDTF20260416_00933,hdtf_visomaster_teams,hdtf_visomaster_cropped_frames,samples/HDTF20260416_00933/frames/real/,16,hdtf_visomaster_cropped_frames_teams,samples/HDTF20260416_00933/frames/real/,16,
WDA_AmyKlobuchar0,HDTF20260416_00934,hdtf_visomaster_teams,hdtf_visomaster_cropped_frames,samples/HDTF20260416_00934/frames/real/,16,hdtf_visomaster_cropped_frames_teams,samples/HDTF20260416_00934/frames/real/,16,
WDA_BettyMcCollum,HDTF20260416_00935,hdtf_visomaster_teams,hdtf_visomaster_cropped_frames,samples/HDTF20260416_00935/frames/real/,16,hdtf_visomaster_cropped_frames_teams,samples/HDTF20260416_00935/frames/real/,16,
WDA_DianaDeGette0,HDTF20260416_00936,hdtf_visomaster_teams,hdtf_visomaster_cropped_frames,samples/HDTF20260416_00936/frames/real/,16,hdtf_visomaster_cropped_frames_teams,samples/HDTF20260416_00936/frames/real/,16,
WDA_EmanuelCleaver,HDTF20260416_00937,hdtf_visomaster_teams,hdtf_visomaster_cropped_frames,samples/HDTF20260416_00937/frames/real/,16,hdtf_visomaster_cropped_frames_teams,samples/HDTF20260416_00937/frames/real/,16,
WDA_JoeNeguse,HDTF20260416_00938,hdtf_visomaster_teams,hdtf_visomaster_cropped_frames,samples/HDTF20260416_00938/frames/real/,16,hdtf_visomaster_cropped_frames_teams,samples/HDTF20260416_00938/frames/real/,16,
WDA_NydiaVelzquez,HDTF20260416_00939,hdtf_visomaster_teams,hdtf_visomaster_cropped_frames,samples/HDTF20260416_00939/frames/real/,16,hdtf_visomaster_cropped_frames_teams,samples/HDTF20260416_00939/frames/real/,16,
WRA_AdamKinzinger2,HDTF20260416_00940,hdtf_visomaster_teams,hdtf_visomaster_cropped_frames,samples/HDTF20260416_00940/frames/real/,16,hdtf_visomaster_cropped_frames_teams,samples/HDTF20260416_00940/frames/real/,16,
WRA_DaveCamp,HDTF20260416_00941,hdtf_visomaster_teams,hdtf_visomaster_cropped_frames,samples/HDTF20260416_00941/frames/real/,16,hdtf_visomaster_cropped_frames_teams,samples/HDTF20260416_00941/frames/real/,16,
WRA_JohnBoehner0,HDTF20260416_00942,hdtf_visomaster_teams,hdtf_visomaster_cropped_frames,samples/HDTF20260416_00942/frames/real/,16,hdtf_visomaster_cropped_frames_teams,samples/HDTF20260416_00942/frames/real/,16,
WRA_KevinBrady3,HDTF20260416_00943,hdtf_visomaster_teams,hdtf_visomaster_cropped_frames,samples/HDTF20260416_00943/frames/real/,16,hdtf_visomaster_cropped_frames_teams,samples/HDTF20260416_00943/frames/real/,16,
WRA_RandPaul1,HDTF20260416_00944,hdtf_visomaster_teams,hdtf_visomaster_cropped_frames,samples/HDTF20260416_00944/frames/real/,16,hdtf_visomaster_cropped_frames_teams,samples/HDTF20260416_00944/frames/real/,16,
WRA_TomCotton,HDTF20260416_00945,hdtf_visomaster_teams,hdtf_visomaster_cropped_frames,samples/HDTF20260416_00945/frames/real/,16,hdtf_visomaster_cropped_frames_teams,samples/HDTF20260416_00945/frames/real/,16,
RD_Radio3,HDTF20260416_00946,hdtf_visomaster_teams,hdtf_visomaster_cropped_frames,samples/HDTF20260416_00946/frames/real/,16,hdtf_visomaster_cropped_frames_teams,samples/HDTF20260416_00946/frames/real/,16,
RD_Radio47,HDTF20260416_00947,hdtf_visomaster_teams,hdtf_visomaster_cropped_frames,samples/HDTF20260416_00947/frames/real/,16,hdtf_visomaster_cropped_frames_teams,samples/HDTF20260416_00947/frames/real/,16,
RD_Radio50,HDTF20260416_00948,hdtf_visomaster_teams,hdtf_visomaster_cropped_frames,samples/HDTF20260416_00948/frames/real/,16,hdtf_visomaster_cropped_frames_teams,samples/HDTF20260416_00948/frames/real/,16,
WDA_DebHaaland,HDTF20260416_00949,hdtf_visomaster_teams,hdtf_visomaster_cropped_frames,samples/HDTF20260416_00949/frames/real/,16,hdtf_visomaster_cropped_frames_teams,samples/HDTF20260416_00949/frames/real/,16,
WDA_JackyRosen1,HDTF20260416_00950,hdtf_visomaster_teams,hdtf_visomaster_cropped_frames,samples/HDTF20260416_00950/frames/real/,16,hdtf_visomaster_cropped_frames_teams,samples/HDTF20260416_00950/frames/real/,16,
WDA_JeanneShaheen1,HDTF20260416_00951,hdtf_visomaster_teams,hdtf_visomaster_cropped_frames,samples/HDTF20260416_00951/frames/real/,16,hdtf_visomaster_cropped_frames_teams,samples/HDTF20260416_00951/frames/real/,16,
WDA_JonTester0,HDTF20260416_00952,hdtf_visomaster_teams,hdtf_visomaster_cropped_frames,samples/HDTF20260416_00952/frames/real/,16,hdtf_visomaster_cropped_frames_teams,samples/HDTF20260416_00952/frames/real/,16,
WDA_MartinHeinrich,HDTF20260416_00953,hdtf_visomaster_teams,hdtf_visomaster_cropped_frames,samples/HDTF20260416_00953/frames/real/,16,hdtf_visomaster_cropped_frames_teams,samples/HDTF20260416_00953/frames/real/,16,
WDA_RonWyden0,HDTF20260416_00954,hdtf_visomaster_teams,hdtf_visomaster_cropped_frames,samples/HDTF20260416_00954/frames/real/,16,hdtf_visomaster_cropped_frames_teams,samples/HDTF20260416_00954/frames/real/,16,
WDA_SuzanDelBene,HDTF20260416_00956,hdtf_visomaster_teams,hdtf_visomaster_cropped_frames,samples/HDTF20260416_00956/frames/real/,16,hdtf_visomaster_cropped_frames_teams,samples/HDTF20260416_00956/frames/real/,16,
WRA_CathyMcMorrisRodgers2,HDTF20260416_00957,hdtf_visomaster_teams,hdtf_visomaster_cropped_frames,samples/HDTF20260416_00957/frames/real/,16,hdtf_visomaster_cropped_frames_teams,samples/HDTF20260416_00957/frames/real/,16,
WRA_DanNewhouse,HDTF20260416_00958,hdtf_visomaster_teams,hdtf_visomaster_cropped_frames,samples/HDTF20260416_00958/frames/real/,16,hdtf_visomaster_cropped_frames_teams,samples/HDTF20260416_00958/frames/real/,16,
WRA_JeffFlake,HDTF20260416_00959,hdtf_visomaster_teams,hdtf_visomaster_cropped_frames,samples/HDTF20260416_00959/frames/real/,16,hdtf_visomaster_cropped_frames_teams,samples/HDTF20260416_00959/frames/real/,16,
WRA_MikeJohanns1,HDTF20260416_00960,hdtf_visomaster_teams,hdtf_visomaster_cropped_frames,samples/HDTF20260416_00960/frames/real/,16,hdtf_visomaster_cropped_frames_teams,samples/HDTF20260416_00960/frames/real/,16,
RD_Radio2,HDTF20260416_00961,hdtf_visomaster_teams,hdtf_visomaster_cropped_frames,samples/HDTF20260416_00961/frames/real/,16,hdtf_visomaster_cropped_frames_teams,samples/HDTF20260416_00961/frames/real/,16,
WDA_AndyLevin,HDTF20260416_00962,hdtf_visomaster_teams,hdtf_visomaster_cropped_frames,samples/HDTF20260416_00962/frames/real/,16,hdtf_visomaster_cropped_frames_teams,samples/HDTF20260416_00962/frames/real/,16,
WDA_DickDurbin,HDTF20260416_00963,hdtf_visomaster_teams,hdtf_visomaster_cropped_frames,samples/HDTF20260416_00963/frames/real/,16,hdtf_visomaster_cropped_frames_teams,samples/HDTF20260416_00963/frames/real/,16,
WDA_DonaldMcEachin,HDTF20260416_00964,hdtf_visomaster_teams,hdtf_visomaster_cropped_frames,samples/HDTF20260416_00964/frames/real/,16,hdtf_visomaster_cropped_frames_teams,samples/HDTF20260416_00964/frames/real/,16,
WDA_DonnaShalala1,HDTF20260416_00965,hdtf_visomaster_teams,hdtf_visomaster_cropped_frames,samples/HDTF20260416_00965/frames/real/,16,hdtf_visomaster_cropped_frames_teams,samples/HDTF20260416_00965/frames/real/,16,
WDA_HillaryClinton,HDTF20260416_00966,hdtf_visomaster_teams,hdtf_visomaster_cropped_frames,samples/HDTF20260416_00966/frames/real/,16,hdtf_visomaster_cropped_frames_teams,samples/HDTF20260416_00966/frames/real/,16,
WDA_JackReed1,HDTF20260416_00967,hdtf_visomaster_teams,hdtf_visomaster_cropped_frames,samples/HDTF20260416_00967/frames/real/,16,hdtf_visomaster_cropped_frames_teams,samples/HDTF20260416_00967/frames/real/,16,
WDA_JohnSarbanes0,HDTF20260416_00968,hdtf_visomaster_teams,hdtf_visomaster_cropped_frames,samples/HDTF20260416_00968/frames/real/,16,hdtf_visomaster_cropped_frames_teams,samples/HDTF20260416_00968/frames/real/,16,
WDA_KatherineClark,HDTF20260416_00969,hdtf_visomaster_teams,hdtf_visomaster_cropped_frames,samples/HDTF20260416_00969/frames/real/,16,hdtf_visomaster_cropped_frames_teams,samples/HDTF20260416_00969/frames/real/,16,
WDA_MaggieHassan,HDTF20260416_00970,hdtf_visomaster_teams,hdtf_visomaster_cropped_frames,samples/HDTF20260416_00970/frames/real/,16,hdtf_visomaster_cropped_frames_teams,samples/HDTF20260416_00970/frames/real/,16,
WDA_PattyMurray0,HDTF20260416_00971,hdtf_visomaster_teams,hdtf_visomaster_cropped_frames,samples/HDTF20260416_00971/frames/real/,16,hdtf_visomaster_cropped_frames_teams,samples/HDTF20260416_00971/frames/real/,16,
WDA_SeanCasten,HDTF20260416_00972,hdtf_visomaster_teams,hdtf_visomaster_cropped_frames,samples/HDTF20260416_00972/frames/real/,16,hdtf_visomaster_cropped_frames_teams,samples/HDTF20260416_00972/frames/real/,16,
WRA_TimScott,HDTF20260416_00974,hdtf_visomaster_teams,hdtf_visomaster_cropped_frames,samples/HDTF20260416_00974/frames/real/,16,hdtf_visomaster_cropped_frames_teams,samples/HDTF20260416_00974/frames/real/,16,
WRA_TomPrice,HDTF20260416_00975,hdtf_visomaster_teams,hdtf_visomaster_cropped_frames,samples/HDTF20260416_00975/frames/real/,16,hdtf_visomaster_cropped_frames_teams,samples/HDTF20260416_00975/frames/real/,16,
RD_Radio10,HDTF20260416_00976,hdtf_visomaster_teams,hdtf_visomaster_cropped_frames,samples/HDTF20260416_00976/frames/real/,16,hdtf_visomaster_cropped_frames_teams,samples/HDTF20260416_00976/frames/real/,16,
WDA_BarackObama,HDTF20260416_00977,hdtf_visomaster_teams,hdtf_visomaster_cropped_frames,samples/HDTF20260416_00977/frames/real/,16,hdtf_visomaster_cropped_frames_teams,samples/HDTF20260416_00977/frames/real/,16,
WDA_JamesClyburn1,HDTF20260416_00978,hdtf_visomaster_teams,hdtf_visomaster_cropped_frames,samples/HDTF20260416_00978/frames/real/,16,hdtf_visomaster_cropped_frames_teams,samples/HDTF20260416_00978/frames/real/,16,
WDA_JanSchakowsky1,HDTF20260416_00979,hdtf_visomaster_teams,hdtf_visomaster_cropped_frames,samples/HDTF20260416_00979/frames/real/,16,hdtf_visomaster_cropped_frames_teams,samples/HDTF20260416_00979/frames/real/,16,
WDA_JerryNadler,HDTF20260416_00980,hdtf_visomaster_teams,hdtf_visomaster_cropped_frames,samples/HDTF20260416_00980/frames/real/,16,hdtf_visomaster_cropped_frames_teams,samples/HDTF20260416_00980/frames/real/,16,
WDA_SeanPatrickMaloney,HDTF20260416_00981,hdtf_visomaster_teams,hdtf_visomaster_cropped_frames,samples/HDTF20260416_00981/frames/real/,16,hdtf_visomaster_cropped_frames_teams,samples/HDTF20260416_00981/frames/real/,16,
WDA_TammyBaldwin0,HDTF20260416_00983,hdtf_visomaster_teams,hdtf_visomaster_cropped_frames,samples/HDTF20260416_00983/frames/real/,16,hdtf_visomaster_cropped_frames_teams,samples/HDTF20260416_00983/frames/real/,16,
WDA_XavierBecerra,HDTF20260416_00984,hdtf_visomaster_teams,hdtf_visomaster_cropped_frames,samples/HDTF20260416_00984/frames/real/,16,hdtf_visomaster_cropped_frames_teams,samples/HDTF20260416_00984/frames/real/,16,
WRA_BobGoodlatte0,HDTF20260416_00985,hdtf_visomaster_teams,hdtf_visomaster_cropped_frames,samples/HDTF20260416_00985/frames/real/,16,hdtf_visomaster_cropped_frames_teams,samples/HDTF20260416_00985/frames/real/,16,
WRA_BobbySchilling,HDTF20260416_00986,hdtf_visomaster_teams,hdtf_visomaster_cropped_frames,samples/HDTF20260416_00986/frames/real/,16,hdtf_visomaster_cropped_frames_teams,samples/HDTF20260416_00986/frames/real/,16,
WRA_CathyMcMorrisRodgers1,HDTF20260416_00987,hdtf_visomaster_teams,hdtf_visomaster_cropped_frames,samples/HDTF20260416_00987/frames/real/,16,hdtf_visomaster_cropped_frames_teams,samples/HDTF20260416_00987/frames/real/,16,
WRA_KellyAyotte,HDTF20260416_00988,hdtf_visomaster_teams,hdtf_visomaster_cropped_frames,samples/HDTF20260416_00988/frames/real/,16,hdtf_visomaster_cropped_frames_teams,samples/HDTF20260416_00988/frames/real/,16,
WRA_PaulRyan1,HDTF20260416_00989,hdtf_visomaster_teams,hdtf_visomaster_cropped_frames,samples/HDTF20260416_00989/frames/real/,16,hdtf_visomaster_cropped_frames_teams,samples/HDTF20260416_00989/frames/real/,16,
WRA_ToddYoung,HDTF20260416_00990,hdtf_visomaster_teams,hdtf_visomaster_cropped_frames,samples/HDTF20260416_00990/frames/real/,16,hdtf_visomaster_cropped_frames_teams,samples/HDTF20260416_00990/frames/real/,16,
RD_Radio32,HDTF20260416_00991,hdtf_visomaster_teams,hdtf_visomaster_cropped_frames,samples/HDTF20260416_00991/frames/real/,16,hdtf_visomaster_cropped_frames_teams,samples/HDTF20260416_00991/frames/real/,16,
WDA_BenCardin1,HDTF20260416_00992,hdtf_visomaster_teams,hdtf_visomaster_cropped_frames,samples/HDTF20260416_00992/frames/real/,16,hdtf_visomaster_cropped_frames_teams,samples/HDTF20260416_00992/frames/real/,16,
WDA_ChrisMurphy0,HDTF20260416_00993,hdtf_visomaster_teams,hdtf_visomaster_cropped_frames,samples/HDTF20260416_00993/frames/real/,16,hdtf_visomaster_cropped_frames_teams,samples/HDTF20260416_00993/frames/real/,16,
WDA_JamesClyburn,HDTF20260416_00994,hdtf_visomaster_teams,hdtf_visomaster_cropped_frames,samples/HDTF20260416_00994/frames/real/,16,hdtf_visomaster_cropped_frames_teams,samples/HDTF20260416_00994/frames/real/,16,
WDA_JoeCrowley1,HDTF20260416_00995,hdtf_visomaster_teams,hdtf_visomaster_cropped_frames,samples/HDTF20260416_00995/frames/real/,16,hdtf_visomaster_cropped_frames_teams,samples/HDTF20260416_00995/frames/real/,16,
WDA_NitaLowey,HDTF20260416_00996,hdtf_visomaster_teams,hdtf_visomaster_cropped_frames,samples/HDTF20260416_00996/frames/real/,16,hdtf_visomaster_cropped_frames_teams,samples/HDTF20260416_00996/frames/real/,16,
WDA_StephanieMurphy,HDTF20260416_00997,hdtf_visomaster_teams,hdtf_visomaster_cropped_frames,samples/HDTF20260416_00997/frames/real/,16,hdtf_visomaster_cropped_frames_teams,samples/HDTF20260416_00997/frames/real/,16,
WRA_AustinScott2,HDTF20260416_00998,hdtf_visomaster_teams,hdtf_visomaster_cropped_frames,samples/HDTF20260416_00998/frames/real/,16,hdtf_visomaster_cropped_frames_teams,samples/HDTF20260416_00998/frames/real/,16,
WRA_BobCorker,HDTF20260416_00999,hdtf_visomaster_teams,hdtf_visomaster_cropped_frames,samples/HDTF20260416_00999/frames/real/,16,hdtf_visomaster_cropped_frames_teams,samples/HDTF20260416_00999/frames/real/,16,
WRA_CathyMcMorrisRodgers0,HDTF20260416_01000,hdtf_visomaster_teams,hdtf_visomaster_cropped_frames,samples/HDTF20260416_01000/frames/real/,16,hdtf_visomaster_cropped_frames_teams,samples/HDTF20260416_01000/frames/real/,16,
WRA_DianeBlack0,HDTF20260416_01001,hdtf_visomaster_teams,hdtf_visomaster_cropped_frames,samples/HDTF20260416_01001/frames/real/,16,hdtf_visomaster_cropped_frames_teams,samples/HDTF20260416_01001/frames/real/,16,
WRA_JohnnyIsakson,HDTF20260416_01002,hdtf_visomaster_teams,hdtf_visomaster_cropped_frames,samples/HDTF20260416_01002/frames/real/,16,hdtf_visomaster_cropped_frames_teams,samples/HDTF20260416_01002/frames/real/,16,
WRA_JonKyl,HDTF20260416_01003,hdtf_visomaster_teams,hdtf_visomaster_cropped_frames,samples/HDTF20260416_01003/frames/real/,16,hdtf_visomaster_cropped_frames_teams,samples/HDTF20260416_01003/frames/real/,16,
WRA_LynnJenkins,HDTF20260416_01004,hdtf_visomaster_teams,hdtf_visomaster_cropped_frames,samples/HDTF20260416_01004/frames/real/,16,hdtf_visomaster_cropped_frames_teams,samples/HDTF20260416_01004/frames/real/,16,
WRA_RandPaul2,HDTF20260416_01005,hdtf_visomaster_teams,hdtf_visomaster_cropped_frames,samples/HDTF20260416_01005/frames/real/,16,hdtf_visomaster_cropped_frames_teams,samples/HDTF20260416_01005/frames/real/,16,
RD_Radio45,HDTF20260416_01006,hdtf_visomaster_teams,hdtf_visomaster_cropped_frames,samples/HDTF20260416_01006/frames/real/,16,hdtf_visomaster_cropped_frames_teams,samples/HDTF20260416_01006/frames/real/,16,
WDA_BobMenendez,HDTF20260416_01007,hdtf_visomaster_teams,hdtf_visomaster_cropped_frames,samples/HDTF20260416_01007/frames/real/,16,hdtf_visomaster_cropped_frames_teams,samples/HDTF20260416_01007/frames/real/,16,
WDA_CatherineCortezMasto,HDTF20260416_01008,hdtf_visomaster_teams,hdtf_visomaster_cropped_frames,samples/HDTF20260416_01008/frames/real/,16,hdtf_visomaster_cropped_frames_teams,samples/HDTF20260416_01008/frames/real/,16,
WDA_DebbieWassermanSchultz,HDTF20260416_01009,hdtf_visomaster_teams,hdtf_visomaster_cropped_frames,samples/HDTF20260416_01009/frames/real/,16,hdtf_visomaster_cropped_frames_teams,samples/HDTF20260416_01009/frames/real/,16,
WDA_JohnSarbanes1,HDTF20260416_01010,hdtf_visomaster_teams,hdtf_visomaster_cropped_frames,samples/HDTF20260416_01010/frames/real/,16,hdtf_visomaster_cropped_frames_teams,samples/HDTF20260416_01010/frames/real/,16,
WDA_SherrodBrown1,HDTF20260416_01011,hdtf_visomaster_teams,hdtf_visomaster_cropped_frames,samples/HDTF20260416_01011/frames/real/,16,hdtf_visomaster_cropped_frames_teams,samples/HDTF20260416_01011/frames/real/,16,
WRA_AdamKinzinger0,HDTF20260416_01012,hdtf_visomaster_teams,hdtf_visomaster_cropped_frames,samples/HDTF20260416_01012/frames/real/,16,hdtf_visomaster_cropped_frames_teams,samples/HDTF20260416_01012/frames/real/,16,
WRA_CarlyFiorina0,HDTF20260416_01013,hdtf_visomaster_teams,hdtf_visomaster_cropped_frames,samples/HDTF20260416_01013/frames/real/,16,hdtf_visomaster_cropped_frames_teams,samples/HDTF20260416_01013/frames/real/,16,
WRA_DianeBlack1,HDTF20260416_01014,hdtf_visomaster_teams,hdtf_visomaster_cropped_frames,samples/HDTF20260416_01014/frames/real/,16,hdtf_visomaster_cropped_frames_teams,samples/HDTF20260416_01014/frames/real/,16,
WRA_GeoffDavis,HDTF20260416_01015,hdtf_visomaster_teams,hdtf_visomaster_cropped_frames,samples/HDTF20260416_01015/frames/real/,16,hdtf_visomaster_cropped_frames_teams,samples/HDTF20260416_01015/frames/real/,16,
WRA_JebHensarling2,HDTF20260416_01016,hdtf_visomaster_teams,hdtf_visomaster_cropped_frames,samples/HDTF20260416_01016/frames/real/,16,hdtf_visomaster_cropped_frames_teams,samples/HDTF20260416_01016/frames/real/,16,
WRA_LamarAlexander0,HDTF20260416_01017,hdtf_visomaster_teams,hdtf_visomaster_cropped_frames,samples/HDTF20260416_01017/frames/real/,16,hdtf_visomaster_cropped_frames_teams,samples/HDTF20260416_01017/frames/real/,16,
WRA_RogerWicker1,HDTF20260416_01018,hdtf_visomaster_teams,hdtf_visomaster_cropped_frames,samples/HDTF20260416_01018/frames/real/,16,hdtf_visomaster_cropped_frames_teams,samples/HDTF20260416_01018/frames/real/,16,
WRA_SamBrownback,HDTF20260416_01019,hdtf_visomaster_teams,hdtf_visomaster_cropped_frames,samples/HDTF20260416_01019/frames/real/,16,hdtf_visomaster_cropped_frames_teams,samples/HDTF20260416_01019/frames/real/,16,
RD_Radio11,HDTF20260416_01020,hdtf_visomaster_teams,hdtf_visomaster_cropped_frames,samples/HDTF20260416_01020/frames/real/,16,hdtf_visomaster_cropped_frames_teams,samples/HDTF20260416_01020/frames/real/,16,
RD_Radio19,HDTF20260416_01021,hdtf_visomaster_teams,hdtf_visomaster_cropped_frames,samples/HDTF20260416_01021/frames/real/,16,hdtf_visomaster_cropped_frames_teams,samples/HDTF20260416_01021/frames/real/,16,
RD_Radio22,HDTF20260416_01022,hdtf_visomaster_teams,hdtf_visomaster_cropped_frames,samples/HDTF20260416_01022/frames/real/,16,hdtf_visomaster_cropped_frames_teams,samples/HDTF20260416_01022/frames/real/,16,
WDA_AnnieKuster,HDTF20260416_01023,hdtf_visomaster_teams,hdtf_visomaster_cropped_frames,samples/HDTF20260416_01023/frames/real/,16,hdtf_visomaster_cropped_frames_teams,samples/HDTF20260416_01023/frames/real/,16,
WDA_DianneFeinstein,HDTF20260416_01024,hdtf_visomaster_teams,hdtf_visomaster_cropped_frames,samples/HDTF20260416_01024/frames/real/,16,hdtf_visomaster_cropped_frames_teams,samples/HDTF20260416_01024/frames/real/,16,
WDA_HakeemJeffries,HDTF20260416_01025,hdtf_visomaster_teams,hdtf_visomaster_cropped_frames,samples/HDTF20260416_01025/frames/real/,16,hdtf_visomaster_cropped_frames_teams,samples/HDTF20260416_01025/frames/real/,16,
WDA_HenryWaxman,HDTF20260416_01026,hdtf_visomaster_teams,hdtf_visomaster_cropped_frames,samples/HDTF20260416_01026/frames/real/,16,hdtf_visomaster_cropped_frames_teams,samples/HDTF20260416_01026/frames/real/,16,
WDA_JimmyGomez,HDTF20260416_01027,hdtf_visomaster_teams,hdtf_visomaster_cropped_frames,samples/HDTF20260416_01027/frames/real/,16,hdtf_visomaster_cropped_frames_teams,samples/HDTF20260416_01027/frames/real/,16,
WDA_PattyMurray1,HDTF20260416_01028,hdtf_visomaster_teams,hdtf_visomaster_cropped_frames,samples/HDTF20260416_01028/frames/real/,16,hdtf_visomaster_cropped_frames_teams,samples/HDTF20260416_01028/frames/real/,16,
WDA_TomPerez,HDTF20260416_01029,hdtf_visomaster_teams,hdtf_visomaster_cropped_frames,samples/HDTF20260416_01029/frames/real/,16,hdtf_visomaster_cropped_frames_teams,samples/HDTF20260416_01029/frames/real/,16,
WRA_MikeJohanns,HDTF20260416_01031,hdtf_visomaster_teams,hdtf_visomaster_cropped_frames,samples/HDTF20260416_01031/frames/real/,16,hdtf_visomaster_cropped_frames_teams,samples/HDTF20260416_01031/frames/real/,16,
WRA_OlympiaSnowe,HDTF20260416_01032,hdtf_visomaster_teams,hdtf_visomaster_cropped_frames,samples/HDTF20260416_01032/frames/real/,16,hdtf_visomaster_cropped_frames_teams,samples/HDTF20260416_01032/frames/real/,16,
WRA_SaxbyChambliss,HDTF20260416_01033,hdtf_visomaster_teams,hdtf_visomaster_cropped_frames,samples/HDTF20260416_01033/frames/real/,16,hdtf_visomaster_cropped_frames_teams,samples/HDTF20260416_01033/frames/real/,16,
RD_Radio20,HDTF20260416_01034,hdtf_visomaster_teams,hdtf_visomaster_cropped_frames,samples/HDTF20260416_01034/frames/real/,16,hdtf_visomaster_cropped_frames_teams,samples/HDTF20260416_01034/frames/real/,16,
RD_Radio26,HDTF20260416_01035,hdtf_visomaster_teams,hdtf_visomaster_cropped_frames,samples/HDTF20260416_01035/frames/real/,16,hdtf_visomaster_cropped_frames_teams,samples/HDTF20260416_01035/frames/real/,16,
RD_Radio39,HDTF20260416_01036,hdtf_visomaster_teams,hdtf_visomaster_cropped_frames,samples/HDTF20260416_01036/frames/real/,16,hdtf_visomaster_cropped_frames_teams,samples/HDTF20260416_01036/frames/real/,16,
RD_Radio47,HDTF20260416_01037,hdtf_visomaster_teams,hdtf_visomaster_cropped_frames,samples/HDTF20260416_01037/frames/real/,16,hdtf_visomaster_cropped_frames_teams,samples/HDTF20260416_01037/frames/real/,16,
RD_Radio52,HDTF20260416_01038,hdtf_visomaster_teams,hdtf_visomaster_cropped_frames,samples/HDTF20260416_01038/frames/real/,16,hdtf_visomaster_cropped_frames_teams,samples/HDTF20260416_01038/frames/real/,16,
WDA_AdamSchiff,HDTF20260416_01039,hdtf_visomaster_teams,hdtf_visomaster_cropped_frames,samples/HDTF20260416_01039/frames/real/,16,hdtf_visomaster_cropped_frames_teams,samples/HDTF20260416_01039/frames/real/,16,
WDA_AdamSmith,HDTF20260416_01040,hdtf_visomaster_teams,hdtf_visomaster_cropped_frames,samples/HDTF20260416_01040/frames/real/,16,hdtf_visomaster_cropped_frames_teams,samples/HDTF20260416_01040/frames/real/,16,
WDA_AmyKlobuchar1,HDTF20260416_01041,hdtf_visomaster_teams,hdtf_visomaster_cropped_frames,samples/HDTF20260416_01041/frames/real/,16,hdtf_visomaster_cropped_frames_teams,samples/HDTF20260416_01041/frames/real/,16,
WDA_BobCasey1,HDTF20260416_01042,hdtf_visomaster_teams,hdtf_visomaster_cropped_frames,samples/HDTF20260416_01042/frames/real/,16,hdtf_visomaster_cropped_frames_teams,samples/HDTF20260416_01042/frames/real/,16,
WDA_BobbyScott,HDTF20260416_01043,hdtf_visomaster_teams,hdtf_visomaster_cropped_frames,samples/HDTF20260416_01043/frames/real/,16,hdtf_visomaster_cropped_frames_teams,samples/HDTF20260416_01043/frames/real/,16,
WDA_DanKildee1,HDTF20260416_01045,hdtf_visomaster_teams,hdtf_visomaster_cropped_frames,samples/HDTF20260416_01045/frames/real/,16,hdtf_visomaster_cropped_frames_teams,samples/HDTF20260416_01045/frames/real/,16,
WDA_DickDurbin,HDTF20260416_01046,hdtf_visomaster_teams,hdtf_visomaster_cropped_frames,samples/HDTF20260416_01046/frames/real/,16,hdtf_visomaster_cropped_frames_teams,samples/HDTF20260416_01046/frames/real/,16,
WDA_ElijahCummings,HDTF20260416_01047,hdtf_visomaster_teams,hdtf_visomaster_cropped_frames,samples/HDTF20260416_01047/frames/real/,16,hdtf_visomaster_cropped_frames_teams,samples/HDTF20260416_01047/frames/real/,16,
WDA_FrankPallone0,HDTF20260416_01048,hdtf_visomaster_teams,hdtf_visomaster_cropped_frames,samples/HDTF20260416_01048/frames/real/,16,hdtf_visomaster_cropped_frames_teams,samples/HDTF20260416_01048/frames/real/,16,
WDA_JackReed0,HDTF20260416_01049,hdtf_visomaster_teams,hdtf_visomaster_cropped_frames,samples/HDTF20260416_01049/frames/real/,16,hdtf_visomaster_cropped_frames_teams,samples/HDTF20260416_01049/frames/real/,16,
WDA_JeffMerkley1,HDTF20260416_01050,hdtf_visomaster_teams,hdtf_visomaster_cropped_frames,samples/HDTF20260416_01050/frames/real/,16,hdtf_visomaster_cropped_frames_teams,samples/HDTF20260416_01050/frames/real/,16,
WDA_JonTester0,HDTF20260416_01051,hdtf_visomaster_teams,hdtf_visomaster_cropped_frames,samples/HDTF20260416_01051/frames/real/,16,hdtf_visomaster_cropped_frames_teams,samples/HDTF20260416_01051/frames/real/,16,
WDA_MaggieHassan,HDTF20260416_01052,hdtf_visomaster_teams,hdtf_visomaster_cropped_frames,samples/HDTF20260416_01052/frames/real/,16,hdtf_visomaster_cropped_frames_teams,samples/HDTF20260416_01052/frames/real/,16,
WDA_MarkWarner2,HDTF20260416_01053,hdtf_visomaster_teams,hdtf_visomaster_cropped_frames,samples/HDTF20260416_01053/frames/real/,16,hdtf_visomaster_cropped_frames_teams,samples/HDTF20260416_01053/frames/real/,16,
WDA_MichelleLujanGrisham,HDTF20260416_01054,hdtf_visomaster_teams,hdtf_visomaster_cropped_frames,samples/HDTF20260416_01054/frames/real/,16,hdtf_visomaster_cropped_frames_teams,samples/HDTF20260416_01054/frames/real/,16,
WDA_MichelleObama,HDTF20260416_01055,hdtf_visomaster_teams,hdtf_visomaster_cropped_frames,samples/HDTF20260416_01055/frames/real/,16,hdtf_visomaster_cropped_frames_teams,samples/HDTF20260416_01055/frames/real/,16,
WDA_NancyPelosi3,HDTF20260416_01056,hdtf_visomaster_teams,hdtf_visomaster_cropped_frames,samples/HDTF20260416_01056/frames/real/,16,hdtf_visomaster_cropped_frames_teams,samples/HDTF20260416_01056/frames/real/,16,
WDA_PattyMurray0,HDTF20260416_01057,hdtf_visomaster_teams,hdtf_visomaster_cropped_frames,samples/HDTF20260416_01057/frames/real/,16,hdtf_visomaster_cropped_frames_teams,samples/HDTF20260416_01057/frames/real/,16,
WDA_RaulRuiz,HDTF20260416_01058,hdtf_visomaster_teams,hdtf_visomaster_cropped_frames,samples/HDTF20260416_01058/frames/real/,16,hdtf_visomaster_cropped_frames_teams,samples/HDTF20260416_01058/frames/real/,16,
WDA_RobinKelly,HDTF20260416_01059,hdtf_visomaster_teams,hdtf_visomaster_cropped_frames,samples/HDTF20260416_01059/frames/real/,16,hdtf_visomaster_cropped_frames_teams,samples/HDTF20260416_01059/frames/real/,16,
WDA_SeanCasten,HDTF20260416_01060,hdtf_visomaster_teams,hdtf_visomaster_cropped_frames,samples/HDTF20260416_01060/frames/real/,16,hdtf_visomaster_cropped_frames_teams,samples/HDTF20260416_01060/frames/real/,16,
WDA_TerriSewell,HDTF20260416_01061,hdtf_visomaster_teams,hdtf_visomaster_cropped_frames,samples/HDTF20260416_01061/frames/real/,16,hdtf_visomaster_cropped_frames_teams,samples/HDTF20260416_01061/frames/real/,16,
WDA_TerriSewell1,HDTF20260416_01062,hdtf_visomaster_teams,hdtf_visomaster_cropped_frames,samples/HDTF20260416_01062/frames/real/,16,hdtf_visomaster_cropped_frames_teams,samples/HDTF20260416_01062/frames/real/,16,
WDA_TimWalz,HDTF20260416_01063,hdtf_visomaster_teams,hdtf_visomaster_cropped_frames,samples/HDTF20260416_01063/frames/real/,16,hdtf_visomaster_cropped_frames_teams,samples/HDTF20260416_01063/frames/real/,16,
WRA_AnnWagner,HDTF20260416_01064,hdtf_visomaster_teams,hdtf_visomaster_cropped_frames,samples/HDTF20260416_01064/frames/real/,16,hdtf_visomaster_cropped_frames_teams,samples/HDTF20260416_01064/frames/real/,16,
WRA_DanSullivan,HDTF20260416_01065,hdtf_visomaster_teams,hdtf_visomaster_cropped_frames,samples/HDTF20260416_01065/frames/real/,16,hdtf_visomaster_cropped_frames_teams,samples/HDTF20260416_01065/frames/real/,16,
WRA_DebFischer1,HDTF20260416_01066,hdtf_visomaster_teams,hdtf_visomaster_cropped_frames,samples/HDTF20260416_01066/frames/real/,16,hdtf_visomaster_cropped_frames_teams,samples/HDTF20260416_01066/frames/real/,16,
WRA_DebFischer2,HDTF20260416_01067,hdtf_visomaster_teams,hdtf_visomaster_cropped_frames,samples/HDTF20260416_01067/frames/real/,16,hdtf_visomaster_cropped_frames_teams,samples/HDTF20260416_01067/frames/real/,16,
WRA_FredUpton,HDTF20260416_01068,hdtf_visomaster_teams,hdtf_visomaster_cropped_frames,samples/HDTF20260416_01068/frames/real/,16,hdtf_visomaster_cropped_frames_teams,samples/HDTF20260416_01068/frames/real/,16,
WRA_JaimeHerreraBeutler0,HDTF20260416_01069,hdtf_visomaster_teams,hdtf_visomaster_cropped_frames,samples/HDTF20260416_01069/frames/real/,16,hdtf_visomaster_cropped_frames_teams,samples/HDTF20260416_01069/frames/real/,16,
WRA_JoePitts,HDTF20260416_01070,hdtf_visomaster_teams,hdtf_visomaster_cropped_frames,samples/HDTF20260416_01070/frames/real/,16,hdtf_visomaster_cropped_frames_teams,samples/HDTF20260416_01070/frames/real/,16,
WRA_JohnBoozman,HDTF20260416_01071,hdtf_visomaster_teams,hdtf_visomaster_cropped_frames,samples/HDTF20260416_01071/frames/real/,16,hdtf_visomaster_cropped_frames_teams,samples/HDTF20260416_01071/frames/real/,16,
WRA_JohnHoeven,HDTF20260416_01072,hdtf_visomaster_teams,hdtf_visomaster_cropped_frames,samples/HDTF20260416_01072/frames/real/,16,hdtf_visomaster_cropped_frames_teams,samples/HDTF20260416_01072/frames/real/,16,
WRA_KristiNoem2,HDTF20260416_01073,hdtf_visomaster_teams,hdtf_visomaster_cropped_frames,samples/HDTF20260416_01073/frames/real/,16,hdtf_visomaster_cropped_frames_teams,samples/HDTF20260416_01073/frames/real/,16,
WRA_MarcoRubio,HDTF20260416_01074,hdtf_visomaster_teams,hdtf_visomaster_cropped_frames,samples/HDTF20260416_01074/frames/real/,16,hdtf_visomaster_cropped_frames_teams,samples/HDTF20260416_01074/frames/real/,16,
WRA_RandPaul0,HDTF20260416_01075,hdtf_visomaster_teams,hdtf_visomaster_cropped_frames,samples/HDTF20260416_01075/frames/real/,16,hdtf_visomaster_cropped_frames_teams,samples/HDTF20260416_01075/frames/real/,16,
WRA_TimScott,HDTF20260416_01078,hdtf_visomaster_teams,hdtf_visomaster_cropped_frames,samples/HDTF20260416_01078/frames/real/,16,hdtf_visomaster_cropped_frames_teams,samples/HDTF20260416_01078/frames/real/,16,
RD_Radio13,HDTF20260416_01079,hdtf_visomaster_teams,hdtf_visomaster_cropped_frames,samples/HDTF20260416_01079/frames/real/,16,hdtf_visomaster_cropped_frames_teams,samples/HDTF20260416_01079/frames/real/,16,
RD_Radio23,HDTF20260416_01080,hdtf_visomaster_teams,hdtf_visomaster_cropped_frames,samples/HDTF20260416_01080/frames/real/,16,hdtf_visomaster_cropped_frames_teams,samples/HDTF20260416_01080/frames/real/,16,
RD_Radio30,HDTF20260416_01081,hdtf_visomaster_teams,hdtf_visomaster_cropped_frames,samples/HDTF20260416_01081/frames/real/,16,hdtf_visomaster_cropped_frames_teams,samples/HDTF20260416_01081/frames/real/,16,
WDA_BennieThompson1,HDTF20260416_01082,hdtf_visomaster_teams,hdtf_visomaster_cropped_frames,samples/HDTF20260416_01082/frames/real/,16,hdtf_visomaster_cropped_frames_teams,samples/HDTF20260416_01082/frames/real/,16,
WDA_BillPascrell,HDTF20260416_01083,hdtf_visomaster_teams,hdtf_visomaster_cropped_frames,samples/HDTF20260416_01083/frames/real/,16,hdtf_visomaster_cropped_frames_teams,samples/HDTF20260416_01083/frames/real/,16,
WDA_BrianSchatz1,HDTF20260416_01084,hdtf_visomaster_teams,hdtf_visomaster_cropped_frames,samples/HDTF20260416_01084/frames/real/,16,hdtf_visomaster_cropped_frames_teams,samples/HDTF20260416_01084/frames/real/,16,
WDA_ColinAllred,HDTF20260416_01085,hdtf_visomaster_teams,hdtf_visomaster_cropped_frames,samples/HDTF20260416_01085/frames/real/,16,hdtf_visomaster_cropped_frames_teams,samples/HDTF20260416_01085/frames/real/,16,
WDA_HaleyStevens,HDTF20260416_01086,hdtf_visomaster_teams,hdtf_visomaster_cropped_frames,samples/HDTF20260416_01086/frames/real/,16,hdtf_visomaster_cropped_frames_teams,samples/HDTF20260416_01086/frames/real/,16,
WRA_ChuckGrassley,HDTF20260416_01088,hdtf_visomaster_teams,hdtf_visomaster_cropped_frames,samples/HDTF20260416_01088/frames/real/,16,hdtf_visomaster_cropped_frames_teams,samples/HDTF20260416_01088/frames/real/,16,
WRA_JohnBoehner1,HDTF20260416_01089,hdtf_visomaster_teams,hdtf_visomaster_cropped_frames,samples/HDTF20260416_01089/frames/real/,16,hdtf_visomaster_cropped_frames_teams,samples/HDTF20260416_01089/frames/real/,16,
WRA_MikeCrapo,HDTF20260416_01092,hdtf_visomaster_teams,hdtf_visomaster_cropped_frames,samples/HDTF20260416_01092/frames/real/,16,hdtf_visomaster_cropped_frames_teams,samples/HDTF20260416_01092/frames/real/,16,
WRA_ReneeEllmers,HDTF20260416_01093,hdtf_visomaster_teams,hdtf_visomaster_cropped_frames,samples/HDTF20260416_01093/frames/real/,16,hdtf_visomaster_cropped_frames_teams,samples/HDTF20260416_01093/frames/real/,16,
WDA_BrianSchatz2,HDTF20260416_01094,hdtf_visomaster_teams,hdtf_visomaster_cropped_frames,samples/HDTF20260416_01094/frames/real/,16,hdtf_visomaster_cropped_frames_teams,samples/HDTF20260416_01094/frames/real/,16,
WDA_ChrisMurphy0,HDTF20260416_01095,hdtf_visomaster_teams,hdtf_visomaster_cropped_frames,samples/HDTF20260416_01095/frames/real/,16,hdtf_visomaster_cropped_frames_teams,samples/HDTF20260416_01095/frames/real/,16,
WDA_DebbieDingell0,HDTF20260416_01096,hdtf_visomaster_teams,hdtf_visomaster_cropped_frames,samples/HDTF20260416_01096/frames/real/,16,hdtf_visomaster_cropped_frames_teams,samples/HDTF20260416_01096/frames/real/,16,
WDA_NydiaVelzquez,HDTF20260416_01100,hdtf_visomaster_teams,hdtf_visomaster_cropped_frames,samples/HDTF20260416_01100/frames/real/,16,hdtf_visomaster_cropped_frames_teams,samples/HDTF20260416_01100/frames/real/,16,
WRA_AdamKinzinger2,HDTF20260416_01101,hdtf_visomaster_teams,hdtf_visomaster_cropped_frames,samples/HDTF20260416_01101/frames/real/,16,hdtf_visomaster_cropped_frames_teams,samples/HDTF20260416_01101/frames/real/,16,
WRA_DaveCamp,HDTF20260416_01102,hdtf_visomaster_teams,hdtf_visomaster_cropped_frames,samples/HDTF20260416_01102/frames/real/,16,hdtf_visomaster_cropped_frames_teams,samples/HDTF20260416_01102/frames/real/,16,
WRA_JohnBoehner0,HDTF20260416_01103,hdtf_visomaster_teams,hdtf_visomaster_cropped_frames,samples/HDTF20260416_01103/frames/real/,16,hdtf_visomaster_cropped_frames_teams,samples/HDTF20260416_01103/frames/real/,16,
WRA_KevinBrady2,HDTF20260416_01104,hdtf_visomaster_teams,hdtf_visomaster_cropped_frames,samples/HDTF20260416_01104/frames/real/,16,hdtf_visomaster_cropped_frames_teams,samples/HDTF20260416_01104/frames/real/,16,
WRA_KevinBrady3,HDTF20260416_01105,hdtf_visomaster_teams,hdtf_visomaster_cropped_frames,samples/HDTF20260416_01105/frames/real/,16,hdtf_visomaster_cropped_frames_teams,samples/HDTF20260416_01105/frames/real/,16,
WRA_PeterRoskam1,HDTF20260416_01106,hdtf_visomaster_teams,hdtf_visomaster_cropped_frames,samples/HDTF20260416_01106/frames/real/,16,hdtf_visomaster_cropped_frames_teams,samples/HDTF20260416_01106/frames/real/,16,
RD_Radio12,HDTF20260416_01109,hdtf_visomaster_teams,hdtf_visomaster_cropped_frames,samples/HDTF20260416_01109/frames/real/,16,hdtf_visomaster_cropped_frames_teams,samples/HDTF20260416_01109/frames/real/,16,
RD_Radio19,HDTF20260416_01110,hdtf_visomaster_teams,hdtf_visomaster_cropped_frames,samples/HDTF20260416_01110/frames/real/,16,hdtf_visomaster_cropped_frames_teams,samples/HDTF20260416_01110/frames/real/,16,
WDA_AmyKlobuchar0,HDTF20260416_01111,hdtf_visomaster_teams,hdtf_visomaster_cropped_frames,samples/HDTF20260416_01111/frames/real/,16,hdtf_visomaster_cropped_frames_teams,samples/HDTF20260416_01111/frames/real/,16,
WDA_AndyKim,HDTF20260416_01112,hdtf_visomaster_teams,hdtf_visomaster_cropped_frames,samples/HDTF20260416_01112/frames/real/,16,hdtf_visomaster_cropped_frames_teams,samples/HDTF20260416_01112/frames/real/,16,
WDA_DianneFeinstein,HDTF20260416_01113,hdtf_visomaster_teams,hdtf_visomaster_cropped_frames,samples/HDTF20260416_01113/frames/real/,16,hdtf_visomaster_cropped_frames_teams,samples/HDTF20260416_01113/frames/real/,16,
WDA_EmanuelCleaver,HDTF20260416_01114,hdtf_visomaster_teams,hdtf_visomaster_cropped_frames,samples/HDTF20260416_01114/frames/real/,16,hdtf_visomaster_cropped_frames_teams,samples/HDTF20260416_01114/frames/real/,16,
WDA_JimmyGomez,HDTF20260416_01115,hdtf_visomaster_teams,hdtf_visomaster_cropped_frames,samples/HDTF20260416_01115/frames/real/,16,hdtf_visomaster_cropped_frames_teams,samples/HDTF20260416_01115/frames/real/,16,
WDA_JoeCrowley0,HDTF20260416_01116,hdtf_visomaster_teams,hdtf_visomaster_cropped_frames,samples/HDTF20260416_01116/frames/real/,16,hdtf_visomaster_cropped_frames_teams,samples/HDTF20260416_01116/frames/real/,16,
WDA_LisaBluntRochester,HDTF20260416_01117,hdtf_visomaster_teams,hdtf_visomaster_cropped_frames,samples/HDTF20260416_01117/frames/real/,16,hdtf_visomaster_cropped_frames_teams,samples/HDTF20260416_01117/frames/real/,16,
WDA_MichaelBennet,HDTF20260416_01118,hdtf_visomaster_teams,hdtf_visomaster_cropped_frames,samples/HDTF20260416_01118/frames/real/,16,hdtf_visomaster_cropped_frames_teams,samples/HDTF20260416_01118/frames/real/,16,
WRA_MikeJohanns,HDTF20260416_01119,hdtf_visomaster_teams,hdtf_visomaster_cropped_frames,samples/HDTF20260416_01119/frames/real/,16,hdtf_visomaster_cropped_frames_teams,samples/HDTF20260416_01119/frames/real/,16,
WRA_RogerWicker0,HDTF20260416_01121,hdtf_visomaster_teams,hdtf_visomaster_cropped_frames,samples/HDTF20260416_01121/frames/real/,16,hdtf_visomaster_cropped_frames_teams,samples/HDTF20260416_01121/frames/real/,16,
WRA_TomCotton,HDTF20260416_01122,hdtf_visomaster_teams,hdtf_visomaster_cropped_frames,samples/HDTF20260416_01122/frames/real/,16,hdtf_visomaster_cropped_frames_teams,samples/HDTF20260416_01122/frames/real/,16,
RD_Radio18,HDTF20260416_01123,hdtf_visomaster_teams,hdtf_visomaster_cropped_frames,samples/HDTF20260416_01123/frames/real/,16,hdtf_visomaster_cropped_frames_teams,samples/HDTF20260416_01123/frames/real/,16,
RD_Radio25,HDTF20260416_01124,hdtf_visomaster_teams,hdtf_visomaster_cropped_frames,samples/HDTF20260416_01124/frames/real/,16,hdtf_visomaster_cropped_frames_teams,samples/HDTF20260416_01124/frames/real/,16,
RD_Radio32,HDTF20260416_01125,hdtf_visomaster_teams,hdtf_visomaster_cropped_frames,samples/HDTF20260416_01125/frames/real/,16,hdtf_visomaster_cropped_frames_teams,samples/HDTF20260416_01125/frames/real/,16,
RD_Radio40,HDTF20260416_01126,hdtf_visomaster_teams,hdtf_visomaster_cropped_frames,samples/HDTF20260416_01126/frames/real/,16,hdtf_visomaster_cropped_frames_teams,samples/HDTF20260416_01126/frames/real/,16,
WDA_ChrisVanHollen0,HDTF20260416_01127,hdtf_visomaster_teams,hdtf_visomaster_cropped_frames,samples/HDTF20260416_01127/frames/real/,16,hdtf_visomaster_cropped_frames_teams,samples/HDTF20260416_01127/frames/real/,16,
WDA_DougJones,HDTF20260416_01128,hdtf_visomaster_teams,hdtf_visomaster_cropped_frames,samples/HDTF20260416_01128/frames/real/,16,hdtf_visomaster_cropped_frames_teams,samples/HDTF20260416_01128/frames/real/,16,
WDA_JohnYarmuth1,HDTF20260416_01129,hdtf_visomaster_teams,hdtf_visomaster_cropped_frames,samples/HDTF20260416_01129/frames/real/,16,hdtf_visomaster_cropped_frames_teams,samples/HDTF20260416_01129/frames/real/,16,
WDA_MarciaFudge,HDTF20260416_01130,hdtf_visomaster_teams,hdtf_visomaster_cropped_frames,samples/HDTF20260416_01130/frames/real/,16,hdtf_visomaster_cropped_frames_teams,samples/HDTF20260416_01130/frames/real/,16,
WDA_TomCarper,HDTF20260416_01131,hdtf_visomaster_teams,hdtf_visomaster_cropped_frames,samples/HDTF20260416_01131/frames/real/,16,hdtf_visomaster_cropped_frames_teams,samples/HDTF20260416_01131/frames/real/,16,
WRA_BobCorker,HDTF20260416_01132,hdtf_visomaster_teams,hdtf_visomaster_cropped_frames,samples/HDTF20260416_01132/frames/real/,16,hdtf_visomaster_cropped_frames_teams,samples/HDTF20260416_01132/frames/real/,16,
WRA_CathyMcMorrisRodgers0,HDTF20260416_01133,hdtf_visomaster_teams,hdtf_visomaster_cropped_frames,samples/HDTF20260416_01133/frames/real/,16,hdtf_visomaster_cropped_frames_teams,samples/HDTF20260416_01133/frames/real/,16,
WRA_JonKyl,HDTF20260416_01134,hdtf_visomaster_teams,hdtf_visomaster_cropped_frames,samples/HDTF20260416_01134/frames/real/,16,hdtf_visomaster_cropped_frames_teams,samples/HDTF20260416_01134/frames/real/,16,
WRA_KristiNoem0,HDTF20260416_01135,hdtf_visomaster_teams,hdtf_visomaster_cropped_frames,samples/HDTF20260416_01135/frames/real/,16,hdtf_visomaster_cropped_frames_teams,samples/HDTF20260416_01135/frames/real/,16,
WRA_LynnJenkins,HDTF20260416_01136,hdtf_visomaster_teams,hdtf_visomaster_cropped_frames,samples/HDTF20260416_01136/frames/real/,16,hdtf_visomaster_cropped_frames_teams,samples/HDTF20260416_01136/frames/real/,16,
RD_Radio10,HDTF20260416_01137,hdtf_visomaster_teams,hdtf_visomaster_cropped_frames,samples/HDTF20260416_01137/frames/real/,16,hdtf_visomaster_cropped_frames_teams,samples/HDTF20260416_01137/frames/real/,16,
WDA_BarackObama,HDTF20260416_01138,hdtf_visomaster_teams,hdtf_visomaster_cropped_frames,samples/HDTF20260416_01138/frames/real/,16,hdtf_visomaster_cropped_frames_teams,samples/HDTF20260416_01138/frames/real/,16,
WDA_JackReed1,HDTF20260416_01139,hdtf_visomaster_teams,hdtf_visomaster_cropped_frames,samples/HDTF20260416_01139/frames/real/,16,hdtf_visomaster_cropped_frames_teams,samples/HDTF20260416_01139/frames/real/,16,
WDA_JamesClyburn1,HDTF20260416_01140,hdtf_visomaster_teams,hdtf_visomaster_cropped_frames,samples/HDTF20260416_01140/frames/real/,16,hdtf_visomaster_cropped_frames_teams,samples/HDTF20260416_01140/frames/real/,16,
WDA_JanSchakowsky1,HDTF20260416_01141,hdtf_visomaster_teams,hdtf_visomaster_cropped_frames,samples/HDTF20260416_01141/frames/real/,16,hdtf_visomaster_cropped_frames_teams,samples/HDTF20260416_01141/frames/real/,16,
WDA_JerryNadler,HDTF20260416_01142,hdtf_visomaster_teams,hdtf_visomaster_cropped_frames,samples/HDTF20260416_01142/frames/real/,16,hdtf_visomaster_cropped_frames_teams,samples/HDTF20260416_01142/frames/real/,16,
WDA_JohnSarbanes0,HDTF20260416_01143,hdtf_visomaster_teams,hdtf_visomaster_cropped_frames,samples/HDTF20260416_01143/frames/real/,16,hdtf_visomaster_cropped_frames_teams,samples/HDTF20260416_01143/frames/real/,16,
WDA_KatherineClark,HDTF20260416_01144,hdtf_visomaster_teams,hdtf_visomaster_cropped_frames,samples/HDTF20260416_01144/frames/real/,16,hdtf_visomaster_cropped_frames_teams,samples/HDTF20260416_01144/frames/real/,16,
WDA_SherrodBrown0,HDTF20260416_01145,hdtf_visomaster_teams,hdtf_visomaster_cropped_frames,samples/HDTF20260416_01145/frames/real/,16,hdtf_visomaster_cropped_frames_teams,samples/HDTF20260416_01145/frames/real/,16,
WRA_BobGoodlatte0,HDTF20260416_01146,hdtf_visomaster_teams,hdtf_visomaster_cropped_frames,samples/HDTF20260416_01146/frames/real/,16,hdtf_visomaster_cropped_frames_teams,samples/HDTF20260416_01146/frames/real/,16,
WRA_BobbySchilling,HDTF20260416_01147,hdtf_visomaster_teams,hdtf_visomaster_cropped_frames,samples/HDTF20260416_01147/frames/real/,16,hdtf_visomaster_cropped_frames_teams,samples/HDTF20260416_01147/frames/real/,16,
WRA_JuddGregg,HDTF20260416_01148,hdtf_visomaster_teams,hdtf_visomaster_cropped_frames,samples/HDTF20260416_01148/frames/real/,16,hdtf_visomaster_cropped_frames_teams,samples/HDTF20260416_01148/frames/real/,16,
WRA_KellyAyotte,HDTF20260416_01149,hdtf_visomaster_teams,hdtf_visomaster_cropped_frames,samples/HDTF20260416_01149/frames/real/,16,hdtf_visomaster_cropped_frames_teams,samples/HDTF20260416_01149/frames/real/,16,
WRA_ToddYoung,HDTF20260416_01150,hdtf_visomaster_teams,hdtf_visomaster_cropped_frames,samples/HDTF20260416_01150/frames/real/,16,hdtf_visomaster_cropped_frames_teams,samples/HDTF20260416_01150/frames/real/,16,
RD_Radio1,HDTF20260416_01151,hdtf_visomaster_teams,hdtf_visomaster_cropped_frames,samples/HDTF20260416_01151/frames/real/,16,hdtf_visomaster_cropped_frames_teams,samples/HDTF20260416_01151/frames/real/,16,
RD_Radio28,HDTF20260416_01152,hdtf_visomaster_teams,hdtf_visomaster_cropped_frames,samples/HDTF20260416_01152/frames/real/,16,hdtf_visomaster_cropped_frames_teams,samples/HDTF20260416_01152/frames/real/,16,
RD_Radio4,HDTF20260416_01153,hdtf_visomaster_teams,hdtf_visomaster_cropped_frames,samples/HDTF20260416_01153/frames/real/,16,hdtf_visomaster_cropped_frames_teams,samples/HDTF20260416_01153/frames/real/,16,
WDA_BarbaraLee1,HDTF20260416_01154,hdtf_visomaster_teams,hdtf_visomaster_cropped_frames,samples/HDTF20260416_01154/frames/real/,16,hdtf_visomaster_cropped_frames_teams,samples/HDTF20260416_01154/frames/real/,16,
WDA_BradSchneider,HDTF20260416_01155,hdtf_visomaster_teams,hdtf_visomaster_cropped_frames,samples/HDTF20260416_01155/frames/real/,16,hdtf_visomaster_cropped_frames_teams,samples/HDTF20260416_01155/frames/real/,16,
WDA_ByronDorgan1,HDTF20260416_01156,hdtf_visomaster_teams,hdtf_visomaster_cropped_frames,samples/HDTF20260416_01156/frames/real/,16,hdtf_visomaster_cropped_frames_teams,samples/HDTF20260416_01156/frames/real/,16,
WDA_ChrisCoons,HDTF20260416_01157,hdtf_visomaster_teams,hdtf_visomaster_cropped_frames,samples/HDTF20260416_01157/frames/real/,16,hdtf_visomaster_cropped_frames_teams,samples/HDTF20260416_01157/frames/real/,16,
WDA_ChuckSchumer1,HDTF20260416_01158,hdtf_visomaster_teams,hdtf_visomaster_cropped_frames,samples/HDTF20260416_01158/frames/real/,16,hdtf_visomaster_cropped_frames_teams,samples/HDTF20260416_01158/frames/real/,16,
WDA_LloydDoggett0,HDTF20260416_01160,hdtf_visomaster_teams,hdtf_visomaster_cropped_frames,samples/HDTF20260416_01160/frames/real/,16,hdtf_visomaster_cropped_frames_teams,samples/HDTF20260416_01160/frames/real/,16,
WRA_MitchDaniels1,HDTF20260416_01163,hdtf_visomaster_teams,hdtf_visomaster_cropped_frames,samples/HDTF20260416_01163/frames/real/,16,hdtf_visomaster_cropped_frames_teams,samples/HDTF20260416_01163/frames/real/,16,
WRA_NanHayworth,HDTF20260416_01164,hdtf_visomaster_teams,hdtf_visomaster_cropped_frames,samples/HDTF20260416_01164/frames/real/,16,hdtf_visomaster_cropped_frames_teams,samples/HDTF20260416_01164/frames/real/,16,
WRA_RandPaul1,HDTF20260416_01165,hdtf_visomaster_teams,hdtf_visomaster_cropped_frames,samples/HDTF20260416_01165/frames/real/,16,hdtf_visomaster_cropped_frames_teams,samples/HDTF20260416_01165/frames/real/,16,
RD_Radio45,HDTF20260416_01166,hdtf_visomaster_teams,hdtf_visomaster_cropped_frames,samples/HDTF20260416_01166/frames/real/,16,hdtf_visomaster_cropped_frames_teams,samples/HDTF20260416_01166/frames/real/,16,
RD_Radio54,HDTF20260416_01167,hdtf_visomaster_teams,hdtf_visomaster_cropped_frames,samples/HDTF20260416_01167/frames/real/,16,hdtf_visomaster_cropped_frames_teams,samples/HDTF20260416_01167/frames/real/,16,
WDA_BenCardin1,HDTF20260416_01168,hdtf_visomaster_teams,hdtf_visomaster_cropped_frames,samples/HDTF20260416_01168/frames/real/,16,hdtf_visomaster_cropped_frames_teams,samples/HDTF20260416_01168/frames/real/,16,
WDA_CatherineCortezMasto,HDTF20260416_01169,hdtf_visomaster_teams,hdtf_visomaster_cropped_frames,samples/HDTF20260416_01169/frames/real/,16,hdtf_visomaster_cropped_frames_teams,samples/HDTF20260416_01169/frames/real/,16,
WDA_EdMarkey1,HDTF20260416_01170,hdtf_visomaster_teams,hdtf_visomaster_cropped_frames,samples/HDTF20260416_01170/frames/real/,16,hdtf_visomaster_cropped_frames_teams,samples/HDTF20260416_01170/frames/real/,16,
WDA_MikeDoyle,HDTF20260416_01171,hdtf_visomaster_teams,hdtf_visomaster_cropped_frames,samples/HDTF20260416_01171/frames/real/,16,hdtf_visomaster_cropped_frames_teams,samples/HDTF20260416_01171/frames/real/,16,
WDA_VeronicaEscobar1,HDTF20260416_01173,hdtf_visomaster_teams,hdtf_visomaster_cropped_frames,samples/HDTF20260416_01173/frames/real/,16,hdtf_visomaster_cropped_frames_teams,samples/HDTF20260416_01173/frames/real/,16,
WRA_AustinScott2,HDTF20260416_01174,hdtf_visomaster_teams,hdtf_visomaster_cropped_frames,samples/HDTF20260416_01174/frames/real/,16,hdtf_visomaster_cropped_frames_teams,samples/HDTF20260416_01174/frames/real/,16,
WRA_DianeBlack0,HDTF20260416_01175,hdtf_visomaster_teams,hdtf_visomaster_cropped_frames,samples/HDTF20260416_01175/frames/real/,16,hdtf_visomaster_cropped_frames_teams,samples/HDTF20260416_01175/frames/real/,16,
WRA_DianeBlack1,HDTF20260416_01176,hdtf_visomaster_teams,hdtf_visomaster_cropped_frames,samples/HDTF20260416_01176/frames/real/,16,hdtf_visomaster_cropped_frames_teams,samples/HDTF20260416_01176/frames/real/,16,
WRA_JebHensarling0,HDTF20260416_01177,hdtf_visomaster_teams,hdtf_visomaster_cropped_frames,samples/HDTF20260416_01177/frames/real/,16,hdtf_visomaster_cropped_frames_teams,samples/HDTF20260416_01177/frames/real/,16,
WRA_JimInhofe,HDTF20260416_01178,hdtf_visomaster_teams,hdtf_visomaster_cropped_frames,samples/HDTF20260416_01178/frames/real/,16,hdtf_visomaster_cropped_frames_teams,samples/HDTF20260416_01178/frames/real/,16,
WRA_JohnnyIsakson,HDTF20260416_01179,hdtf_visomaster_teams,hdtf_visomaster_cropped_frames,samples/HDTF20260416_01179/frames/real/,16,hdtf_visomaster_cropped_frames_teams,samples/HDTF20260416_01179/frames/real/,16,
WRA_RogerWicker1,HDTF20260416_01180,hdtf_visomaster_teams,hdtf_visomaster_cropped_frames,samples/HDTF20260416_01180/frames/real/,16,hdtf_visomaster_cropped_frames_teams,samples/HDTF20260416_01180/frames/real/,16,
RD_Radio20,HDTF20260416_01181,hdtf_visomaster_teams,hdtf_visomaster_cropped_frames,samples/HDTF20260416_01181/frames/real/,16,hdtf_visomaster_cropped_frames_teams,samples/HDTF20260416_01181/frames/real/,16,
RD_Radio21,HDTF20260416_01182,hdtf_visomaster_teams,hdtf_visomaster_cropped_frames,samples/HDTF20260416_01182/frames/real/,16,hdtf_visomaster_cropped_frames_teams,samples/HDTF20260416_01182/frames/real/,16,
RD_Radio29,HDTF20260416_01183,hdtf_visomaster_teams,hdtf_visomaster_cropped_frames,samples/HDTF20260416_01183/frames/real/,16,hdtf_visomaster_cropped_frames_teams,samples/HDTF20260416_01183/frames/real/,16,
RD_Radio36,HDTF20260416_01184,hdtf_visomaster_teams,hdtf_visomaster_cropped_frames,samples/HDTF20260416_01184/frames/real/,16,hdtf_visomaster_cropped_frames_teams,samples/HDTF20260416_01184/frames/real/,16,
RD_Radio5,HDTF20260416_01185,hdtf_visomaster_teams,hdtf_visomaster_cropped_frames,samples/HDTF20260416_01185/frames/real/,16,hdtf_visomaster_cropped_frames_teams,samples/HDTF20260416_01185/frames/real/,16,
RD_Radio53,HDTF20260416_01186,hdtf_visomaster_teams,hdtf_visomaster_cropped_frames,samples/HDTF20260416_01186/frames/real/,16,hdtf_visomaster_cropped_frames_teams,samples/HDTF20260416_01186/frames/real/,16,
WDA_AndyLevin,HDTF20260416_01187,hdtf_visomaster_teams,hdtf_visomaster_cropped_frames,samples/HDTF20260416_01187/frames/real/,16,hdtf_visomaster_cropped_frames_teams,samples/HDTF20260416_01187/frames/real/,16,
WDA_ChrisCoons1,HDTF20260416_01188,hdtf_visomaster_teams,hdtf_visomaster_cropped_frames,samples/HDTF20260416_01188/frames/real/,16,hdtf_visomaster_cropped_frames_teams,samples/HDTF20260416_01188/frames/real/,16,
WDA_ChrisVanHollen1,HDTF20260416_01189,hdtf_visomaster_teams,hdtf_visomaster_cropped_frames,samples/HDTF20260416_01189/frames/real/,16,hdtf_visomaster_cropped_frames_teams,samples/HDTF20260416_01189/frames/real/,16,
WDA_DebbieDingell1,HDTF20260416_01191,hdtf_visomaster_teams,hdtf_visomaster_cropped_frames,samples/HDTF20260416_01191/frames/real/,16,hdtf_visomaster_cropped_frames_teams,samples/HDTF20260416_01191/frames/real/,16,
WDA_DebbieStabenow1,HDTF20260416_01192,hdtf_visomaster_teams,hdtf_visomaster_cropped_frames,samples/HDTF20260416_01192/frames/real/,16,hdtf_visomaster_cropped_frames_teams,samples/HDTF20260416_01192/frames/real/,16,
WDA_EricSwalwell,HDTF20260416_01193,hdtf_visomaster_teams,hdtf_visomaster_cropped_frames,samples/HDTF20260416_01193/frames/real/,16,hdtf_visomaster_cropped_frames_teams,samples/HDTF20260416_01193/frames/real/,16,
WDA_JeffMerkley1,HDTF20260416_01194,hdtf_visomaster_teams,hdtf_visomaster_cropped_frames,samples/HDTF20260416_01194/frames/real/,16,hdtf_visomaster_cropped_frames_teams,samples/HDTF20260416_01194/frames/real/,16,
WDA_JoeKennedy,HDTF20260416_01195,hdtf_visomaster_teams,hdtf_visomaster_cropped_frames,samples/HDTF20260416_01195/frames/real/,16,hdtf_visomaster_cropped_frames_teams,samples/HDTF20260416_01195/frames/real/,16,
WDA_JonTester1,HDTF20260416_01196,hdtf_visomaster_teams,hdtf_visomaster_cropped_frames,samples/HDTF20260416_01196/frames/real/,16,hdtf_visomaster_cropped_frames_teams,samples/HDTF20260416_01196/frames/real/,16,
WDA_KatieHill,HDTF20260416_01197,hdtf_visomaster_teams,hdtf_visomaster_cropped_frames,samples/HDTF20260416_01197/frames/real/,16,hdtf_visomaster_cropped_frames_teams,samples/HDTF20260416_01197/frames/real/,16,
WDA_KirstenGillibrand,HDTF20260416_01198,hdtf_visomaster_teams,hdtf_visomaster_cropped_frames,samples/HDTF20260416_01198/frames/real/,16,hdtf_visomaster_cropped_frames_teams,samples/HDTF20260416_01198/frames/real/,16,
WDA_LucyMcBath,HDTF20260416_01199,hdtf_visomaster_teams,hdtf_visomaster_cropped_frames,samples/HDTF20260416_01199/frames/real/,16,hdtf_visomaster_cropped_frames_teams,samples/HDTF20260416_01199/frames/real/,16,
WDA_MichelleLujanGrisham,HDTF20260416_01200,hdtf_visomaster_teams,hdtf_visomaster_cropped_frames,samples/HDTF20260416_01200/frames/real/,16,hdtf_visomaster_cropped_frames_teams,samples/HDTF20260416_01200/frames/real/,16,
WDA_MikeThompson0,HDTF20260416_01201,hdtf_visomaster_teams,hdtf_visomaster_cropped_frames,samples/HDTF20260416_01201/frames/real/,16,hdtf_visomaster_cropped_frames_teams,samples/HDTF20260416_01201/frames/real/,16,
WDA_NancyPelosi3,HDTF20260416_01202,hdtf_visomaster_teams,hdtf_visomaster_cropped_frames,samples/HDTF20260416_01202/frames/real/,16,hdtf_visomaster_cropped_frames_teams,samples/HDTF20260416_01202/frames/real/,16,
WDA_RobinKelly,HDTF20260416_01203,hdtf_visomaster_teams,hdtf_visomaster_cropped_frames,samples/HDTF20260416_01203/frames/real/,16,hdtf_visomaster_cropped_frames_teams,samples/HDTF20260416_01203/frames/real/,16,
WDA_RonWyden1,HDTF20260416_01204,hdtf_visomaster_teams,hdtf_visomaster_cropped_frames,samples/HDTF20260416_01204/frames/real/,16,hdtf_visomaster_cropped_frames_teams,samples/HDTF20260416_01204/frames/real/,16,
WDA_StenyHoyer,HDTF20260416_01205,hdtf_visomaster_teams,hdtf_visomaster_cropped_frames,samples/HDTF20260416_01205/frames/real/,16,hdtf_visomaster_cropped_frames_teams,samples/HDTF20260416_01205/frames/real/,16,
WDA_ZoeLofgren,HDTF20260416_01206,hdtf_visomaster_teams,hdtf_visomaster_cropped_frames,samples/HDTF20260416_01206/frames/real/,16,hdtf_visomaster_cropped_frames_teams,samples/HDTF20260416_01206/frames/real/,16,
WRA_AnnMarieBuerkle,HDTF20260416_01207,hdtf_visomaster_teams,hdtf_visomaster_cropped_frames,samples/HDTF20260416_01207/frames/real/,16,hdtf_visomaster_cropped_frames_teams,samples/HDTF20260416_01207/frames/real/,16,
WRA_BillCassidy0,HDTF20260416_01208,hdtf_visomaster_teams,hdtf_visomaster_cropped_frames,samples/HDTF20260416_01208/frames/real/,16,hdtf_visomaster_cropped_frames_teams,samples/HDTF20260416_01208/frames/real/,16,
WRA_CarlyFiorina,HDTF20260416_01209,hdtf_visomaster_teams,hdtf_visomaster_cropped_frames,samples/HDTF20260416_01209/frames/real/,16,hdtf_visomaster_cropped_frames_teams,samples/HDTF20260416_01209/frames/real/,16,
WRA_CoryGardner,HDTF20260416_01210,hdtf_visomaster_teams,hdtf_visomaster_cropped_frames,samples/HDTF20260416_01210/frames/real/,16,hdtf_visomaster_cropped_frames_teams,samples/HDTF20260416_01210/frames/real/,16,
WRA_DavidVitter,HDTF20260416_01211,hdtf_visomaster_teams,hdtf_visomaster_cropped_frames,samples/HDTF20260416_01211/frames/real/,16,hdtf_visomaster_cropped_frames_teams,samples/HDTF20260416_01211/frames/real/,16,
WRA_DebFischer0,HDTF20260416_01212,hdtf_visomaster_teams,hdtf_visomaster_cropped_frames,samples/HDTF20260416_01212/frames/real/,16,hdtf_visomaster_cropped_frames_teams,samples/HDTF20260416_01212/frames/real/,16,
WRA_DebFischer2,HDTF20260416_01213,hdtf_visomaster_teams,hdtf_visomaster_cropped_frames,samples/HDTF20260416_01213/frames/real/,16,hdtf_visomaster_cropped_frames_teams,samples/HDTF20260416_01213/frames/real/,16,
WRA_ErikPaulsen,HDTF20260416_01214,hdtf_visomaster_teams,hdtf_visomaster_cropped_frames,samples/HDTF20260416_01214/frames/real/,16,hdtf_visomaster_cropped_frames_teams,samples/HDTF20260416_01214/frames/real/,16,
WRA_GeorgeLeMieux,HDTF20260416_01215,hdtf_visomaster_teams,hdtf_visomaster_cropped_frames,samples/HDTF20260416_01215/frames/real/,16,hdtf_visomaster_cropped_frames_teams,samples/HDTF20260416_01215/frames/real/,16,
WRA_GregWalden1,HDTF20260416_01216,hdtf_visomaster_teams,hdtf_visomaster_cropped_frames,samples/HDTF20260416_01216/frames/real/,16,hdtf_visomaster_cropped_frames_teams,samples/HDTF20260416_01216/frames/real/,16,
WRA_JimRisch,HDTF20260416_01217,hdtf_visomaster_teams,hdtf_visomaster_cropped_frames,samples/HDTF20260416_01217/frames/real/,16,hdtf_visomaster_cropped_frames_teams,samples/HDTF20260416_01217/frames/real/,16,
WRA_JoeHeck1,HDTF20260416_01218,hdtf_visomaster_teams,hdtf_visomaster_cropped_frames,samples/HDTF20260416_01218/frames/real/,16,hdtf_visomaster_cropped_frames_teams,samples/HDTF20260416_01218/frames/real/,16,
WRA_JoniErnst1,HDTF20260416_01219,hdtf_visomaster_teams,hdtf_visomaster_cropped_frames,samples/HDTF20260416_01219/frames/real/,16,hdtf_visomaster_cropped_frames_teams,samples/HDTF20260416_01219/frames/real/,16,
WRA_KevinBrady,HDTF20260416_01220,hdtf_visomaster_teams,hdtf_visomaster_cropped_frames,samples/HDTF20260416_01220/frames/real/,16,hdtf_visomaster_cropped_frames_teams,samples/HDTF20260416_01220/frames/real/,16,
WRA_MarkwayneMullin,HDTF20260416_01221,hdtf_visomaster_teams,hdtf_visomaster_cropped_frames,samples/HDTF20260416_01221/frames/real/,16,hdtf_visomaster_cropped_frames_teams,samples/HDTF20260416_01221/frames/real/,16,
WRA_MichaelSteele,HDTF20260416_01222,hdtf_visomaster_teams,hdtf_visomaster_cropped_frames,samples/HDTF20260416_01222/frames/real/,16,hdtf_visomaster_cropped_frames_teams,samples/HDTF20260416_01222/frames/real/,16,
WRA_MikeEnzi,HDTF20260416_01223,hdtf_visomaster_teams,hdtf_visomaster_cropped_frames,samples/HDTF20260416_01223/frames/real/,16,hdtf_visomaster_cropped_frames_teams,samples/HDTF20260416_01223/frames/real/,16,
WRA_RogerWicker2,HDTF20260416_01224,hdtf_visomaster_teams,hdtf_visomaster_cropped_frames,samples/HDTF20260416_01224/frames/real/,16,hdtf_visomaster_cropped_frames_teams,samples/HDTF20260416_01224/frames/real/,16,
RD_Radio28,HDTF20260416_01225,hdtf_visomaster_teams,hdtf_visomaster_cropped_frames,samples/HDTF20260416_01225/frames/real/,16,hdtf_visomaster_cropped_frames_teams,samples/HDTF20260416_01225/frames/real/,16,
RD_Radio52,HDTF20260416_01226,hdtf_visomaster_teams,hdtf_visomaster_cropped_frames,samples/HDTF20260416_01226/frames/real/,16,hdtf_visomaster_cropped_frames_teams,samples/HDTF20260416_01226/frames/real/,16,
RD_Radio54,HDTF20260416_01227,hdtf_visomaster_teams,hdtf_visomaster_cropped_frames,samples/HDTF20260416_01227/frames/real/,16,hdtf_visomaster_cropped_frames_teams,samples/HDTF20260416_01227/frames/real/,16,
WDA_ChuckSchumer1,HDTF20260416_01228,hdtf_visomaster_teams,hdtf_visomaster_cropped_frames,samples/HDTF20260416_01228/frames/real/,16,hdtf_visomaster_cropped_frames_teams,samples/HDTF20260416_01228/frames/real/,16,
WDA_RichardNeal0,HDTF20260416_01234,hdtf_visomaster_teams,hdtf_visomaster_cropped_frames,samples/HDTF20260416_01234/frames/real/,16,hdtf_visomaster_cropped_frames_teams,samples/HDTF20260416_01234/frames/real/,16,
WDA_VeronicaEscobar1,HDTF20260416_01235,hdtf_visomaster_teams,hdtf_visomaster_cropped_frames,samples/HDTF20260416_01235/frames/real/,16,hdtf_visomaster_cropped_frames_teams,samples/HDTF20260416_01235/frames/real/,16,
WRA_JimInhofe,HDTF20260416_01236,hdtf_visomaster_teams,hdtf_visomaster_cropped_frames,samples/HDTF20260416_01236/frames/real/,16,hdtf_visomaster_cropped_frames_teams,samples/HDTF20260416_01236/frames/real/,16,
WRA_JohnBoozman,HDTF20260416_01237,hdtf_visomaster_teams,hdtf_visomaster_cropped_frames,samples/HDTF20260416_01237/frames/real/,16,hdtf_visomaster_cropped_frames_teams,samples/HDTF20260416_01237/frames/real/,16,
WRA_JohnHoeven,HDTF20260416_01238,hdtf_visomaster_teams,hdtf_visomaster_cropped_frames,samples/HDTF20260416_01238/frames/real/,16,hdtf_visomaster_cropped_frames_teams,samples/HDTF20260416_01238/frames/real/,16,
RD_Radio13,HDTF20260416_01239,hdtf_visomaster_teams,hdtf_visomaster_cropped_frames,samples/HDTF20260416_01239/frames/real/,16,hdtf_visomaster_cropped_frames_teams,samples/HDTF20260416_01239/frames/real/,16,
RD_Radio39,HDTF20260416_01240,hdtf_visomaster_teams,hdtf_visomaster_cropped_frames,samples/HDTF20260416_01240/frames/real/,16,hdtf_visomaster_cropped_frames_teams,samples/HDTF20260416_01240/frames/real/,16,
WDA_BennieThompson1,HDTF20260416_01241,hdtf_visomaster_teams,hdtf_visomaster_cropped_frames,samples/HDTF20260416_01241/frames/real/,16,hdtf_visomaster_cropped_frames_teams,samples/HDTF20260416_01241/frames/real/,16,
WDA_BillPascrell,HDTF20260416_01242,hdtf_visomaster_teams,hdtf_visomaster_cropped_frames,samples/HDTF20260416_01242/frames/real/,16,hdtf_visomaster_cropped_frames_teams,samples/HDTF20260416_01242/frames/real/,16,
WDA_BrianSchatz1,HDTF20260416_01243,hdtf_visomaster_teams,hdtf_visomaster_cropped_frames,samples/HDTF20260416_01243/frames/real/,16,hdtf_visomaster_cropped_frames_teams,samples/HDTF20260416_01243/frames/real/,16,
WDA_ColinAllred,HDTF20260416_01244,hdtf_visomaster_teams,hdtf_visomaster_cropped_frames,samples/HDTF20260416_01244/frames/real/,16,hdtf_visomaster_cropped_frames_teams,samples/HDTF20260416_01244/frames/real/,16,
WDA_DanKildee1,HDTF20260416_01245,hdtf_visomaster_teams,hdtf_visomaster_cropped_frames,samples/HDTF20260416_01245/frames/real/,16,hdtf_visomaster_cropped_frames_teams,samples/HDTF20260416_01245/frames/real/,16,
WDA_TimWalz,HDTF20260416_01246,hdtf_visomaster_teams,hdtf_visomaster_cropped_frames,samples/HDTF20260416_01246/frames/real/,16,hdtf_visomaster_cropped_frames_teams,samples/HDTF20260416_01246/frames/real/,16,
WRA_ChuckGrassley,HDTF20260416_01247,hdtf_visomaster_teams,hdtf_visomaster_cropped_frames,samples/HDTF20260416_01247/frames/real/,16,hdtf_visomaster_cropped_frames_teams,samples/HDTF20260416_01247/frames/real/,16,
WRA_JoePitts,HDTF20260416_01248,hdtf_visomaster_teams,hdtf_visomaster_cropped_frames,samples/HDTF20260416_01248/frames/real/,16,hdtf_visomaster_cropped_frames_teams,samples/HDTF20260416_01248/frames/real/,16,
WRA_LamarAlexander,HDTF20260416_01249,hdtf_visomaster_teams,hdtf_visomaster_cropped_frames,samples/HDTF20260416_01249/frames/real/,16,hdtf_visomaster_cropped_frames_teams,samples/HDTF20260416_01249/frames/real/,16,
WRA_MikeCrapo,HDTF20260416_01250,hdtf_visomaster_teams,hdtf_visomaster_cropped_frames,samples/HDTF20260416_01250/frames/real/,16,hdtf_visomaster_cropped_frames_teams,samples/HDTF20260416_01250/frames/real/,16,
WRA_ReneeEllmers,HDTF20260416_01251,hdtf_visomaster_teams,hdtf_visomaster_cropped_frames,samples/HDTF20260416_01251/frames/real/,16,hdtf_visomaster_cropped_frames_teams,samples/HDTF20260416_01251/frames/real/,16,
WRA_RobPortman,HDTF20260416_01252,hdtf_visomaster_teams,hdtf_visomaster_cropped_frames,samples/HDTF20260416_01252/frames/real/,16,hdtf_visomaster_cropped_frames_teams,samples/HDTF20260416_01252/frames/real/,16,
RD_Radio3,HDTF20260416_01253,hdtf_visomaster_teams,hdtf_visomaster_cropped_frames,samples/HDTF20260416_01253/frames/real/,16,hdtf_visomaster_cropped_frames_teams,samples/HDTF20260416_01253/frames/real/,16,
RD_Radio40,HDTF20260416_01254,hdtf_visomaster_teams,hdtf_visomaster_cropped_frames,samples/HDTF20260416_01254/frames/real/,16,hdtf_visomaster_cropped_frames_teams,samples/HDTF20260416_01254/frames/real/,16,
WDA_ChrisMurphy0,HDTF20260416_01256,hdtf_visomaster_teams,hdtf_visomaster_cropped_frames,samples/HDTF20260416_01256/frames/real/,16,hdtf_visomaster_cropped_frames_teams,samples/HDTF20260416_01256/frames/real/,16,
WDA_ChrisVanHollen0,HDTF20260416_01257,hdtf_visomaster_teams,hdtf_visomaster_cropped_frames,samples/HDTF20260416_01257/frames/real/,16,hdtf_visomaster_cropped_frames_teams,samples/HDTF20260416_01257/frames/real/,16,
WDA_DougJones,HDTF20260416_01258,hdtf_visomaster_teams,hdtf_visomaster_cropped_frames,samples/HDTF20260416_01258/frames/real/,16,hdtf_visomaster_cropped_frames_teams,samples/HDTF20260416_01258/frames/real/,16,
WDA_JackyRosen1,HDTF20260416_01259,hdtf_visomaster_teams,hdtf_visomaster_cropped_frames,samples/HDTF20260416_01259/frames/real/,16,hdtf_visomaster_cropped_frames_teams,samples/HDTF20260416_01259/frames/real/,16,
WDA_JeanneShaheen1,HDTF20260416_01260,hdtf_visomaster_teams,hdtf_visomaster_cropped_frames,samples/HDTF20260416_01260/frames/real/,16,hdtf_visomaster_cropped_frames_teams,samples/HDTF20260416_01260/frames/real/,16,
WDA_JohnYarmuth1,HDTF20260416_01262,hdtf_visomaster_teams,hdtf_visomaster_cropped_frames,samples/HDTF20260416_01262/frames/real/,16,hdtf_visomaster_cropped_frames_teams,samples/HDTF20260416_01262/frames/real/,16,
WDA_JonTester0,HDTF20260416_01263,hdtf_visomaster_teams,hdtf_visomaster_cropped_frames,samples/HDTF20260416_01263/frames/real/,16,hdtf_visomaster_cropped_frames_teams,samples/HDTF20260416_01263/frames/real/,16,
WDA_MarciaFudge,HDTF20260416_01264,hdtf_visomaster_teams,hdtf_visomaster_cropped_frames,samples/HDTF20260416_01264/frames/real/,16,hdtf_visomaster_cropped_frames_teams,samples/HDTF20260416_01264/frames/real/,16,
WDA_NitaLowey,HDTF20260416_01265,hdtf_visomaster_teams,hdtf_visomaster_cropped_frames,samples/HDTF20260416_01265/frames/real/,16,hdtf_visomaster_cropped_frames_teams,samples/HDTF20260416_01265/frames/real/,16,
WDA_RonWyden0,HDTF20260416_01266,hdtf_visomaster_teams,hdtf_visomaster_cropped_frames,samples/HDTF20260416_01266/frames/real/,16,hdtf_visomaster_cropped_frames_teams,samples/HDTF20260416_01266/frames/real/,16,
WRA_RandPaul2,HDTF20260416_01267,hdtf_visomaster_teams,hdtf_visomaster_cropped_frames,samples/HDTF20260416_01267/frames/real/,16,hdtf_visomaster_cropped_frames_teams,samples/HDTF20260416_01267/frames/real/,16,
RD_Radio23,HDTF20260416_01268,hdtf_visomaster_teams,hdtf_visomaster_cropped_frames,samples/HDTF20260416_01268/frames/real/,16,hdtf_visomaster_cropped_frames_teams,samples/HDTF20260416_01268/frames/real/,16,
RD_Radio26,HDTF20260416_01269,hdtf_visomaster_teams,hdtf_visomaster_cropped_frames,samples/HDTF20260416_01269/frames/real/,16,hdtf_visomaster_cropped_frames_teams,samples/HDTF20260416_01269/frames/real/,16,
RD_Radio30,HDTF20260416_01270,hdtf_visomaster_teams,hdtf_visomaster_cropped_frames,samples/HDTF20260416_01270/frames/real/,16,hdtf_visomaster_cropped_frames_teams,samples/HDTF20260416_01270/frames/real/,16,
WDA_AmyKlobuchar1,HDTF20260416_01271,hdtf_visomaster_teams,hdtf_visomaster_cropped_frames,samples/HDTF20260416_01271/frames/real/,16,hdtf_visomaster_cropped_frames_teams,samples/HDTF20260416_01271/frames/real/,16,
WDA_BobCasey1,HDTF20260416_01272,hdtf_visomaster_teams,hdtf_visomaster_cropped_frames,samples/HDTF20260416_01272/frames/real/,16,hdtf_visomaster_cropped_frames_teams,samples/HDTF20260416_01272/frames/real/,16,
WDA_CarolynMaloney1,HDTF20260416_01273,hdtf_visomaster_teams,hdtf_visomaster_cropped_frames,samples/HDTF20260416_01273/frames/real/,16,hdtf_visomaster_cropped_frames_teams,samples/HDTF20260416_01273/frames/real/,16,
WDA_HaleyStevens,HDTF20260416_01274,hdtf_visomaster_teams,hdtf_visomaster_cropped_frames,samples/HDTF20260416_01274/frames/real/,16,hdtf_visomaster_cropped_frames_teams,samples/HDTF20260416_01274/frames/real/,16,
WDA_MarkWarner2,HDTF20260416_01275,hdtf_visomaster_teams,hdtf_visomaster_cropped_frames,samples/HDTF20260416_01275/frames/real/,16,hdtf_visomaster_cropped_frames_teams,samples/HDTF20260416_01275/frames/real/,16,
WDA_MattCartwright,HDTF20260416_01276,hdtf_visomaster_teams,hdtf_visomaster_cropped_frames,samples/HDTF20260416_01276/frames/real/,16,hdtf_visomaster_cropped_frames_teams,samples/HDTF20260416_01276/frames/real/,16,
WDA_MichelleObama,HDTF20260416_01277,hdtf_visomaster_teams,hdtf_visomaster_cropped_frames,samples/HDTF20260416_01277/frames/real/,16,hdtf_visomaster_cropped_frames_teams,samples/HDTF20260416_01277/frames/real/,16,
WDA_TerriSewell1,HDTF20260416_01278,hdtf_visomaster_teams,hdtf_visomaster_cropped_frames,samples/HDTF20260416_01278/frames/real/,16,hdtf_visomaster_cropped_frames_teams,samples/HDTF20260416_01278/frames/real/,16,
WRA_AnnWagner,HDTF20260416_01279,hdtf_visomaster_teams,hdtf_visomaster_cropped_frames,samples/HDTF20260416_01279/frames/real/,16,hdtf_visomaster_cropped_frames_teams,samples/HDTF20260416_01279/frames/real/,16,
RD_Radio35,HDTF20260416_01283,hdtf_visomaster_teams,hdtf_visomaster_cropped_frames,samples/HDTF20260416_01283/frames/real/,16,hdtf_visomaster_cropped_frames_teams,samples/HDTF20260416_01283/frames/real/,16,
WDA_AdamSchiff,HDTF20260416_01284,hdtf_visomaster_teams,hdtf_visomaster_cropped_frames,samples/HDTF20260416_01284/frames/real/,16,hdtf_visomaster_cropped_frames_teams,samples/HDTF20260416_01284/frames/real/,16,
WDA_BobbyScott,HDTF20260416_01285,hdtf_visomaster_teams,hdtf_visomaster_cropped_frames,samples/HDTF20260416_01285/frames/real/,16,hdtf_visomaster_cropped_frames_teams,samples/HDTF20260416_01285/frames/real/,16,
WDA_DianaDeGette1,HDTF20260416_01286,hdtf_visomaster_teams,hdtf_visomaster_cropped_frames,samples/HDTF20260416_01286/frames/real/,16,hdtf_visomaster_cropped_frames_teams,samples/HDTF20260416_01286/frames/real/,16,
WDA_RaulRuiz,HDTF20260416_01287,hdtf_visomaster_teams,hdtf_visomaster_cropped_frames,samples/HDTF20260416_01287/frames/real/,16,hdtf_visomaster_cropped_frames_teams,samples/HDTF20260416_01287/frames/real/,16,
WDA_SeanPatrickMaloney,HDTF20260416_01288,hdtf_visomaster_teams,hdtf_visomaster_cropped_frames,samples/HDTF20260416_01288/frames/real/,16,hdtf_visomaster_cropped_frames_teams,samples/HDTF20260416_01288/frames/real/,16,
WDA_TammyBaldwin0,HDTF20260416_01289,hdtf_visomaster_teams,hdtf_visomaster_cropped_frames,samples/HDTF20260416_01289/frames/real/,16,hdtf_visomaster_cropped_frames_teams,samples/HDTF20260416_01289/frames/real/,16,
WDA_VeronicaEscobar0,HDTF20260416_01290,hdtf_visomaster_teams,hdtf_visomaster_cropped_frames,samples/HDTF20260416_01290/frames/real/,16,hdtf_visomaster_cropped_frames_teams,samples/HDTF20260416_01290/frames/real/,16,
WRA_JaimeHerreraBeutler0,HDTF20260416_01293,hdtf_visomaster_teams,hdtf_visomaster_cropped_frames,samples/HDTF20260416_01293/frames/real/,16,hdtf_visomaster_cropped_frames_teams,samples/HDTF20260416_01293/frames/real/,16,
WRA_KristiNoem2,HDTF20260416_01294,hdtf_visomaster_teams,hdtf_visomaster_cropped_frames,samples/HDTF20260416_01294/frames/real/,16,hdtf_visomaster_cropped_frames_teams,samples/HDTF20260416_01294/frames/real/,16,
WRA_PaulRyan0,HDTF20260416_01295,hdtf_visomaster_teams,hdtf_visomaster_cropped_frames,samples/HDTF20260416_01295/frames/real/,16,hdtf_visomaster_cropped_frames_teams,samples/HDTF20260416_01295/frames/real/,16,
WRA_RandPaul1,HDTF20260416_01297,hdtf_visomaster_teams,hdtf_visomaster_cropped_frames,samples/HDTF20260416_01297/frames/real/,16,hdtf_visomaster_cropped_frames_teams,samples/HDTF20260416_01297/frames/real/,16,
RD_Radio10,HDTF20260416_01298,hdtf_visomaster_teams,hdtf_visomaster_cropped_frames,samples/HDTF20260416_01298/frames/real/,16,hdtf_visomaster_cropped_frames_teams,samples/HDTF20260416_01298/frames/real/,16,
RD_Radio18,HDTF20260416_01299,hdtf_visomaster_teams,hdtf_visomaster_cropped_frames,samples/HDTF20260416_01299/frames/real/,16,hdtf_visomaster_cropped_frames_teams,samples/HDTF20260416_01299/frames/real/,16,
RD_Radio25,HDTF20260416_01300,hdtf_visomaster_teams,hdtf_visomaster_cropped_frames,samples/HDTF20260416_01300/frames/real/,16,hdtf_visomaster_cropped_frames_teams,samples/HDTF20260416_01300/frames/real/,16,
RD_Radio34,HDTF20260416_01301,hdtf_visomaster_teams,hdtf_visomaster_cropped_frames,samples/HDTF20260416_01301/frames/real/,16,hdtf_visomaster_cropped_frames_teams,samples/HDTF20260416_01301/frames/real/,16,
WDA_BenCardin1,HDTF20260416_01302,hdtf_visomaster_teams,hdtf_visomaster_cropped_frames,samples/HDTF20260416_01302/frames/real/,16,hdtf_visomaster_cropped_frames_teams,samples/HDTF20260416_01302/frames/real/,16,
WDA_JamesClyburn1,HDTF20260416_01303,hdtf_visomaster_teams,hdtf_visomaster_cropped_frames,samples/HDTF20260416_01303/frames/real/,16,hdtf_visomaster_cropped_frames_teams,samples/HDTF20260416_01303/frames/real/,16,
WDA_SherrodBrown0,HDTF20260416_01305,hdtf_visomaster_teams,hdtf_visomaster_cropped_frames,samples/HDTF20260416_01305/frames/real/,16,hdtf_visomaster_cropped_frames_teams,samples/HDTF20260416_01305/frames/real/,16,
WDA_StephanieMurphy,HDTF20260416_01306,hdtf_visomaster_teams,hdtf_visomaster_cropped_frames,samples/HDTF20260416_01306/frames/real/,16,hdtf_visomaster_cropped_frames_teams,samples/HDTF20260416_01306/frames/real/,16,
WDA_TomCarper,HDTF20260416_01307,hdtf_visomaster_teams,hdtf_visomaster_cropped_frames,samples/HDTF20260416_01307/frames/real/,16,hdtf_visomaster_cropped_frames_teams,samples/HDTF20260416_01307/frames/real/,16,
WRA_AustinScott2,HDTF20260416_01308,hdtf_visomaster_teams,hdtf_visomaster_cropped_frames,samples/HDTF20260416_01308/frames/real/,16,hdtf_visomaster_cropped_frames_teams,samples/HDTF20260416_01308/frames/real/,16,
WRA_KristiNoem0,HDTF20260416_01311,hdtf_visomaster_teams,hdtf_visomaster_cropped_frames,samples/HDTF20260416_01311/frames/real/,16,hdtf_visomaster_cropped_frames_teams,samples/HDTF20260416_01311/frames/real/,16,
WRA_ToddYoung,HDTF20260416_01312,hdtf_visomaster_teams,hdtf_visomaster_cropped_frames,samples/HDTF20260416_01312/frames/real/,16,hdtf_visomaster_cropped_frames_teams,samples/HDTF20260416_01312/frames/real/,16,
WDA_AdamSmith,HDTF20260416_01314,hdtf_visomaster_teams,hdtf_visomaster_cropped_frames,samples/HDTF20260416_01314/frames/real/,16,hdtf_visomaster_cropped_frames_teams,samples/HDTF20260416_01314/frames/real/,16,
WDA_DebbieDingell0,HDTF20260416_01315,hdtf_visomaster_teams,hdtf_visomaster_cropped_frames,samples/HDTF20260416_01315/frames/real/,16,hdtf_visomaster_cropped_frames_teams,samples/HDTF20260416_01315/frames/real/,16,
WDA_DickDurbin,HDTF20260416_01316,hdtf_visomaster_teams,hdtf_visomaster_cropped_frames,samples/HDTF20260416_01316/frames/real/,16,hdtf_visomaster_cropped_frames_teams,samples/HDTF20260416_01316/frames/real/,16,
WDA_JackReed0,HDTF20260416_01317,hdtf_visomaster_teams,hdtf_visomaster_cropped_frames,samples/HDTF20260416_01317/frames/real/,16,hdtf_visomaster_cropped_frames_teams,samples/HDTF20260416_01317/frames/real/,16,
WDA_MaggieHassan,HDTF20260416_01319,hdtf_visomaster_teams,hdtf_visomaster_cropped_frames,samples/HDTF20260416_01319/frames/real/,16,hdtf_visomaster_cropped_frames_teams,samples/HDTF20260416_01319/frames/real/,16,
WDA_PattyMurray0,HDTF20260416_01320,hdtf_visomaster_teams,hdtf_visomaster_cropped_frames,samples/HDTF20260416_01320/frames/real/,16,hdtf_visomaster_cropped_frames_teams,samples/HDTF20260416_01320/frames/real/,16,
WDA_SeanCasten,HDTF20260416_01321,hdtf_visomaster_teams,hdtf_visomaster_cropped_frames,samples/HDTF20260416_01321/frames/real/,16,hdtf_visomaster_cropped_frames_teams,samples/HDTF20260416_01321/frames/real/,16,
WRA_JohnThune,HDTF20260416_01322,hdtf_visomaster_teams,hdtf_visomaster_cropped_frames,samples/HDTF20260416_01322/frames/real/,16,hdtf_visomaster_cropped_frames_teams,samples/HDTF20260416_01322/frames/real/,16,
WRA_LisaMurkowski0,HDTF20260416_01323,hdtf_visomaster_teams,hdtf_visomaster_cropped_frames,samples/HDTF20260416_01323/frames/real/,16,hdtf_visomaster_cropped_frames_teams,samples/HDTF20260416_01323/frames/real/,16,
WRA_SteveScalise0,HDTF20260416_01326,hdtf_visomaster_teams,hdtf_visomaster_cropped_frames,samples/HDTF20260416_01326/frames/real/,16,hdtf_visomaster_cropped_frames_teams,samples/HDTF20260416_01326/frames/real/,16,
WRA_TimScott,HDTF20260416_01327,hdtf_visomaster_teams,hdtf_visomaster_cropped_frames,samples/HDTF20260416_01327/frames/real/,16,hdtf_visomaster_cropped_frames_teams,samples/HDTF20260416_01327/frames/real/,16,
322,QCLIP20260417R2_00000,quickclips_visomaster_teams,quickclips_visomaster_cropped_frames,samples/QCLIP20260417R2_00000/frames/real/,16,quickclips_visomaster_cropped_frames_teams,samples/QCLIP20260417R2_00000/frames/real/,16,
3265,QCLIP20260417R2_00001,quickclips_visomaster_teams,quickclips_visomaster_cropped_frames,samples/QCLIP20260417R2_00001/frames/real/,16,quickclips_visomaster_cropped_frames_teams,samples/QCLIP20260417R2_00001/frames/real/,16,
3741,QCLIP20260417R2_00002,quickclips_visomaster_teams,quickclips_visomaster_cropped_frames,samples/QCLIP20260417R2_00002/frames/real/,16,quickclips_visomaster_cropped_frames_teams,samples/QCLIP20260417R2_00002/frames/real/,16,
4109,QCLIP20260417R2_00003,quickclips_visomaster_teams,quickclips_visomaster_cropped_frames,samples/QCLIP20260417R2_00003/frames/real/,16,quickclips_visomaster_cropped_frames_teams,samples/QCLIP20260417R2_00003/frames/real/,16,
4308,QCLIP20260417R2_00004,quickclips_visomaster_teams,quickclips_visomaster_cropped_frames,samples/QCLIP20260417R2_00004/frames/real/,16,quickclips_visomaster_cropped_frames_teams,samples/QCLIP20260417R2_00004/frames/real/,16,
5328,QCLIP20260417R2_00005,quickclips_visomaster_teams,quickclips_visomaster_cropped_frames,samples/QCLIP20260417R2_00005/frames/real/,16,quickclips_visomaster_cropped_frames_teams,samples/QCLIP20260417R2_00005/frames/real/,16,
5865,QCLIP20260417R2_00006,quickclips_visomaster_teams,quickclips_visomaster_cropped_frames,samples/QCLIP20260417R2_00006/frames/real/,16,quickclips_visomaster_cropped_frames_teams,samples/QCLIP20260417R2_00006/frames/real/,16,
7504,QCLIP20260417R2_00007,quickclips_visomaster_teams,quickclips_visomaster_cropped_frames,samples/QCLIP20260417R2_00007/frames/real/,16,quickclips_visomaster_cropped_frames_teams,samples/QCLIP20260417R2_00007/frames/real/,16,
7866,QCLIP20260417R2_00008,quickclips_visomaster_teams,quickclips_visomaster_cropped_frames,samples/QCLIP20260417R2_00008/frames/real/,16,quickclips_visomaster_cropped_frames_teams,samples/QCLIP20260417R2_00008/frames/real/,16,
7989,QCLIP20260417R2_00009,quickclips_visomaster_teams,quickclips_visomaster_cropped_frames,samples/QCLIP20260417R2_00009/frames/real/,16,quickclips_visomaster_cropped_frames_teams,samples/QCLIP20260417R2_00009/frames/real/,16,
1066,QCLIP20260417R2_00010,quickclips_visomaster_teams,quickclips_visomaster_cropped_frames,samples/QCLIP20260417R2_00010/frames/real/,16,quickclips_visomaster_cropped_frames_teams,samples/QCLIP20260417R2_00010/frames/real/,16,
1259,QCLIP20260417R2_00011,quickclips_visomaster_teams,quickclips_visomaster_cropped_frames,samples/QCLIP20260417R2_00011/frames/real/,16,quickclips_visomaster_cropped_frames_teams,samples/QCLIP20260417R2_00011/frames/real/,16,
1758,QCLIP20260417R2_00012,quickclips_visomaster_teams,quickclips_visomaster_cropped_frames,samples/QCLIP20260417R2_00012/frames/real/,16,quickclips_visomaster_cropped_frames_teams,samples/QCLIP20260417R2_00012/frames/real/,16,
4072,QCLIP20260417R2_00013,quickclips_visomaster_teams,quickclips_visomaster_cropped_frames,samples/QCLIP20260417R2_00013/frames/real/,16,quickclips_visomaster_cropped_frames_teams,samples/QCLIP20260417R2_00013/frames/real/,16,
4736,QCLIP20260417R2_00014,quickclips_visomaster_teams,quickclips_visomaster_cropped_frames,samples/QCLIP20260417R2_00014/frames/real/,16,quickclips_visomaster_cropped_frames_teams,samples/QCLIP20260417R2_00014/frames/real/,16,
6051,QCLIP20260417R2_00015,quickclips_visomaster_teams,quickclips_visomaster_cropped_frames,samples/QCLIP20260417R2_00015/frames/real/,16,quickclips_visomaster_cropped_frames_teams,samples/QCLIP20260417R2_00015/frames/real/,16,
6468,QCLIP20260417R2_00016,quickclips_visomaster_teams,quickclips_visomaster_cropped_frames,samples/QCLIP20260417R2_00016/frames/real/,16,quickclips_visomaster_cropped_frames_teams,samples/QCLIP20260417R2_00016/frames/real/,16,
7276,QCLIP20260417R2_00017,quickclips_visomaster_teams,quickclips_visomaster_cropped_frames,samples/QCLIP20260417R2_00017/frames/real/,16,quickclips_visomaster_cropped_frames_teams,samples/QCLIP20260417R2_00017/frames/real/,16,
9400,QCLIP20260417R2_00018,quickclips_visomaster_teams,quickclips_visomaster_cropped_frames,samples/QCLIP20260417R2_00018/frames/real/,16,quickclips_visomaster_cropped_frames_teams,samples/QCLIP20260417R2_00018/frames/real/,16,
9402,QCLIP20260417R2_00019,quickclips_visomaster_teams,quickclips_visomaster_cropped_frames,samples/QCLIP20260417R2_00019/frames/real/,16,quickclips_visomaster_cropped_frames_teams,samples/QCLIP20260417R2_00019/frames/real/,16,
1078,QCLIP20260417R2_00020,quickclips_visomaster_teams,quickclips_visomaster_cropped_frames,samples/QCLIP20260417R2_00020/frames/real/,16,quickclips_visomaster_cropped_frames_teams,samples/QCLIP20260417R2_00020/frames/real/,16,
1187,QCLIP20260417R2_00021,quickclips_visomaster_teams,quickclips_visomaster_cropped_frames,samples/QCLIP20260417R2_00021/frames/real/,16,quickclips_visomaster_cropped_frames_teams,samples/QCLIP20260417R2_00021/frames/real/,16,
2319,QCLIP20260417R2_00022,quickclips_visomaster_teams,quickclips_visomaster_cropped_frames,samples/QCLIP20260417R2_00022/frames/real/,16,quickclips_visomaster_cropped_frames_teams,samples/QCLIP20260417R2_00022/frames/real/,16,
2354,QCLIP20260417R2_00023,quickclips_visomaster_teams,quickclips_visomaster_cropped_frames,samples/QCLIP20260417R2_00023/frames/real/,16,quickclips_visomaster_cropped_frames_teams,samples/QCLIP20260417R2_00023/frames/real/,16,
2586,QCLIP20260417R2_00024,quickclips_visomaster_teams,quickclips_visomaster_cropped_frames,samples/QCLIP20260417R2_00024/frames/real/,16,quickclips_visomaster_cropped_frames_teams,samples/QCLIP20260417R2_00024/frames/real/,16,
3304,QCLIP20260417R2_00025,quickclips_visomaster_teams,quickclips_visomaster_cropped_frames,samples/QCLIP20260417R2_00025/frames/real/,16,quickclips_visomaster_cropped_frames_teams,samples/QCLIP20260417R2_00025/frames/real/,16,
3826,QCLIP20260417R2_00026,quickclips_visomaster_teams,quickclips_visomaster_cropped_frames,samples/QCLIP20260417R2_00026/frames/real/,16,quickclips_visomaster_cropped_frames_teams,samples/QCLIP20260417R2_00026/frames/real/,16,
7601,QCLIP20260417R2_00027,quickclips_visomaster_teams,quickclips_visomaster_cropped_frames,samples/QCLIP20260417R2_00027/frames/real/,16,quickclips_visomaster_cropped_frames_teams,samples/QCLIP20260417R2_00027/frames/real/,16,
8137,QCLIP20260417R2_00028,quickclips_visomaster_teams,quickclips_visomaster_cropped_frames,samples/QCLIP20260417R2_00028/frames/real/,16,quickclips_visomaster_cropped_frames_teams,samples/QCLIP20260417R2_00028/frames/real/,16,
8200,QCLIP20260417R2_00029,quickclips_visomaster_teams,quickclips_visomaster_cropped_frames,samples/QCLIP20260417R2_00029/frames/real/,16,quickclips_visomaster_cropped_frames_teams,samples/QCLIP20260417R2_00029/frames/real/,16,
1981,QCLIP20260417R2_00030,quickclips_visomaster_teams,quickclips_visomaster_cropped_frames,samples/QCLIP20260417R2_00030/frames/real/,16,quickclips_visomaster_cropped_frames_teams,samples/QCLIP20260417R2_00030/frames/real/,16,
2582,QCLIP20260417R2_00031,quickclips_visomaster_teams,quickclips_visomaster_cropped_frames,samples/QCLIP20260417R2_00031/frames/real/,16,quickclips_visomaster_cropped_frames_teams,samples/QCLIP20260417R2_00031/frames/real/,16,
41,QCLIP20260417R2_00032,quickclips_visomaster_teams,quickclips_visomaster_cropped_frames,samples/QCLIP20260417R2_00032/frames/real/,16,quickclips_visomaster_cropped_frames_teams,samples/QCLIP20260417R2_00032/frames/real/,16,
4209,QCLIP20260417R2_00033,quickclips_visomaster_teams,quickclips_visomaster_cropped_frames,samples/QCLIP20260417R2_00033/frames/real/,16,quickclips_visomaster_cropped_frames_teams,samples/QCLIP20260417R2_00033/frames/real/,16,
6406,QCLIP20260417R2_00034,quickclips_visomaster_teams,quickclips_visomaster_cropped_frames,samples/QCLIP20260417R2_00034/frames/real/,16,quickclips_visomaster_cropped_frames_teams,samples/QCLIP20260417R2_00034/frames/real/,16,
647,QCLIP20260417R2_00035,quickclips_visomaster_teams,quickclips_visomaster_cropped_frames,samples/QCLIP20260417R2_00035/frames/real/,16,quickclips_visomaster_cropped_frames_teams,samples/QCLIP20260417R2_00035/frames/real/,16,
7035,QCLIP20260417R2_00036,quickclips_visomaster_teams,quickclips_visomaster_cropped_frames,samples/QCLIP20260417R2_00036/frames/real/,16,quickclips_visomaster_cropped_frames_teams,samples/QCLIP20260417R2_00036/frames/real/,16,
8982,QCLIP20260417R2_00037,quickclips_visomaster_teams,quickclips_visomaster_cropped_frames,samples/QCLIP20260417R2_00037/frames/real/,16,quickclips_visomaster_cropped_frames_teams,samples/QCLIP20260417R2_00037/frames/real/,16,
unknown_gSq1CUXNUN4,QCLIP20260417R2_00038,quickclips_visomaster_teams,quickclips_visomaster_cropped_frames,samples/QCLIP20260417R2_00038/frames/real/,16,quickclips_visomaster_cropped_frames_teams,samples/QCLIP20260417R2_00038/frames/real/,16,
1262,QCLIP20260417R2_00039,quickclips_visomaster_teams,quickclips_visomaster_cropped_frames,samples/QCLIP20260417R2_00039/frames/real/,16,quickclips_visomaster_cropped_frames_teams,samples/QCLIP20260417R2_00039/frames/real/,16,
1728,QCLIP20260417R2_00040,quickclips_visomaster_teams,quickclips_visomaster_cropped_frames,samples/QCLIP20260417R2_00040/frames/real/,16,quickclips_visomaster_cropped_frames_teams,samples/QCLIP20260417R2_00040/frames/real/,16,
2197,QCLIP20260417R2_00041,quickclips_visomaster_teams,quickclips_visomaster_cropped_frames,samples/QCLIP20260417R2_00041/frames/real/,16,quickclips_visomaster_cropped_frames_teams,samples/QCLIP20260417R2_00041/frames/real/,16,
5225,QCLIP20260417R2_00042,quickclips_visomaster_teams,quickclips_visomaster_cropped_frames,samples/QCLIP20260417R2_00042/frames/real/,16,quickclips_visomaster_cropped_frames_teams,samples/QCLIP20260417R2_00042/frames/real/,16,
5562,QCLIP20260417R2_00043,quickclips_visomaster_teams,quickclips_visomaster_cropped_frames,samples/QCLIP20260417R2_00043/frames/real/,16,quickclips_visomaster_cropped_frames_teams,samples/QCLIP20260417R2_00043/frames/real/,16,
5664,QCLIP20260417R2_00044,quickclips_visomaster_teams,quickclips_visomaster_cropped_frames,samples/QCLIP20260417R2_00044/frames/real/,16,quickclips_visomaster_cropped_frames_teams,samples/QCLIP20260417R2_00044/frames/real/,16,
7926,QCLIP20260417R2_00045,quickclips_visomaster_teams,quickclips_visomaster_cropped_frames,samples/QCLIP20260417R2_00045/frames/real/,16,quickclips_visomaster_cropped_frames_teams,samples/QCLIP20260417R2_00045/frames/real/,16,
7948,QCLIP20260417R2_00046,quickclips_visomaster_teams,quickclips_visomaster_cropped_frames,samples/QCLIP20260417R2_00046/frames/real/,16,quickclips_visomaster_cropped_frames_teams,samples/QCLIP20260417R2_00046/frames/real/,16,
8816,QCLIP20260417R2_00047,quickclips_visomaster_teams,quickclips_visomaster_cropped_frames,samples/QCLIP20260417R2_00047/frames/real/,16,quickclips_visomaster_cropped_frames_teams,samples/QCLIP20260417R2_00047/frames/real/,16,
129,QCLIP20260417R2_00048,quickclips_visomaster_teams,quickclips_visomaster_cropped_frames,samples/QCLIP20260417R2_00048/frames/real/,16,quickclips_visomaster_cropped_frames_teams,samples/QCLIP20260417R2_00048/frames/real/,16,
3718,QCLIP20260417R2_00049,quickclips_visomaster_teams,quickclips_visomaster_cropped_frames,samples/QCLIP20260417R2_00049/frames/real/,16,quickclips_visomaster_cropped_frames_teams,samples/QCLIP20260417R2_00049/frames/real/,16,
4610,QCLIP20260417R2_00050,quickclips_visomaster_teams,quickclips_visomaster_cropped_frames,samples/QCLIP20260417R2_00050/frames/real/,16,quickclips_visomaster_cropped_frames_teams,samples/QCLIP20260417R2_00050/frames/real/,16,
4639,QCLIP20260417R2_00051,quickclips_visomaster_teams,quickclips_visomaster_cropped_frames,samples/QCLIP20260417R2_00051/frames/real/,16,quickclips_visomaster_cropped_frames_teams,samples/QCLIP20260417R2_00051/frames/real/,16,
488,QCLIP20260417R2_00052,quickclips_visomaster_teams,quickclips_visomaster_cropped_frames,samples/QCLIP20260417R2_00052/frames/real/,16,quickclips_visomaster_cropped_frames_teams,samples/QCLIP20260417R2_00052/frames/real/,16,
5258,QCLIP20260417R2_00053,quickclips_visomaster_teams,quickclips_visomaster_cropped_frames,samples/QCLIP20260417R2_00053/frames/real/,16,quickclips_visomaster_cropped_frames_teams,samples/QCLIP20260417R2_00053/frames/real/,16,
5434,QCLIP20260417R2_00054,quickclips_visomaster_teams,quickclips_visomaster_cropped_frames,samples/QCLIP20260417R2_00054/frames/real/,16,quickclips_visomaster_cropped_frames_teams,samples/QCLIP20260417R2_00054/frames/real/,16,
7216,QCLIP20260417R2_00055,quickclips_visomaster_teams,quickclips_visomaster_cropped_frames,samples/QCLIP20260417R2_00055/frames/real/,16,quickclips_visomaster_cropped_frames_teams,samples/QCLIP20260417R2_00055/frames/real/,16,
8701,QCLIP20260417R2_00056,quickclips_visomaster_teams,quickclips_visomaster_cropped_frames,samples/QCLIP20260417R2_00056/frames/real/,16,quickclips_visomaster_cropped_frames_teams,samples/QCLIP20260417R2_00056/frames/real/,16,
183,QCLIP20260417R2_00058,quickclips_visomaster_teams,quickclips_visomaster_cropped_frames,samples/QCLIP20260417R2_00058/frames/real/,16,quickclips_visomaster_cropped_frames_teams,samples/QCLIP20260417R2_00058/frames/real/,16,
2156,QCLIP20260417R2_00059,quickclips_visomaster_teams,quickclips_visomaster_cropped_frames,samples/QCLIP20260417R2_00059/frames/real/,16,quickclips_visomaster_cropped_frames_teams,samples/QCLIP20260417R2_00059/frames/real/,16,
2322,QCLIP20260417R2_00060,quickclips_visomaster_teams,quickclips_visomaster_cropped_frames,samples/QCLIP20260417R2_00060/frames/real/,16,quickclips_visomaster_cropped_frames_teams,samples/QCLIP20260417R2_00060/frames/real/,16,
4892,QCLIP20260417R2_00062,quickclips_visomaster_teams,quickclips_visomaster_cropped_frames,samples/QCLIP20260417R2_00062/frames/real/,16,quickclips_visomaster_cropped_frames_teams,samples/QCLIP20260417R2_00062/frames/real/,16,
6025,QCLIP20260417R2_00063,quickclips_visomaster_teams,quickclips_visomaster_cropped_frames,samples/QCLIP20260417R2_00063/frames/real/,16,quickclips_visomaster_cropped_frames_teams,samples/QCLIP20260417R2_00063/frames/real/,16,
unknown_fvRDBpEliEU,QCLIP20260417R2_00064,quickclips_visomaster_teams,quickclips_visomaster_cropped_frames,samples/QCLIP20260417R2_00064/frames/real/,16,quickclips_visomaster_cropped_frames_teams,samples/QCLIP20260417R2_00064/frames/real/,16,
unknown_n82ncUKxIqA,QCLIP20260417R2_00065,quickclips_visomaster_teams,quickclips_visomaster_cropped_frames,samples/QCLIP20260417R2_00065/frames/real/,16,quickclips_visomaster_cropped_frames_teams,samples/QCLIP20260417R2_00065/frames/real/,16,
183,QCLIP20260417R2_00067,quickclips_visomaster_teams,quickclips_visomaster_cropped_frames,samples/QCLIP20260417R2_00067/frames/real/,16,quickclips_visomaster_cropped_frames_teams,samples/QCLIP20260417R2_00067/frames/real/,16,
2156,QCLIP20260417R2_00068,quickclips_visomaster_teams,quickclips_visomaster_cropped_frames,samples/QCLIP20260417R2_00068/frames/real/,16,quickclips_visomaster_cropped_frames_teams,samples/QCLIP20260417R2_00068/frames/real/,16,
2322,QCLIP20260417R2_00069,quickclips_visomaster_teams,quickclips_visomaster_cropped_frames,samples/QCLIP20260417R2_00069/frames/real/,16,quickclips_visomaster_cropped_frames_teams,samples/QCLIP20260417R2_00069/frames/real/,16,
4892,QCLIP20260417R2_00071,quickclips_visomaster_teams,quickclips_visomaster_cropped_frames,samples/QCLIP20260417R2_00071/frames/real/,16,quickclips_visomaster_cropped_frames_teams,samples/QCLIP20260417R2_00071/frames/real/,16,
6025,QCLIP20260417R2_00072,quickclips_visomaster_teams,quickclips_visomaster_cropped_frames,samples/QCLIP20260417R2_00072/frames/real/,16,quickclips_visomaster_cropped_frames_teams,samples/QCLIP20260417R2_00072/frames/real/,16,
unknown_fvRDBpEliEU,QCLIP20260417R2_00073,quickclips_visomaster_teams,quickclips_visomaster_cropped_frames,samples/QCLIP20260417R2_00073/frames/real/,16,quickclips_visomaster_cropped_frames_teams,samples/QCLIP20260417R2_00073/frames/real/,16,
unknown_n82ncUKxIqA,QCLIP20260417R2_00074,quickclips_visomaster_teams,quickclips_visomaster_cropped_frames,samples/QCLIP20260417R2_00074/frames/real/,16,quickclips_visomaster_cropped_frames_teams,samples/QCLIP20260417R2_00074/frames/real/,16,
322,QCLIP20260417R2_00075,quickclips_visomaster_teams,quickclips_visomaster_cropped_frames,samples/QCLIP20260417R2_00075/frames/real/,16,quickclips_visomaster_cropped_frames_teams,samples/QCLIP20260417R2_00075/frames/real/,16,
3265,QCLIP20260417R2_00076,quickclips_visomaster_teams,quickclips_visomaster_cropped_frames,samples/QCLIP20260417R2_00076/frames/real/,16,quickclips_visomaster_cropped_frames_teams,samples/QCLIP20260417R2_00076/frames/real/,16,
4109,QCLIP20260417R2_00077,quickclips_visomaster_teams,quickclips_visomaster_cropped_frames,samples/QCLIP20260417R2_00077/frames/real/,16,quickclips_visomaster_cropped_frames_teams,samples/QCLIP20260417R2_00077/frames/real/,16,
4308,QCLIP20260417R2_00078,quickclips_visomaster_teams,quickclips_visomaster_cropped_frames,samples/QCLIP20260417R2_00078/frames/real/,16,quickclips_visomaster_cropped_frames_teams,samples/QCLIP20260417R2_00078/frames/real/,16,
5328,QCLIP20260417R2_00079,quickclips_visomaster_teams,quickclips_visomaster_cropped_frames,samples/QCLIP20260417R2_00079/frames/real/,16,quickclips_visomaster_cropped_frames_teams,samples/QCLIP20260417R2_00079/frames/real/,16,
5865,QCLIP20260417R2_00080,quickclips_visomaster_teams,quickclips_visomaster_cropped_frames,samples/QCLIP20260417R2_00080/frames/real/,16,quickclips_visomaster_cropped_frames_teams,samples/QCLIP20260417R2_00080/frames/real/,16,
7504,QCLIP20260417R2_00081,quickclips_visomaster_teams,quickclips_visomaster_cropped_frames,samples/QCLIP20260417R2_00081/frames/real/,16,quickclips_visomaster_cropped_frames_teams,samples/QCLIP20260417R2_00081/frames/real/,16,
7866,QCLIP20260417R2_00082,quickclips_visomaster_teams,quickclips_visomaster_cropped_frames,samples/QCLIP20260417R2_00082/frames/real/,16,quickclips_visomaster_cropped_frames_teams,samples/QCLIP20260417R2_00082/frames/real/,16,
7989,QCLIP20260417R2_00083,quickclips_visomaster_teams,quickclips_visomaster_cropped_frames,samples/QCLIP20260417R2_00083/frames/real/,16,quickclips_visomaster_cropped_frames_teams,samples/QCLIP20260417R2_00083/frames/real/,16,
1066,QCLIP20260417R2_00084,quickclips_visomaster_teams,quickclips_visomaster_cropped_frames,samples/QCLIP20260417R2_00084/frames/real/,16,quickclips_visomaster_cropped_frames_teams,samples/QCLIP20260417R2_00084/frames/real/,16,
1259,QCLIP20260417R2_00085,quickclips_visomaster_teams,quickclips_visomaster_cropped_frames,samples/QCLIP20260417R2_00085/frames/real/,16,quickclips_visomaster_cropped_frames_teams,samples/QCLIP20260417R2_00085/frames/real/,16,
4072,QCLIP20260417R2_00086,quickclips_visomaster_teams,quickclips_visomaster_cropped_frames,samples/QCLIP20260417R2_00086/frames/real/,16,quickclips_visomaster_cropped_frames_teams,samples/QCLIP20260417R2_00086/frames/real/,16,
4736,QCLIP20260417R2_00087,quickclips_visomaster_teams,quickclips_visomaster_cropped_frames,samples/QCLIP20260417R2_00087/frames/real/,16,quickclips_visomaster_cropped_frames_teams,samples/QCLIP20260417R2_00087/frames/real/,16,
6051,QCLIP20260417R2_00088,quickclips_visomaster_teams,quickclips_visomaster_cropped_frames,samples/QCLIP20260417R2_00088/frames/real/,16,quickclips_visomaster_cropped_frames_teams,samples/QCLIP20260417R2_00088/frames/real/,16,
6468,QCLIP20260417R2_00089,quickclips_visomaster_teams,quickclips_visomaster_cropped_frames,samples/QCLIP20260417R2_00089/frames/real/,16,quickclips_visomaster_cropped_frames_teams,samples/QCLIP20260417R2_00089/frames/real/,16,
7276,QCLIP20260417R2_00090,quickclips_visomaster_teams,quickclips_visomaster_cropped_frames,samples/QCLIP20260417R2_00090/frames/real/,16,quickclips_visomaster_cropped_frames_teams,samples/QCLIP20260417R2_00090/frames/real/,16,
9400,QCLIP20260417R2_00091,quickclips_visomaster_teams,quickclips_visomaster_cropped_frames,samples/QCLIP20260417R2_00091/frames/real/,16,quickclips_visomaster_cropped_frames_teams,samples/QCLIP20260417R2_00091/frames/real/,16,
9402,QCLIP20260417R2_00092,quickclips_visomaster_teams,quickclips_visomaster_cropped_frames,samples/QCLIP20260417R2_00092/frames/real/,16,quickclips_visomaster_cropped_frames_teams,samples/QCLIP20260417R2_00092/frames/real/,16,
1078,QCLIP20260417R2_00093,quickclips_visomaster_teams,quickclips_visomaster_cropped_frames,samples/QCLIP20260417R2_00093/frames/real/,16,quickclips_visomaster_cropped_frames_teams,samples/QCLIP20260417R2_00093/frames/real/,16,
1187,QCLIP20260417R2_00094,quickclips_visomaster_teams,quickclips_visomaster_cropped_frames,samples/QCLIP20260417R2_00094/frames/real/,16,quickclips_visomaster_cropped_frames_teams,samples/QCLIP20260417R2_00094/frames/real/,16,
2319,QCLIP20260417R2_00095,quickclips_visomaster_teams,quickclips_visomaster_cropped_frames,samples/QCLIP20260417R2_00095/frames/real/,16,quickclips_visomaster_cropped_frames_teams,samples/QCLIP20260417R2_00095/frames/real/,16,
2354,QCLIP20260417R2_00096,quickclips_visomaster_teams,quickclips_visomaster_cropped_frames,samples/QCLIP20260417R2_00096/frames/real/,16,quickclips_visomaster_cropped_frames_teams,samples/QCLIP20260417R2_00096/frames/real/,16,
2586,QCLIP20260417R2_00097,quickclips_visomaster_teams,quickclips_visomaster_cropped_frames,samples/QCLIP20260417R2_00097/frames/real/,16,quickclips_visomaster_cropped_frames_teams,samples/QCLIP20260417R2_00097/frames/real/,16,
3304,QCLIP20260417R2_00098,quickclips_visomaster_teams,quickclips_visomaster_cropped_frames,samples/QCLIP20260417R2_00098/frames/real/,16,quickclips_visomaster_cropped_frames_teams,samples/QCLIP20260417R2_00098/frames/real/,16,
3741,QCLIP20260417R2_00099,quickclips_visomaster_teams,quickclips_visomaster_cropped_frames,samples/QCLIP20260417R2_00099/frames/real/,16,quickclips_visomaster_cropped_frames_teams,samples/QCLIP20260417R2_00099/frames/real/,16,
3826,QCLIP20260417R2_00100,quickclips_visomaster_teams,quickclips_visomaster_cropped_frames,samples/QCLIP20260417R2_00100/frames/real/,16,quickclips_visomaster_cropped_frames_teams,samples/QCLIP20260417R2_00100/frames/real/,16,
7601,QCLIP20260417R2_00101,quickclips_visomaster_teams,quickclips_visomaster_cropped_frames,samples/QCLIP20260417R2_00101/frames/real/,16,quickclips_visomaster_cropped_frames_teams,samples/QCLIP20260417R2_00101/frames/real/,16,
8137,QCLIP20260417R2_00102,quickclips_visomaster_teams,quickclips_visomaster_cropped_frames,samples/QCLIP20260417R2_00102/frames/real/,16,quickclips_visomaster_cropped_frames_teams,samples/QCLIP20260417R2_00102/frames/real/,16,
1981,QCLIP20260417R2_00103,quickclips_visomaster_teams,quickclips_visomaster_cropped_frames,samples/QCLIP20260417R2_00103/frames/real/,16,quickclips_visomaster_cropped_frames_teams,samples/QCLIP20260417R2_00103/frames/real/,16,
2582,QCLIP20260417R2_00104,quickclips_visomaster_teams,quickclips_visomaster_cropped_frames,samples/QCLIP20260417R2_00104/frames/real/,16,quickclips_visomaster_cropped_frames_teams,samples/QCLIP20260417R2_00104/frames/real/,16,
41,QCLIP20260417R2_00105,quickclips_visomaster_teams,quickclips_visomaster_cropped_frames,samples/QCLIP20260417R2_00105/frames/real/,16,quickclips_visomaster_cropped_frames_teams,samples/QCLIP20260417R2_00105/frames/real/,16,
4209,QCLIP20260417R2_00106,quickclips_visomaster_teams,quickclips_visomaster_cropped_frames,samples/QCLIP20260417R2_00106/frames/real/,16,quickclips_visomaster_cropped_frames_teams,samples/QCLIP20260417R2_00106/frames/real/,16,
6406,QCLIP20260417R2_00107,quickclips_visomaster_teams,quickclips_visomaster_cropped_frames,samples/QCLIP20260417R2_00107/frames/real/,16,quickclips_visomaster_cropped_frames_teams,samples/QCLIP20260417R2_00107/frames/real/,16,
647,QCLIP20260417R2_00108,quickclips_visomaster_teams,quickclips_visomaster_cropped_frames,samples/QCLIP20260417R2_00108/frames/real/,16,quickclips_visomaster_cropped_frames_teams,samples/QCLIP20260417R2_00108/frames/real/,16,
7035,QCLIP20260417R2_00109,quickclips_visomaster_teams,quickclips_visomaster_cropped_frames,samples/QCLIP20260417R2_00109/frames/real/,16,quickclips_visomaster_cropped_frames_teams,samples/QCLIP20260417R2_00109/frames/real/,16,
8982,QCLIP20260417R2_00110,quickclips_visomaster_teams,quickclips_visomaster_cropped_frames,samples/QCLIP20260417R2_00110/frames/real/,16,quickclips_visomaster_cropped_frames_teams,samples/QCLIP20260417R2_00110/frames/real/,16,
9325,QCLIP20260417R2_00111,quickclips_visomaster_teams,quickclips_visomaster_cropped_frames,samples/QCLIP20260417R2_00111/frames/real/,16,quickclips_visomaster_cropped_frames_teams,samples/QCLIP20260417R2_00111/frames/real/,16,
unknown_gSq1CUXNUN4,QCLIP20260417R2_00112,quickclips_visomaster_teams,quickclips_visomaster_cropped_frames,samples/QCLIP20260417R2_00112/frames/real/,16,quickclips_visomaster_cropped_frames_teams,samples/QCLIP20260417R2_00112/frames/real/,16,
1262,QCLIP20260417R2_00113,quickclips_visomaster_teams,quickclips_visomaster_cropped_frames,samples/QCLIP20260417R2_00113/frames/real/,16,quickclips_visomaster_cropped_frames_teams,samples/QCLIP20260417R2_00113/frames/real/,16,
1728,QCLIP20260417R2_00114,quickclips_visomaster_teams,quickclips_visomaster_cropped_frames,samples/QCLIP20260417R2_00114/frames/real/,16,quickclips_visomaster_cropped_frames_teams,samples/QCLIP20260417R2_00114/frames/real/,16,
2197,QCLIP20260417R2_00115,quickclips_visomaster_teams,quickclips_visomaster_cropped_frames,samples/QCLIP20260417R2_00115/frames/real/,16,quickclips_visomaster_cropped_frames_teams,samples/QCLIP20260417R2_00115/frames/real/,16,
5225,QCLIP20260417R2_00116,quickclips_visomaster_teams,quickclips_visomaster_cropped_frames,samples/QCLIP20260417R2_00116/frames/real/,16,quickclips_visomaster_cropped_frames_teams,samples/QCLIP20260417R2_00116/frames/real/,16,
5562,QCLIP20260417R2_00117,quickclips_visomaster_teams,quickclips_visomaster_cropped_frames,samples/QCLIP20260417R2_00117/frames/real/,16,quickclips_visomaster_cropped_frames_teams,samples/QCLIP20260417R2_00117/frames/real/,16,
5664,QCLIP20260417R2_00118,quickclips_visomaster_teams,quickclips_visomaster_cropped_frames,samples/QCLIP20260417R2_00118/frames/real/,16,quickclips_visomaster_cropped_frames_teams,samples/QCLIP20260417R2_00118/frames/real/,16,
7926,QCLIP20260417R2_00119,quickclips_visomaster_teams,quickclips_visomaster_cropped_frames,samples/QCLIP20260417R2_00119/frames/real/,16,quickclips_visomaster_cropped_frames_teams,samples/QCLIP20260417R2_00119/frames/real/,16,
7948,QCLIP20260417R2_00120,quickclips_visomaster_teams,quickclips_visomaster_cropped_frames,samples/QCLIP20260417R2_00120/frames/real/,16,quickclips_visomaster_cropped_frames_teams,samples/QCLIP20260417R2_00120/frames/real/,16,
8200,QCLIP20260417R2_00121,quickclips_visomaster_teams,quickclips_visomaster_cropped_frames,samples/QCLIP20260417R2_00121/frames/real/,16,quickclips_visomaster_cropped_frames_teams,samples/QCLIP20260417R2_00121/frames/real/,16,
8816,QCLIP20260417R2_00122,quickclips_visomaster_teams,quickclips_visomaster_cropped_frames,samples/QCLIP20260417R2_00122/frames/real/,16,quickclips_visomaster_cropped_frames_teams,samples/QCLIP20260417R2_00122/frames/real/,16,
129,QCLIP20260417R2_00123,quickclips_visomaster_teams,quickclips_visomaster_cropped_frames,samples/QCLIP20260417R2_00123/frames/real/,16,quickclips_visomaster_cropped_frames_teams,samples/QCLIP20260417R2_00123/frames/real/,16,
3718,QCLIP20260417R2_00124,quickclips_visomaster_teams,quickclips_visomaster_cropped_frames,samples/QCLIP20260417R2_00124/frames/real/,16,quickclips_visomaster_cropped_frames_teams,samples/QCLIP20260417R2_00124/frames/real/,16,
4610,QCLIP20260417R2_00125,quickclips_visomaster_teams,quickclips_visomaster_cropped_frames,samples/QCLIP20260417R2_00125/frames/real/,16,quickclips_visomaster_cropped_frames_teams,samples/QCLIP20260417R2_00125/frames/real/,16,
4639,QCLIP20260417R2_00126,quickclips_visomaster_teams,quickclips_visomaster_cropped_frames,samples/QCLIP20260417R2_00126/frames/real/,16,quickclips_visomaster_cropped_frames_teams,samples/QCLIP20260417R2_00126/frames/real/,16,
488,QCLIP20260417R2_00127,quickclips_visomaster_teams,quickclips_visomaster_cropped_frames,samples/QCLIP20260417R2_00127/frames/real/,16,quickclips_visomaster_cropped_frames_teams,samples/QCLIP20260417R2_00127/frames/real/,16,
5258,QCLIP20260417R2_00128,quickclips_visomaster_teams,quickclips_visomaster_cropped_frames,samples/QCLIP20260417R2_00128/frames/real/,16,quickclips_visomaster_cropped_frames_teams,samples/QCLIP20260417R2_00128/frames/real/,16,
5434,QCLIP20260417R2_00129,quickclips_visomaster_teams,quickclips_visomaster_cropped_frames,samples/QCLIP20260417R2_00129/frames/real/,16,quickclips_visomaster_cropped_frames_teams,samples/QCLIP20260417R2_00129/frames/real/,16,
7216,QCLIP20260417R2_00130,quickclips_visomaster_teams,quickclips_visomaster_cropped_frames,samples/QCLIP20260417R2_00130/frames/real/,16,quickclips_visomaster_cropped_frames_teams,samples/QCLIP20260417R2_00130/frames/real/,16,
8701,QCLIP20260417R2_00131,quickclips_visomaster_teams,quickclips_visomaster_cropped_frames,samples/QCLIP20260417R2_00131/frames/real/,16,quickclips_visomaster_cropped_frames_teams,samples/QCLIP20260417R2_00131/frames/real/,16,
1805,QCLIP20260417R2_00132,quickclips_visomaster_teams,quickclips_visomaster_cropped_frames,samples/QCLIP20260417R2_00132/frames/real/,16,quickclips_visomaster_cropped_frames_teams,samples/QCLIP20260417R2_00132/frames/real/,16,
182,QCLIP20260417R2_00133,quickclips_visomaster_teams,quickclips_visomaster_cropped_frames,samples/QCLIP20260417R2_00133/frames/real/,16,quickclips_visomaster_cropped_frames_teams,samples/QCLIP20260417R2_00133/frames/real/,16,
1857,QCLIP20260417R2_00134,quickclips_visomaster_teams,quickclips_visomaster_cropped_frames,samples/QCLIP20260417R2_00134/frames/real/,16,quickclips_visomaster_cropped_frames_teams,samples/QCLIP20260417R2_00134/frames/real/,16,
2738,QCLIP20260417R2_00135,quickclips_visomaster_teams,quickclips_visomaster_cropped_frames,samples/QCLIP20260417R2_00135/frames/real/,16,quickclips_visomaster_cropped_frames_teams,samples/QCLIP20260417R2_00135/frames/real/,16,
4355,QCLIP20260417R2_00136,quickclips_visomaster_teams,quickclips_visomaster_cropped_frames,samples/QCLIP20260417R2_00136/frames/real/,16,quickclips_visomaster_cropped_frames_teams,samples/QCLIP20260417R2_00136/frames/real/,16,
4393,QCLIP20260417R2_00137,quickclips_visomaster_teams,quickclips_visomaster_cropped_frames,samples/QCLIP20260417R2_00137/frames/real/,16,quickclips_visomaster_cropped_frames_teams,samples/QCLIP20260417R2_00137/frames/real/,16,
5278,QCLIP20260417R2_00138,quickclips_visomaster_teams,quickclips_visomaster_cropped_frames,samples/QCLIP20260417R2_00138/frames/real/,16,quickclips_visomaster_cropped_frames_teams,samples/QCLIP20260417R2_00138/frames/real/,16,
7629,QCLIP20260417R2_00139,quickclips_visomaster_teams,quickclips_visomaster_cropped_frames,samples/QCLIP20260417R2_00139/frames/real/,16,quickclips_visomaster_cropped_frames_teams,samples/QCLIP20260417R2_00139/frames/real/,16,
7807,QCLIP20260417R2_00140,quickclips_visomaster_teams,quickclips_visomaster_cropped_frames,samples/QCLIP20260417R2_00140/frames/real/,16,quickclips_visomaster_cropped_frames_teams,samples/QCLIP20260417R2_00140/frames/real/,16,
7855,QCLIP20260417R2_00141,quickclips_visomaster_teams,quickclips_visomaster_cropped_frames,samples/QCLIP20260417R2_00141/frames/real/,16,quickclips_visomaster_cropped_frames_teams,samples/QCLIP20260417R2_00141/frames/real/,16,
1417,QCLIP20260417R2_00142,quickclips_visomaster_teams,quickclips_visomaster_cropped_frames,samples/QCLIP20260417R2_00142/frames/real/,16,quickclips_visomaster_cropped_frames_teams,samples/QCLIP20260417R2_00142/frames/real/,16,
1711,QCLIP20260417R2_00143,quickclips_visomaster_teams,quickclips_visomaster_cropped_frames,samples/QCLIP20260417R2_00143/frames/real/,16,quickclips_visomaster_cropped_frames_teams,samples/QCLIP20260417R2_00143/frames/real/,16,
350,QCLIP20260417R2_00144,quickclips_visomaster_teams,quickclips_visomaster_cropped_frames,samples/QCLIP20260417R2_00144/frames/real/,16,quickclips_visomaster_cropped_frames_teams,samples/QCLIP20260417R2_00144/frames/real/,16,
5164,QCLIP20260417R2_00145,quickclips_visomaster_teams,quickclips_visomaster_cropped_frames,samples/QCLIP20260417R2_00145/frames/real/,16,quickclips_visomaster_cropped_frames_teams,samples/QCLIP20260417R2_00145/frames/real/,16,
598,QCLIP20260417R2_00146,quickclips_visomaster_teams,quickclips_visomaster_cropped_frames,samples/QCLIP20260417R2_00146/frames/real/,16,quickclips_visomaster_cropped_frames_teams,samples/QCLIP20260417R2_00146/frames/real/,16,
6840,QCLIP20260417R2_00147,quickclips_visomaster_teams,quickclips_visomaster_cropped_frames,samples/QCLIP20260417R2_00147/frames/real/,16,quickclips_visomaster_cropped_frames_teams,samples/QCLIP20260417R2_00147/frames/real/,16,
7412,QCLIP20260417R2_00148,quickclips_visomaster_teams,quickclips_visomaster_cropped_frames,samples/QCLIP20260417R2_00148/frames/real/,16,quickclips_visomaster_cropped_frames_teams,samples/QCLIP20260417R2_00148/frames/real/,16,
7816,QCLIP20260417R2_00149,quickclips_visomaster_teams,quickclips_visomaster_cropped_frames,samples/QCLIP20260417R2_00149/frames/real/,16,quickclips_visomaster_cropped_frames_teams,samples/QCLIP20260417R2_00149/frames/real/,16,
7913,QCLIP20260417R2_00150,quickclips_visomaster_teams,quickclips_visomaster_cropped_frames,samples/QCLIP20260417R2_00150/frames/real/,16,quickclips_visomaster_cropped_frames_teams,samples/QCLIP20260417R2_00150/frames/real/,16,
unknown_EimALxvXMQ0,QCLIP20260417R2_00151,quickclips_visomaster_teams,quickclips_visomaster_cropped_frames,samples/QCLIP20260417R2_00151/frames/real/,16,quickclips_visomaster_cropped_frames_teams,samples/QCLIP20260417R2_00151/frames/real/,16,
1758,QCLIP20260417R2_00152,quickclips_visomaster_teams,quickclips_visomaster_cropped_frames,samples/QCLIP20260417R2_00152/frames/real/,16,quickclips_visomaster_cropped_frames_teams,samples/QCLIP20260417R2_00152/frames/real/,16,
195,QCLIP20260417R2_00153,quickclips_visomaster_teams,quickclips_visomaster_cropped_frames,samples/QCLIP20260417R2_00153/frames/real/,16,quickclips_visomaster_cropped_frames_teams,samples/QCLIP20260417R2_00153/frames/real/,16,
2449,QCLIP20260417R2_00154,quickclips_visomaster_teams,quickclips_visomaster_cropped_frames,samples/QCLIP20260417R2_00154/frames/real/,16,quickclips_visomaster_cropped_frames_teams,samples/QCLIP20260417R2_00154/frames/real/,16,
5707,QCLIP20260417R2_00155,quickclips_visomaster_teams,quickclips_visomaster_cropped_frames,samples/QCLIP20260417R2_00155/frames/real/,16,quickclips_visomaster_cropped_frames_teams,samples/QCLIP20260417R2_00155/frames/real/,16,
5778,QCLIP20260417R2_00156,quickclips_visomaster_teams,quickclips_visomaster_cropped_frames,samples/QCLIP20260417R2_00156/frames/real/,16,quickclips_visomaster_cropped_frames_teams,samples/QCLIP20260417R2_00156/frames/real/,16,
6038,QCLIP20260417R2_00157,quickclips_visomaster_teams,quickclips_visomaster_cropped_frames,samples/QCLIP20260417R2_00157/frames/real/,16,quickclips_visomaster_cropped_frames_teams,samples/QCLIP20260417R2_00157/frames/real/,16,
6598,QCLIP20260417R2_00158,quickclips_visomaster_teams,quickclips_visomaster_cropped_frames,samples/QCLIP20260417R2_00158/frames/real/,16,quickclips_visomaster_cropped_frames_teams,samples/QCLIP20260417R2_00158/frames/real/,16,
81,QCLIP20260417R2_00159,quickclips_visomaster_teams,quickclips_visomaster_cropped_frames,samples/QCLIP20260417R2_00159/frames/real/,16,quickclips_visomaster_cropped_frames_teams,samples/QCLIP20260417R2_00159/frames/real/,16,
9384,QCLIP20260417R2_00160,quickclips_visomaster_teams,quickclips_visomaster_cropped_frames,samples/QCLIP20260417R2_00160/frames/real/,16,quickclips_visomaster_cropped_frames_teams,samples/QCLIP20260417R2_00160/frames/real/,16,
9398,QCLIP20260417R2_00161,quickclips_visomaster_teams,quickclips_visomaster_cropped_frames,samples/QCLIP20260417R2_00161/frames/real/,16,quickclips_visomaster_cropped_frames_teams,samples/QCLIP20260417R2_00161/frames/real/,16,
1057,QCLIP20260417R2_00162,quickclips_visomaster_teams,quickclips_visomaster_cropped_frames,samples/QCLIP20260417R2_00162/frames/real/,16,quickclips_visomaster_cropped_frames_teams,samples/QCLIP20260417R2_00162/frames/real/,16,
1366,QCLIP20260417R2_00163,quickclips_visomaster_teams,quickclips_visomaster_cropped_frames,samples/QCLIP20260417R2_00163/frames/real/,16,quickclips_visomaster_cropped_frames_teams,samples/QCLIP20260417R2_00163/frames/real/,16,
3052,QCLIP20260417R2_00164,quickclips_visomaster_teams,quickclips_visomaster_cropped_frames,samples/QCLIP20260417R2_00164/frames/real/,16,quickclips_visomaster_cropped_frames_teams,samples/QCLIP20260417R2_00164/frames/real/,16,
3719,QCLIP20260417R2_00165,quickclips_visomaster_teams,quickclips_visomaster_cropped_frames,samples/QCLIP20260417R2_00165/frames/real/,16,quickclips_visomaster_cropped_frames_teams,samples/QCLIP20260417R2_00165/frames/real/,16,
5247,QCLIP20260417R2_00166,quickclips_visomaster_teams,quickclips_visomaster_cropped_frames,samples/QCLIP20260417R2_00166/frames/real/,16,quickclips_visomaster_cropped_frames_teams,samples/QCLIP20260417R2_00166/frames/real/,16,
7316,QCLIP20260417R2_00167,quickclips_visomaster_teams,quickclips_visomaster_cropped_frames,samples/QCLIP20260417R2_00167/frames/real/,16,quickclips_visomaster_cropped_frames_teams,samples/QCLIP20260417R2_00167/frames/real/,16,
7910,QCLIP20260417R2_00169,quickclips_visomaster_teams,quickclips_visomaster_cropped_frames,samples/QCLIP20260417R2_00169/frames/real/,16,quickclips_visomaster_cropped_frames_teams,samples/QCLIP20260417R2_00169/frames/real/,16,
8230,QCLIP20260417R2_00170,quickclips_visomaster_teams,quickclips_visomaster_cropped_frames,samples/QCLIP20260417R2_00170/frames/real/,16,quickclips_visomaster_cropped_frames_teams,samples/QCLIP20260417R2_00170/frames/real/,16,
1662,QCLIP20260417R2_00171,quickclips_visomaster_teams,quickclips_visomaster_cropped_frames,samples/QCLIP20260417R2_00171/frames/real/,16,quickclips_visomaster_cropped_frames_teams,samples/QCLIP20260417R2_00171/frames/real/,16,
2050,QCLIP20260417R2_00172,quickclips_visomaster_teams,quickclips_visomaster_cropped_frames,samples/QCLIP20260417R2_00172/frames/real/,16,quickclips_visomaster_cropped_frames_teams,samples/QCLIP20260417R2_00172/frames/real/,16,
2606,QCLIP20260417R2_00173,quickclips_visomaster_teams,quickclips_visomaster_cropped_frames,samples/QCLIP20260417R2_00173/frames/real/,16,quickclips_visomaster_cropped_frames_teams,samples/QCLIP20260417R2_00173/frames/real/,16,
5614,QCLIP20260417R2_00174,quickclips_visomaster_teams,quickclips_visomaster_cropped_frames,samples/QCLIP20260417R2_00174/frames/real/,16,quickclips_visomaster_cropped_frames_teams,samples/QCLIP20260417R2_00174/frames/real/,16,
5737,QCLIP20260417R2_00175,quickclips_visomaster_teams,quickclips_visomaster_cropped_frames,samples/QCLIP20260417R2_00175/frames/real/,16,quickclips_visomaster_cropped_frames_teams,samples/QCLIP20260417R2_00175/frames/real/,16,
6461,QCLIP20260417R2_00176,quickclips_visomaster_teams,quickclips_visomaster_cropped_frames,samples/QCLIP20260417R2_00176/frames/real/,16,quickclips_visomaster_cropped_frames_teams,samples/QCLIP20260417R2_00176/frames/real/,16,
6476,QCLIP20260417R2_00177,quickclips_visomaster_teams,quickclips_visomaster_cropped_frames,samples/QCLIP20260417R2_00177/frames/real/,16,quickclips_visomaster_cropped_frames_teams,samples/QCLIP20260417R2_00177/frames/real/,16,
6844,QCLIP20260417R2_00178,quickclips_visomaster_teams,quickclips_visomaster_cropped_frames,samples/QCLIP20260417R2_00178/frames/real/,16,quickclips_visomaster_cropped_frames_teams,samples/QCLIP20260417R2_00178/frames/real/,16,
8176,QCLIP20260417R2_00179,quickclips_visomaster_teams,quickclips_visomaster_cropped_frames,samples/QCLIP20260417R2_00179/frames/real/,16,quickclips_visomaster_cropped_frames_teams,samples/QCLIP20260417R2_00179/frames/real/,16,
1513,QCLIP20260417R2_00180,quickclips_visomaster_teams,quickclips_visomaster_cropped_frames,samples/QCLIP20260417R2_00180/frames/real/,16,quickclips_visomaster_cropped_frames_teams,samples/QCLIP20260417R2_00180/frames/real/,16,
1607,QCLIP20260417R2_00181,quickclips_visomaster_teams,quickclips_visomaster_cropped_frames,samples/QCLIP20260417R2_00181/frames/real/,16,quickclips_visomaster_cropped_frames_teams,samples/QCLIP20260417R2_00181/frames/real/,16,
2198,QCLIP20260417R2_00182,quickclips_visomaster_teams,quickclips_visomaster_cropped_frames,samples/QCLIP20260417R2_00182/frames/real/,16,quickclips_visomaster_cropped_frames_teams,samples/QCLIP20260417R2_00182/frames/real/,16,
3951,QCLIP20260417R2_00183,quickclips_visomaster_teams,quickclips_visomaster_cropped_frames,samples/QCLIP20260417R2_00183/frames/real/,16,quickclips_visomaster_cropped_frames_teams,samples/QCLIP20260417R2_00183/frames/real/,16,
4068,QCLIP20260417R2_00184,quickclips_visomaster_teams,quickclips_visomaster_cropped_frames,samples/QCLIP20260417R2_00184/frames/real/,16,quickclips_visomaster_cropped_frames_teams,samples/QCLIP20260417R2_00184/frames/real/,16,
4090,QCLIP20260417R2_00185,quickclips_visomaster_teams,quickclips_visomaster_cropped_frames,samples/QCLIP20260417R2_00185/frames/real/,16,quickclips_visomaster_cropped_frames_teams,samples/QCLIP20260417R2_00185/frames/real/,16,
4754,QCLIP20260417R2_00186,quickclips_visomaster_teams,quickclips_visomaster_cropped_frames,samples/QCLIP20260417R2_00186/frames/real/,16,quickclips_visomaster_cropped_frames_teams,samples/QCLIP20260417R2_00186/frames/real/,16,
6842,QCLIP20260417R2_00187,quickclips_visomaster_teams,quickclips_visomaster_cropped_frames,samples/QCLIP20260417R2_00187/frames/real/,16,quickclips_visomaster_cropped_frames_teams,samples/QCLIP20260417R2_00187/frames/real/,16,
6868,QCLIP20260417R2_00188,quickclips_visomaster_teams,quickclips_visomaster_cropped_frames,samples/QCLIP20260417R2_00188/frames/real/,16,quickclips_visomaster_cropped_frames_teams,samples/QCLIP20260417R2_00188/frames/real/,16,
1426,QCLIP20260417R2_00189,quickclips_visomaster_teams,quickclips_visomaster_cropped_frames,samples/QCLIP20260417R2_00189/frames/real/,16,quickclips_visomaster_cropped_frames_teams,samples/QCLIP20260417R2_00189/frames/real/,16,
1733,QCLIP20260417R2_00191,quickclips_visomaster_teams,quickclips_visomaster_cropped_frames,samples/QCLIP20260417R2_00191/frames/real/,16,quickclips_visomaster_cropped_frames_teams,samples/QCLIP20260417R2_00191/frames/real/,16,
2133,QCLIP20260417R2_00192,quickclips_visomaster_teams,quickclips_visomaster_cropped_frames,samples/QCLIP20260417R2_00192/frames/real/,16,quickclips_visomaster_cropped_frames_teams,samples/QCLIP20260417R2_00192/frames/real/,16,
2884,QCLIP20260417R2_00193,quickclips_visomaster_teams,quickclips_visomaster_cropped_frames,samples/QCLIP20260417R2_00193/frames/real/,16,quickclips_visomaster_cropped_frames_teams,samples/QCLIP20260417R2_00193/frames/real/,16,
415,QCLIP20260417R2_00194,quickclips_visomaster_teams,quickclips_visomaster_cropped_frames,samples/QCLIP20260417R2_00194/frames/real/,16,quickclips_visomaster_cropped_frames_teams,samples/QCLIP20260417R2_00194/frames/real/,16,
4934,QCLIP20260417R2_00195,quickclips_visomaster_teams,quickclips_visomaster_cropped_frames,samples/QCLIP20260417R2_00195/frames/real/,16,quickclips_visomaster_cropped_frames_teams,samples/QCLIP20260417R2_00195/frames/real/,16,
6259,QCLIP20260417R2_00196,quickclips_visomaster_teams,quickclips_visomaster_cropped_frames,samples/QCLIP20260417R2_00196/frames/real/,16,quickclips_visomaster_cropped_frames_teams,samples/QCLIP20260417R2_00196/frames/real/,16,
786,QCLIP20260417R2_00197,quickclips_visomaster_teams,quickclips_visomaster_cropped_frames,samples/QCLIP20260417R2_00197/frames/real/,16,quickclips_visomaster_cropped_frames_teams,samples/QCLIP20260417R2_00197/frames/real/,16,
1426,QCLIP20260417R2_00198,quickclips_visomaster_teams,quickclips_visomaster_cropped_frames,samples/QCLIP20260417R2_00198/frames/real/,16,quickclips_visomaster_cropped_frames_teams,samples/QCLIP20260417R2_00198/frames/real/,16,
156,QCLIP20260417R2_00199,quickclips_visomaster_teams,quickclips_visomaster_cropped_frames,samples/QCLIP20260417R2_00199/frames/real/,16,quickclips_visomaster_cropped_frames_teams,samples/QCLIP20260417R2_00199/frames/real/,16,
1733,QCLIP20260417R2_00200,quickclips_visomaster_teams,quickclips_visomaster_cropped_frames,samples/QCLIP20260417R2_00200/frames/real/,16,quickclips_visomaster_cropped_frames_teams,samples/QCLIP20260417R2_00200/frames/real/,16,
2133,QCLIP20260417R2_00201,quickclips_visomaster_teams,quickclips_visomaster_cropped_frames,samples/QCLIP20260417R2_00201/frames/real/,16,quickclips_visomaster_cropped_frames_teams,samples/QCLIP20260417R2_00201/frames/real/,16,
2884,QCLIP20260417R2_00202,quickclips_visomaster_teams,quickclips_visomaster_cropped_frames,samples/QCLIP20260417R2_00202/frames/real/,16,quickclips_visomaster_cropped_frames_teams,samples/QCLIP20260417R2_00202/frames/real/,16,
415,QCLIP20260417R2_00203,quickclips_visomaster_teams,quickclips_visomaster_cropped_frames,samples/QCLIP20260417R2_00203/frames/real/,16,quickclips_visomaster_cropped_frames_teams,samples/QCLIP20260417R2_00203/frames/real/,16,
4934,QCLIP20260417R2_00204,quickclips_visomaster_teams,quickclips_visomaster_cropped_frames,samples/QCLIP20260417R2_00204/frames/real/,16,quickclips_visomaster_cropped_frames_teams,samples/QCLIP20260417R2_00204/frames/real/,16,
6259,QCLIP20260417R2_00205,quickclips_visomaster_teams,quickclips_visomaster_cropped_frames,samples/QCLIP20260417R2_00205/frames/real/,16,quickclips_visomaster_cropped_frames_teams,samples/QCLIP20260417R2_00205/frames/real/,16,
786,QCLIP20260417R2_00206,quickclips_visomaster_teams,quickclips_visomaster_cropped_frames,samples/QCLIP20260417R2_00206/frames/real/,16,quickclips_visomaster_cropped_frames_teams,samples/QCLIP20260417R2_00206/frames/real/,16,
1805,QCLIP20260417R2_00207,quickclips_visomaster_teams,quickclips_visomaster_cropped_frames,samples/QCLIP20260417R2_00207/frames/real/,16,quickclips_visomaster_cropped_frames_teams,samples/QCLIP20260417R2_00207/frames/real/,16,
182,QCLIP20260417R2_00208,quickclips_visomaster_teams,quickclips_visomaster_cropped_frames,samples/QCLIP20260417R2_00208/frames/real/,16,quickclips_visomaster_cropped_frames_teams,samples/QCLIP20260417R2_00208/frames/real/,16,
1857,QCLIP20260417R2_00209,quickclips_visomaster_teams,quickclips_visomaster_cropped_frames,samples/QCLIP20260417R2_00209/frames/real/,16,quickclips_visomaster_cropped_frames_teams,samples/QCLIP20260417R2_00209/frames/real/,16,
2738,QCLIP20260417R2_00210,quickclips_visomaster_teams,quickclips_visomaster_cropped_frames,samples/QCLIP20260417R2_00210/frames/real/,16,quickclips_visomaster_cropped_frames_teams,samples/QCLIP20260417R2_00210/frames/real/,16,
4393,QCLIP20260417R2_00211,quickclips_visomaster_teams,quickclips_visomaster_cropped_frames,samples/QCLIP20260417R2_00211/frames/real/,16,quickclips_visomaster_cropped_frames_teams,samples/QCLIP20260417R2_00211/frames/real/,16,
5278,QCLIP20260417R2_00212,quickclips_visomaster_teams,quickclips_visomaster_cropped_frames,samples/QCLIP20260417R2_00212/frames/real/,16,quickclips_visomaster_cropped_frames_teams,samples/QCLIP20260417R2_00212/frames/real/,16,
7629,QCLIP20260417R2_00213,quickclips_visomaster_teams,quickclips_visomaster_cropped_frames,samples/QCLIP20260417R2_00213/frames/real/,16,quickclips_visomaster_cropped_frames_teams,samples/QCLIP20260417R2_00213/frames/real/,16,
7807,QCLIP20260417R2_00214,quickclips_visomaster_teams,quickclips_visomaster_cropped_frames,samples/QCLIP20260417R2_00214/frames/real/,16,quickclips_visomaster_cropped_frames_teams,samples/QCLIP20260417R2_00214/frames/real/,16,
7855,QCLIP20260417R2_00215,quickclips_visomaster_teams,quickclips_visomaster_cropped_frames,samples/QCLIP20260417R2_00215/frames/real/,16,quickclips_visomaster_cropped_frames_teams,samples/QCLIP20260417R2_00215/frames/real/,16,
1711,QCLIP20260417R2_00216,quickclips_visomaster_teams,quickclips_visomaster_cropped_frames,samples/QCLIP20260417R2_00216/frames/real/,16,quickclips_visomaster_cropped_frames_teams,samples/QCLIP20260417R2_00216/frames/real/,16,
350,QCLIP20260417R2_00217,quickclips_visomaster_teams,quickclips_visomaster_cropped_frames,samples/QCLIP20260417R2_00217/frames/real/,16,quickclips_visomaster_cropped_frames_teams,samples/QCLIP20260417R2_00217/frames/real/,16,
5164,QCLIP20260417R2_00218,quickclips_visomaster_teams,quickclips_visomaster_cropped_frames,samples/QCLIP20260417R2_00218/frames/real/,16,quickclips_visomaster_cropped_frames_teams,samples/QCLIP20260417R2_00218/frames/real/,16,
598,QCLIP20260417R2_00219,quickclips_visomaster_teams,quickclips_visomaster_cropped_frames,samples/QCLIP20260417R2_00219/frames/real/,16,quickclips_visomaster_cropped_frames_teams,samples/QCLIP20260417R2_00219/frames/real/,16,
6840,QCLIP20260417R2_00220,quickclips_visomaster_teams,quickclips_visomaster_cropped_frames,samples/QCLIP20260417R2_00220/frames/real/,16,quickclips_visomaster_cropped_frames_teams,samples/QCLIP20260417R2_00220/frames/real/,16,
7412,QCLIP20260417R2_00221,quickclips_visomaster_teams,quickclips_visomaster_cropped_frames,samples/QCLIP20260417R2_00221/frames/real/,16,quickclips_visomaster_cropped_frames_teams,samples/QCLIP20260417R2_00221/frames/real/,16,
7816,QCLIP20260417R2_00222,quickclips_visomaster_teams,quickclips_visomaster_cropped_frames,samples/QCLIP20260417R2_00222/frames/real/,16,quickclips_visomaster_cropped_frames_teams,samples/QCLIP20260417R2_00222/frames/real/,16,
7913,QCLIP20260417R2_00223,quickclips_visomaster_teams,quickclips_visomaster_cropped_frames,samples/QCLIP20260417R2_00223/frames/real/,16,quickclips_visomaster_cropped_frames_teams,samples/QCLIP20260417R2_00223/frames/real/,16,
unknown_EimALxvXMQ0,QCLIP20260417R2_00224,quickclips_visomaster_teams,quickclips_visomaster_cropped_frames,samples/QCLIP20260417R2_00224/frames/real/,16,quickclips_visomaster_cropped_frames_teams,samples/QCLIP20260417R2_00224/frames/real/,16,
195,QCLIP20260417R2_00225,quickclips_visomaster_teams,quickclips_visomaster_cropped_frames,samples/QCLIP20260417R2_00225/frames/real/,16,quickclips_visomaster_cropped_frames_teams,samples/QCLIP20260417R2_00225/frames/real/,16,
2449,QCLIP20260417R2_00226,quickclips_visomaster_teams,quickclips_visomaster_cropped_frames,samples/QCLIP20260417R2_00226/frames/real/,16,quickclips_visomaster_cropped_frames_teams,samples/QCLIP20260417R2_00226/frames/real/,16,
4355,QCLIP20260417R2_00227,quickclips_visomaster_teams,quickclips_visomaster_cropped_frames,samples/QCLIP20260417R2_00227/frames/real/,16,quickclips_visomaster_cropped_frames_teams,samples/QCLIP20260417R2_00227/frames/real/,16,
5707,QCLIP20260417R2_00228,quickclips_visomaster_teams,quickclips_visomaster_cropped_frames,samples/QCLIP20260417R2_00228/frames/real/,16,quickclips_visomaster_cropped_frames_teams,samples/QCLIP20260417R2_00228/frames/real/,16,
5778,QCLIP20260417R2_00229,quickclips_visomaster_teams,quickclips_visomaster_cropped_frames,samples/QCLIP20260417R2_00229/frames/real/,16,quickclips_visomaster_cropped_frames_teams,samples/QCLIP20260417R2_00229/frames/real/,16,
6038,QCLIP20260417R2_00230,quickclips_visomaster_teams,quickclips_visomaster_cropped_frames,samples/QCLIP20260417R2_00230/frames/real/,16,quickclips_visomaster_cropped_frames_teams,samples/QCLIP20260417R2_00230/frames/real/,16,
6598,QCLIP20260417R2_00231,quickclips_visomaster_teams,quickclips_visomaster_cropped_frames,samples/QCLIP20260417R2_00231/frames/real/,16,quickclips_visomaster_cropped_frames_teams,samples/QCLIP20260417R2_00231/frames/real/,16,
81,QCLIP20260417R2_00232,quickclips_visomaster_teams,quickclips_visomaster_cropped_frames,samples/QCLIP20260417R2_00232/frames/real/,16,quickclips_visomaster_cropped_frames_teams,samples/QCLIP20260417R2_00232/frames/real/,16,
9384,QCLIP20260417R2_00233,quickclips_visomaster_teams,quickclips_visomaster_cropped_frames,samples/QCLIP20260417R2_00233/frames/real/,16,quickclips_visomaster_cropped_frames_teams,samples/QCLIP20260417R2_00233/frames/real/,16,
9398,QCLIP20260417R2_00234,quickclips_visomaster_teams,quickclips_visomaster_cropped_frames,samples/QCLIP20260417R2_00234/frames/real/,16,quickclips_visomaster_cropped_frames_teams,samples/QCLIP20260417R2_00234/frames/real/,16,
1057,QCLIP20260417R2_00235,quickclips_visomaster_teams,quickclips_visomaster_cropped_frames,samples/QCLIP20260417R2_00235/frames/real/,16,quickclips_visomaster_cropped_frames_teams,samples/QCLIP20260417R2_00235/frames/real/,16,
1366,QCLIP20260417R2_00236,quickclips_visomaster_teams,quickclips_visomaster_cropped_frames,samples/QCLIP20260417R2_00236/frames/real/,16,quickclips_visomaster_cropped_frames_teams,samples/QCLIP20260417R2_00236/frames/real/,16,
1417,QCLIP20260417R2_00237,quickclips_visomaster_teams,quickclips_visomaster_cropped_frames,samples/QCLIP20260417R2_00237/frames/real/,16,quickclips_visomaster_cropped_frames_teams,samples/QCLIP20260417R2_00237/frames/real/,16,
3052,QCLIP20260417R2_00238,quickclips_visomaster_teams,quickclips_visomaster_cropped_frames,samples/QCLIP20260417R2_00238/frames/real/,16,quickclips_visomaster_cropped_frames_teams,samples/QCLIP20260417R2_00238/frames/real/,16,
3719,QCLIP20260417R2_00239,quickclips_visomaster_teams,quickclips_visomaster_cropped_frames,samples/QCLIP20260417R2_00239/frames/real/,16,quickclips_visomaster_cropped_frames_teams,samples/QCLIP20260417R2_00239/frames/real/,16,
5247,QCLIP20260417R2_00240,quickclips_visomaster_teams,quickclips_visomaster_cropped_frames,samples/QCLIP20260417R2_00240/frames/real/,16,quickclips_visomaster_cropped_frames_teams,samples/QCLIP20260417R2_00240/frames/real/,16,
7316,QCLIP20260417R2_00241,quickclips_visomaster_teams,quickclips_visomaster_cropped_frames,samples/QCLIP20260417R2_00241/frames/real/,16,quickclips_visomaster_cropped_frames_teams,samples/QCLIP20260417R2_00241/frames/real/,16,
7910,QCLIP20260417R2_00243,quickclips_visomaster_teams,quickclips_visomaster_cropped_frames,samples/QCLIP20260417R2_00243/frames/real/,16,quickclips_visomaster_cropped_frames_teams,samples/QCLIP20260417R2_00243/frames/real/,16,
8230,QCLIP20260417R2_00244,quickclips_visomaster_teams,quickclips_visomaster_cropped_frames,samples/QCLIP20260417R2_00244/frames/real/,16,quickclips_visomaster_cropped_frames_teams,samples/QCLIP20260417R2_00244/frames/real/,16,
1662,QCLIP20260417R2_00245,quickclips_visomaster_teams,quickclips_visomaster_cropped_frames,samples/QCLIP20260417R2_00245/frames/real/,16,quickclips_visomaster_cropped_frames_teams,samples/QCLIP20260417R2_00245/frames/real/,16,
2050,QCLIP20260417R2_00246,quickclips_visomaster_teams,quickclips_visomaster_cropped_frames,samples/QCLIP20260417R2_00246/frames/real/,16,quickclips_visomaster_cropped_frames_teams,samples/QCLIP20260417R2_00246/frames/real/,16,
2606,QCLIP20260417R2_00247,quickclips_visomaster_teams,quickclips_visomaster_cropped_frames,samples/QCLIP20260417R2_00247/frames/real/,16,quickclips_visomaster_cropped_frames_teams,samples/QCLIP20260417R2_00247/frames/real/,16,
5614,QCLIP20260417R2_00248,quickclips_visomaster_teams,quickclips_visomaster_cropped_frames,samples/QCLIP20260417R2_00248/frames/real/,16,quickclips_visomaster_cropped_frames_teams,samples/QCLIP20260417R2_00248/frames/real/,16,
5737,QCLIP20260417R2_00249,quickclips_visomaster_teams,quickclips_visomaster_cropped_frames,samples/QCLIP20260417R2_00249/frames/real/,16,quickclips_visomaster_cropped_frames_teams,samples/QCLIP20260417R2_00249/frames/real/,16,
6461,QCLIP20260417R2_00250,quickclips_visomaster_teams,quickclips_visomaster_cropped_frames,samples/QCLIP20260417R2_00250/frames/real/,16,quickclips_visomaster_cropped_frames_teams,samples/QCLIP20260417R2_00250/frames/real/,16,
6476,QCLIP20260417R2_00251,quickclips_visomaster_teams,quickclips_visomaster_cropped_frames,samples/QCLIP20260417R2_00251/frames/real/,16,quickclips_visomaster_cropped_frames_teams,samples/QCLIP20260417R2_00251/frames/real/,16,
6844,QCLIP20260417R2_00252,quickclips_visomaster_teams,quickclips_visomaster_cropped_frames,samples/QCLIP20260417R2_00252/frames/real/,16,quickclips_visomaster_cropped_frames_teams,samples/QCLIP20260417R2_00252/frames/real/,16,
8176,QCLIP20260417R2_00253,quickclips_visomaster_teams,quickclips_visomaster_cropped_frames,samples/QCLIP20260417R2_00253/frames/real/,16,quickclips_visomaster_cropped_frames_teams,samples/QCLIP20260417R2_00253/frames/real/,16,
9325,QCLIP20260417R2_00254,quickclips_visomaster_teams,quickclips_visomaster_cropped_frames,samples/QCLIP20260417R2_00254/frames/real/,16,quickclips_visomaster_cropped_frames_teams,samples/QCLIP20260417R2_00254/frames/real/,16,
1513,QCLIP20260417R2_00255,quickclips_visomaster_teams,quickclips_visomaster_cropped_frames,samples/QCLIP20260417R2_00255/frames/real/,16,quickclips_visomaster_cropped_frames_teams,samples/QCLIP20260417R2_00255/frames/real/,16,
1607,QCLIP20260417R2_00256,quickclips_visomaster_teams,quickclips_visomaster_cropped_frames,samples/QCLIP20260417R2_00256/frames/real/,16,quickclips_visomaster_cropped_frames_teams,samples/QCLIP20260417R2_00256/frames/real/,16,
2198,QCLIP20260417R2_00257,quickclips_visomaster_teams,quickclips_visomaster_cropped_frames,samples/QCLIP20260417R2_00257/frames/real/,16,quickclips_visomaster_cropped_frames_teams,samples/QCLIP20260417R2_00257/frames/real/,16,
3951,QCLIP20260417R2_00258,quickclips_visomaster_teams,quickclips_visomaster_cropped_frames,samples/QCLIP20260417R2_00258/frames/real/,16,quickclips_visomaster_cropped_frames_teams,samples/QCLIP20260417R2_00258/frames/real/,16,
4068,QCLIP20260417R2_00259,quickclips_visomaster_teams,quickclips_visomaster_cropped_frames,samples/QCLIP20260417R2_00259/frames/real/,16,quickclips_visomaster_cropped_frames_teams,samples/QCLIP20260417R2_00259/frames/real/,16,
4090,QCLIP20260417R2_00260,quickclips_visomaster_teams,quickclips_visomaster_cropped_frames,samples/QCLIP20260417R2_00260/frames/real/,16,quickclips_visomaster_cropped_frames_teams,samples/QCLIP20260417R2_00260/frames/real/,16,
4754,QCLIP20260417R2_00261,quickclips_visomaster_teams,quickclips_visomaster_cropped_frames,samples/QCLIP20260417R2_00261/frames/real/,16,quickclips_visomaster_cropped_frames_teams,samples/QCLIP20260417R2_00261/frames/real/,16,
6842,QCLIP20260417R2_00262,quickclips_visomaster_teams,quickclips_visomaster_cropped_frames,samples/QCLIP20260417R2_00262/frames/real/,16,quickclips_visomaster_cropped_frames_teams,samples/QCLIP20260417R2_00262/frames/real/,16,
6868,QCLIP20260417R2_00263,quickclips_visomaster_teams,quickclips_visomaster_cropped_frames,samples/QCLIP20260417R2_00263/frames/real/,16,quickclips_visomaster_cropped_frames_teams,samples/QCLIP20260417R2_00263/frames/real/,16,
2295,QCLIP20260417R2_00264,quickclips_visomaster_teams,quickclips_visomaster_cropped_frames,samples/QCLIP20260417R2_00264/frames/real/,16,quickclips_visomaster_cropped_frames_teams,samples/QCLIP20260417R2_00264/frames/real/,16,
2580,QCLIP20260417R2_00265,quickclips_visomaster_teams,quickclips_visomaster_cropped_frames,samples/QCLIP20260417R2_00265/frames/real/,16,quickclips_visomaster_cropped_frames_teams,samples/QCLIP20260417R2_00265/frames/real/,16,
5379,QCLIP20260417R2_00267,quickclips_visomaster_teams,quickclips_visomaster_cropped_frames,samples/QCLIP20260417R2_00267/frames/real/,16,quickclips_visomaster_cropped_frames_teams,samples/QCLIP20260417R2_00267/frames/real/,16,
5495,QCLIP20260417R2_00268,quickclips_visomaster_teams,quickclips_visomaster_cropped_frames,samples/QCLIP20260417R2_00268/frames/real/,16,quickclips_visomaster_cropped_frames_teams,samples/QCLIP20260417R2_00268/frames/real/,16,
6218,QCLIP20260417R2_00269,quickclips_visomaster_teams,quickclips_visomaster_cropped_frames,samples/QCLIP20260417R2_00269/frames/real/,16,quickclips_visomaster_cropped_frames_teams,samples/QCLIP20260417R2_00269/frames/real/,16,
6725,QCLIP20260417R2_00270,quickclips_visomaster_teams,quickclips_visomaster_cropped_frames,samples/QCLIP20260417R2_00270/frames/real/,16,quickclips_visomaster_cropped_frames_teams,samples/QCLIP20260417R2_00270/frames/real/,16,
6731,QCLIP20260417R2_00271,quickclips_visomaster_teams,quickclips_visomaster_cropped_frames,samples/QCLIP20260417R2_00271/frames/real/,16,quickclips_visomaster_cropped_frames_teams,samples/QCLIP20260417R2_00271/frames/real/,16,
8460,QCLIP20260417R2_00272,quickclips_visomaster_teams,quickclips_visomaster_cropped_frames,samples/QCLIP20260417R2_00272/frames/real/,16,quickclips_visomaster_cropped_frames_teams,samples/QCLIP20260417R2_00272/frames/real/,16,
unknown_iow5V3Qlvwo,QCLIP20260417R2_00273,quickclips_visomaster_teams,quickclips_visomaster_cropped_frames,samples/QCLIP20260417R2_00273/frames/real/,16,quickclips_visomaster_cropped_frames_teams,samples/QCLIP20260417R2_00273/frames/real/,16,
1949,QCLIP20260417R2_00274,quickclips_visomaster_teams,quickclips_visomaster_cropped_frames,samples/QCLIP20260417R2_00274/frames/real/,16,quickclips_visomaster_cropped_frames_teams,samples/QCLIP20260417R2_00274/frames/real/,16,
2827,QCLIP20260417R2_00275,quickclips_visomaster_teams,quickclips_visomaster_cropped_frames,samples/QCLIP20260417R2_00275/frames/real/,16,quickclips_visomaster_cropped_frames_teams,samples/QCLIP20260417R2_00275/frames/real/,16,
5634,QCLIP20260417R2_00276,quickclips_visomaster_teams,quickclips_visomaster_cropped_frames,samples/QCLIP20260417R2_00276/frames/real/,16,quickclips_visomaster_cropped_frames_teams,samples/QCLIP20260417R2_00276/frames/real/,16,
6200,QCLIP20260417R2_00277,quickclips_visomaster_teams,quickclips_visomaster_cropped_frames,samples/QCLIP20260417R2_00277/frames/real/,16,quickclips_visomaster_cropped_frames_teams,samples/QCLIP20260417R2_00277/frames/real/,16,
6250,QCLIP20260417R2_00278,quickclips_visomaster_teams,quickclips_visomaster_cropped_frames,samples/QCLIP20260417R2_00278/frames/real/,16,quickclips_visomaster_cropped_frames_teams,samples/QCLIP20260417R2_00278/frames/real/,16,
8064,QCLIP20260417R2_00279,quickclips_visomaster_teams,quickclips_visomaster_cropped_frames,samples/QCLIP20260417R2_00279/frames/real/,16,quickclips_visomaster_cropped_frames_teams,samples/QCLIP20260417R2_00279/frames/real/,16,
8278,QCLIP20260417R2_00280,quickclips_visomaster_teams,quickclips_visomaster_cropped_frames,samples/QCLIP20260417R2_00280/frames/real/,16,quickclips_visomaster_cropped_frames_teams,samples/QCLIP20260417R2_00280/frames/real/,16,
8753,QCLIP20260417R2_00281,quickclips_visomaster_teams,quickclips_visomaster_cropped_frames,samples/QCLIP20260417R2_00281/frames/real/,16,quickclips_visomaster_cropped_frames_teams,samples/QCLIP20260417R2_00281/frames/real/,16,
unknown_VAPgP3ONJVo,QCLIP20260417R2_00282,quickclips_visomaster_teams,quickclips_visomaster_cropped_frames,samples/QCLIP20260417R2_00282/frames/real/,16,quickclips_visomaster_cropped_frames_teams,samples/QCLIP20260417R2_00282/frames/real/,16,
1554,QCLIP20260417R2_00283,quickclips_visomaster_teams,quickclips_visomaster_cropped_frames,samples/QCLIP20260417R2_00283/frames/real/,16,quickclips_visomaster_cropped_frames_teams,samples/QCLIP20260417R2_00283/frames/real/,16,
1916,QCLIP20260417R2_00284,quickclips_visomaster_teams,quickclips_visomaster_cropped_frames,samples/QCLIP20260417R2_00284/frames/real/,16,quickclips_visomaster_cropped_frames_teams,samples/QCLIP20260417R2_00284/frames/real/,16,
2004,QCLIP20260417R2_00285,quickclips_visomaster_teams,quickclips_visomaster_cropped_frames,samples/QCLIP20260417R2_00285/frames/real/,16,quickclips_visomaster_cropped_frames_teams,samples/QCLIP20260417R2_00285/frames/real/,16,
5176,QCLIP20260417R2_00286,quickclips_visomaster_teams,quickclips_visomaster_cropped_frames,samples/QCLIP20260417R2_00286/frames/real/,16,quickclips_visomaster_cropped_frames_teams,samples/QCLIP20260417R2_00286/frames/real/,16,
5270,QCLIP20260417R2_00287,quickclips_visomaster_teams,quickclips_visomaster_cropped_frames,samples/QCLIP20260417R2_00287/frames/real/,16,quickclips_visomaster_cropped_frames_teams,samples/QCLIP20260417R2_00287/frames/real/,16,
5370,QCLIP20260417R2_00288,quickclips_visomaster_teams,quickclips_visomaster_cropped_frames,samples/QCLIP20260417R2_00288/frames/real/,16,quickclips_visomaster_cropped_frames_teams,samples/QCLIP20260417R2_00288/frames/real/,16,
5731,QCLIP20260417R2_00289,quickclips_visomaster_teams,quickclips_visomaster_cropped_frames,samples/QCLIP20260417R2_00289/frames/real/,16,quickclips_visomaster_cropped_frames_teams,samples/QCLIP20260417R2_00289/frames/real/,16,
6378,QCLIP20260417R2_00290,quickclips_visomaster_teams,quickclips_visomaster_cropped_frames,samples/QCLIP20260417R2_00290/frames/real/,16,quickclips_visomaster_cropped_frames_teams,samples/QCLIP20260417R2_00290/frames/real/,16,
2153,QCLIP20260417R2_00292,quickclips_visomaster_teams,quickclips_visomaster_cropped_frames,samples/QCLIP20260417R2_00292/frames/real/,16,quickclips_visomaster_cropped_frames_teams,samples/QCLIP20260417R2_00292/frames/real/,16,
3209,QCLIP20260417R2_00293,quickclips_visomaster_teams,quickclips_visomaster_cropped_frames,samples/QCLIP20260417R2_00293/frames/real/,16,quickclips_visomaster_cropped_frames_teams,samples/QCLIP20260417R2_00293/frames/real/,16,
4846,QCLIP20260417R2_00294,quickclips_visomaster_teams,quickclips_visomaster_cropped_frames,samples/QCLIP20260417R2_00294/frames/real/,16,quickclips_visomaster_cropped_frames_teams,samples/QCLIP20260417R2_00294/frames/real/,16,
5179,QCLIP20260417R2_00295,quickclips_visomaster_teams,quickclips_visomaster_cropped_frames,samples/QCLIP20260417R2_00295/frames/real/,16,quickclips_visomaster_cropped_frames_teams,samples/QCLIP20260417R2_00295/frames/real/,16,
5233,QCLIP20260417R2_00296,quickclips_visomaster_teams,quickclips_visomaster_cropped_frames,samples/QCLIP20260417R2_00296/frames/real/,16,quickclips_visomaster_cropped_frames_teams,samples/QCLIP20260417R2_00296/frames/real/,16,
563,QCLIP20260417R2_00297,quickclips_visomaster_teams,quickclips_visomaster_cropped_frames,samples/QCLIP20260417R2_00297/frames/real/,16,quickclips_visomaster_cropped_frames_teams,samples/QCLIP20260417R2_00297/frames/real/,16,
5784,QCLIP20260417R2_00298,quickclips_visomaster_teams,quickclips_visomaster_cropped_frames,samples/QCLIP20260417R2_00298/frames/real/,16,quickclips_visomaster_cropped_frames_teams,samples/QCLIP20260417R2_00298/frames/real/,16,
7333,QCLIP20260417R2_00299,quickclips_visomaster_teams,quickclips_visomaster_cropped_frames,samples/QCLIP20260417R2_00299/frames/real/,16,quickclips_visomaster_cropped_frames_teams,samples/QCLIP20260417R2_00299/frames/real/,16,
8285,QCLIP20260417R2_00300,quickclips_visomaster_teams,quickclips_visomaster_cropped_frames,samples/QCLIP20260417R2_00300/frames/real/,16,quickclips_visomaster_cropped_frames_teams,samples/QCLIP20260417R2_00300/frames/real/,16,
1164,QCLIP20260417R2_00301,quickclips_visomaster_teams,quickclips_visomaster_cropped_frames,samples/QCLIP20260417R2_00301/frames/real/,16,quickclips_visomaster_cropped_frames_teams,samples/QCLIP20260417R2_00301/frames/real/,16,
164,QCLIP20260417R2_00302,quickclips_visomaster_teams,quickclips_visomaster_cropped_frames,samples/QCLIP20260417R2_00302/frames/real/,16,quickclips_visomaster_cropped_frames_teams,samples/QCLIP20260417R2_00302/frames/real/,16,
1902,QCLIP20260417R2_00303,quickclips_visomaster_teams,quickclips_visomaster_cropped_frames,samples/QCLIP20260417R2_00303/frames/real/,16,quickclips_visomaster_cropped_frames_teams,samples/QCLIP20260417R2_00303/frames/real/,16,
3433,QCLIP20260417R2_00304,quickclips_visomaster_teams,quickclips_visomaster_cropped_frames,samples/QCLIP20260417R2_00304/frames/real/,16,quickclips_visomaster_cropped_frames_teams,samples/QCLIP20260417R2_00304/frames/real/,16,
4438,QCLIP20260417R2_00305,quickclips_visomaster_teams,quickclips_visomaster_cropped_frames,samples/QCLIP20260417R2_00305/frames/real/,16,quickclips_visomaster_cropped_frames_teams,samples/QCLIP20260417R2_00305/frames/real/,16,
7764,QCLIP20260417R2_00307,quickclips_visomaster_teams,quickclips_visomaster_cropped_frames,samples/QCLIP20260417R2_00307/frames/real/,16,quickclips_visomaster_cropped_frames_teams,samples/QCLIP20260417R2_00307/frames/real/,16,
7772,QCLIP20260417R2_00308,quickclips_visomaster_teams,quickclips_visomaster_cropped_frames,samples/QCLIP20260417R2_00308/frames/real/,16,quickclips_visomaster_cropped_frames_teams,samples/QCLIP20260417R2_00308/frames/real/,16,
8617,QCLIP20260417R2_00309,quickclips_visomaster_teams,quickclips_visomaster_cropped_frames,samples/QCLIP20260417R2_00309/frames/real/,16,quickclips_visomaster_cropped_frames_teams,samples/QCLIP20260417R2_00309/frames/real/,16,
1647,QCLIP20260417R2_00310,quickclips_visomaster_teams,quickclips_visomaster_cropped_frames,samples/QCLIP20260417R2_00310/frames/real/,16,quickclips_visomaster_cropped_frames_teams,samples/QCLIP20260417R2_00310/frames/real/,16,
1699,QCLIP20260417R2_00311,quickclips_visomaster_teams,quickclips_visomaster_cropped_frames,samples/QCLIP20260417R2_00311/frames/real/,16,quickclips_visomaster_cropped_frames_teams,samples/QCLIP20260417R2_00311/frames/real/,16,
181,QCLIP20260417R2_00312,quickclips_visomaster_teams,quickclips_visomaster_cropped_frames,samples/QCLIP20260417R2_00312/frames/real/,16,quickclips_visomaster_cropped_frames_teams,samples/QCLIP20260417R2_00312/frames/real/,16,
2633,QCLIP20260417R2_00313,quickclips_visomaster_teams,quickclips_visomaster_cropped_frames,samples/QCLIP20260417R2_00313/frames/real/,16,quickclips_visomaster_cropped_frames_teams,samples/QCLIP20260417R2_00313/frames/real/,16,
5071,QCLIP20260417R2_00314,quickclips_visomaster_teams,quickclips_visomaster_cropped_frames,samples/QCLIP20260417R2_00314/frames/real/,16,quickclips_visomaster_cropped_frames_teams,samples/QCLIP20260417R2_00314/frames/real/,16,
530,QCLIP20260417R2_00315,quickclips_visomaster_teams,quickclips_visomaster_cropped_frames,samples/QCLIP20260417R2_00315/frames/real/,16,quickclips_visomaster_cropped_frames_teams,samples/QCLIP20260417R2_00315/frames/real/,16,
5354,QCLIP20260417R2_00316,quickclips_visomaster_teams,quickclips_visomaster_cropped_frames,samples/QCLIP20260417R2_00316/frames/real/,16,quickclips_visomaster_cropped_frames_teams,samples/QCLIP20260417R2_00316/frames/real/,16,
684,QCLIP20260417R2_00317,quickclips_visomaster_teams,quickclips_visomaster_cropped_frames,samples/QCLIP20260417R2_00317/frames/real/,16,quickclips_visomaster_cropped_frames_teams,samples/QCLIP20260417R2_00317/frames/real/,16,
7780,QCLIP20260417R2_00318,quickclips_visomaster_teams,quickclips_visomaster_cropped_frames,samples/QCLIP20260417R2_00318/frames/real/,16,quickclips_visomaster_cropped_frames_teams,samples/QCLIP20260417R2_00318/frames/real/,16,
4722,QCLIP20260417R2_00320,quickclips_visomaster_teams,quickclips_visomaster_cropped_frames,samples/QCLIP20260417R2_00320/frames/real/,16,quickclips_visomaster_cropped_frames_teams,samples/QCLIP20260417R2_00320/frames/real/,16,
5581,QCLIP20260417R2_00321,quickclips_visomaster_teams,quickclips_visomaster_cropped_frames,samples/QCLIP20260417R2_00321/frames/real/,16,quickclips_visomaster_cropped_frames_teams,samples/QCLIP20260417R2_00321/frames/real/,16,
5827,QCLIP20260417R2_00322,quickclips_visomaster_teams,quickclips_visomaster_cropped_frames,samples/QCLIP20260417R2_00322/frames/real/,16,quickclips_visomaster_cropped_frames_teams,samples/QCLIP20260417R2_00322/frames/real/,16,
6009,QCLIP20260417R2_00323,quickclips_visomaster_teams,quickclips_visomaster_cropped_frames,samples/QCLIP20260417R2_00323/frames/real/,16,quickclips_visomaster_cropped_frames_teams,samples/QCLIP20260417R2_00323/frames/real/,16,
6819,QCLIP20260417R2_00324,quickclips_visomaster_teams,quickclips_visomaster_cropped_frames,samples/QCLIP20260417R2_00324/frames/real/,16,quickclips_visomaster_cropped_frames_teams,samples/QCLIP20260417R2_00324/frames/real/,16,
7425,QCLIP20260417R2_00325,quickclips_visomaster_teams,quickclips_visomaster_cropped_frames,samples/QCLIP20260417R2_00325/frames/real/,16,quickclips_visomaster_cropped_frames_teams,samples/QCLIP20260417R2_00325/frames/real/,16,
7522,QCLIP20260417R2_00326,quickclips_visomaster_teams,quickclips_visomaster_cropped_frames,samples/QCLIP20260417R2_00326/frames/real/,16,quickclips_visomaster_cropped_frames_teams,samples/QCLIP20260417R2_00326/frames/real/,16,
7605,QCLIP20260417R2_00327,quickclips_visomaster_teams,quickclips_visomaster_cropped_frames,samples/QCLIP20260417R2_00327/frames/real/,16,quickclips_visomaster_cropped_frames_teams,samples/QCLIP20260417R2_00327/frames/real/,16,
8206,QCLIP20260417R2_00328,quickclips_visomaster_teams,quickclips_visomaster_cropped_frames,samples/QCLIP20260417R2_00328/frames/real/,16,quickclips_visomaster_cropped_frames_teams,samples/QCLIP20260417R2_00328/frames/real/,16,
2051,QCLIP20260417R2_00329,quickclips_visomaster_teams,quickclips_visomaster_cropped_frames,samples/QCLIP20260417R2_00329/frames/real/,16,quickclips_visomaster_cropped_frames_teams,samples/QCLIP20260417R2_00329/frames/real/,16,
4722,QCLIP20260417R2_00330,quickclips_visomaster_teams,quickclips_visomaster_cropped_frames,samples/QCLIP20260417R2_00330/frames/real/,16,quickclips_visomaster_cropped_frames_teams,samples/QCLIP20260417R2_00330/frames/real/,16,
5827,QCLIP20260417R2_00331,quickclips_visomaster_teams,quickclips_visomaster_cropped_frames,samples/QCLIP20260417R2_00331/frames/real/,16,quickclips_visomaster_cropped_frames_teams,samples/QCLIP20260417R2_00331/frames/real/,16,
6009,QCLIP20260417R2_00332,quickclips_visomaster_teams,quickclips_visomaster_cropped_frames,samples/QCLIP20260417R2_00332/frames/real/,16,quickclips_visomaster_cropped_frames_teams,samples/QCLIP20260417R2_00332/frames/real/,16,
6819,QCLIP20260417R2_00333,quickclips_visomaster_teams,quickclips_visomaster_cropped_frames,samples/QCLIP20260417R2_00333/frames/real/,16,quickclips_visomaster_cropped_frames_teams,samples/QCLIP20260417R2_00333/frames/real/,16,
7425,QCLIP20260417R2_00334,quickclips_visomaster_teams,quickclips_visomaster_cropped_frames,samples/QCLIP20260417R2_00334/frames/real/,16,quickclips_visomaster_cropped_frames_teams,samples/QCLIP20260417R2_00334/frames/real/,16,
7522,QCLIP20260417R2_00335,quickclips_visomaster_teams,quickclips_visomaster_cropped_frames,samples/QCLIP20260417R2_00335/frames/real/,16,quickclips_visomaster_cropped_frames_teams,samples/QCLIP20260417R2_00335/frames/real/,16,
7605,QCLIP20260417R2_00336,quickclips_visomaster_teams,quickclips_visomaster_cropped_frames,samples/QCLIP20260417R2_00336/frames/real/,16,quickclips_visomaster_cropped_frames_teams,samples/QCLIP20260417R2_00336/frames/real/,16,
8206,QCLIP20260417R2_00337,quickclips_visomaster_teams,quickclips_visomaster_cropped_frames,samples/QCLIP20260417R2_00337/frames/real/,16,quickclips_visomaster_cropped_frames_teams,samples/QCLIP20260417R2_00337/frames/real/,16,
2295,QCLIP20260417R2_00338,quickclips_visomaster_teams,quickclips_visomaster_cropped_frames,samples/QCLIP20260417R2_00338/frames/real/,16,quickclips_visomaster_cropped_frames_teams,samples/QCLIP20260417R2_00338/frames/real/,16,
2580,QCLIP20260417R2_00339,quickclips_visomaster_teams,quickclips_visomaster_cropped_frames,samples/QCLIP20260417R2_00339/frames/real/,16,quickclips_visomaster_cropped_frames_teams,samples/QCLIP20260417R2_00339/frames/real/,16,
5379,QCLIP20260417R2_00340,quickclips_visomaster_teams,quickclips_visomaster_cropped_frames,samples/QCLIP20260417R2_00340/frames/real/,16,quickclips_visomaster_cropped_frames_teams,samples/QCLIP20260417R2_00340/frames/real/,16,
5495,QCLIP20260417R2_00341,quickclips_visomaster_teams,quickclips_visomaster_cropped_frames,samples/QCLIP20260417R2_00341/frames/real/,16,quickclips_visomaster_cropped_frames_teams,samples/QCLIP20260417R2_00341/frames/real/,16,
5581,QCLIP20260417R2_00342,quickclips_visomaster_teams,quickclips_visomaster_cropped_frames,samples/QCLIP20260417R2_00342/frames/real/,16,quickclips_visomaster_cropped_frames_teams,samples/QCLIP20260417R2_00342/frames/real/,16,
6218,QCLIP20260417R2_00343,quickclips_visomaster_teams,quickclips_visomaster_cropped_frames,samples/QCLIP20260417R2_00343/frames/real/,16,quickclips_visomaster_cropped_frames_teams,samples/QCLIP20260417R2_00343/frames/real/,16,
6725,QCLIP20260417R2_00344,quickclips_visomaster_teams,quickclips_visomaster_cropped_frames,samples/QCLIP20260417R2_00344/frames/real/,16,quickclips_visomaster_cropped_frames_teams,samples/QCLIP20260417R2_00344/frames/real/,16,
6731,QCLIP20260417R2_00345,quickclips_visomaster_teams,quickclips_visomaster_cropped_frames,samples/QCLIP20260417R2_00345/frames/real/,16,quickclips_visomaster_cropped_frames_teams,samples/QCLIP20260417R2_00345/frames/real/,16,
8460,QCLIP20260417R2_00346,quickclips_visomaster_teams,quickclips_visomaster_cropped_frames,samples/QCLIP20260417R2_00346/frames/real/,16,quickclips_visomaster_cropped_frames_teams,samples/QCLIP20260417R2_00346/frames/real/,16,
unknown_iow5V3Qlvwo,QCLIP20260417R2_00347,quickclips_visomaster_teams,quickclips_visomaster_cropped_frames,samples/QCLIP20260417R2_00347/frames/real/,16,quickclips_visomaster_cropped_frames_teams,samples/QCLIP20260417R2_00347/frames/real/,16,
1949,QCLIP20260417R2_00348,quickclips_visomaster_teams,quickclips_visomaster_cropped_frames,samples/QCLIP20260417R2_00348/frames/real/,16,quickclips_visomaster_cropped_frames_teams,samples/QCLIP20260417R2_00348/frames/real/,16,
2827,QCLIP20260417R2_00349,quickclips_visomaster_teams,quickclips_visomaster_cropped_frames,samples/QCLIP20260417R2_00349/frames/real/,16,quickclips_visomaster_cropped_frames_teams,samples/QCLIP20260417R2_00349/frames/real/,16,
5634,QCLIP20260417R2_00351,quickclips_visomaster_teams,quickclips_visomaster_cropped_frames,samples/QCLIP20260417R2_00351/frames/real/,16,quickclips_visomaster_cropped_frames_teams,samples/QCLIP20260417R2_00351/frames/real/,16,
6200,QCLIP20260417R2_00352,quickclips_visomaster_teams,quickclips_visomaster_cropped_frames,samples/QCLIP20260417R2_00352/frames/real/,16,quickclips_visomaster_cropped_frames_teams,samples/QCLIP20260417R2_00352/frames/real/,16,
6250,QCLIP20260417R2_00353,quickclips_visomaster_teams,quickclips_visomaster_cropped_frames,samples/QCLIP20260417R2_00353/frames/real/,16,quickclips_visomaster_cropped_frames_teams,samples/QCLIP20260417R2_00353/frames/real/,16,
8064,QCLIP20260417R2_00354,quickclips_visomaster_teams,quickclips_visomaster_cropped_frames,samples/QCLIP20260417R2_00354/frames/real/,16,quickclips_visomaster_cropped_frames_teams,samples/QCLIP20260417R2_00354/frames/real/,16,
8278,QCLIP20260417R2_00355,quickclips_visomaster_teams,quickclips_visomaster_cropped_frames,samples/QCLIP20260417R2_00355/frames/real/,16,quickclips_visomaster_cropped_frames_teams,samples/QCLIP20260417R2_00355/frames/real/,16,
8753,QCLIP20260417R2_00356,quickclips_visomaster_teams,quickclips_visomaster_cropped_frames,samples/QCLIP20260417R2_00356/frames/real/,16,quickclips_visomaster_cropped_frames_teams,samples/QCLIP20260417R2_00356/frames/real/,16,
unknown_VAPgP3ONJVo,QCLIP20260417R2_00357,quickclips_visomaster_teams,quickclips_visomaster_cropped_frames,samples/QCLIP20260417R2_00357/frames/real/,16,quickclips_visomaster_cropped_frames_teams,samples/QCLIP20260417R2_00357/frames/real/,16,
1554,QCLIP20260417R2_00358,quickclips_visomaster_teams,quickclips_visomaster_cropped_frames,samples/QCLIP20260417R2_00358/frames/real/,16,quickclips_visomaster_cropped_frames_teams,samples/QCLIP20260417R2_00358/frames/real/,16,
2004,QCLIP20260417R2_00360,quickclips_visomaster_teams,quickclips_visomaster_cropped_frames,samples/QCLIP20260417R2_00360/frames/real/,16,quickclips_visomaster_cropped_frames_teams,samples/QCLIP20260417R2_00360/frames/real/,16,
5176,QCLIP20260417R2_00361,quickclips_visomaster_teams,quickclips_visomaster_cropped_frames,samples/QCLIP20260417R2_00361/frames/real/,16,quickclips_visomaster_cropped_frames_teams,samples/QCLIP20260417R2_00361/frames/real/,16,
5270,QCLIP20260417R2_00362,quickclips_visomaster_teams,quickclips_visomaster_cropped_frames,samples/QCLIP20260417R2_00362/frames/real/,16,quickclips_visomaster_cropped_frames_teams,samples/QCLIP20260417R2_00362/frames/real/,16,
5370,QCLIP20260417R2_00363,quickclips_visomaster_teams,quickclips_visomaster_cropped_frames,samples/QCLIP20260417R2_00363/frames/real/,16,quickclips_visomaster_cropped_frames_teams,samples/QCLIP20260417R2_00363/frames/real/,16,
5731,QCLIP20260417R2_00364,quickclips_visomaster_teams,quickclips_visomaster_cropped_frames,samples/QCLIP20260417R2_00364/frames/real/,16,quickclips_visomaster_cropped_frames_teams,samples/QCLIP20260417R2_00364/frames/real/,16,
6378,QCLIP20260417R2_00365,quickclips_visomaster_teams,quickclips_visomaster_cropped_frames,samples/QCLIP20260417R2_00365/frames/real/,16,quickclips_visomaster_cropped_frames_teams,samples/QCLIP20260417R2_00365/frames/real/,16,
unknown_SS14c1PW_90,QCLIP20260417R2_00366,quickclips_visomaster_teams,quickclips_visomaster_cropped_frames,samples/QCLIP20260417R2_00366/frames/real/,16,quickclips_visomaster_cropped_frames_teams,samples/QCLIP20260417R2_00366/frames/real/,16,
2153,QCLIP20260417R2_00367,quickclips_visomaster_teams,quickclips_visomaster_cropped_frames,samples/QCLIP20260417R2_00367/frames/real/,16,quickclips_visomaster_cropped_frames_teams,samples/QCLIP20260417R2_00367/frames/real/,16,
3209,QCLIP20260417R2_00368,quickclips_visomaster_teams,quickclips_visomaster_cropped_frames,samples/QCLIP20260417R2_00368/frames/real/,16,quickclips_visomaster_cropped_frames_teams,samples/QCLIP20260417R2_00368/frames/real/,16,
4846,QCLIP20260417R2_00369,quickclips_visomaster_teams,quickclips_visomaster_cropped_frames,samples/QCLIP20260417R2_00369/frames/real/,16,quickclips_visomaster_cropped_frames_teams,samples/QCLIP20260417R2_00369/frames/real/,16,
5179,QCLIP20260417R2_00370,quickclips_visomaster_teams,quickclips_visomaster_cropped_frames,samples/QCLIP20260417R2_00370/frames/real/,16,quickclips_visomaster_cropped_frames_teams,samples/QCLIP20260417R2_00370/frames/real/,16,
5233,QCLIP20260417R2_00371,quickclips_visomaster_teams,quickclips_visomaster_cropped_frames,samples/QCLIP20260417R2_00371/frames/real/,16,quickclips_visomaster_cropped_frames_teams,samples/QCLIP20260417R2_00371/frames/real/,16,
563,QCLIP20260417R2_00372,quickclips_visomaster_teams,quickclips_visomaster_cropped_frames,samples/QCLIP20260417R2_00372/frames/real/,16,quickclips_visomaster_cropped_frames_teams,samples/QCLIP20260417R2_00372/frames/real/,16,
5784,QCLIP20260417R2_00373,quickclips_visomaster_teams,quickclips_visomaster_cropped_frames,samples/QCLIP20260417R2_00373/frames/real/,16,quickclips_visomaster_cropped_frames_teams,samples/QCLIP20260417R2_00373/frames/real/,16,
7333,QCLIP20260417R2_00374,quickclips_visomaster_teams,quickclips_visomaster_cropped_frames,samples/QCLIP20260417R2_00374/frames/real/,16,quickclips_visomaster_cropped_frames_teams,samples/QCLIP20260417R2_00374/frames/real/,16,
8285,QCLIP20260417R2_00375,quickclips_visomaster_teams,quickclips_visomaster_cropped_frames,samples/QCLIP20260417R2_00375/frames/real/,16,quickclips_visomaster_cropped_frames_teams,samples/QCLIP20260417R2_00375/frames/real/,16,
1164,QCLIP20260417R2_00376,quickclips_visomaster_teams,quickclips_visomaster_cropped_frames,samples/QCLIP20260417R2_00376/frames/real/,16,quickclips_visomaster_cropped_frames_teams,samples/QCLIP20260417R2_00376/frames/real/,16,
164,QCLIP20260417R2_00377,quickclips_visomaster_teams,quickclips_visomaster_cropped_frames,samples/QCLIP20260417R2_00377/frames/real/,16,quickclips_visomaster_cropped_frames_teams,samples/QCLIP20260417R2_00377/frames/real/,16,
3433,QCLIP20260417R2_00379,quickclips_visomaster_teams,quickclips_visomaster_cropped_frames,samples/QCLIP20260417R2_00379/frames/real/,16,quickclips_visomaster_cropped_frames_teams,samples/QCLIP20260417R2_00379/frames/real/,16,
4438,QCLIP20260417R2_00380,quickclips_visomaster_teams,quickclips_visomaster_cropped_frames,samples/QCLIP20260417R2_00380/frames/real/,16,quickclips_visomaster_cropped_frames_teams,samples/QCLIP20260417R2_00380/frames/real/,16,
5459,QCLIP20260417R2_00381,quickclips_visomaster_teams,quickclips_visomaster_cropped_frames,samples/QCLIP20260417R2_00381/frames/real/,16,quickclips_visomaster_cropped_frames_teams,samples/QCLIP20260417R2_00381/frames/real/,16,
7764,QCLIP20260417R2_00382,quickclips_visomaster_teams,quickclips_visomaster_cropped_frames,samples/QCLIP20260417R2_00382/frames/real/,16,quickclips_visomaster_cropped_frames_teams,samples/QCLIP20260417R2_00382/frames/real/,16,
7772,QCLIP20260417R2_00383,quickclips_visomaster_teams,quickclips_visomaster_cropped_frames,samples/QCLIP20260417R2_00383/frames/real/,16,quickclips_visomaster_cropped_frames_teams,samples/QCLIP20260417R2_00383/frames/real/,16,
8617,QCLIP20260417R2_00384,quickclips_visomaster_teams,quickclips_visomaster_cropped_frames,samples/QCLIP20260417R2_00384/frames/real/,16,quickclips_visomaster_cropped_frames_teams,samples/QCLIP20260417R2_00384/frames/real/,16,
1647,QCLIP20260417R2_00385,quickclips_visomaster_teams,quickclips_visomaster_cropped_frames,samples/QCLIP20260417R2_00385/frames/real/,16,quickclips_visomaster_cropped_frames_teams,samples/QCLIP20260417R2_00385/frames/real/,16,
181,QCLIP20260417R2_00387,quickclips_visomaster_teams,quickclips_visomaster_cropped_frames,samples/QCLIP20260417R2_00387/frames/real/,16,quickclips_visomaster_cropped_frames_teams,samples/QCLIP20260417R2_00387/frames/real/,16,
2633,QCLIP20260417R2_00388,quickclips_visomaster_teams,quickclips_visomaster_cropped_frames,samples/QCLIP20260417R2_00388/frames/real/,16,quickclips_visomaster_cropped_frames_teams,samples/QCLIP20260417R2_00388/frames/real/,16,
5071,QCLIP20260417R2_00389,quickclips_visomaster_teams,quickclips_visomaster_cropped_frames,samples/QCLIP20260417R2_00389/frames/real/,16,quickclips_visomaster_cropped_frames_teams,samples/QCLIP20260417R2_00389/frames/real/,16,
530,QCLIP20260417R2_00390,quickclips_visomaster_teams,quickclips_visomaster_cropped_frames,samples/QCLIP20260417R2_00390/frames/real/,16,quickclips_visomaster_cropped_frames_teams,samples/QCLIP20260417R2_00390/frames/real/,16,
5354,QCLIP20260417R2_00391,quickclips_visomaster_teams,quickclips_visomaster_cropped_frames,samples/QCLIP20260417R2_00391/frames/real/,16,quickclips_visomaster_cropped_frames_teams,samples/QCLIP20260417R2_00391/frames/real/,16,
684,QCLIP20260417R2_00392,quickclips_visomaster_teams,quickclips_visomaster_cropped_frames,samples/QCLIP20260417R2_00392/frames/real/,16,quickclips_visomaster_cropped_frames_teams,samples/QCLIP20260417R2_00392/frames/real/,16,
7780,QCLIP20260417R2_00393,quickclips_visomaster_teams,quickclips_visomaster_cropped_frames,samples/QCLIP20260417R2_00393/frames/real/,16,quickclips_visomaster_cropped_frames_teams,samples/QCLIP20260417R2_00393/frames/real/,16,
1900,QCLIP20260417R2_00394,quickclips_visomaster_teams,quickclips_visomaster_cropped_frames,samples/QCLIP20260417R2_00394/frames/real/,16,quickclips_visomaster_cropped_frames_teams,samples/QCLIP20260417R2_00394/frames/real/,16,
1962,QCLIP20260417R2_00395,quickclips_visomaster_teams,quickclips_visomaster_cropped_frames,samples/QCLIP20260417R2_00395/frames/real/,16,quickclips_visomaster_cropped_frames_teams,samples/QCLIP20260417R2_00395/frames/real/,16,
3226,QCLIP20260417R2_00396,quickclips_visomaster_teams,quickclips_visomaster_cropped_frames,samples/QCLIP20260417R2_00396/frames/real/,16,quickclips_visomaster_cropped_frames_teams,samples/QCLIP20260417R2_00396/frames/real/,16,
4219,QCLIP20260417R2_00397,quickclips_visomaster_teams,quickclips_visomaster_cropped_frames,samples/QCLIP20260417R2_00397/frames/real/,16,quickclips_visomaster_cropped_frames_teams,samples/QCLIP20260417R2_00397/frames/real/,16,
5584,QCLIP20260417R2_00398,quickclips_visomaster_teams,quickclips_visomaster_cropped_frames,samples/QCLIP20260417R2_00398/frames/real/,16,quickclips_visomaster_cropped_frames_teams,samples/QCLIP20260417R2_00398/frames/real/,16,
5897,QCLIP20260417R2_00399,quickclips_visomaster_teams,quickclips_visomaster_cropped_frames,samples/QCLIP20260417R2_00399/frames/real/,16,quickclips_visomaster_cropped_frames_teams,samples/QCLIP20260417R2_00399/frames/real/,16,
8241,QCLIP20260417R2_00400,quickclips_visomaster_teams,quickclips_visomaster_cropped_frames,samples/QCLIP20260417R2_00400/frames/real/,16,quickclips_visomaster_cropped_frames_teams,samples/QCLIP20260417R2_00400/frames/real/,16,
9068,QCLIP20260417R2_00401,quickclips_visomaster_teams,quickclips_visomaster_cropped_frames,samples/QCLIP20260417R2_00401/frames/real/,16,quickclips_visomaster_cropped_frames_teams,samples/QCLIP20260417R2_00401/frames/real/,16,
unknown_x1Efv_wF5LE,QCLIP20260417R2_00402,quickclips_visomaster_teams,quickclips_visomaster_cropped_frames,samples/QCLIP20260417R2_00402/frames/real/,16,quickclips_visomaster_cropped_frames_teams,samples/QCLIP20260417R2_00402/frames/real/,16,
178,QCLIP20260417R2_00403,quickclips_visomaster_teams,quickclips_visomaster_cropped_frames,samples/QCLIP20260417R2_00403/frames/real/,16,quickclips_visomaster_cropped_frames_teams,samples/QCLIP20260417R2_00403/frames/real/,16,
2904,QCLIP20260417R2_00404,quickclips_visomaster_teams,quickclips_visomaster_cropped_frames,samples/QCLIP20260417R2_00404/frames/real/,16,quickclips_visomaster_cropped_frames_teams,samples/QCLIP20260417R2_00404/frames/real/,16,
3884,QCLIP20260417R2_00405,quickclips_visomaster_teams,quickclips_visomaster_cropped_frames,samples/QCLIP20260417R2_00405/frames/real/,16,quickclips_visomaster_cropped_frames_teams,samples/QCLIP20260417R2_00405/frames/real/,16,
4368,QCLIP20260417R2_00406,quickclips_visomaster_teams,quickclips_visomaster_cropped_frames,samples/QCLIP20260417R2_00406/frames/real/,16,quickclips_visomaster_cropped_frames_teams,samples/QCLIP20260417R2_00406/frames/real/,16,
4435,QCLIP20260417R2_00407,quickclips_visomaster_teams,quickclips_visomaster_cropped_frames,samples/QCLIP20260417R2_00407/frames/real/,16,quickclips_visomaster_cropped_frames_teams,samples/QCLIP20260417R2_00407/frames/real/,16,
5093,QCLIP20260417R2_00408,quickclips_visomaster_teams,quickclips_visomaster_cropped_frames,samples/QCLIP20260417R2_00408/frames/real/,16,quickclips_visomaster_cropped_frames_teams,samples/QCLIP20260417R2_00408/frames/real/,16,
6387,QCLIP20260417R2_00409,quickclips_visomaster_teams,quickclips_visomaster_cropped_frames,samples/QCLIP20260417R2_00409/frames/real/,16,quickclips_visomaster_cropped_frames_teams,samples/QCLIP20260417R2_00409/frames/real/,16,
7938,QCLIP20260417R2_00410,quickclips_visomaster_teams,quickclips_visomaster_cropped_frames,samples/QCLIP20260417R2_00410/frames/real/,16,quickclips_visomaster_cropped_frames_teams,samples/QCLIP20260417R2_00410/frames/real/,16,
8228,QCLIP20260417R2_00411,quickclips_visomaster_teams,quickclips_visomaster_cropped_frames,samples/QCLIP20260417R2_00411/frames/real/,16,quickclips_visomaster_cropped_frames_teams,samples/QCLIP20260417R2_00411/frames/real/,16,
1064,QCLIP20260417R2_00412,quickclips_visomaster_teams,quickclips_visomaster_cropped_frames,samples/QCLIP20260417R2_00412/frames/real/,16,quickclips_visomaster_cropped_frames_teams,samples/QCLIP20260417R2_00412/frames/real/,16,
1261,QCLIP20260417R2_00413,quickclips_visomaster_teams,quickclips_visomaster_cropped_frames,samples/QCLIP20260417R2_00413/frames/real/,16,quickclips_visomaster_cropped_frames_teams,samples/QCLIP20260417R2_00413/frames/real/,16,
2255,QCLIP20260417R2_00415,quickclips_visomaster_teams,quickclips_visomaster_cropped_frames,samples/QCLIP20260417R2_00415/frames/real/,16,quickclips_visomaster_cropped_frames_teams,samples/QCLIP20260417R2_00415/frames/real/,16,
4088,QCLIP20260417R2_00416,quickclips_visomaster_teams,quickclips_visomaster_cropped_frames,samples/QCLIP20260417R2_00416/frames/real/,16,quickclips_visomaster_cropped_frames_teams,samples/QCLIP20260417R2_00416/frames/real/,16,
4695,QCLIP20260417R2_00417,quickclips_visomaster_teams,quickclips_visomaster_cropped_frames,samples/QCLIP20260417R2_00417/frames/real/,16,quickclips_visomaster_cropped_frames_teams,samples/QCLIP20260417R2_00417/frames/real/,16,
6420,QCLIP20260417R2_00418,quickclips_visomaster_teams,quickclips_visomaster_cropped_frames,samples/QCLIP20260417R2_00418/frames/real/,16,quickclips_visomaster_cropped_frames_teams,samples/QCLIP20260417R2_00418/frames/real/,16,
6521,QCLIP20260417R2_00419,quickclips_visomaster_teams,quickclips_visomaster_cropped_frames,samples/QCLIP20260417R2_00419/frames/real/,16,quickclips_visomaster_cropped_frames_teams,samples/QCLIP20260417R2_00419/frames/real/,16,
unknown_VSqUVGCrOhk,QCLIP20260417R2_00420,quickclips_visomaster_teams,quickclips_visomaster_cropped_frames,samples/QCLIP20260417R2_00420/frames/real/,16,quickclips_visomaster_cropped_frames_teams,samples/QCLIP20260417R2_00420/frames/real/,16,
1212,QCLIP20260417R2_00421,quickclips_visomaster_teams,quickclips_visomaster_cropped_frames,samples/QCLIP20260417R2_00421/frames/real/,16,quickclips_visomaster_cropped_frames_teams,samples/QCLIP20260417R2_00421/frames/real/,16,
1558,QCLIP20260417R2_00422,quickclips_visomaster_teams,quickclips_visomaster_cropped_frames,samples/QCLIP20260417R2_00422/frames/real/,16,quickclips_visomaster_cropped_frames_teams,samples/QCLIP20260417R2_00422/frames/real/,16,
3834,QCLIP20260417R2_00423,quickclips_visomaster_teams,quickclips_visomaster_cropped_frames,samples/QCLIP20260417R2_00423/frames/real/,16,quickclips_visomaster_cropped_frames_teams,samples/QCLIP20260417R2_00423/frames/real/,16,
4596,QCLIP20260417R2_00424,quickclips_visomaster_teams,quickclips_visomaster_cropped_frames,samples/QCLIP20260417R2_00424/frames/real/,16,quickclips_visomaster_cropped_frames_teams,samples/QCLIP20260417R2_00424/frames/real/,16,
4978,QCLIP20260417R2_00425,quickclips_visomaster_teams,quickclips_visomaster_cropped_frames,samples/QCLIP20260417R2_00425/frames/real/,16,quickclips_visomaster_cropped_frames_teams,samples/QCLIP20260417R2_00425/frames/real/,16,
4985,QCLIP20260417R2_00426,quickclips_visomaster_teams,quickclips_visomaster_cropped_frames,samples/QCLIP20260417R2_00426/frames/real/,16,quickclips_visomaster_cropped_frames_teams,samples/QCLIP20260417R2_00426/frames/real/,16,
5618,QCLIP20260417R2_00427,quickclips_visomaster_teams,quickclips_visomaster_cropped_frames,samples/QCLIP20260417R2_00427/frames/real/,16,quickclips_visomaster_cropped_frames_teams,samples/QCLIP20260417R2_00427/frames/real/,16,
6052,QCLIP20260417R2_00428,quickclips_visomaster_teams,quickclips_visomaster_cropped_frames,samples/QCLIP20260417R2_00428/frames/real/,16,quickclips_visomaster_cropped_frames_teams,samples/QCLIP20260417R2_00428/frames/real/,16,
8242,QCLIP20260417R2_00429,quickclips_visomaster_teams,quickclips_visomaster_cropped_frames,samples/QCLIP20260417R2_00429/frames/real/,16,quickclips_visomaster_cropped_frames_teams,samples/QCLIP20260417R2_00429/frames/real/,16,
9202,QCLIP20260417R2_00430,quickclips_visomaster_teams,quickclips_visomaster_cropped_frames,samples/QCLIP20260417R2_00430/frames/real/,16,quickclips_visomaster_cropped_frames_teams,samples/QCLIP20260417R2_00430/frames/real/,16,
1860,QCLIP20260417R2_00431,quickclips_visomaster_teams,quickclips_visomaster_cropped_frames,samples/QCLIP20260417R2_00431/frames/real/,16,quickclips_visomaster_cropped_frames_teams,samples/QCLIP20260417R2_00431/frames/real/,16,
2204,QCLIP20260417R2_00432,quickclips_visomaster_teams,quickclips_visomaster_cropped_frames,samples/QCLIP20260417R2_00432/frames/real/,16,quickclips_visomaster_cropped_frames_teams,samples/QCLIP20260417R2_00432/frames/real/,16,
4418,QCLIP20260417R2_00433,quickclips_visomaster_teams,quickclips_visomaster_cropped_frames,samples/QCLIP20260417R2_00433/frames/real/,16,quickclips_visomaster_cropped_frames_teams,samples/QCLIP20260417R2_00433/frames/real/,16,
5792,QCLIP20260417R2_00434,quickclips_visomaster_teams,quickclips_visomaster_cropped_frames,samples/QCLIP20260417R2_00434/frames/real/,16,quickclips_visomaster_cropped_frames_teams,samples/QCLIP20260417R2_00434/frames/real/,16,
6278,QCLIP20260417R2_00435,quickclips_visomaster_teams,quickclips_visomaster_cropped_frames,samples/QCLIP20260417R2_00435/frames/real/,16,quickclips_visomaster_cropped_frames_teams,samples/QCLIP20260417R2_00435/frames/real/,16,
8430,QCLIP20260417R2_00436,quickclips_visomaster_teams,quickclips_visomaster_cropped_frames,samples/QCLIP20260417R2_00436/frames/real/,16,quickclips_visomaster_cropped_frames_teams,samples/QCLIP20260417R2_00436/frames/real/,16,
9089,QCLIP20260417R2_00437,quickclips_visomaster_teams,quickclips_visomaster_cropped_frames,samples/QCLIP20260417R2_00437/frames/real/,16,quickclips_visomaster_cropped_frames_teams,samples/QCLIP20260417R2_00437/frames/real/,16,
9345,QCLIP20260417R2_00438,quickclips_visomaster_teams,quickclips_visomaster_cropped_frames,samples/QCLIP20260417R2_00438/frames/real/,16,quickclips_visomaster_cropped_frames_teams,samples/QCLIP20260417R2_00438/frames/real/,16,
9409,QCLIP20260417R2_00439,quickclips_visomaster_teams,quickclips_visomaster_cropped_frames,samples/QCLIP20260417R2_00439/frames/real/,16,quickclips_visomaster_cropped_frames_teams,samples/QCLIP20260417R2_00439/frames/real/,16,
unknown_3SNSZSaonnk,QCLIP20260417R2_00440,quickclips_visomaster_teams,quickclips_visomaster_cropped_frames,samples/QCLIP20260417R2_00440/frames/real/,16,quickclips_visomaster_cropped_frames_teams,samples/QCLIP20260417R2_00440/frames/real/,16,
1199,QCLIP20260417R2_00441,quickclips_visomaster_teams,quickclips_visomaster_cropped_frames,samples/QCLIP20260417R2_00441/frames/real/,16,quickclips_visomaster_cropped_frames_teams,samples/QCLIP20260417R2_00441/frames/real/,16,
2273,QCLIP20260417R2_00442,quickclips_visomaster_teams,quickclips_visomaster_cropped_frames,samples/QCLIP20260417R2_00442/frames/real/,16,quickclips_visomaster_cropped_frames_teams,samples/QCLIP20260417R2_00442/frames/real/,16,
248,QCLIP20260417R2_00443,quickclips_visomaster_teams,quickclips_visomaster_cropped_frames,samples/QCLIP20260417R2_00443/frames/real/,16,quickclips_visomaster_cropped_frames_teams,samples/QCLIP20260417R2_00443/frames/real/,16,
280,QCLIP20260417R2_00444,quickclips_visomaster_teams,quickclips_visomaster_cropped_frames,samples/QCLIP20260417R2_00444/frames/real/,16,quickclips_visomaster_cropped_frames_teams,samples/QCLIP20260417R2_00444/frames/real/,16,
403,QCLIP20260417R2_00445,quickclips_visomaster_teams,quickclips_visomaster_cropped_frames,samples/QCLIP20260417R2_00445/frames/real/,16,quickclips_visomaster_cropped_frames_teams,samples/QCLIP20260417R2_00445/frames/real/,16,
6306,QCLIP20260417R2_00447,quickclips_visomaster_teams,quickclips_visomaster_cropped_frames,samples/QCLIP20260417R2_00447/frames/real/,16,quickclips_visomaster_cropped_frames_teams,samples/QCLIP20260417R2_00447/frames/real/,16,
65,QCLIP20260417R2_00448,quickclips_visomaster_teams,quickclips_visomaster_cropped_frames,samples/QCLIP20260417R2_00448/frames/real/,16,quickclips_visomaster_cropped_frames_teams,samples/QCLIP20260417R2_00448/frames/real/,16,
9246,QCLIP20260417R2_00449,quickclips_visomaster_teams,quickclips_visomaster_cropped_frames,samples/QCLIP20260417R2_00449/frames/real/,16,quickclips_visomaster_cropped_frames_teams,samples/QCLIP20260417R2_00449/frames/real/,16,
170,QCLIP20260417R2_00451,quickclips_visomaster_teams,quickclips_visomaster_cropped_frames,samples/QCLIP20260417R2_00451/frames/real/,16,quickclips_visomaster_cropped_frames_teams,samples/QCLIP20260417R2_00451/frames/real/,16,
4424,QCLIP20260417R2_00452,quickclips_visomaster_teams,quickclips_visomaster_cropped_frames,samples/QCLIP20260417R2_00452/frames/real/,16,quickclips_visomaster_cropped_frames_teams,samples/QCLIP20260417R2_00452/frames/real/,16,
4897,QCLIP20260417R2_00453,quickclips_visomaster_teams,quickclips_visomaster_cropped_frames,samples/QCLIP20260417R2_00453/frames/real/,16,quickclips_visomaster_cropped_frames_teams,samples/QCLIP20260417R2_00453/frames/real/,16,
6817,QCLIP20260417R2_00454,quickclips_visomaster_teams,quickclips_visomaster_cropped_frames,samples/QCLIP20260417R2_00454/frames/real/,16,quickclips_visomaster_cropped_frames_teams,samples/QCLIP20260417R2_00454/frames/real/,16,
7799,QCLIP20260417R2_00455,quickclips_visomaster_teams,quickclips_visomaster_cropped_frames,samples/QCLIP20260417R2_00455/frames/real/,16,quickclips_visomaster_cropped_frames_teams,samples/QCLIP20260417R2_00455/frames/real/,16,
7981,QCLIP20260417R2_00456,quickclips_visomaster_teams,quickclips_visomaster_cropped_frames,samples/QCLIP20260417R2_00456/frames/real/,16,quickclips_visomaster_cropped_frames_teams,samples/QCLIP20260417R2_00456/frames/real/,16,
1185,QCLIP20260417R2_00459,quickclips_visomaster_teams,quickclips_visomaster_cropped_frames,samples/QCLIP20260417R2_00459/frames/real/,16,quickclips_visomaster_cropped_frames_teams,samples/QCLIP20260417R2_00459/frames/real/,16,
170,QCLIP20260417R2_00460,quickclips_visomaster_teams,quickclips_visomaster_cropped_frames,samples/QCLIP20260417R2_00460/frames/real/,16,quickclips_visomaster_cropped_frames_teams,samples/QCLIP20260417R2_00460/frames/real/,16,
4424,QCLIP20260417R2_00461,quickclips_visomaster_teams,quickclips_visomaster_cropped_frames,samples/QCLIP20260417R2_00461/frames/real/,16,quickclips_visomaster_cropped_frames_teams,samples/QCLIP20260417R2_00461/frames/real/,16,
4897,QCLIP20260417R2_00462,quickclips_visomaster_teams,quickclips_visomaster_cropped_frames,samples/QCLIP20260417R2_00462/frames/real/,16,quickclips_visomaster_cropped_frames_teams,samples/QCLIP20260417R2_00462/frames/real/,16,
6817,QCLIP20260417R2_00463,quickclips_visomaster_teams,quickclips_visomaster_cropped_frames,samples/QCLIP20260417R2_00463/frames/real/,16,quickclips_visomaster_cropped_frames_teams,samples/QCLIP20260417R2_00463/frames/real/,16,
7799,QCLIP20260417R2_00464,quickclips_visomaster_teams,quickclips_visomaster_cropped_frames,samples/QCLIP20260417R2_00464/frames/real/,16,quickclips_visomaster_cropped_frames_teams,samples/QCLIP20260417R2_00464/frames/real/,16,
7981,QCLIP20260417R2_00465,quickclips_visomaster_teams,quickclips_visomaster_cropped_frames,samples/QCLIP20260417R2_00465/frames/real/,16,quickclips_visomaster_cropped_frames_teams,samples/QCLIP20260417R2_00465/frames/real/,16,
8006,QCLIP20260417R2_00466,quickclips_visomaster_teams,quickclips_visomaster_cropped_frames,samples/QCLIP20260417R2_00466/frames/real/,16,quickclips_visomaster_cropped_frames_teams,samples/QCLIP20260417R2_00466/frames/real/,16,
9197,QCLIP20260417R2_00467,quickclips_visomaster_teams,quickclips_visomaster_cropped_frames,samples/QCLIP20260417R2_00467/frames/real/,16,quickclips_visomaster_cropped_frames_teams,samples/QCLIP20260417R2_00467/frames/real/,16,
1900,QCLIP20260417R2_00468,quickclips_visomaster_teams,quickclips_visomaster_cropped_frames,samples/QCLIP20260417R2_00468/frames/real/,16,quickclips_visomaster_cropped_frames_teams,samples/QCLIP20260417R2_00468/frames/real/,16,
1962,QCLIP20260417R2_00469,quickclips_visomaster_teams,quickclips_visomaster_cropped_frames,samples/QCLIP20260417R2_00469/frames/real/,16,quickclips_visomaster_cropped_frames_teams,samples/QCLIP20260417R2_00469/frames/real/,16,
3226,QCLIP20260417R2_00470,quickclips_visomaster_teams,quickclips_visomaster_cropped_frames,samples/QCLIP20260417R2_00470/frames/real/,16,quickclips_visomaster_cropped_frames_teams,samples/QCLIP20260417R2_00470/frames/real/,16,
4219,QCLIP20260417R2_00471,quickclips_visomaster_teams,quickclips_visomaster_cropped_frames,samples/QCLIP20260417R2_00471/frames/real/,16,quickclips_visomaster_cropped_frames_teams,samples/QCLIP20260417R2_00471/frames/real/,16,
5584,QCLIP20260417R2_00472,quickclips_visomaster_teams,quickclips_visomaster_cropped_frames,samples/QCLIP20260417R2_00472/frames/real/,16,quickclips_visomaster_cropped_frames_teams,samples/QCLIP20260417R2_00472/frames/real/,16,
5897,QCLIP20260417R2_00473,quickclips_visomaster_teams,quickclips_visomaster_cropped_frames,samples/QCLIP20260417R2_00473/frames/real/,16,quickclips_visomaster_cropped_frames_teams,samples/QCLIP20260417R2_00473/frames/real/,16,
8241,QCLIP20260417R2_00474,quickclips_visomaster_teams,quickclips_visomaster_cropped_frames,samples/QCLIP20260417R2_00474/frames/real/,16,quickclips_visomaster_cropped_frames_teams,samples/QCLIP20260417R2_00474/frames/real/,16,
9068,QCLIP20260417R2_00475,quickclips_visomaster_teams,quickclips_visomaster_cropped_frames,samples/QCLIP20260417R2_00475/frames/real/,16,quickclips_visomaster_cropped_frames_teams,samples/QCLIP20260417R2_00475/frames/real/,16,
unknown_x1Efv_wF5LE,QCLIP20260417R2_00476,quickclips_visomaster_teams,quickclips_visomaster_cropped_frames,samples/QCLIP20260417R2_00476/frames/real/,16,quickclips_visomaster_cropped_frames_teams,samples/QCLIP20260417R2_00476/frames/real/,16,
178,QCLIP20260417R2_00477,quickclips_visomaster_teams,quickclips_visomaster_cropped_frames,samples/QCLIP20260417R2_00477/frames/real/,16,quickclips_visomaster_cropped_frames_teams,samples/QCLIP20260417R2_00477/frames/real/,16,
2904,QCLIP20260417R2_00478,quickclips_visomaster_teams,quickclips_visomaster_cropped_frames,samples/QCLIP20260417R2_00478/frames/real/,16,quickclips_visomaster_cropped_frames_teams,samples/QCLIP20260417R2_00478/frames/real/,16,
3884,QCLIP20260417R2_00479,quickclips_visomaster_teams,quickclips_visomaster_cropped_frames,samples/QCLIP20260417R2_00479/frames/real/,16,quickclips_visomaster_cropped_frames_teams,samples/QCLIP20260417R2_00479/frames/real/,16,
4368,QCLIP20260417R2_00480,quickclips_visomaster_teams,quickclips_visomaster_cropped_frames,samples/QCLIP20260417R2_00480/frames/real/,16,quickclips_visomaster_cropped_frames_teams,samples/QCLIP20260417R2_00480/frames/real/,16,
4435,QCLIP20260417R2_00481,quickclips_visomaster_teams,quickclips_visomaster_cropped_frames,samples/QCLIP20260417R2_00481/frames/real/,16,quickclips_visomaster_cropped_frames_teams,samples/QCLIP20260417R2_00481/frames/real/,16,
5093,QCLIP20260417R2_00482,quickclips_visomaster_teams,quickclips_visomaster_cropped_frames,samples/QCLIP20260417R2_00482/frames/real/,16,quickclips_visomaster_cropped_frames_teams,samples/QCLIP20260417R2_00482/frames/real/,16,
6387,QCLIP20260417R2_00483,quickclips_visomaster_teams,quickclips_visomaster_cropped_frames,samples/QCLIP20260417R2_00483/frames/real/,16,quickclips_visomaster_cropped_frames_teams,samples/QCLIP20260417R2_00483/frames/real/,16,
7938,QCLIP20260417R2_00484,quickclips_visomaster_teams,quickclips_visomaster_cropped_frames,samples/QCLIP20260417R2_00484/frames/real/,16,quickclips_visomaster_cropped_frames_teams,samples/QCLIP20260417R2_00484/frames/real/,16,
8228,QCLIP20260417R2_00485,quickclips_visomaster_teams,quickclips_visomaster_cropped_frames,samples/QCLIP20260417R2_00485/frames/real/,16,quickclips_visomaster_cropped_frames_teams,samples/QCLIP20260417R2_00485/frames/real/,16,
1064,QCLIP20260417R2_00486,quickclips_visomaster_teams,quickclips_visomaster_cropped_frames,samples/QCLIP20260417R2_00486/frames/real/,16,quickclips_visomaster_cropped_frames_teams,samples/QCLIP20260417R2_00486/frames/real/,16,
1261,QCLIP20260417R2_00487,quickclips_visomaster_teams,quickclips_visomaster_cropped_frames,samples/QCLIP20260417R2_00487/frames/real/,16,quickclips_visomaster_cropped_frames_teams,samples/QCLIP20260417R2_00487/frames/real/,16,
2255,QCLIP20260417R2_00489,quickclips_visomaster_teams,quickclips_visomaster_cropped_frames,samples/QCLIP20260417R2_00489/frames/real/,16,quickclips_visomaster_cropped_frames_teams,samples/QCLIP20260417R2_00489/frames/real/,16,
4088,QCLIP20260417R2_00490,quickclips_visomaster_teams,quickclips_visomaster_cropped_frames,samples/QCLIP20260417R2_00490/frames/real/,16,quickclips_visomaster_cropped_frames_teams,samples/QCLIP20260417R2_00490/frames/real/,16,
4695,QCLIP20260417R2_00491,quickclips_visomaster_teams,quickclips_visomaster_cropped_frames,samples/QCLIP20260417R2_00491/frames/real/,16,quickclips_visomaster_cropped_frames_teams,samples/QCLIP20260417R2_00491/frames/real/,16,
6420,QCLIP20260417R2_00492,quickclips_visomaster_teams,quickclips_visomaster_cropped_frames,samples/QCLIP20260417R2_00492/frames/real/,16,quickclips_visomaster_cropped_frames_teams,samples/QCLIP20260417R2_00492/frames/real/,16,
unknown_VSqUVGCrOhk,QCLIP20260417R2_00494,quickclips_visomaster_teams,quickclips_visomaster_cropped_frames,samples/QCLIP20260417R2_00494/frames/real/,16,quickclips_visomaster_cropped_frames_teams,samples/QCLIP20260417R2_00494/frames/real/,16,
1212,QCLIP20260417R2_00495,quickclips_visomaster_teams,quickclips_visomaster_cropped_frames,samples/QCLIP20260417R2_00495/frames/real/,16,quickclips_visomaster_cropped_frames_teams,samples/QCLIP20260417R2_00495/frames/real/,16,
1558,QCLIP20260417R2_00496,quickclips_visomaster_teams,quickclips_visomaster_cropped_frames,samples/QCLIP20260417R2_00496/frames/real/,16,quickclips_visomaster_cropped_frames_teams,samples/QCLIP20260417R2_00496/frames/real/,16,
3834,QCLIP20260417R2_00497,quickclips_visomaster_teams,quickclips_visomaster_cropped_frames,samples/QCLIP20260417R2_00497/frames/real/,16,quickclips_visomaster_cropped_frames_teams,samples/QCLIP20260417R2_00497/frames/real/,16,
4596,QCLIP20260417R2_00498,quickclips_visomaster_teams,quickclips_visomaster_cropped_frames,samples/QCLIP20260417R2_00498/frames/real/,16,quickclips_visomaster_cropped_frames_teams,samples/QCLIP20260417R2_00498/frames/real/,16,
4978,QCLIP20260417R2_00499,quickclips_visomaster_teams,quickclips_visomaster_cropped_frames,samples/QCLIP20260417R2_00499/frames/real/,16,quickclips_visomaster_cropped_frames_teams,samples/QCLIP20260417R2_00499/frames/real/,16,
4985,QCLIP20260417R2_00500,quickclips_visomaster_teams,quickclips_visomaster_cropped_frames,samples/QCLIP20260417R2_00500/frames/real/,16,quickclips_visomaster_cropped_frames_teams,samples/QCLIP20260417R2_00500/frames/real/,16,
6052,QCLIP20260417R2_00501,quickclips_visomaster_teams,quickclips_visomaster_cropped_frames,samples/QCLIP20260417R2_00501/frames/real/,16,quickclips_visomaster_cropped_frames_teams,samples/QCLIP20260417R2_00501/frames/real/,16,
8242,QCLIP20260417R2_00502,quickclips_visomaster_teams,quickclips_visomaster_cropped_frames,samples/QCLIP20260417R2_00502/frames/real/,16,quickclips_visomaster_cropped_frames_teams,samples/QCLIP20260417R2_00502/frames/real/,16,
9202,QCLIP20260417R2_00503,quickclips_visomaster_teams,quickclips_visomaster_cropped_frames,samples/QCLIP20260417R2_00503/frames/real/,16,quickclips_visomaster_cropped_frames_teams,samples/QCLIP20260417R2_00503/frames/real/,16,
1860,QCLIP20260417R2_00504,quickclips_visomaster_teams,quickclips_visomaster_cropped_frames,samples/QCLIP20260417R2_00504/frames/real/,16,quickclips_visomaster_cropped_frames_teams,samples/QCLIP20260417R2_00504/frames/real/,16,
2204,QCLIP20260417R2_00505,quickclips_visomaster_teams,quickclips_visomaster_cropped_frames,samples/QCLIP20260417R2_00505/frames/real/,16,quickclips_visomaster_cropped_frames_teams,samples/QCLIP20260417R2_00505/frames/real/,16,
4418,QCLIP20260417R2_00506,quickclips_visomaster_teams,quickclips_visomaster_cropped_frames,samples/QCLIP20260417R2_00506/frames/real/,16,quickclips_visomaster_cropped_frames_teams,samples/QCLIP20260417R2_00506/frames/real/,16,
5792,QCLIP20260417R2_00507,quickclips_visomaster_teams,quickclips_visomaster_cropped_frames,samples/QCLIP20260417R2_00507/frames/real/,16,quickclips_visomaster_cropped_frames_teams,samples/QCLIP20260417R2_00507/frames/real/,16,
8430,QCLIP20260417R2_00509,quickclips_visomaster_teams,quickclips_visomaster_cropped_frames,samples/QCLIP20260417R2_00509/frames/real/,16,quickclips_visomaster_cropped_frames_teams,samples/QCLIP20260417R2_00509/frames/real/,16,
9089,QCLIP20260417R2_00510,quickclips_visomaster_teams,quickclips_visomaster_cropped_frames,samples/QCLIP20260417R2_00510/frames/real/,16,quickclips_visomaster_cropped_frames_teams,samples/QCLIP20260417R2_00510/frames/real/,16,
9345,QCLIP20260417R2_00511,quickclips_visomaster_teams,quickclips_visomaster_cropped_frames,samples/QCLIP20260417R2_00511/frames/real/,16,quickclips_visomaster_cropped_frames_teams,samples/QCLIP20260417R2_00511/frames/real/,16,
9409,QCLIP20260417R2_00512,quickclips_visomaster_teams,quickclips_visomaster_cropped_frames,samples/QCLIP20260417R2_00512/frames/real/,16,quickclips_visomaster_cropped_frames_teams,samples/QCLIP20260417R2_00512/frames/real/,16,
unknown_3SNSZSaonnk,QCLIP20260417R2_00513,quickclips_visomaster_teams,quickclips_visomaster_cropped_frames,samples/QCLIP20260417R2_00513/frames/real/,16,quickclips_visomaster_cropped_frames_teams,samples/QCLIP20260417R2_00513/frames/real/,16,
1199,QCLIP20260417R2_00514,quickclips_visomaster_teams,quickclips_visomaster_cropped_frames,samples/QCLIP20260417R2_00514/frames/real/,16,quickclips_visomaster_cropped_frames_teams,samples/QCLIP20260417R2_00514/frames/real/,16,
2273,QCLIP20260417R2_00515,quickclips_visomaster_teams,quickclips_visomaster_cropped_frames,samples/QCLIP20260417R2_00515/frames/real/,16,quickclips_visomaster_cropped_frames_teams,samples/QCLIP20260417R2_00515/frames/real/,16,
248,QCLIP20260417R2_00516,quickclips_visomaster_teams,quickclips_visomaster_cropped_frames,samples/QCLIP20260417R2_00516/frames/real/,16,quickclips_visomaster_cropped_frames_teams,samples/QCLIP20260417R2_00516/frames/real/,16,
280,QCLIP20260417R2_00517,quickclips_visomaster_teams,quickclips_visomaster_cropped_frames,samples/QCLIP20260417R2_00517/frames/real/,16,quickclips_visomaster_cropped_frames_teams,samples/QCLIP20260417R2_00517/frames/real/,16,
403,QCLIP20260417R2_00518,quickclips_visomaster_teams,quickclips_visomaster_cropped_frames,samples/QCLIP20260417R2_00518/frames/real/,16,quickclips_visomaster_cropped_frames_teams,samples/QCLIP20260417R2_00518/frames/real/,16,
5618,QCLIP20260417R2_00520,quickclips_visomaster_teams,quickclips_visomaster_cropped_frames,samples/QCLIP20260417R2_00520/frames/real/,16,quickclips_visomaster_cropped_frames_teams,samples/QCLIP20260417R2_00520/frames/real/,16,
6306,QCLIP20260417R2_00521,quickclips_visomaster_teams,quickclips_visomaster_cropped_frames,samples/QCLIP20260417R2_00521/frames/real/,16,quickclips_visomaster_cropped_frames_teams,samples/QCLIP20260417R2_00521/frames/real/,16,
65,QCLIP20260417R2_00522,quickclips_visomaster_teams,quickclips_visomaster_cropped_frames,samples/QCLIP20260417R2_00522/frames/real/,16,quickclips_visomaster_cropped_frames_teams,samples/QCLIP20260417R2_00522/frames/real/,16,
jy9gOzticS8,QCLIP20260418R2X_00000,quickclips_visomaster_teams,quickclips_visomaster_cropped_frames,samples/QCLIP20260418R2X_00000/frames/real/,16,quickclips_visomaster_cropped_frames_teams,samples/QCLIP20260418R2X_00000/frames/real/,16,
wqNu6pNRAR4,QCLIP20260418R2X_00001,quickclips_visomaster_teams,quickclips_visomaster_cropped_frames,samples/QCLIP20260418R2X_00001/frames/real/,16,quickclips_visomaster_cropped_frames_teams,samples/QCLIP20260418R2X_00001/frames/real/,16,
139JznBeH-8,QCLIP20260418R2X_00002,quickclips_visomaster_teams,quickclips_visomaster_cropped_frames,samples/QCLIP20260418R2X_00002/frames/real/,16,quickclips_visomaster_cropped_frames_teams,samples/QCLIP20260418R2X_00002/frames/real/,16,
Vw3T_2O5kIo,QCLIP20260418R2X_00003,quickclips_visomaster_teams,quickclips_visomaster_cropped_frames,samples/QCLIP20260418R2X_00003/frames/real/,16,quickclips_visomaster_cropped_frames_teams,samples/QCLIP20260418R2X_00003/frames/real/,16,
cmkZwuidcRI,QCLIP20260418R2X_00004,quickclips_visomaster_teams,quickclips_visomaster_cropped_frames,samples/QCLIP20260418R2X_00004/frames/real/,16,quickclips_visomaster_cropped_frames_teams,samples/QCLIP20260418R2X_00004/frames/real/,16,
aSHfTCdZRrQ,QCLIP20260418R2X_00005,quickclips_visomaster_teams,quickclips_visomaster_cropped_frames,samples/QCLIP20260418R2X_00005/frames/real/,16,quickclips_visomaster_cropped_frames_teams,samples/QCLIP20260418R2X_00005/frames/real/,16,
pDiQ5W6CIM4,QCLIP20260418R2X_00007,quickclips_visomaster_teams,quickclips_visomaster_cropped_frames,samples/QCLIP20260418R2X_00007/frames/real/,16,quickclips_visomaster_cropped_frames_teams,samples/QCLIP20260418R2X_00007/frames/real/,16,
wE_pVFZTK9g,QCLIP20260418R2X_00008,quickclips_visomaster_teams,quickclips_visomaster_cropped_frames,samples/QCLIP20260418R2X_00008/frames/real/,16,quickclips_visomaster_cropped_frames_teams,samples/QCLIP20260418R2X_00008/frames/real/,16,
eI3eK87etAk,QCLIP20260418R2X_00009,quickclips_visomaster_teams,quickclips_visomaster_cropped_frames,samples/QCLIP20260418R2X_00009/frames/real/,16,quickclips_visomaster_cropped_frames_teams,samples/QCLIP20260418R2X_00009/frames/real/,16,
HJgyiVgLVwY,QCLIP20260418R2X_00010,quickclips_visomaster_teams,quickclips_visomaster_cropped_frames,samples/QCLIP20260418R2X_00010/frames/real/,16,quickclips_visomaster_cropped_frames_teams,samples/QCLIP20260418R2X_00010/frames/real/,16,
GIgRsGvOEI8,QCLIP20260418R2X_00011,quickclips_visomaster_teams,quickclips_visomaster_cropped_frames,samples/QCLIP20260418R2X_00011/frames/real/,16,quickclips_visomaster_cropped_frames_teams,samples/QCLIP20260418R2X_00011/frames/real/,16,
T3cY113SlTI,QCLIP20260418R2X_00012,quickclips_visomaster_teams,quickclips_visomaster_cropped_frames,samples/QCLIP20260418R2X_00012/frames/real/,16,quickclips_visomaster_cropped_frames_teams,samples/QCLIP20260418R2X_00012/frames/real/,16,
Mbd6Vl7UmBI,QCLIP20260418R2X_00013,quickclips_visomaster_teams,quickclips_visomaster_cropped_frames,samples/QCLIP20260418R2X_00013/frames/real/,16,quickclips_visomaster_cropped_frames_teams,samples/QCLIP20260418R2X_00013/frames/real/,16,
KxyceG1IkGY,QCLIP20260418R2X_00014,quickclips_visomaster_teams,quickclips_visomaster_cropped_frames,samples/QCLIP20260418R2X_00014/frames/real/,16,quickclips_visomaster_cropped_frames_teams,samples/QCLIP20260418R2X_00014/frames/real/,16,
8Bwgk9qYpaA,QCLIP20260418R2X_00015,quickclips_visomaster_teams,quickclips_visomaster_cropped_frames,samples/QCLIP20260418R2X_00015/frames/real/,16,quickclips_visomaster_cropped_frames_teams,samples/QCLIP20260418R2X_00015/frames/real/,16,
7tPaTyy1zgM,QCLIP20260418R2X_00016,quickclips_visomaster_teams,quickclips_visomaster_cropped_frames,samples/QCLIP20260418R2X_00016/frames/real/,16,quickclips_visomaster_cropped_frames_teams,samples/QCLIP20260418R2X_00016/frames/real/,16,
6Nc9oXEDfAc,QCLIP20260418R2X_00017,quickclips_visomaster_teams,quickclips_visomaster_cropped_frames,samples/QCLIP20260418R2X_00017/frames/real/,16,quickclips_visomaster_cropped_frames_teams,samples/QCLIP20260418R2X_00017/frames/real/,16,
BjVqQCT5rRg,QCLIP20260418R2X_00019,quickclips_visomaster_teams,quickclips_visomaster_cropped_frames,samples/QCLIP20260418R2X_00019/frames/real/,16,quickclips_visomaster_cropped_frames_teams,samples/QCLIP20260418R2X_00019/frames/real/,16,
hFTQ0oxSaVM,QCLIP20260418R2X_00020,quickclips_visomaster_teams,quickclips_visomaster_cropped_frames,samples/QCLIP20260418R2X_00020/frames/real/,16,quickclips_visomaster_cropped_frames_teams,samples/QCLIP20260418R2X_00020/frames/real/,16,
Bz9sTBNHfgw,QCLIP20260418R2X_00021,quickclips_visomaster_teams,quickclips_visomaster_cropped_frames,samples/QCLIP20260418R2X_00021/frames/real/,16,quickclips_visomaster_cropped_frames_teams,samples/QCLIP20260418R2X_00021/frames/real/,16,
Ab2oTYPzZdE,QCLIP20260418R2X_00022,quickclips_visomaster_teams,quickclips_visomaster_cropped_frames,samples/QCLIP20260418R2X_00022/frames/real/,16,quickclips_visomaster_cropped_frames_teams,samples/QCLIP20260418R2X_00022/frames/real/,16,
MqGBNwyqUxw,QCLIP20260418R2X_00023,quickclips_visomaster_teams,quickclips_visomaster_cropped_frames,samples/QCLIP20260418R2X_00023/frames/real/,16,quickclips_visomaster_cropped_frames_teams,samples/QCLIP20260418R2X_00023/frames/real/,16,
U4q9COX1_vU,QCLIP20260418R2X_00024,quickclips_visomaster_teams,quickclips_visomaster_cropped_frames,samples/QCLIP20260418R2X_00024/frames/real/,16,quickclips_visomaster_cropped_frames_teams,samples/QCLIP20260418R2X_00024/frames/real/,16,
KfVo1ibgDJ8,QCLIP20260418R2X_00025,quickclips_visomaster_teams,quickclips_visomaster_cropped_frames,samples/QCLIP20260418R2X_00025/frames/real/,16,quickclips_visomaster_cropped_frames_teams,samples/QCLIP20260418R2X_00025/frames/real/,16,
cvxqafWT7RY,QCLIP20260418R2X_00026,quickclips_visomaster_teams,quickclips_visomaster_cropped_frames,samples/QCLIP20260418R2X_00026/frames/real/,16,quickclips_visomaster_cropped_frames_teams,samples/QCLIP20260418R2X_00026/frames/real/,16,
Pl0mNynQBeM,QCLIP20260418R2X_00027,quickclips_visomaster_teams,quickclips_visomaster_cropped_frames,samples/QCLIP20260418R2X_00027/frames/real/,16,quickclips_visomaster_cropped_frames_teams,samples/QCLIP20260418R2X_00027/frames/real/,16,
PS_oFG9W0fw,QCLIP20260418R2X_00028,quickclips_visomaster_teams,quickclips_visomaster_cropped_frames,samples/QCLIP20260418R2X_00028/frames/real/,16,quickclips_visomaster_cropped_frames_teams,samples/QCLIP20260418R2X_00028/frames/real/,16,
nUpQLN9Ot1g,QCLIP20260418R2X_00029,quickclips_visomaster_teams,quickclips_visomaster_cropped_frames,samples/QCLIP20260418R2X_00029/frames/real/,16,quickclips_visomaster_cropped_frames_teams,samples/QCLIP20260418R2X_00029/frames/real/,16,
-QR1vtnCEUY,QCLIP20260418R2X_00030,quickclips_visomaster_teams,quickclips_visomaster_cropped_frames,samples/QCLIP20260418R2X_00030/frames/real/,16,quickclips_visomaster_cropped_frames_teams,samples/QCLIP20260418R2X_00030/frames/real/,16,
Pl0mNynQBeM,QCLIP20260418R2X_00031,quickclips_visomaster_teams,quickclips_visomaster_cropped_frames,samples/QCLIP20260418R2X_00031/frames/real/,16,quickclips_visomaster_cropped_frames_teams,samples/QCLIP20260418R2X_00031/frames/real/,16,
PS_oFG9W0fw,QCLIP20260418R2X_00032,quickclips_visomaster_teams,quickclips_visomaster_cropped_frames,samples/QCLIP20260418R2X_00032/frames/real/,16,quickclips_visomaster_cropped_frames_teams,samples/QCLIP20260418R2X_00032/frames/real/,16,
nUpQLN9Ot1g,QCLIP20260418R2X_00033,quickclips_visomaster_teams,quickclips_visomaster_cropped_frames,samples/QCLIP20260418R2X_00033/frames/real/,16,quickclips_visomaster_cropped_frames_teams,samples/QCLIP20260418R2X_00033/frames/real/,16,
-QR1vtnCEUY,QCLIP20260418R2X_00034,quickclips_visomaster_teams,quickclips_visomaster_cropped_frames,samples/QCLIP20260418R2X_00034/frames/real/,16,quickclips_visomaster_cropped_frames_teams,samples/QCLIP20260418R2X_00034/frames/real/,16,
jy9gOzticS8,QCLIP20260418R2X_00035,quickclips_visomaster_teams,quickclips_visomaster_cropped_frames,samples/QCLIP20260418R2X_00035/frames/real/,16,quickclips_visomaster_cropped_frames_teams,samples/QCLIP20260418R2X_00035/frames/real/,16,
wqNu6pNRAR4,QCLIP20260418R2X_00036,quickclips_visomaster_teams,quickclips_visomaster_cropped_frames,samples/QCLIP20260418R2X_00036/frames/real/,16,quickclips_visomaster_cropped_frames_teams,samples/QCLIP20260418R2X_00036/frames/real/,16,
Vw3T_2O5kIo,QCLIP20260418R2X_00037,quickclips_visomaster_teams,quickclips_visomaster_cropped_frames,samples/QCLIP20260418R2X_00037/frames/real/,16,quickclips_visomaster_cropped_frames_teams,samples/QCLIP20260418R2X_00037/frames/real/,16,
cmkZwuidcRI,QCLIP20260418R2X_00038,quickclips_visomaster_teams,quickclips_visomaster_cropped_frames,samples/QCLIP20260418R2X_00038/frames/real/,16,quickclips_visomaster_cropped_frames_teams,samples/QCLIP20260418R2X_00038/frames/real/,16,
aSHfTCdZRrQ,QCLIP20260418R2X_00039,quickclips_visomaster_teams,quickclips_visomaster_cropped_frames,samples/QCLIP20260418R2X_00039/frames/real/,16,quickclips_visomaster_cropped_frames_teams,samples/QCLIP20260418R2X_00039/frames/real/,16,
fLhcspXD78Y,QCLIP20260418R2X_00040,quickclips_visomaster_teams,quickclips_visomaster_cropped_frames,samples/QCLIP20260418R2X_00040/frames/real/,16,quickclips_visomaster_cropped_frames_teams,samples/QCLIP20260418R2X_00040/frames/real/,16,
pDiQ5W6CIM4,QCLIP20260418R2X_00041,quickclips_visomaster_teams,quickclips_visomaster_cropped_frames,samples/QCLIP20260418R2X_00041/frames/real/,16,quickclips_visomaster_cropped_frames_teams,samples/QCLIP20260418R2X_00041/frames/real/,16,
eI3eK87etAk,QCLIP20260418R2X_00042,quickclips_visomaster_teams,quickclips_visomaster_cropped_frames,samples/QCLIP20260418R2X_00042/frames/real/,16,quickclips_visomaster_cropped_frames_teams,samples/QCLIP20260418R2X_00042/frames/real/,16,
GIgRsGvOEI8,QCLIP20260418R2X_00043,quickclips_visomaster_teams,quickclips_visomaster_cropped_frames,samples/QCLIP20260418R2X_00043/frames/real/,16,quickclips_visomaster_cropped_frames_teams,samples/QCLIP20260418R2X_00043/frames/real/,16,
139JznBeH-8,QCLIP20260418R2X_00044,quickclips_visomaster_teams,quickclips_visomaster_cropped_frames,samples/QCLIP20260418R2X_00044/frames/real/,16,quickclips_visomaster_cropped_frames_teams,samples/QCLIP20260418R2X_00044/frames/real/,16,
T3cY113SlTI,QCLIP20260418R2X_00045,quickclips_visomaster_teams,quickclips_visomaster_cropped_frames,samples/QCLIP20260418R2X_00045/frames/real/,16,quickclips_visomaster_cropped_frames_teams,samples/QCLIP20260418R2X_00045/frames/real/,16,
Mbd6Vl7UmBI,QCLIP20260418R2X_00046,quickclips_visomaster_teams,quickclips_visomaster_cropped_frames,samples/QCLIP20260418R2X_00046/frames/real/,16,quickclips_visomaster_cropped_frames_teams,samples/QCLIP20260418R2X_00046/frames/real/,16,
KxyceG1IkGY,QCLIP20260418R2X_00047,quickclips_visomaster_teams,quickclips_visomaster_cropped_frames,samples/QCLIP20260418R2X_00047/frames/real/,16,quickclips_visomaster_cropped_frames_teams,samples/QCLIP20260418R2X_00047/frames/real/,16,
8Bwgk9qYpaA,QCLIP20260418R2X_00048,quickclips_visomaster_teams,quickclips_visomaster_cropped_frames,samples/QCLIP20260418R2X_00048/frames/real/,16,quickclips_visomaster_cropped_frames_teams,samples/QCLIP20260418R2X_00048/frames/real/,16,
7tPaTyy1zgM,QCLIP20260418R2X_00049,quickclips_visomaster_teams,quickclips_visomaster_cropped_frames,samples/QCLIP20260418R2X_00049/frames/real/,16,quickclips_visomaster_cropped_frames_teams,samples/QCLIP20260418R2X_00049/frames/real/,16,
6Nc9oXEDfAc,QCLIP20260418R2X_00050,quickclips_visomaster_teams,quickclips_visomaster_cropped_frames,samples/QCLIP20260418R2X_00050/frames/real/,16,quickclips_visomaster_cropped_frames_teams,samples/QCLIP20260418R2X_00050/frames/real/,16,
CO_QH6qk550,QCLIP20260418R2X_00051,quickclips_visomaster_teams,quickclips_visomaster_cropped_frames,samples/QCLIP20260418R2X_00051/frames/real/,16,quickclips_visomaster_cropped_frames_teams,samples/QCLIP20260418R2X_00051/frames/real/,16,
HJgyiVgLVwY,QCLIP20260418R2X_00053,quickclips_visomaster_teams,quickclips_visomaster_cropped_frames,samples/QCLIP20260418R2X_00053/frames/real/,16,quickclips_visomaster_cropped_frames_teams,samples/QCLIP20260418R2X_00053/frames/real/,16,
BjVqQCT5rRg,QCLIP20260418R2X_00054,quickclips_visomaster_teams,quickclips_visomaster_cropped_frames,samples/QCLIP20260418R2X_00054/frames/real/,16,quickclips_visomaster_cropped_frames_teams,samples/QCLIP20260418R2X_00054/frames/real/,16,
hFTQ0oxSaVM,QCLIP20260418R2X_00055,quickclips_visomaster_teams,quickclips_visomaster_cropped_frames,samples/QCLIP20260418R2X_00055/frames/real/,16,quickclips_visomaster_cropped_frames_teams,samples/QCLIP20260418R2X_00055/frames/real/,16,
Bz9sTBNHfgw,QCLIP20260418R2X_00056,quickclips_visomaster_teams,quickclips_visomaster_cropped_frames,samples/QCLIP20260418R2X_00056/frames/real/,16,quickclips_visomaster_cropped_frames_teams,samples/QCLIP20260418R2X_00056/frames/real/,16,
ny7faOdFbeE,QCLIP20260418R2X_00057,quickclips_visomaster_teams,quickclips_visomaster_cropped_frames,samples/QCLIP20260418R2X_00057/frames/real/,16,quickclips_visomaster_cropped_frames_teams,samples/QCLIP20260418R2X_00057/frames/real/,16,
MqGBNwyqUxw,QCLIP20260418R2X_00058,quickclips_visomaster_teams,quickclips_visomaster_cropped_frames,samples/QCLIP20260418R2X_00058/frames/real/,16,quickclips_visomaster_cropped_frames_teams,samples/QCLIP20260418R2X_00058/frames/real/,16,
U4q9COX1_vU,QCLIP20260418R2X_00059,quickclips_visomaster_teams,quickclips_visomaster_cropped_frames,samples/QCLIP20260418R2X_00059/frames/real/,16,quickclips_visomaster_cropped_frames_teams,samples/QCLIP20260418R2X_00059/frames/real/,16,
KfVo1ibgDJ8,QCLIP20260418R2X_00060,quickclips_visomaster_teams,quickclips_visomaster_cropped_frames,samples/QCLIP20260418R2X_00060/frames/real/,16,quickclips_visomaster_cropped_frames_teams,samples/QCLIP20260418R2X_00060/frames/real/,16,
cvxqafWT7RY,QCLIP20260418R2X_00061,quickclips_visomaster_teams,quickclips_visomaster_cropped_frames,samples/QCLIP20260418R2X_00061/frames/real/,16,quickclips_visomaster_cropped_frames_teams,samples/QCLIP20260418R2X_00061/frames/real/,16,
Lz4anX7bKd4,QCLIP20260418R2X_00062,quickclips_visomaster_teams,quickclips_visomaster_cropped_frames,samples/QCLIP20260418R2X_00062/frames/real/,16,quickclips_visomaster_cropped_frames_teams,samples/QCLIP20260418R2X_00062/frames/real/,16,
r297MmAo_ao,QCLIP20260418R2X_00064,quickclips_visomaster_teams,quickclips_visomaster_cropped_frames,samples/QCLIP20260418R2X_00064/frames/real/,16,quickclips_visomaster_cropped_frames_teams,samples/QCLIP20260418R2X_00064/frames/real/,16,
Xw0_SNuN1eE,QCLIP20260418R2X_00065,quickclips_visomaster_teams,quickclips_visomaster_cropped_frames,samples/QCLIP20260418R2X_00065/frames/real/,16,quickclips_visomaster_cropped_frames_teams,samples/QCLIP20260418R2X_00065/frames/real/,16,
XRA3N9wyN6I,QCLIP20260418R2X_00066,quickclips_visomaster_teams,quickclips_visomaster_cropped_frames,samples/QCLIP20260418R2X_00066/frames/real/,16,quickclips_visomaster_cropped_frames_teams,samples/QCLIP20260418R2X_00066/frames/real/,16,
FPm0ugLloe8,QCLIP20260418R2X_00067,quickclips_visomaster_teams,quickclips_visomaster_cropped_frames,samples/QCLIP20260418R2X_00067/frames/real/,16,quickclips_visomaster_cropped_frames_teams,samples/QCLIP20260418R2X_00067/frames/real/,16,
TWxmnQDQwPA,QCLIP20260418R2X_00068,quickclips_visomaster_teams,quickclips_visomaster_cropped_frames,samples/QCLIP20260418R2X_00068/frames/real/,16,quickclips_visomaster_cropped_frames_teams,samples/QCLIP20260418R2X_00068/frames/real/,16,
fFHDc6R1mgo,QCLIP20260418R2X_00069,quickclips_visomaster_teams,quickclips_visomaster_cropped_frames,samples/QCLIP20260418R2X_00069/frames/real/,16,quickclips_visomaster_cropped_frames_teams,samples/QCLIP20260418R2X_00069/frames/real/,16,
TfqXiNpJl98,QCLIP20260418R2X_00070,quickclips_visomaster_teams,quickclips_visomaster_cropped_frames,samples/QCLIP20260418R2X_00070/frames/real/,16,quickclips_visomaster_cropped_frames_teams,samples/QCLIP20260418R2X_00070/frames/real/,16,
3vTKjvIcsPU,QCLIP20260418R2X_00071,quickclips_visomaster_teams,quickclips_visomaster_cropped_frames,samples/QCLIP20260418R2X_00071/frames/real/,16,quickclips_visomaster_cropped_frames_teams,samples/QCLIP20260418R2X_00071/frames/real/,16,
KkCXMQ4Vl-E,QCLIP20260418R2X_00072,quickclips_visomaster_teams,quickclips_visomaster_cropped_frames,samples/QCLIP20260418R2X_00072/frames/real/,16,quickclips_visomaster_cropped_frames_teams,samples/QCLIP20260418R2X_00072/frames/real/,16,
Jrd6POciCBI,QCLIP20260418R2X_00073,quickclips_visomaster_teams,quickclips_visomaster_cropped_frames,samples/QCLIP20260418R2X_00073/frames/real/,16,quickclips_visomaster_cropped_frames_teams,samples/QCLIP20260418R2X_00073/frames/real/,16,
pKimBAKQbzY,QCLIP20260418R2X_00074,quickclips_visomaster_teams,quickclips_visomaster_cropped_frames,samples/QCLIP20260418R2X_00074/frames/real/,16,quickclips_visomaster_cropped_frames_teams,samples/QCLIP20260418R2X_00074/frames/real/,16,
_HrtWwT5CsY,QCLIP20260418R2X_00075,quickclips_visomaster_teams,quickclips_visomaster_cropped_frames,samples/QCLIP20260418R2X_00075/frames/real/,16,quickclips_visomaster_cropped_frames_teams,samples/QCLIP20260418R2X_00075/frames/real/,16,
wE_pVFZTK9g,QCLIP20260418R2X_00076,quickclips_visomaster_teams,quickclips_visomaster_cropped_frames,samples/QCLIP20260418R2X_00076/frames/real/,16,quickclips_visomaster_cropped_frames_teams,samples/QCLIP20260418R2X_00076/frames/real/,16,
2c1gN-g3YDo,QCLIP20260418R2X_00077,quickclips_visomaster_teams,quickclips_visomaster_cropped_frames,samples/QCLIP20260418R2X_00077/frames/real/,16,quickclips_visomaster_cropped_frames_teams,samples/QCLIP20260418R2X_00077/frames/real/,16,
LBb8Rqa29cQ,QCLIP20260418R2X_00078,quickclips_visomaster_teams,quickclips_visomaster_cropped_frames,samples/QCLIP20260418R2X_00078/frames/real/,16,quickclips_visomaster_cropped_frames_teams,samples/QCLIP20260418R2X_00078/frames/real/,16,
WPOH_MsASyI,QCLIP20260418R2X_00079,quickclips_visomaster_teams,quickclips_visomaster_cropped_frames,samples/QCLIP20260418R2X_00079/frames/real/,16,quickclips_visomaster_cropped_frames_teams,samples/QCLIP20260418R2X_00079/frames/real/,16,
r7JQRKps8Jk,QCLIP20260418R2X_00080,quickclips_visomaster_teams,quickclips_visomaster_cropped_frames,samples/QCLIP20260418R2X_00080/frames/real/,16,quickclips_visomaster_cropped_frames_teams,samples/QCLIP20260418R2X_00080/frames/real/,16,
BSe2iwALvio,QCLIP20260418R2X_00081,quickclips_visomaster_teams,quickclips_visomaster_cropped_frames,samples/QCLIP20260418R2X_00081/frames/real/,16,quickclips_visomaster_cropped_frames_teams,samples/QCLIP20260418R2X_00081/frames/real/,16,
ahXM2GAv_gs,QCLIP20260418R2X_00082,quickclips_visomaster_teams,quickclips_visomaster_cropped_frames,samples/QCLIP20260418R2X_00082/frames/real/,16,quickclips_visomaster_cropped_frames_teams,samples/QCLIP20260418R2X_00082/frames/real/,16,
i_IH09XTPDQ,QCLIP20260418R2X_00083,quickclips_visomaster_teams,quickclips_visomaster_cropped_frames,samples/QCLIP20260418R2X_00083/frames/real/,16,quickclips_visomaster_cropped_frames_teams,samples/QCLIP20260418R2X_00083/frames/real/,16,
IKHUqeniNtE,QCLIP20260418R2X_00084,quickclips_visomaster_teams,quickclips_visomaster_cropped_frames,samples/QCLIP20260418R2X_00084/frames/real/,16,quickclips_visomaster_cropped_frames_teams,samples/QCLIP20260418R2X_00084/frames/real/,16,
nr8SVuBO02E,QCLIP20260418R2X_00085,quickclips_visomaster_teams,quickclips_visomaster_cropped_frames,samples/QCLIP20260418R2X_00085/frames/real/,16,quickclips_visomaster_cropped_frames_teams,samples/QCLIP20260418R2X_00085/frames/real/,16,
vQkRvYJTi_Y,QCLIP20260418R2X_00086,quickclips_visomaster_teams,quickclips_visomaster_cropped_frames,samples/QCLIP20260418R2X_00086/frames/real/,16,quickclips_visomaster_cropped_frames_teams,samples/QCLIP20260418R2X_00086/frames/real/,16,
PH43PCc0ADA,QCLIP20260418R2X_00087,quickclips_visomaster_teams,quickclips_visomaster_cropped_frames,samples/QCLIP20260418R2X_00087/frames/real/,16,quickclips_visomaster_cropped_frames_teams,samples/QCLIP20260418R2X_00087/frames/real/,16,
P79ugKVKqiU,QCLIP20260418R2X_00088,quickclips_visomaster_teams,quickclips_visomaster_cropped_frames,samples/QCLIP20260418R2X_00088/frames/real/,16,quickclips_visomaster_cropped_frames_teams,samples/QCLIP20260418R2X_00088/frames/real/,16,
knKnIVIx08I,QCLIP20260418R2X_00089,quickclips_visomaster_teams,quickclips_visomaster_cropped_frames,samples/QCLIP20260418R2X_00089/frames/real/,16,quickclips_visomaster_cropped_frames_teams,samples/QCLIP20260418R2X_00089/frames/real/,16,
7nob6GOFW2M,QCLIP20260418R2X_00090,quickclips_visomaster_teams,quickclips_visomaster_cropped_frames,samples/QCLIP20260418R2X_00090/frames/real/,16,quickclips_visomaster_cropped_frames_teams,samples/QCLIP20260418R2X_00090/frames/real/,16,
wiyQQOg9COg,QCLIP20260418R2X_00091,quickclips_visomaster_teams,quickclips_visomaster_cropped_frames,samples/QCLIP20260418R2X_00091/frames/real/,16,quickclips_visomaster_cropped_frames_teams,samples/QCLIP20260418R2X_00091/frames/real/,16,
Yq138Fn-F9E,QCLIP20260418R2X_00092,quickclips_visomaster_teams,quickclips_visomaster_cropped_frames,samples/QCLIP20260418R2X_00092/frames/real/,16,quickclips_visomaster_cropped_frames_teams,samples/QCLIP20260418R2X_00092/frames/real/,16,
knKnIVIx08I,QCLIP20260418R2X_00093,quickclips_visomaster_teams,quickclips_visomaster_cropped_frames,samples/QCLIP20260418R2X_00093/frames/real/,16,quickclips_visomaster_cropped_frames_teams,samples/QCLIP20260418R2X_00093/frames/real/,16,
7nob6GOFW2M,QCLIP20260418R2X_00094,quickclips_visomaster_teams,quickclips_visomaster_cropped_frames,samples/QCLIP20260418R2X_00094/frames/real/,16,quickclips_visomaster_cropped_frames_teams,samples/QCLIP20260418R2X_00094/frames/real/,16,
wiyQQOg9COg,QCLIP20260418R2X_00095,quickclips_visomaster_teams,quickclips_visomaster_cropped_frames,samples/QCLIP20260418R2X_00095/frames/real/,16,quickclips_visomaster_cropped_frames_teams,samples/QCLIP20260418R2X_00095/frames/real/,16,
Yq138Fn-F9E,QCLIP20260418R2X_00096,quickclips_visomaster_teams,quickclips_visomaster_cropped_frames,samples/QCLIP20260418R2X_00096/frames/real/,16,quickclips_visomaster_cropped_frames_teams,samples/QCLIP20260418R2X_00096/frames/real/,16,
Lz4anX7bKd4,QCLIP20260418R2X_00097,quickclips_visomaster_teams,quickclips_visomaster_cropped_frames,samples/QCLIP20260418R2X_00097/frames/real/,16,quickclips_visomaster_cropped_frames_teams,samples/QCLIP20260418R2X_00097/frames/real/,16,
7vbiLARZJtk,QCLIP20260418R2X_00098,quickclips_visomaster_teams,quickclips_visomaster_cropped_frames,samples/QCLIP20260418R2X_00098/frames/real/,16,quickclips_visomaster_cropped_frames_teams,samples/QCLIP20260418R2X_00098/frames/real/,16,
r297MmAo_ao,QCLIP20260418R2X_00099,quickclips_visomaster_teams,quickclips_visomaster_cropped_frames,samples/QCLIP20260418R2X_00099/frames/real/,16,quickclips_visomaster_cropped_frames_teams,samples/QCLIP20260418R2X_00099/frames/real/,16,
Xw0_SNuN1eE,QCLIP20260418R2X_00100,quickclips_visomaster_teams,quickclips_visomaster_cropped_frames,samples/QCLIP20260418R2X_00100/frames/real/,16,quickclips_visomaster_cropped_frames_teams,samples/QCLIP20260418R2X_00100/frames/real/,16,
FPm0ugLloe8,QCLIP20260418R2X_00101,quickclips_visomaster_teams,quickclips_visomaster_cropped_frames,samples/QCLIP20260418R2X_00101/frames/real/,16,quickclips_visomaster_cropped_frames_teams,samples/QCLIP20260418R2X_00101/frames/real/,16,
fFHDc6R1mgo,QCLIP20260418R2X_00102,quickclips_visomaster_teams,quickclips_visomaster_cropped_frames,samples/QCLIP20260418R2X_00102/frames/real/,16,quickclips_visomaster_cropped_frames_teams,samples/QCLIP20260418R2X_00102/frames/real/,16,
TfqXiNpJl98,QCLIP20260418R2X_00103,quickclips_visomaster_teams,quickclips_visomaster_cropped_frames,samples/QCLIP20260418R2X_00103/frames/real/,16,quickclips_visomaster_cropped_frames_teams,samples/QCLIP20260418R2X_00103/frames/real/,16,
3vTKjvIcsPU,QCLIP20260418R2X_00104,quickclips_visomaster_teams,quickclips_visomaster_cropped_frames,samples/QCLIP20260418R2X_00104/frames/real/,16,quickclips_visomaster_cropped_frames_teams,samples/QCLIP20260418R2X_00104/frames/real/,16,
KkCXMQ4Vl-E,QCLIP20260418R2X_00105,quickclips_visomaster_teams,quickclips_visomaster_cropped_frames,samples/QCLIP20260418R2X_00105/frames/real/,16,quickclips_visomaster_cropped_frames_teams,samples/QCLIP20260418R2X_00105/frames/real/,16,
Jrd6POciCBI,QCLIP20260418R2X_00106,quickclips_visomaster_teams,quickclips_visomaster_cropped_frames,samples/QCLIP20260418R2X_00106/frames/real/,16,quickclips_visomaster_cropped_frames_teams,samples/QCLIP20260418R2X_00106/frames/real/,16,
pKimBAKQbzY,QCLIP20260418R2X_00107,quickclips_visomaster_teams,quickclips_visomaster_cropped_frames,samples/QCLIP20260418R2X_00107/frames/real/,16,quickclips_visomaster_cropped_frames_teams,samples/QCLIP20260418R2X_00107/frames/real/,16,
_HrtWwT5CsY,QCLIP20260418R2X_00108,quickclips_visomaster_teams,quickclips_visomaster_cropped_frames,samples/QCLIP20260418R2X_00108/frames/real/,16,quickclips_visomaster_cropped_frames_teams,samples/QCLIP20260418R2X_00108/frames/real/,16,
XRA3N9wyN6I,QCLIP20260418R2X_00109,quickclips_visomaster_teams,quickclips_visomaster_cropped_frames,samples/QCLIP20260418R2X_00109/frames/real/,16,quickclips_visomaster_cropped_frames_teams,samples/QCLIP20260418R2X_00109/frames/real/,16,
2c1gN-g3YDo,QCLIP20260418R2X_00110,quickclips_visomaster_teams,quickclips_visomaster_cropped_frames,samples/QCLIP20260418R2X_00110/frames/real/,16,quickclips_visomaster_cropped_frames_teams,samples/QCLIP20260418R2X_00110/frames/real/,16,
TWxmnQDQwPA,QCLIP20260418R2X_00111,quickclips_visomaster_teams,quickclips_visomaster_cropped_frames,samples/QCLIP20260418R2X_00111/frames/real/,16,quickclips_visomaster_cropped_frames_teams,samples/QCLIP20260418R2X_00111/frames/real/,16,
LBb8Rqa29cQ,QCLIP20260418R2X_00112,quickclips_visomaster_teams,quickclips_visomaster_cropped_frames,samples/QCLIP20260418R2X_00112/frames/real/,16,quickclips_visomaster_cropped_frames_teams,samples/QCLIP20260418R2X_00112/frames/real/,16,
WPOH_MsASyI,QCLIP20260418R2X_00113,quickclips_visomaster_teams,quickclips_visomaster_cropped_frames,samples/QCLIP20260418R2X_00113/frames/real/,16,quickclips_visomaster_cropped_frames_teams,samples/QCLIP20260418R2X_00113/frames/real/,16,
r7JQRKps8Jk,QCLIP20260418R2X_00114,quickclips_visomaster_teams,quickclips_visomaster_cropped_frames,samples/QCLIP20260418R2X_00114/frames/real/,16,quickclips_visomaster_cropped_frames_teams,samples/QCLIP20260418R2X_00114/frames/real/,16,
BSe2iwALvio,QCLIP20260418R2X_00115,quickclips_visomaster_teams,quickclips_visomaster_cropped_frames,samples/QCLIP20260418R2X_00115/frames/real/,16,quickclips_visomaster_cropped_frames_teams,samples/QCLIP20260418R2X_00115/frames/real/,16,
ahXM2GAv_gs,QCLIP20260418R2X_00116,quickclips_visomaster_teams,quickclips_visomaster_cropped_frames,samples/QCLIP20260418R2X_00116/frames/real/,16,quickclips_visomaster_cropped_frames_teams,samples/QCLIP20260418R2X_00116/frames/real/,16,
i_IH09XTPDQ,QCLIP20260418R2X_00117,quickclips_visomaster_teams,quickclips_visomaster_cropped_frames,samples/QCLIP20260418R2X_00117/frames/real/,16,quickclips_visomaster_cropped_frames_teams,samples/QCLIP20260418R2X_00117/frames/real/,16,
CO_QH6qk550,QCLIP20260418R2X_00118,quickclips_visomaster_teams,quickclips_visomaster_cropped_frames,samples/QCLIP20260418R2X_00118/frames/real/,16,quickclips_visomaster_cropped_frames_teams,samples/QCLIP20260418R2X_00118/frames/real/,16,
IKHUqeniNtE,QCLIP20260418R2X_00119,quickclips_visomaster_teams,quickclips_visomaster_cropped_frames,samples/QCLIP20260418R2X_00119/frames/real/,16,quickclips_visomaster_cropped_frames_teams,samples/QCLIP20260418R2X_00119/frames/real/,16,
nr8SVuBO02E,QCLIP20260418R2X_00120,quickclips_visomaster_teams,quickclips_visomaster_cropped_frames,samples/QCLIP20260418R2X_00120/frames/real/,16,quickclips_visomaster_cropped_frames_teams,samples/QCLIP20260418R2X_00120/frames/real/,16,
vQkRvYJTi_Y,QCLIP20260418R2X_00121,quickclips_visomaster_teams,quickclips_visomaster_cropped_frames,samples/QCLIP20260418R2X_00121/frames/real/,16,quickclips_visomaster_cropped_frames_teams,samples/QCLIP20260418R2X_00121/frames/real/,16,
PH43PCc0ADA,QCLIP20260418R2X_00122,quickclips_visomaster_teams,quickclips_visomaster_cropped_frames,samples/QCLIP20260418R2X_00122/frames/real/,16,quickclips_visomaster_cropped_frames_teams,samples/QCLIP20260418R2X_00122/frames/real/,16,
P79ugKVKqiU,QCLIP20260418R2X_00123,quickclips_visomaster_teams,quickclips_visomaster_cropped_frames,samples/QCLIP20260418R2X_00123/frames/real/,16,quickclips_visomaster_cropped_frames_teams,samples/QCLIP20260418R2X_00123/frames/real/,16,
LtE9DQnNZRw,QCLIP20260418R2X_00124,quickclips_visomaster_teams,quickclips_visomaster_cropped_frames,samples/QCLIP20260418R2X_00124/frames/real/,16,quickclips_visomaster_cropped_frames_teams,samples/QCLIP20260418R2X_00124/frames/real/,16,
GrGYgitDaUY,QCLIP20260418R2X_00125,quickclips_visomaster_teams,quickclips_visomaster_cropped_frames,samples/QCLIP20260418R2X_00125/frames/real/,16,quickclips_visomaster_cropped_frames_teams,samples/QCLIP20260418R2X_00125/frames/real/,16,
oAPYM1_dAtY,QCLIP20260418R2X_00126,quickclips_visomaster_teams,quickclips_visomaster_cropped_frames,samples/QCLIP20260418R2X_00126/frames/real/,16,quickclips_visomaster_cropped_frames_teams,samples/QCLIP20260418R2X_00126/frames/real/,16,
Q6N6HEl3Y3U,QCLIP20260418R2X_00127,quickclips_visomaster_teams,quickclips_visomaster_cropped_frames,samples/QCLIP20260418R2X_00127/frames/real/,16,quickclips_visomaster_cropped_frames_teams,samples/QCLIP20260418R2X_00127/frames/real/,16,
ujHmvxpFWzs,QCLIP20260418R2X_00128,quickclips_visomaster_teams,quickclips_visomaster_cropped_frames,samples/QCLIP20260418R2X_00128/frames/real/,16,quickclips_visomaster_cropped_frames_teams,samples/QCLIP20260418R2X_00128/frames/real/,16,
h6SMszFMa8M,QCLIP20260418R2X_00130,quickclips_visomaster_teams,quickclips_visomaster_cropped_frames,samples/QCLIP20260418R2X_00130/frames/real/,16,quickclips_visomaster_cropped_frames_teams,samples/QCLIP20260418R2X_00130/frames/real/,16,
CsuXDLbRlgQ,QCLIP20260418R2X_00131,quickclips_visomaster_teams,quickclips_visomaster_cropped_frames,samples/QCLIP20260418R2X_00131/frames/real/,16,quickclips_visomaster_cropped_frames_teams,samples/QCLIP20260418R2X_00131/frames/real/,16,
6QN-rwcl7dg,QCLIP20260418R2X_00132,quickclips_visomaster_teams,quickclips_visomaster_cropped_frames,samples/QCLIP20260418R2X_00132/frames/real/,16,quickclips_visomaster_cropped_frames_teams,samples/QCLIP20260418R2X_00132/frames/real/,16,
E1lAH0_Ifng,QCLIP20260418R2X_00133,quickclips_visomaster_teams,quickclips_visomaster_cropped_frames,samples/QCLIP20260418R2X_00133/frames/real/,16,quickclips_visomaster_cropped_frames_teams,samples/QCLIP20260418R2X_00133/frames/real/,16,
JFJ9BBacnls,QCLIP20260418R2X_00134,quickclips_visomaster_teams,quickclips_visomaster_cropped_frames,samples/QCLIP20260418R2X_00134/frames/real/,16,quickclips_visomaster_cropped_frames_teams,samples/QCLIP20260418R2X_00134/frames/real/,16,
dtJVDWFrVME,QCLIP20260418R2X_00135,quickclips_visomaster_teams,quickclips_visomaster_cropped_frames,samples/QCLIP20260418R2X_00135/frames/real/,16,quickclips_visomaster_cropped_frames_teams,samples/QCLIP20260418R2X_00135/frames/real/,16,
vQ2e_o5Zf8w,QCLIP20260418R2X_00136,quickclips_visomaster_teams,quickclips_visomaster_cropped_frames,samples/QCLIP20260418R2X_00136/frames/real/,16,quickclips_visomaster_cropped_frames_teams,samples/QCLIP20260418R2X_00136/frames/real/,16,
oUCQH11m-yY,QCLIP20260418R2X_00137,quickclips_visomaster_teams,quickclips_visomaster_cropped_frames,samples/QCLIP20260418R2X_00137/frames/real/,16,quickclips_visomaster_cropped_frames_teams,samples/QCLIP20260418R2X_00137/frames/real/,16,
J_1PEVB2nyc,QCLIP20260418R2X_00138,quickclips_visomaster_teams,quickclips_visomaster_cropped_frames,samples/QCLIP20260418R2X_00138/frames/real/,16,quickclips_visomaster_cropped_frames_teams,samples/QCLIP20260418R2X_00138/frames/real/,16,
dQvGUSmzWD0,QCLIP20260418R2X_00139,quickclips_visomaster_teams,quickclips_visomaster_cropped_frames,samples/QCLIP20260418R2X_00139/frames/real/,16,quickclips_visomaster_cropped_frames_teams,samples/QCLIP20260418R2X_00139/frames/real/,16,
vwr57bqqI9g,QCLIP20260418R2X_00140,quickclips_visomaster_teams,quickclips_visomaster_cropped_frames,samples/QCLIP20260418R2X_00140/frames/real/,16,quickclips_visomaster_cropped_frames_teams,samples/QCLIP20260418R2X_00140/frames/real/,16,
K6KEksIuIq8,QCLIP20260418R2X_00141,quickclips_visomaster_teams,quickclips_visomaster_cropped_frames,samples/QCLIP20260418R2X_00141/frames/real/,16,quickclips_visomaster_cropped_frames_teams,samples/QCLIP20260418R2X_00141/frames/real/,16,
a_GL0K3yo4s,QCLIP20260418R2X_00142,quickclips_visomaster_teams,quickclips_visomaster_cropped_frames,samples/QCLIP20260418R2X_00142/frames/real/,16,quickclips_visomaster_cropped_frames_teams,samples/QCLIP20260418R2X_00142/frames/real/,16,
7sZ2VsPDw8U,QCLIP20260418R2X_00143,quickclips_visomaster_teams,quickclips_visomaster_cropped_frames,samples/QCLIP20260418R2X_00143/frames/real/,16,quickclips_visomaster_cropped_frames_teams,samples/QCLIP20260418R2X_00143/frames/real/,16,
mw0LGzIKvoo,QCLIP20260418R2X_00144,quickclips_visomaster_teams,quickclips_visomaster_cropped_frames,samples/QCLIP20260418R2X_00144/frames/real/,16,quickclips_visomaster_cropped_frames_teams,samples/QCLIP20260418R2X_00144/frames/real/,16,
ncgEECML7ng,QCLIP20260418R2X_00145,quickclips_visomaster_teams,quickclips_visomaster_cropped_frames,samples/QCLIP20260418R2X_00145/frames/real/,16,quickclips_visomaster_cropped_frames_teams,samples/QCLIP20260418R2X_00145/frames/real/,16,
jm4E3PYAIy4,QCLIP20260418R2X_00146,quickclips_visomaster_teams,quickclips_visomaster_cropped_frames,samples/QCLIP20260418R2X_00146/frames/real/,16,quickclips_visomaster_cropped_frames_teams,samples/QCLIP20260418R2X_00146/frames/real/,16,
IkN6eM3acc4,QCLIP20260418R2X_00147,quickclips_visomaster_teams,quickclips_visomaster_cropped_frames,samples/QCLIP20260418R2X_00147/frames/real/,16,quickclips_visomaster_cropped_frames_teams,samples/QCLIP20260418R2X_00147/frames/real/,16,
WoOUbinKeF0,QCLIP20260418R2X_00148,quickclips_visomaster_teams,quickclips_visomaster_cropped_frames,samples/QCLIP20260418R2X_00148/frames/real/,16,quickclips_visomaster_cropped_frames_teams,samples/QCLIP20260418R2X_00148/frames/real/,16,
6zy9pysDdME,QCLIP20260418R2X_00149,quickclips_visomaster_teams,quickclips_visomaster_cropped_frames,samples/QCLIP20260418R2X_00149/frames/real/,16,quickclips_visomaster_cropped_frames_teams,samples/QCLIP20260418R2X_00149/frames/real/,16,
JfGfktwGCao,QCLIP20260418R2X_00150,quickclips_visomaster_teams,quickclips_visomaster_cropped_frames,samples/QCLIP20260418R2X_00150/frames/real/,16,quickclips_visomaster_cropped_frames_teams,samples/QCLIP20260418R2X_00150/frames/real/,16,
V-FB9fZtdAk,QCLIP20260418R2X_00151,quickclips_visomaster_teams,quickclips_visomaster_cropped_frames,samples/QCLIP20260418R2X_00151/frames/real/,16,quickclips_visomaster_cropped_frames_teams,samples/QCLIP20260418R2X_00151/frames/real/,16,
fQCBzW_T1TY,QCLIP20260418R2X_00153,quickclips_visomaster_teams,quickclips_visomaster_cropped_frames,samples/QCLIP20260418R2X_00153/frames/real/,16,quickclips_visomaster_cropped_frames_teams,samples/QCLIP20260418R2X_00153/frames/real/,16,
6zy9pysDdME,QCLIP20260418R2X_00154,quickclips_visomaster_teams,quickclips_visomaster_cropped_frames,samples/QCLIP20260418R2X_00154/frames/real/,16,quickclips_visomaster_cropped_frames_teams,samples/QCLIP20260418R2X_00154/frames/real/,16,
JfGfktwGCao,QCLIP20260418R2X_00155,quickclips_visomaster_teams,quickclips_visomaster_cropped_frames,samples/QCLIP20260418R2X_00155/frames/real/,16,quickclips_visomaster_cropped_frames_teams,samples/QCLIP20260418R2X_00155/frames/real/,16,
V-FB9fZtdAk,QCLIP20260418R2X_00156,quickclips_visomaster_teams,quickclips_visomaster_cropped_frames,samples/QCLIP20260418R2X_00156/frames/real/,16,quickclips_visomaster_cropped_frames_teams,samples/QCLIP20260418R2X_00156/frames/real/,16,
LtE9DQnNZRw,QCLIP20260418R2X_00158,quickclips_visomaster_teams,quickclips_visomaster_cropped_frames,samples/QCLIP20260418R2X_00158/frames/real/,16,quickclips_visomaster_cropped_frames_teams,samples/QCLIP20260418R2X_00158/frames/real/,16,
GrGYgitDaUY,QCLIP20260418R2X_00159,quickclips_visomaster_teams,quickclips_visomaster_cropped_frames,samples/QCLIP20260418R2X_00159/frames/real/,16,quickclips_visomaster_cropped_frames_teams,samples/QCLIP20260418R2X_00159/frames/real/,16,
Q6N6HEl3Y3U,QCLIP20260418R2X_00160,quickclips_visomaster_teams,quickclips_visomaster_cropped_frames,samples/QCLIP20260418R2X_00160/frames/real/,16,quickclips_visomaster_cropped_frames_teams,samples/QCLIP20260418R2X_00160/frames/real/,16,
ujHmvxpFWzs,QCLIP20260418R2X_00162,quickclips_visomaster_teams,quickclips_visomaster_cropped_frames,samples/QCLIP20260418R2X_00162/frames/real/,16,quickclips_visomaster_cropped_frames_teams,samples/QCLIP20260418R2X_00162/frames/real/,16,
oAPYM1_dAtY,QCLIP20260418R2X_00164,quickclips_visomaster_teams,quickclips_visomaster_cropped_frames,samples/QCLIP20260418R2X_00164/frames/real/,16,quickclips_visomaster_cropped_frames_teams,samples/QCLIP20260418R2X_00164/frames/real/,16,
h6SMszFMa8M,QCLIP20260418R2X_00165,quickclips_visomaster_teams,quickclips_visomaster_cropped_frames,samples/QCLIP20260418R2X_00165/frames/real/,16,quickclips_visomaster_cropped_frames_teams,samples/QCLIP20260418R2X_00165/frames/real/,16,
CsuXDLbRlgQ,QCLIP20260418R2X_00166,quickclips_visomaster_teams,quickclips_visomaster_cropped_frames,samples/QCLIP20260418R2X_00166/frames/real/,16,quickclips_visomaster_cropped_frames_teams,samples/QCLIP20260418R2X_00166/frames/real/,16,
6QN-rwcl7dg,QCLIP20260418R2X_00167,quickclips_visomaster_teams,quickclips_visomaster_cropped_frames,samples/QCLIP20260418R2X_00167/frames/real/,16,quickclips_visomaster_cropped_frames_teams,samples/QCLIP20260418R2X_00167/frames/real/,16,
E1lAH0_Ifng,QCLIP20260418R2X_00168,quickclips_visomaster_teams,quickclips_visomaster_cropped_frames,samples/QCLIP20260418R2X_00168/frames/real/,16,quickclips_visomaster_cropped_frames_teams,samples/QCLIP20260418R2X_00168/frames/real/,16,
JFJ9BBacnls,QCLIP20260418R2X_00169,quickclips_visomaster_teams,quickclips_visomaster_cropped_frames,samples/QCLIP20260418R2X_00169/frames/real/,16,quickclips_visomaster_cropped_frames_teams,samples/QCLIP20260418R2X_00169/frames/real/,16,
dtJVDWFrVME,QCLIP20260418R2X_00170,quickclips_visomaster_teams,quickclips_visomaster_cropped_frames,samples/QCLIP20260418R2X_00170/frames/real/,16,quickclips_visomaster_cropped_frames_teams,samples/QCLIP20260418R2X_00170/frames/real/,16,
vQ2e_o5Zf8w,QCLIP20260418R2X_00171,quickclips_visomaster_teams,quickclips_visomaster_cropped_frames,samples/QCLIP20260418R2X_00171/frames/real/,16,quickclips_visomaster_cropped_frames_teams,samples/QCLIP20260418R2X_00171/frames/real/,16,
oUCQH11m-yY,QCLIP20260418R2X_00172,quickclips_visomaster_teams,quickclips_visomaster_cropped_frames,samples/QCLIP20260418R2X_00172/frames/real/,16,quickclips_visomaster_cropped_frames_teams,samples/QCLIP20260418R2X_00172/frames/real/,16,
J_1PEVB2nyc,QCLIP20260418R2X_00173,quickclips_visomaster_teams,quickclips_visomaster_cropped_frames,samples/QCLIP20260418R2X_00173/frames/real/,16,quickclips_visomaster_cropped_frames_teams,samples/QCLIP20260418R2X_00173/frames/real/,16,
dQvGUSmzWD0,QCLIP20260418R2X_00174,quickclips_visomaster_teams,quickclips_visomaster_cropped_frames,samples/QCLIP20260418R2X_00174/frames/real/,16,quickclips_visomaster_cropped_frames_teams,samples/QCLIP20260418R2X_00174/frames/real/,16,
vwr57bqqI9g,QCLIP20260418R2X_00175,quickclips_visomaster_teams,quickclips_visomaster_cropped_frames,samples/QCLIP20260418R2X_00175/frames/real/,16,quickclips_visomaster_cropped_frames_teams,samples/QCLIP20260418R2X_00175/frames/real/,16,
K6KEksIuIq8,QCLIP20260418R2X_00176,quickclips_visomaster_teams,quickclips_visomaster_cropped_frames,samples/QCLIP20260418R2X_00176/frames/real/,16,quickclips_visomaster_cropped_frames_teams,samples/QCLIP20260418R2X_00176/frames/real/,16,
a_GL0K3yo4s,QCLIP20260418R2X_00177,quickclips_visomaster_teams,quickclips_visomaster_cropped_frames,samples/QCLIP20260418R2X_00177/frames/real/,16,quickclips_visomaster_cropped_frames_teams,samples/QCLIP20260418R2X_00177/frames/real/,16,
7sZ2VsPDw8U,QCLIP20260418R2X_00178,quickclips_visomaster_teams,quickclips_visomaster_cropped_frames,samples/QCLIP20260418R2X_00178/frames/real/,16,quickclips_visomaster_cropped_frames_teams,samples/QCLIP20260418R2X_00178/frames/real/,16,
mw0LGzIKvoo,QCLIP20260418R2X_00179,quickclips_visomaster_teams,quickclips_visomaster_cropped_frames,samples/QCLIP20260418R2X_00179/frames/real/,16,quickclips_visomaster_cropped_frames_teams,samples/QCLIP20260418R2X_00179/frames/real/,16,
ncgEECML7ng,QCLIP20260418R2X_00180,quickclips_visomaster_teams,quickclips_visomaster_cropped_frames,samples/QCLIP20260418R2X_00180/frames/real/,16,quickclips_visomaster_cropped_frames_teams,samples/QCLIP20260418R2X_00180/frames/real/,16,
jm4E3PYAIy4,QCLIP20260418R2X_00181,quickclips_visomaster_teams,quickclips_visomaster_cropped_frames,samples/QCLIP20260418R2X_00181/frames/real/,16,quickclips_visomaster_cropped_frames_teams,samples/QCLIP20260418R2X_00181/frames/real/,16,
IkN6eM3acc4,QCLIP20260418R2X_00182,quickclips_visomaster_teams,quickclips_visomaster_cropped_frames,samples/QCLIP20260418R2X_00182/frames/real/,16,quickclips_visomaster_cropped_frames_teams,samples/QCLIP20260418R2X_00182/frames/real/,16,
WoOUbinKeF0,QCLIP20260418R2X_00183,quickclips_visomaster_teams,quickclips_visomaster_cropped_frames,samples/QCLIP20260418R2X_00183/frames/real/,16,quickclips_visomaster_cropped_frames_teams,samples/QCLIP20260418R2X_00183/frames/real/,16,
4Zsh1MdoKiE,QCLIP20260418R2X_00184,quickclips_visomaster_teams,quickclips_visomaster_cropped_frames,samples/QCLIP20260418R2X_00184/frames/real/,16,quickclips_visomaster_cropped_frames_teams,samples/QCLIP20260418R2X_00184/frames/real/,16,
86sBla6aOuU,QCLIP20260418R2X_00186,quickclips_visomaster_teams,quickclips_visomaster_cropped_frames,samples/QCLIP20260418R2X_00186/frames/real/,16,quickclips_visomaster_cropped_frames_teams,samples/QCLIP20260418R2X_00186/frames/real/,16,
cKBLEyNbbjQ,QCLIP20260418R2X_00187,quickclips_visomaster_teams,quickclips_visomaster_cropped_frames,samples/QCLIP20260418R2X_00187/frames/real/,16,quickclips_visomaster_cropped_frames_teams,samples/QCLIP20260418R2X_00187/frames/real/,16,
KOKpwJ8qcQI,QCLIP20260418R2X_00188,quickclips_visomaster_teams,quickclips_visomaster_cropped_frames,samples/QCLIP20260418R2X_00188/frames/real/,16,quickclips_visomaster_cropped_frames_teams,samples/QCLIP20260418R2X_00188/frames/real/,16,
8Yomhcg2pf4,QCLIP20260418R2X_00189,quickclips_visomaster_teams,quickclips_visomaster_cropped_frames,samples/QCLIP20260418R2X_00189/frames/real/,16,quickclips_visomaster_cropped_frames_teams,samples/QCLIP20260418R2X_00189/frames/real/,16,
_--vXPVmaqQ,QCLIP20260418R2X_00190,quickclips_visomaster_teams,quickclips_visomaster_cropped_frames,samples/QCLIP20260418R2X_00190/frames/real/,16,quickclips_visomaster_cropped_frames_teams,samples/QCLIP20260418R2X_00190/frames/real/,16,
LBb8Rqa29cQ_scene067,QCLIP20260418R2X_00191,quickclips_visomaster_teams,quickclips_visomaster_cropped_frames,samples/QCLIP20260418R2X_00191/frames/real/,16,quickclips_visomaster_cropped_frames_teams,samples/QCLIP20260418R2X_00191/frames/real/,16,
LqtVslFhIw0,QCLIP20260418R2X_00193,quickclips_visomaster_teams,quickclips_visomaster_cropped_frames,samples/QCLIP20260418R2X_00193/frames/real/,16,quickclips_visomaster_cropped_frames_teams,samples/QCLIP20260418R2X_00193/frames/real/,16,
TPDgjwIGN9Y,QCLIP20260418R2X_00194,quickclips_visomaster_teams,quickclips_visomaster_cropped_frames,samples/QCLIP20260418R2X_00194/frames/real/,16,quickclips_visomaster_cropped_frames_teams,samples/QCLIP20260418R2X_00194/frames/real/,16,
ZPT-nU4A8eE,QCLIP20260418R2X_00195,quickclips_visomaster_teams,quickclips_visomaster_cropped_frames,samples/QCLIP20260418R2X_00195/frames/real/,16,quickclips_visomaster_cropped_frames_teams,samples/QCLIP20260418R2X_00195/frames/real/,16,
TQo9NNYl1DY,QCLIP20260418R2X_00196,quickclips_visomaster_teams,quickclips_visomaster_cropped_frames,samples/QCLIP20260418R2X_00196/frames/real/,16,quickclips_visomaster_cropped_frames_teams,samples/QCLIP20260418R2X_00196/frames/real/,16,
LcmG49--mDM,QCLIP20260418R2X_00197,quickclips_visomaster_teams,quickclips_visomaster_cropped_frames,samples/QCLIP20260418R2X_00197/frames/real/,16,quickclips_visomaster_cropped_frames_teams,samples/QCLIP20260418R2X_00197/frames/real/,16,
z9TUMru19U4,QCLIP20260418R2X_00198,quickclips_visomaster_teams,quickclips_visomaster_cropped_frames,samples/QCLIP20260418R2X_00198/frames/real/,16,quickclips_visomaster_cropped_frames_teams,samples/QCLIP20260418R2X_00198/frames/real/,16,
h8JE5rzZ9Bg,QCLIP20260418R2X_00199,quickclips_visomaster_teams,quickclips_visomaster_cropped_frames,samples/QCLIP20260418R2X_00199/frames/real/,16,quickclips_visomaster_cropped_frames_teams,samples/QCLIP20260418R2X_00199/frames/real/,16,
rpHDeLcLrRI,QCLIP20260418R2X_00200,quickclips_visomaster_teams,quickclips_visomaster_cropped_frames,samples/QCLIP20260418R2X_00200/frames/real/,16,quickclips_visomaster_cropped_frames_teams,samples/QCLIP20260418R2X_00200/frames/real/,16,
AYLVZdWafTQ,QCLIP20260418R2X_00201,quickclips_visomaster_teams,quickclips_visomaster_cropped_frames,samples/QCLIP20260418R2X_00201/frames/real/,16,quickclips_visomaster_cropped_frames_teams,samples/QCLIP20260418R2X_00201/frames/real/,16,
G1DEbEqPYWs,QCLIP20260418R2X_00202,quickclips_visomaster_teams,quickclips_visomaster_cropped_frames,samples/QCLIP20260418R2X_00202/frames/real/,16,quickclips_visomaster_cropped_frames_teams,samples/QCLIP20260418R2X_00202/frames/real/,16,
JVnprg2SVxA,QCLIP20260418R2X_00203,quickclips_visomaster_teams,quickclips_visomaster_cropped_frames,samples/QCLIP20260418R2X_00203/frames/real/,16,quickclips_visomaster_cropped_frames_teams,samples/QCLIP20260418R2X_00203/frames/real/,16,
LTbJAth-vNo,QCLIP20260418R2X_00204,quickclips_visomaster_teams,quickclips_visomaster_cropped_frames,samples/QCLIP20260418R2X_00204/frames/real/,16,quickclips_visomaster_cropped_frames_teams,samples/QCLIP20260418R2X_00204/frames/real/,16,
UfjanzTGEhA,QCLIP20260418R2X_00205,quickclips_visomaster_teams,quickclips_visomaster_cropped_frames,samples/QCLIP20260418R2X_00205/frames/real/,16,quickclips_visomaster_cropped_frames_teams,samples/QCLIP20260418R2X_00205/frames/real/,16,
49r9VxBt2Nc,QCLIP20260418R2X_00206,quickclips_visomaster_teams,quickclips_visomaster_cropped_frames,samples/QCLIP20260418R2X_00206/frames/real/,16,quickclips_visomaster_cropped_frames_teams,samples/QCLIP20260418R2X_00206/frames/real/,16,
jf5z5YsGbQY,QCLIP20260418R2X_00207,quickclips_visomaster_teams,quickclips_visomaster_cropped_frames,samples/QCLIP20260418R2X_00207/frames/real/,16,quickclips_visomaster_cropped_frames_teams,samples/QCLIP20260418R2X_00207/frames/real/,16,
0Hn3GMnjzAM,QCLIP20260418R2X_00208,quickclips_visomaster_teams,quickclips_visomaster_cropped_frames,samples/QCLIP20260418R2X_00208/frames/real/,16,quickclips_visomaster_cropped_frames_teams,samples/QCLIP20260418R2X_00208/frames/real/,16,
bypw_xjirNk,QCLIP20260418R2X_00209,quickclips_visomaster_teams,quickclips_visomaster_cropped_frames,samples/QCLIP20260418R2X_00209/frames/real/,16,quickclips_visomaster_cropped_frames_teams,samples/QCLIP20260418R2X_00209/frames/real/,16,
WUWamwmwgtg,QCLIP20260418R2X_00210,quickclips_visomaster_teams,quickclips_visomaster_cropped_frames,samples/QCLIP20260418R2X_00210/frames/real/,16,quickclips_visomaster_cropped_frames_teams,samples/QCLIP20260418R2X_00210/frames/real/,16,
_kyB9qF5JrQ,QCLIP20260418R2X_00211,quickclips_visomaster_teams,quickclips_visomaster_cropped_frames,samples/QCLIP20260418R2X_00211/frames/real/,16,quickclips_visomaster_cropped_frames_teams,samples/QCLIP20260418R2X_00211/frames/real/,16,
6rzWZmvtrA8,QCLIP20260418R2X_00212,quickclips_visomaster_teams,quickclips_visomaster_cropped_frames,samples/QCLIP20260418R2X_00212/frames/real/,16,quickclips_visomaster_cropped_frames_teams,samples/QCLIP20260418R2X_00212/frames/real/,16,
XKpXrD3SMsg,QCLIP20260418R2X_00213,quickclips_visomaster_teams,quickclips_visomaster_cropped_frames,samples/QCLIP20260418R2X_00213/frames/real/,16,quickclips_visomaster_cropped_frames_teams,samples/QCLIP20260418R2X_00213/frames/real/,16,
WUWamwmwgtg,QCLIP20260418R2X_00214,quickclips_visomaster_teams,quickclips_visomaster_cropped_frames,samples/QCLIP20260418R2X_00214/frames/real/,16,quickclips_visomaster_cropped_frames_teams,samples/QCLIP20260418R2X_00214/frames/real/,16,
_kyB9qF5JrQ,QCLIP20260418R2X_00215,quickclips_visomaster_teams,quickclips_visomaster_cropped_frames,samples/QCLIP20260418R2X_00215/frames/real/,16,quickclips_visomaster_cropped_frames_teams,samples/QCLIP20260418R2X_00215/frames/real/,16,
6rzWZmvtrA8,QCLIP20260418R2X_00216,quickclips_visomaster_teams,quickclips_visomaster_cropped_frames,samples/QCLIP20260418R2X_00216/frames/real/,16,quickclips_visomaster_cropped_frames_teams,samples/QCLIP20260418R2X_00216/frames/real/,16,
XKpXrD3SMsg,QCLIP20260418R2X_00217,quickclips_visomaster_teams,quickclips_visomaster_cropped_frames,samples/QCLIP20260418R2X_00217/frames/real/,16,quickclips_visomaster_cropped_frames_teams,samples/QCLIP20260418R2X_00217/frames/real/,16,
4Zsh1MdoKiE,QCLIP20260418R2X_00218,quickclips_visomaster_teams,quickclips_visomaster_cropped_frames,samples/QCLIP20260418R2X_00218/frames/real/,16,quickclips_visomaster_cropped_frames_teams,samples/QCLIP20260418R2X_00218/frames/real/,16,
zoV8oxh_Ap0,QCLIP20260418R2X_00219,quickclips_visomaster_teams,quickclips_visomaster_cropped_frames,samples/QCLIP20260418R2X_00219/frames/real/,16,quickclips_visomaster_cropped_frames_teams,samples/QCLIP20260418R2X_00219/frames/real/,16,
86sBla6aOuU,QCLIP20260418R2X_00220,quickclips_visomaster_teams,quickclips_visomaster_cropped_frames,samples/QCLIP20260418R2X_00220/frames/real/,16,quickclips_visomaster_cropped_frames_teams,samples/QCLIP20260418R2X_00220/frames/real/,16,
cKBLEyNbbjQ,QCLIP20260418R2X_00221,quickclips_visomaster_teams,quickclips_visomaster_cropped_frames,samples/QCLIP20260418R2X_00221/frames/real/,16,quickclips_visomaster_cropped_frames_teams,samples/QCLIP20260418R2X_00221/frames/real/,16,
KOKpwJ8qcQI,QCLIP20260418R2X_00222,quickclips_visomaster_teams,quickclips_visomaster_cropped_frames,samples/QCLIP20260418R2X_00222/frames/real/,16,quickclips_visomaster_cropped_frames_teams,samples/QCLIP20260418R2X_00222/frames/real/,16,
8Yomhcg2pf4,QCLIP20260418R2X_00223,quickclips_visomaster_teams,quickclips_visomaster_cropped_frames,samples/QCLIP20260418R2X_00223/frames/real/,16,quickclips_visomaster_cropped_frames_teams,samples/QCLIP20260418R2X_00223/frames/real/,16,
_--vXPVmaqQ,QCLIP20260418R2X_00224,quickclips_visomaster_teams,quickclips_visomaster_cropped_frames,samples/QCLIP20260418R2X_00224/frames/real/,16,quickclips_visomaster_cropped_frames_teams,samples/QCLIP20260418R2X_00224/frames/real/,16,
LBb8Rqa29cQ_scene067,QCLIP20260418R2X_00225,quickclips_visomaster_teams,quickclips_visomaster_cropped_frames,samples/QCLIP20260418R2X_00225/frames/real/,16,quickclips_visomaster_cropped_frames_teams,samples/QCLIP20260418R2X_00225/frames/real/,16,
caVBqnDm_7s,QCLIP20260418R2X_00226,quickclips_visomaster_teams,quickclips_visomaster_cropped_frames,samples/QCLIP20260418R2X_00226/frames/real/,16,quickclips_visomaster_cropped_frames_teams,samples/QCLIP20260418R2X_00226/frames/real/,16,
LqtVslFhIw0,QCLIP20260418R2X_00227,quickclips_visomaster_teams,quickclips_visomaster_cropped_frames,samples/QCLIP20260418R2X_00227/frames/real/,16,quickclips_visomaster_cropped_frames_teams,samples/QCLIP20260418R2X_00227/frames/real/,16,
TPDgjwIGN9Y,QCLIP20260418R2X_00228,quickclips_visomaster_teams,quickclips_visomaster_cropped_frames,samples/QCLIP20260418R2X_00228/frames/real/,16,quickclips_visomaster_cropped_frames_teams,samples/QCLIP20260418R2X_00228/frames/real/,16,
ZPT-nU4A8eE,QCLIP20260418R2X_00229,quickclips_visomaster_teams,quickclips_visomaster_cropped_frames,samples/QCLIP20260418R2X_00229/frames/real/,16,quickclips_visomaster_cropped_frames_teams,samples/QCLIP20260418R2X_00229/frames/real/,16,
vm_UDFbu3LY,QCLIP20260418R2X_00230,quickclips_visomaster_teams,quickclips_visomaster_cropped_frames,samples/QCLIP20260418R2X_00230/frames/real/,16,quickclips_visomaster_cropped_frames_teams,samples/QCLIP20260418R2X_00230/frames/real/,16,
z9TUMru19U4,QCLIP20260418R2X_00231,quickclips_visomaster_teams,quickclips_visomaster_cropped_frames,samples/QCLIP20260418R2X_00231/frames/real/,16,quickclips_visomaster_cropped_frames_teams,samples/QCLIP20260418R2X_00231/frames/real/,16,
h8JE5rzZ9Bg,QCLIP20260418R2X_00232,quickclips_visomaster_teams,quickclips_visomaster_cropped_frames,samples/QCLIP20260418R2X_00232/frames/real/,16,quickclips_visomaster_cropped_frames_teams,samples/QCLIP20260418R2X_00232/frames/real/,16,
rpHDeLcLrRI,QCLIP20260418R2X_00233,quickclips_visomaster_teams,quickclips_visomaster_cropped_frames,samples/QCLIP20260418R2X_00233/frames/real/,16,quickclips_visomaster_cropped_frames_teams,samples/QCLIP20260418R2X_00233/frames/real/,16,
AYLVZdWafTQ,QCLIP20260418R2X_00234,quickclips_visomaster_teams,quickclips_visomaster_cropped_frames,samples/QCLIP20260418R2X_00234/frames/real/,16,quickclips_visomaster_cropped_frames_teams,samples/QCLIP20260418R2X_00234/frames/real/,16,
G1DEbEqPYWs,QCLIP20260418R2X_00235,quickclips_visomaster_teams,quickclips_visomaster_cropped_frames,samples/QCLIP20260418R2X_00235/frames/real/,16,quickclips_visomaster_cropped_frames_teams,samples/QCLIP20260418R2X_00235/frames/real/,16,
JVnprg2SVxA,QCLIP20260418R2X_00236,quickclips_visomaster_teams,quickclips_visomaster_cropped_frames,samples/QCLIP20260418R2X_00236/frames/real/,16,quickclips_visomaster_cropped_frames_teams,samples/QCLIP20260418R2X_00236/frames/real/,16,
LTbJAth-vNo,QCLIP20260418R2X_00237,quickclips_visomaster_teams,quickclips_visomaster_cropped_frames,samples/QCLIP20260418R2X_00237/frames/real/,16,quickclips_visomaster_cropped_frames_teams,samples/QCLIP20260418R2X_00237/frames/real/,16,
UfjanzTGEhA,QCLIP20260418R2X_00238,quickclips_visomaster_teams,quickclips_visomaster_cropped_frames,samples/QCLIP20260418R2X_00238/frames/real/,16,quickclips_visomaster_cropped_frames_teams,samples/QCLIP20260418R2X_00238/frames/real/,16,
LcmG49--mDM,QCLIP20260418R2X_00239,quickclips_visomaster_teams,quickclips_visomaster_cropped_frames,samples/QCLIP20260418R2X_00239/frames/real/,16,quickclips_visomaster_cropped_frames_teams,samples/QCLIP20260418R2X_00239/frames/real/,16,
49r9VxBt2Nc,QCLIP20260418R2X_00240,quickclips_visomaster_teams,quickclips_visomaster_cropped_frames,samples/QCLIP20260418R2X_00240/frames/real/,16,quickclips_visomaster_cropped_frames_teams,samples/QCLIP20260418R2X_00240/frames/real/,16,
jf5z5YsGbQY,QCLIP20260418R2X_00241,quickclips_visomaster_teams,quickclips_visomaster_cropped_frames,samples/QCLIP20260418R2X_00241/frames/real/,16,quickclips_visomaster_cropped_frames_teams,samples/QCLIP20260418R2X_00241/frames/real/,16,
0Hn3GMnjzAM,QCLIP20260418R2X_00242,quickclips_visomaster_teams,quickclips_visomaster_cropped_frames,samples/QCLIP20260418R2X_00242/frames/real/,16,quickclips_visomaster_cropped_frames_teams,samples/QCLIP20260418R2X_00242/frames/real/,16,
bypw_xjirNk,QCLIP20260418R2X_00243,quickclips_visomaster_teams,quickclips_visomaster_cropped_frames,samples/QCLIP20260418R2X_00243/frames/real/,16,quickclips_visomaster_cropped_frames_teams,samples/QCLIP20260418R2X_00243/frames/real/,16,
visomaster_CSCS_00007,visomaster_CSCS_00007,visomaster_teams_enhanced,live-deepfake-methods-real-and-fake-frames-cropped,samples/visomaster_CSCS_00007/frames/real/,,live-deepfake-methods-real-and-fake-frames-cropped-teams-v2,samples/visomaster_CSCS_00007/frames/real/,22,clean_real_frame_count unverified: resolver row carries no clean-side count; clean_real_exists=true per resolver. identity_id falls back to sample_id because resolver row carries no manifest.original_video_name.
visomaster_CSCS_00019,visomaster_CSCS_00019,visomaster_teams_enhanced,live-deepfake-methods-real-and-fake-frames-cropped,samples/visomaster_CSCS_00019/frames/real/,,live-deepfake-methods-real-and-fake-frames-cropped-teams-v2,samples/visomaster_CSCS_00019/frames/real/,18,clean_real_frame_count unverified: resolver row carries no clean-side count; clean_real_exists=true per resolver. identity_id falls back to sample_id because resolver row carries no manifest.original_video_name.
visomaster_CSCS_00021,visomaster_CSCS_00021,visomaster_teams_enhanced,live-deepfake-methods-real-and-fake-frames-cropped,samples/visomaster_CSCS_00021/frames/real/,,live-deepfake-methods-real-and-fake-frames-cropped-teams-v2,samples/visomaster_CSCS_00021/frames/real/,22,clean_real_frame_count unverified: resolver row carries no clean-side count; clean_real_exists=true per resolver. identity_id falls back to sample_id because resolver row carries no manifest.original_video_name.
visomaster_CSCS_00028,visomaster_CSCS_00028,visomaster_teams_enhanced,live-deepfake-methods-real-and-fake-frames-cropped,samples/visomaster_CSCS_00028/frames/real/,,live-deepfake-methods-real-and-fake-frames-cropped-teams-v2,samples/visomaster_CSCS_00028/frames/real/,17,clean_real_frame_count unverified: resolver row carries no clean-side count; clean_real_exists=true per resolver. identity_id falls back to sample_id because resolver row carries no manifest.original_video_name.
visomaster_CSCS_00029,visomaster_CSCS_00029,visomaster_teams_enhanced,live-deepfake-methods-real-and-fake-frames-cropped,samples/visomaster_CSCS_00029/frames/real/,,live-deepfake-methods-real-and-fake-frames-cropped-teams-v2,samples/visomaster_CSCS_00029/frames/real/,19,clean_real_frame_count unverified: resolver row carries no clean-side count; clean_real_exists=true per resolver. identity_id falls back to sample_id because resolver row carries no manifest.original_video_name.
visomaster_GhostFace-v1_02002,visomaster_GhostFace-v1_02002,visomaster_teams_enhanced,live-deepfake-methods-real-and-fake-frames-cropped,samples/visomaster_GhostFace-v1_02002/frames/real/,,live-deepfake-methods-real-and-fake-frames-cropped-teams-v2,samples/visomaster_GhostFace-v1_02002/frames/real/,21,clean_real_frame_count unverified: resolver row carries no clean-side count; clean_real_exists=true per resolver. identity_id falls back to sample_id because resolver row carries no manifest.original_video_name.
visomaster_GhostFace-v1_02004,visomaster_GhostFace-v1_02004,visomaster_teams_enhanced,live-deepfake-methods-real-and-fake-frames-cropped,samples/visomaster_GhostFace-v1_02004/frames/real/,,live-deepfake-methods-real-and-fake-frames-cropped-teams-v2,samples/visomaster_GhostFace-v1_02004/frames/real/,18,clean_real_frame_count unverified: resolver row carries no clean-side count; clean_real_exists=true per resolver. identity_id falls back to sample_id because resolver row carries no manifest.original_video_name.
visomaster_GhostFace-v1_02011,visomaster_GhostFace-v1_02011,visomaster_teams_enhanced,live-deepfake-methods-real-and-fake-frames-cropped,samples/visomaster_GhostFace-v1_02011/frames/real/,,live-deepfake-methods-real-and-fake-frames-cropped-teams-v2,samples/visomaster_GhostFace-v1_02011/frames/real/,20,clean_real_frame_count unverified: resolver row carries no clean-side count; clean_real_exists=true per resolver. identity_id falls back to sample_id because resolver row carries no manifest.original_video_name.
visomaster_GhostFace-v1_02012,visomaster_GhostFace-v1_02012,visomaster_teams_enhanced,live-deepfake-methods-real-and-fake-frames-cropped,samples/visomaster_GhostFace-v1_02012/frames/real/,,live-deepfake-methods-real-and-fake-frames-cropped-teams-v2,samples/visomaster_GhostFace-v1_02012/frames/real/,20,clean_real_frame_count unverified: resolver row carries no clean-side count; clean_real_exists=true per resolver. identity_id falls back to sample_id because resolver row carries no manifest.original_video_name.
visomaster_GhostFace-v1_02017,visomaster_GhostFace-v1_02017,visomaster_teams_enhanced,live-deepfake-methods-real-and-fake-frames-cropped,samples/visomaster_GhostFace-v1_02017/frames/real/,,live-deepfake-methods-real-and-fake-frames-cropped-teams-v2,samples/visomaster_GhostFace-v1_02017/frames/real/,20,clean_real_frame_count unverified: resolver row carries no clean-side count; clean_real_exists=true per resolver. identity_id falls back to sample_id because resolver row carries no manifest.original_video_name.
visomaster_GhostFace-v1_02019,visomaster_GhostFace-v1_02019,visomaster_teams_enhanced,live-deepfake-methods-real-and-fake-frames-cropped,samples/visomaster_GhostFace-v1_02019/frames/real/,,live-deepfake-methods-real-and-fake-frames-cropped-teams-v2,samples/visomaster_GhostFace-v1_02019/frames/real/,18,clean_real_frame_count unverified: resolver row carries no clean-side count; clean_real_exists=true per resolver. identity_id falls back to sample_id because resolver row carries no manifest.original_video_name.
visomaster_GhostFace-v1_02024,visomaster_GhostFace-v1_02024,visomaster_teams_enhanced,live-deepfake-methods-real-and-fake-frames-cropped,samples/visomaster_GhostFace-v1_02024/frames/real/,,live-deepfake-methods-real-and-fake-frames-cropped-teams-v2,samples/visomaster_GhostFace-v1_02024/frames/real/,18,clean_real_frame_count unverified: resolver row carries no clean-side count; clean_real_exists=true per resolver. identity_id falls back to sample_id because resolver row carries no manifest.original_video_name.
visomaster_GhostFace-v1_02025,visomaster_GhostFace-v1_02025,visomaster_teams_enhanced,live-deepfake-methods-real-and-fake-frames-cropped,samples/visomaster_GhostFace-v1_02025/frames/real/,,live-deepfake-methods-real-and-fake-frames-cropped-teams-v2,samples/visomaster_GhostFace-v1_02025/frames/real/,18,clean_real_frame_count unverified: resolver row carries no clean-side count; clean_real_exists=true per resolver. identity_id falls back to sample_id because resolver row carries no manifest.original_video_name.
visomaster_GhostFace-v1_02028,visomaster_GhostFace-v1_02028,visomaster_teams_enhanced,live-deepfake-methods-real-and-fake-frames-cropped,samples/visomaster_GhostFace-v1_02028/frames/real/,,live-deepfake-methods-real-and-fake-frames-cropped-teams-v2,samples/visomaster_GhostFace-v1_02028/frames/real/,21,clean_real_frame_count unverified: resolver row carries no clean-side count; clean_real_exists=true per resolver. identity_id falls back to sample_id because resolver row carries no manifest.original_video_name.
visomaster_GhostFace-v1_02032,visomaster_GhostFace-v1_02032,visomaster_teams_enhanced,live-deepfake-methods-real-and-fake-frames-cropped,samples/visomaster_GhostFace-v1_02032/frames/real/,,live-deepfake-methods-real-and-fake-frames-cropped-teams-v2,samples/visomaster_GhostFace-v1_02032/frames/real/,20,clean_real_frame_count unverified: resolver row carries no clean-side count; clean_real_exists=true per resolver. identity_id falls back to sample_id because resolver row carries no manifest.original_video_name.
visomaster_GhostFace-v1_02034,visomaster_GhostFace-v1_02034,visomaster_teams_enhanced,live-deepfake-methods-real-and-fake-frames-cropped,samples/visomaster_GhostFace-v1_02034/frames/real/,,live-deepfake-methods-real-and-fake-frames-cropped-teams-v2,samples/visomaster_GhostFace-v1_02034/frames/real/,20,clean_real_frame_count unverified: resolver row carries no clean-side count; clean_real_exists=true per resolver. identity_id falls back to sample_id because resolver row carries no manifest.original_video_name.
visomaster_GhostFace-v2_04000,visomaster_GhostFace-v2_04000,visomaster_teams_enhanced,live-deepfake-methods-real-and-fake-frames-cropped,samples/visomaster_GhostFace-v2_04000/frames/real/,,live-deepfake-methods-real-and-fake-frames-cropped-teams-v2,samples/visomaster_GhostFace-v2_04000/frames/real/,20,clean_real_frame_count unverified: resolver row carries no clean-side count; clean_real_exists=true per resolver. identity_id falls back to sample_id because resolver row carries no manifest.original_video_name.
visomaster_GhostFace-v2_04002,visomaster_GhostFace-v2_04002,visomaster_teams_enhanced,live-deepfake-methods-real-and-fake-frames-cropped,samples/visomaster_GhostFace-v2_04002/frames/real/,,live-deepfake-methods-real-and-fake-frames-cropped-teams-v2,samples/visomaster_GhostFace-v2_04002/frames/real/,20,clean_real_frame_count unverified: resolver row carries no clean-side count; clean_real_exists=true per resolver. identity_id falls back to sample_id because resolver row carries no manifest.original_video_name.
visomaster_GhostFace-v2_04006,visomaster_GhostFace-v2_04006,visomaster_teams_enhanced,live-deepfake-methods-real-and-fake-frames-cropped,samples/visomaster_GhostFace-v2_04006/frames/real/,,live-deepfake-methods-real-and-fake-frames-cropped-teams-v2,samples/visomaster_GhostFace-v2_04006/frames/real/,20,clean_real_frame_count unverified: resolver row carries no clean-side count; clean_real_exists=true per resolver. identity_id falls back to sample_id because resolver row carries no manifest.original_video_name.
visomaster_GhostFace-v2_04017,visomaster_GhostFace-v2_04017,visomaster_teams_enhanced,live-deepfake-methods-real-and-fake-frames-cropped,samples/visomaster_GhostFace-v2_04017/frames/real/,,live-deepfake-methods-real-and-fake-frames-cropped-teams-v2,samples/visomaster_GhostFace-v2_04017/frames/real/,19,clean_real_frame_count unverified: resolver row carries no clean-side count; clean_real_exists=true per resolver. identity_id falls back to sample_id because resolver row carries no manifest.original_video_name.
visomaster_GhostFace-v2_04024,visomaster_GhostFace-v2_04024,visomaster_teams_enhanced,live-deepfake-methods-real-and-fake-frames-cropped,samples/visomaster_GhostFace-v2_04024/frames/real/,,live-deepfake-methods-real-and-fake-frames-cropped-teams-v2,samples/visomaster_GhostFace-v2_04024/frames/real/,19,clean_real_frame_count unverified: resolver row carries no clean-side count; clean_real_exists=true per resolver. identity_id falls back to sample_id because resolver row carries no manifest.original_video_name.
visomaster_GhostFace-v3_06001,visomaster_GhostFace-v3_06001,visomaster_teams_enhanced,live-deepfake-methods-real-and-fake-frames-cropped,samples/visomaster_GhostFace-v3_06001/frames/real/,,live-deepfake-methods-real-and-fake-frames-cropped-teams-v2,samples/visomaster_GhostFace-v3_06001/frames/real/,20,clean_real_frame_count unverified: resolver row carries no clean-side count; clean_real_exists=true per resolver. identity_id falls back to sample_id because resolver row carries no manifest.original_video_name.
visomaster_GhostFace-v3_06002,visomaster_GhostFace-v3_06002,visomaster_teams_enhanced,live-deepfake-methods-real-and-fake-frames-cropped,samples/visomaster_GhostFace-v3_06002/frames/real/,,live-deepfake-methods-real-and-fake-frames-cropped-teams-v2,samples/visomaster_GhostFace-v3_06002/frames/real/,19,clean_real_frame_count unverified: resolver row carries no clean-side count; clean_real_exists=true per resolver. identity_id falls back to sample_id because resolver row carries no manifest.original_video_name.
visomaster_GhostFace-v3_06003,visomaster_GhostFace-v3_06003,visomaster_teams_enhanced,live-deepfake-methods-real-and-fake-frames-cropped,samples/visomaster_GhostFace-v3_06003/frames/real/,,live-deepfake-methods-real-and-fake-frames-cropped-teams-v2,samples/visomaster_GhostFace-v3_06003/frames/real/,19,clean_real_frame_count unverified: resolver row carries no clean-side count; clean_real_exists=true per resolver. identity_id falls back to sample_id because resolver row carries no manifest.original_video_name.
visomaster_GhostFace-v3_06004,visomaster_GhostFace-v3_06004,visomaster_teams_enhanced,live-deepfake-methods-real-and-fake-frames-cropped,samples/visomaster_GhostFace-v3_06004/frames/real/,,live-deepfake-methods-real-and-fake-frames-cropped-teams-v2,samples/visomaster_GhostFace-v3_06004/frames/real/,21,clean_real_frame_count unverified: resolver row carries no clean-side count; clean_real_exists=true per resolver. identity_id falls back to sample_id because resolver row carries no manifest.original_video_name.
visomaster_GhostFace-v3_06006,visomaster_GhostFace-v3_06006,visomaster_teams_enhanced,live-deepfake-methods-real-and-fake-frames-cropped,samples/visomaster_GhostFace-v3_06006/frames/real/,,live-deepfake-methods-real-and-fake-frames-cropped-teams-v2,samples/visomaster_GhostFace-v3_06006/frames/real/,20,clean_real_frame_count unverified: resolver row carries no clean-side count; clean_real_exists=true per resolver. identity_id falls back to sample_id because resolver row carries no manifest.original_video_name.
visomaster_GhostFace-v3_06009,visomaster_GhostFace-v3_06009,visomaster_teams_enhanced,live-deepfake-methods-real-and-fake-frames-cropped,samples/visomaster_GhostFace-v3_06009/frames/real/,,live-deepfake-methods-real-and-fake-frames-cropped-teams-v2,samples/visomaster_GhostFace-v3_06009/frames/real/,19,clean_real_frame_count unverified: resolver row carries no clean-side count; clean_real_exists=true per resolver. identity_id falls back to sample_id because resolver row carries no manifest.original_video_name.
visomaster_GhostFace-v3_06014,visomaster_GhostFace-v3_06014,visomaster_teams_enhanced,live-deepfake-methods-real-and-fake-frames-cropped,samples/visomaster_GhostFace-v3_06014/frames/real/,,live-deepfake-methods-real-and-fake-frames-cropped-teams-v2,samples/visomaster_GhostFace-v3_06014/frames/real/,18,clean_real_frame_count unverified: resolver row carries no clean-side count; clean_real_exists=true per resolver. identity_id falls back to sample_id because resolver row carries no manifest.original_video_name.
visomaster_GhostFace-v3_06025,visomaster_GhostFace-v3_06025,visomaster_teams_enhanced,live-deepfake-methods-real-and-fake-frames-cropped,samples/visomaster_GhostFace-v3_06025/frames/real/,,live-deepfake-methods-real-and-fake-frames-cropped-teams-v2,samples/visomaster_GhostFace-v3_06025/frames/real/,19,clean_real_frame_count unverified: resolver row carries no clean-side count; clean_real_exists=true per resolver. identity_id falls back to sample_id because resolver row carries no manifest.original_video_name.
visomaster_GhostFace-v3_06026,visomaster_GhostFace-v3_06026,visomaster_teams_enhanced,live-deepfake-methods-real-and-fake-frames-cropped,samples/visomaster_GhostFace-v3_06026/frames/real/,,live-deepfake-methods-real-and-fake-frames-cropped-teams-v2,samples/visomaster_GhostFace-v3_06026/frames/real/,19,clean_real_frame_count unverified: resolver row carries no clean-side count; clean_real_exists=true per resolver. identity_id falls back to sample_id because resolver row carries no manifest.original_video_name.
visomaster_GhostFace-v3_06030,visomaster_GhostFace-v3_06030,visomaster_teams_enhanced,live-deepfake-methods-real-and-fake-frames-cropped,samples/visomaster_GhostFace-v3_06030/frames/real/,,live-deepfake-methods-real-and-fake-frames-cropped-teams-v2,samples/visomaster_GhostFace-v3_06030/frames/real/,19,clean_real_frame_count unverified: resolver row carries no clean-side count; clean_real_exists=true per resolver. identity_id falls back to sample_id because resolver row carries no manifest.original_video_name.
visomaster_GhostFace-v3_06035,visomaster_GhostFace-v3_06035,visomaster_teams_enhanced,live-deepfake-methods-real-and-fake-frames-cropped,samples/visomaster_GhostFace-v3_06035/frames/real/,,live-deepfake-methods-real-and-fake-frames-cropped-teams-v2,samples/visomaster_GhostFace-v3_06035/frames/real/,19,clean_real_frame_count unverified: resolver row carries no clean-side count; clean_real_exists=true per resolver. identity_id falls back to sample_id because resolver row carries no manifest.original_video_name.
visomaster_InStyleSwapper256-A_10005,visomaster_InStyleSwapper256-A_10005,visomaster_teams_enhanced,live-deepfake-methods-real-and-fake-frames-cropped,samples/visomaster_InStyleSwapper256-A_10005/frames/real/,,live-deepfake-methods-real-and-fake-frames-cropped-teams-v2,samples/visomaster_InStyleSwapper256-A_10005/frames/real/,19,clean_real_frame_count unverified: resolver row carries no clean-side count; clean_real_exists=true per resolver. identity_id falls back to sample_id because resolver row carries no manifest.original_video_name.
visomaster_InStyleSwapper256-A_10006,visomaster_InStyleSwapper256-A_10006,visomaster_teams_enhanced,live-deepfake-methods-real-and-fake-frames-cropped,samples/visomaster_InStyleSwapper256-A_10006/frames/real/,,live-deepfake-methods-real-and-fake-frames-cropped-teams-v2,samples/visomaster_InStyleSwapper256-A_10006/frames/real/,19,clean_real_frame_count unverified: resolver row carries no clean-side count; clean_real_exists=true per resolver. identity_id falls back to sample_id because resolver row carries no manifest.original_video_name.
visomaster_InStyleSwapper256-A_10007,visomaster_InStyleSwapper256-A_10007,visomaster_teams_enhanced,live-deepfake-methods-real-and-fake-frames-cropped,samples/visomaster_InStyleSwapper256-A_10007/frames/real/,,live-deepfake-methods-real-and-fake-frames-cropped-teams-v2,samples/visomaster_InStyleSwapper256-A_10007/frames/real/,18,clean_real_frame_count unverified: resolver row carries no clean-side count; clean_real_exists=true per resolver. identity_id falls back to sample_id because resolver row carries no manifest.original_video_name.
visomaster_InStyleSwapper256-A_10009,visomaster_InStyleSwapper256-A_10009,visomaster_teams_enhanced,live-deepfake-methods-real-and-fake-frames-cropped,samples/visomaster_InStyleSwapper256-A_10009/frames/real/,,live-deepfake-methods-real-and-fake-frames-cropped-teams-v2,samples/visomaster_InStyleSwapper256-A_10009/frames/real/,19,clean_real_frame_count unverified: resolver row carries no clean-side count; clean_real_exists=true per resolver. identity_id falls back to sample_id because resolver row carries no manifest.original_video_name.
visomaster_InStyleSwapper256-A_10014,visomaster_InStyleSwapper256-A_10014,visomaster_teams_enhanced,live-deepfake-methods-real-and-fake-frames-cropped,samples/visomaster_InStyleSwapper256-A_10014/frames/real/,,live-deepfake-methods-real-and-fake-frames-cropped-teams-v2,samples/visomaster_InStyleSwapper256-A_10014/frames/real/,19,clean_real_frame_count unverified: resolver row carries no clean-side count; clean_real_exists=true per resolver. identity_id falls back to sample_id because resolver row carries no manifest.original_video_name.
visomaster_InStyleSwapper256-A_10021,visomaster_InStyleSwapper256-A_10021,visomaster_teams_enhanced,live-deepfake-methods-real-and-fake-frames-cropped,samples/visomaster_InStyleSwapper256-A_10021/frames/real/,,live-deepfake-methods-real-and-fake-frames-cropped-teams-v2,samples/visomaster_InStyleSwapper256-A_10021/frames/real/,22,clean_real_frame_count unverified: resolver row carries no clean-side count; clean_real_exists=true per resolver. identity_id falls back to sample_id because resolver row carries no manifest.original_video_name.
visomaster_InStyleSwapper256-A_10026,visomaster_InStyleSwapper256-A_10026,visomaster_teams_enhanced,live-deepfake-methods-real-and-fake-frames-cropped,samples/visomaster_InStyleSwapper256-A_10026/frames/real/,,live-deepfake-methods-real-and-fake-frames-cropped-teams-v2,samples/visomaster_InStyleSwapper256-A_10026/frames/real/,20,clean_real_frame_count unverified: resolver row carries no clean-side count; clean_real_exists=true per resolver. identity_id falls back to sample_id because resolver row carries no manifest.original_video_name.
visomaster_InStyleSwapper256-A_10027,visomaster_InStyleSwapper256-A_10027,visomaster_teams_enhanced,live-deepfake-methods-real-and-fake-frames-cropped,samples/visomaster_InStyleSwapper256-A_10027/frames/real/,,live-deepfake-methods-real-and-fake-frames-cropped-teams-v2,samples/visomaster_InStyleSwapper256-A_10027/frames/real/,18,clean_real_frame_count unverified: resolver row carries no clean-side count; clean_real_exists=true per resolver. identity_id falls back to sample_id because resolver row carries no manifest.original_video_name.
visomaster_InStyleSwapper256-A_10033,visomaster_InStyleSwapper256-A_10033,visomaster_teams_enhanced,live-deepfake-methods-real-and-fake-frames-cropped,samples/visomaster_InStyleSwapper256-A_10033/frames/real/,,live-deepfake-methods-real-and-fake-frames-cropped-teams-v2,samples/visomaster_InStyleSwapper256-A_10033/frames/real/,18,clean_real_frame_count unverified: resolver row carries no clean-side count; clean_real_exists=true per resolver. identity_id falls back to sample_id because resolver row carries no manifest.original_video_name.
visomaster_InStyleSwapper256-B_12003,visomaster_InStyleSwapper256-B_12003,visomaster_teams_enhanced,live-deepfake-methods-real-and-fake-frames-cropped,samples/visomaster_InStyleSwapper256-B_12003/frames/real/,,live-deepfake-methods-real-and-fake-frames-cropped-teams-v2,samples/visomaster_InStyleSwapper256-B_12003/frames/real/,20,clean_real_frame_count unverified: resolver row carries no clean-side count; clean_real_exists=true per resolver. identity_id falls back to sample_id because resolver row carries no manifest.original_video_name.
visomaster_InStyleSwapper256-B_12007,visomaster_InStyleSwapper256-B_12007,visomaster_teams_enhanced,live-deepfake-methods-real-and-fake-frames-cropped,samples/visomaster_InStyleSwapper256-B_12007/frames/real/,,live-deepfake-methods-real-and-fake-frames-cropped-teams-v2,samples/visomaster_InStyleSwapper256-B_12007/frames/real/,20,clean_real_frame_count unverified: resolver row carries no clean-side count; clean_real_exists=true per resolver. identity_id falls back to sample_id because resolver row carries no manifest.original_video_name.
visomaster_InStyleSwapper256-B_12008,visomaster_InStyleSwapper256-B_12008,visomaster_teams_enhanced,live-deepfake-methods-real-and-fake-frames-cropped,samples/visomaster_InStyleSwapper256-B_12008/frames/real/,,live-deepfake-methods-real-and-fake-frames-cropped-teams-v2,samples/visomaster_InStyleSwapper256-B_12008/frames/real/,20,clean_real_frame_count unverified: resolver row carries no clean-side count; clean_real_exists=true per resolver. identity_id falls back to sample_id because resolver row carries no manifest.original_video_name.
visomaster_InStyleSwapper256-B_12009,visomaster_InStyleSwapper256-B_12009,visomaster_teams_enhanced,live-deepfake-methods-real-and-fake-frames-cropped,samples/visomaster_InStyleSwapper256-B_12009/frames/real/,,live-deepfake-methods-real-and-fake-frames-cropped-teams-v2,samples/visomaster_InStyleSwapper256-B_12009/frames/real/,18,clean_real_frame_count unverified: resolver row carries no clean-side count; clean_real_exists=true per resolver. identity_id falls back to sample_id because resolver row carries no manifest.original_video_name.
visomaster_InStyleSwapper256-B_12020,visomaster_InStyleSwapper256-B_12020,visomaster_teams_enhanced,live-deepfake-methods-real-and-fake-frames-cropped,samples/visomaster_InStyleSwapper256-B_12020/frames/real/,,live-deepfake-methods-real-and-fake-frames-cropped-teams-v2,samples/visomaster_InStyleSwapper256-B_12020/frames/real/,18,clean_real_frame_count unverified: resolver row carries no clean-side count; clean_real_exists=true per resolver. identity_id falls back to sample_id because resolver row carries no manifest.original_video_name.
visomaster_InStyleSwapper256-B_12028,visomaster_InStyleSwapper256-B_12028,visomaster_teams_enhanced,live-deepfake-methods-real-and-fake-frames-cropped,samples/visomaster_InStyleSwapper256-B_12028/frames/real/,,live-deepfake-methods-real-and-fake-frames-cropped-teams-v2,samples/visomaster_InStyleSwapper256-B_12028/frames/real/,19,clean_real_frame_count unverified: resolver row carries no clean-side count; clean_real_exists=true per resolver. identity_id falls back to sample_id because resolver row carries no manifest.original_video_name.
visomaster_InStyleSwapper256-B_12029,visomaster_InStyleSwapper256-B_12029,visomaster_teams_enhanced,live-deepfake-methods-real-and-fake-frames-cropped,samples/visomaster_InStyleSwapper256-B_12029/frames/real/,,live-deepfake-methods-real-and-fake-frames-cropped-teams-v2,samples/visomaster_InStyleSwapper256-B_12029/frames/real/,19,clean_real_frame_count unverified: resolver row carries no clean-side count; clean_real_exists=true per resolver. identity_id falls back to sample_id because resolver row carries no manifest.original_video_name.
visomaster_Inswapper128_08003,visomaster_Inswapper128_08003,visomaster_teams_enhanced,live-deepfake-methods-real-and-fake-frames-cropped,samples/visomaster_Inswapper128_08003/frames/real/,,live-deepfake-methods-real-and-fake-frames-cropped-teams-v2,samples/visomaster_Inswapper128_08003/frames/real/,20,clean_real_frame_count unverified: resolver row carries no clean-side count; clean_real_exists=true per resolver. identity_id falls back to sample_id because resolver row carries no manifest.original_video_name.
visomaster_Inswapper128_08015,visomaster_Inswapper128_08015,visomaster_teams_enhanced,live-deepfake-methods-real-and-fake-frames-cropped,samples/visomaster_Inswapper128_08015/frames/real/,,live-deepfake-methods-real-and-fake-frames-cropped-teams-v2,samples/visomaster_Inswapper128_08015/frames/real/,21,clean_real_frame_count unverified: resolver row carries no clean-side count; clean_real_exists=true per resolver. identity_id falls back to sample_id because resolver row carries no manifest.original_video_name.
visomaster_Inswapper128_08016,visomaster_Inswapper128_08016,visomaster_teams_enhanced,live-deepfake-methods-real-and-fake-frames-cropped,samples/visomaster_Inswapper128_08016/frames/real/,,live-deepfake-methods-real-and-fake-frames-cropped-teams-v2,samples/visomaster_Inswapper128_08016/frames/real/,19,clean_real_frame_count unverified: resolver row carries no clean-side count; clean_real_exists=true per resolver. identity_id falls back to sample_id because resolver row carries no manifest.original_video_name.
visomaster_Inswapper128_08018,visomaster_Inswapper128_08018,visomaster_teams_enhanced,live-deepfake-methods-real-and-fake-frames-cropped,samples/visomaster_Inswapper128_08018/frames/real/,,live-deepfake-methods-real-and-fake-frames-cropped-teams-v2,samples/visomaster_Inswapper128_08018/frames/real/,21,clean_real_frame_count unverified: resolver row carries no clean-side count; clean_real_exists=true per resolver. identity_id falls back to sample_id because resolver row carries no manifest.original_video_name.
visomaster_Inswapper128_08021,visomaster_Inswapper128_08021,visomaster_teams_enhanced,live-deepfake-methods-real-and-fake-frames-cropped,samples/visomaster_Inswapper128_08021/frames/real/,,live-deepfake-methods-real-and-fake-frames-cropped-teams-v2,samples/visomaster_Inswapper128_08021/frames/real/,21,clean_real_frame_count unverified: resolver row carries no clean-side count; clean_real_exists=true per resolver. identity_id falls back to sample_id because resolver row carries no manifest.original_video_name.
visomaster_Inswapper128_08028,visomaster_Inswapper128_08028,visomaster_teams_enhanced,live-deepfake-methods-real-and-fake-frames-cropped,samples/visomaster_Inswapper128_08028/frames/real/,,live-deepfake-methods-real-and-fake-frames-cropped-teams-v2,samples/visomaster_Inswapper128_08028/frames/real/,20,clean_real_frame_count unverified: resolver row carries no clean-side count; clean_real_exists=true per resolver. identity_id falls back to sample_id because resolver row carries no manifest.original_video_name.
