ckpt_key,pair_id,identity_id,source,projection_value
P8A_step5000,0,RD_Radio14,hdtf_visomaster_teams,-0.002781579887015123
P8A_step5000,1,RD_Radio27,hdtf_visomaster_teams,-0.021397754054131315
P8A_step5000,2,RD_Radio33,hdtf_visomaster_teams,-0.008723942205538252
P8A_step5000,3,RD_Radio38,hdtf_visomaster_teams,-0.00295182375843318
P8A_step5000,4,RD_Radio51,hdtf_visomaster_teams,-0.012098345788307562
P8A_step5000,5,WDA_BrianSchatz0,hdtf_visomaster_teams,0.03592694902175517
P8A_step5000,6,WDA_JoeDonnelly,hdtf_visomaster_teams,0.007854374451288518
P8A_step5000,7,WRA_DebFischer2,hdtf_visomaster_teams,0.03675121962669537
P8A_step5000,8,WRA_JohnKasich3,hdtf_visomaster_teams,0.015309966883705822
P8A_step5000,9,WRA_MarshaBlackburn0,hdtf_visomaster_teams,0.03657329818527041
P8A_step5000,10,WRA_PeterRoskam0,hdtf_visomaster_teams,0.0005863554246504071
P8A_step5000,11,WRA_ReincePriebus,hdtf_visomaster_teams,0.006611574336971366
P8A_step5000,12,RD_Radio45,hdtf_visomaster_teams,0.020433583836311955
P8A_step5000,13,WDA_CatherineCortezMasto,hdtf_visomaster_teams,0.014387626146494413
P8A_step5000,14,WDA_ChrisCoons1,hdtf_visomaster_teams,0.011347705253275883
P8A_step5000,15,WDA_DebbieDingell1,hdtf_visomaster_teams,0.014754830285722836
P8A_step5000,16,WDA_EricSwalwell,hdtf_visomaster_teams,0.011557356028423924
P8A_step5000,17,WRA_CoryGardner,hdtf_visomaster_teams,0.021711550564602
P8A_step5000,18,WRA_DavidVitter,hdtf_visomaster_teams,0.01504644374051932
P8A_step5000,19,WRA_DianeBlack1,hdtf_visomaster_teams,0.022696841157329117
P8A_step5000,20,WRA_JoeHeck1,hdtf_visomaster_teams,0.03785129898487955
P8A_step5000,21,WRA_RichardShelby,hdtf_visomaster_teams,0.019957645435406762
P8A_step5000,22,WRA_RogerWicker1,hdtf_visomaster_teams,0.04323866679189782
P8A_step5000,23,WDA_JackReed0,hdtf_visomaster_teams,0.004034476821092774
P8A_step5000,24,WRA_MarcoRubio,hdtf_visomaster_teams,0.012381296274912771
P8A_step5000,25,RD_Radio29,hdtf_visomaster_teams,0.011315890384700805
P8A_step5000,26,RD_Radio36,hdtf_visomaster_teams,0.020932502717146105
P8A_step5000,27,RD_Radio53,hdtf_visomaster_teams,0.015052216098176181
P8A_step5000,28,WDA_AmyKlobuchar1,hdtf_visomaster_teams,0.0001712424399366013
P8A_step5000,29,WDA_BobCasey1,hdtf_visomaster_teams,0.0038236514281865665
P8A_step5000,30,WDA_LucyMcBath,hdtf_visomaster_teams,0.011690935053048574
P8A_step5000,31,WRA_CoryGardner0,hdtf_visomaster_teams,-0.01268867927740834
P8A_step5000,32,WRA_DebFischer1,hdtf_visomaster_teams,0.007930747236199765
P8A_step5000,33,WRA_ErikPaulsen,hdtf_visomaster_teams,0.012670932765101017
P8A_step5000,34,WRA_RogerWicker2,hdtf_visomaster_teams,-0.002088403299537597
P8A_step5000,35,WDA_StenyHoyer,hdtf_visomaster_teams,0.016027327830883693
P8A_step5000,36,WDA_ZoeLofgren,hdtf_visomaster_teams,0.006825019769919238
P8A_step5000,37,WRA_AllenWest,hdtf_visomaster_teams,0.00547073306066387
P8A_step5000,38,WRA_DebFischer0,hdtf_visomaster_teams,0.01639961335194761
P8A_step5000,39,WRA_JohnBoehner1,hdtf_visomaster_teams,0.019876798128644853
P8A_step5000,40,WRA_JoniErnst1,hdtf_visomaster_teams,0.012556224972025815
P8A_step5000,41,WRA_MarkwayneMullin,hdtf_visomaster_teams,0.012106186484961087
P8A_step5000,42,WDA_TimWalz,hdtf_visomaster_teams,0.005658252427387418
P8A_step5000,43,WRA_JoePitts,hdtf_visomaster_teams,-0.00459714880931509
P8A_step5000,44,WRA_RobPortman,hdtf_visomaster_teams,0.00605079994113202
P8A_step5000,45,WDA_ElijahCummings,hdtf_visomaster_teams,0.0024194948067044943
P8A_step5000,46,WDA_VeronicaEscobar0,hdtf_visomaster_teams,-0.04606512485280806
P8A_step5000,47,WRA_JaimeHerreraBeutler0,hdtf_visomaster_teams,0.005002482198896435
P8A_step5000,48,WRA_PaulRyan1,hdtf_visomaster_teams,0.001526664952175202
P8A_step5000,49,RD_Radio13,hdtf_visomaster_teams,0.0062633651500995265
P8A_step5000,50,WDA_ChuckSchumer1,hdtf_visomaster_teams,0.011715854119068883
P8A_step5000,51,WDA_JoaquinCastro,hdtf_visomaster_teams,-0.020671607346128603
P8A_step5000,52,WDA_LloydDoggett0,hdtf_visomaster_teams,0.009406953052161389
P8A_step5000,53,WDA_PeterDeFazio,hdtf_visomaster_teams,0.01616553534894544
P8A_step5000,54,WDA_RichardNeal0,hdtf_visomaster_teams,-0.006785415909576519
P8A_step5000,55,WDA_TammyBaldwin1,hdtf_visomaster_teams,-0.028784301643237177
P8A_step5000,56,WRA_JohnKasich1,hdtf_visomaster_teams,0.012117188917945328
P8A_step5000,57,WRA_PeteHoekstra,hdtf_visomaster_teams,0.009948423036572947
P8A_step5000,58,RD_Radio2,hdtf_visomaster_teams,0.0037982167136411697
P8A_step5000,59,RD_Radio41,hdtf_visomaster_teams,0.011994166838279825
P8A_step5000,60,RD_Radio8,hdtf_visomaster_teams,0.01739214556785454
P8A_step5000,61,WDA_AndyKim,hdtf_visomaster_teams,-0.011443456129598639
P8A_step5000,62,WDA_BarbaraLee1,hdtf_visomaster_teams,0.004680370261955798
P8A_step5000,63,WDA_CedricRichmond,hdtf_visomaster_teams,0.008251941961296375
P8A_step5000,64,WDA_ChrisCoons,hdtf_visomaster_teams,0.019714778589590257
P8A_step5000,65,WDA_ChrisMurphy1,hdtf_visomaster_teams,-0.012622258911208457
P8A_step5000,66,WDA_DebbieWassermanSchultz,hdtf_visomaster_teams,-0.0003655415963253459
P8A_step5000,67,WDA_DonaldMcEachin,hdtf_visomaster_teams,0.0066934891932876155
P8A_step5000,68,WDA_DonnaShalala1,hdtf_visomaster_teams,-0.019241836114099707
P8A_step5000,69,WDA_HillaryClinton,hdtf_visomaster_teams,-0.011568233703940773
P8A_step5000,70,WDA_JoeCrowley0,hdtf_visomaster_teams,-0.0010036385864527922
P8A_step5000,71,WDA_JoeManchin,hdtf_visomaster_teams,0.03476356651425887
P8A_step5000,72,WDA_JohnSarbanes1,hdtf_visomaster_teams,0.00280318150651623
P8A_step5000,73,WDA_KarenBass,hdtf_visomaster_teams,0.03388765543203132
P8A_step5000,74,WDA_LaurenUnderwood,hdtf_visomaster_teams,0.02768538714509781
P8A_step5000,75,WDA_LisaBluntRochester,hdtf_visomaster_teams,0.040134420512720814
P8A_step5000,76,WDA_MichaelBennet,hdtf_visomaster_teams,0.020071169836798235
P8A_step5000,77,WDA_MichelleLujanGrisham,hdtf_visomaster_teams,-0.016309732959857978
P8A_step5000,78,WDA_NancyPelosi3,hdtf_visomaster_teams,-0.006586499283082321
P8A_step5000,79,WDA_PeterDeFazio,hdtf_visomaster_teams,0.02096004972104648
P8A_step5000,80,WDA_ScottPeters1,hdtf_visomaster_teams,-0.011420833277650169
P8A_step5000,81,WDA_SheldonWhitehouse1,hdtf_visomaster_teams,0.009991724634859697
P8A_step5000,82,WDA_TammyBaldwin1,hdtf_visomaster_teams,0.00794580697654717
P8A_step5000,83,WDA_TomUdall,hdtf_visomaster_teams,0.0016119154857192383
P8A_step5000,84,WRA_CarlyFiorina0,hdtf_visomaster_teams,0.012267308500129456
P8A_step5000,85,WRA_EricCantor,hdtf_visomaster_teams,0.004829238390436713
P8A_step5000,86,WRA_GeorgeLeMieux,hdtf_visomaster_teams,0.00058117141246216
P8A_step5000,87,WRA_JebHensarling0,hdtf_visomaster_teams,-0.007932534276203964
P8A_step5000,88,WRA_JebHensarling2,hdtf_visomaster_teams,0.0010400491182105476
P8A_step5000,89,WRA_JimRisch,hdtf_visomaster_teams,0.0032421200332471054
P8A_step5000,90,WRA_JohnKasich1,hdtf_visomaster_teams,0.008743682434340757
P8A_step5000,91,WRA_KayBaileyHutchison,hdtf_visomaster_teams,0.006546265465821016
P8A_step5000,92,WRA_KevinMcCarthy0,hdtf_visomaster_teams,0.007133122033114824
P8A_step5000,93,WRA_LamarAlexander0,hdtf_visomaster_teams,0.012909255644110074
P8A_step5000,94,WRA_NanHayworth,hdtf_visomaster_teams,0.004741205754529643
P8A_step5000,95,WRA_PeteHoekstra,hdtf_visomaster_teams,-0.003315095511327658
P8A_step5000,96,WRA_RogerWicker0,hdtf_visomaster_teams,0.012760678772591499
P8A_step5000,97,WRA_SteveDaines0,hdtf_visomaster_teams,0.022550852993699706
P8A_step5000,98,WRA_TomPrice,hdtf_visomaster_teams,0.009843618244872537
P8A_step5000,99,RD_Radio35,hdtf_visomaster_teams,0.002617746585508592
P8A_step5000,100,RD_Radio57,hdtf_visomaster_teams,-0.01888461226962416
P8A_step5000,101,WDA_AdamSmith,hdtf_visomaster_teams,-0.011911682629894177
P8A_step5000,102,WDA_BernieSanders,hdtf_visomaster_teams,0.015011197839940933
P8A_step5000,103,WDA_BillRichardson,hdtf_visomaster_teams,0.005379053815729522
P8A_step5000,104,WDA_DebbieDingell0,hdtf_visomaster_teams,-0.019044547140624774
P8A_step5000,105,WDA_DianaDeGette1,hdtf_visomaster_teams,-0.006807416336841467
P8A_step5000,106,WDA_JackReed0,hdtf_visomaster_teams,0.0031927289883858312
P8A_step5000,107,WDA_VeronicaEscobar0,hdtf_visomaster_teams,0.031588075904737375
P8A_step5000,108,WRA_DuncanHunter,hdtf_visomaster_teams,0.0069357572913906216
P8A_step5000,109,WRA_JohnBarrasso0,hdtf_visomaster_teams,0.0021397840087444067
P8A_step5000,110,WDA_ChrisCoons1,hdtf_visomaster_teams,0.009195092019499475
P8A_step5000,111,WDA_DebbieDingell1,hdtf_visomaster_teams,-0.0023182034960923612
P8A_step5000,112,WDA_EricSwalwell,hdtf_visomaster_teams,0.03920370625014268
P8A_step5000,113,WDA_HakeemJeffries,hdtf_visomaster_teams,0.023495944186101146
P8A_step5000,114,WDA_HenryWaxman,hdtf_visomaster_teams,0.011725700380288227
P8A_step5000,115,WRA_CoryGardner,hdtf_visomaster_teams,0.037820398694725504
P8A_step5000,116,WRA_RichardShelby,hdtf_visomaster_teams,0.011854181435533679
P8A_step5000,117,RD_Radio34,hdtf_visomaster_teams,-0.0026075310200565365
P8A_step5000,118,RD_Radio39,hdtf_visomaster_teams,0.03501777467261476
P8A_step5000,119,RD_Radio51,hdtf_visomaster_teams,0.028028204909819915
P8A_step5000,120,WDA_DanKildee1,hdtf_visomaster_teams,0.00346762215262297
P8A_step5000,121,WDA_FrankPallone0,hdtf_visomaster_teams,-0.011580649048254725
P8A_step5000,122,WDA_TedDeutch,hdtf_visomaster_teams,0.0037788354826968334
P8A_step5000,123,WDA_TimWalz,hdtf_visomaster_teams,0.0046999077112345414
P8A_step5000,124,WRA_JoePitts,hdtf_visomaster_teams,0.011860286916271336
P8A_step5000,125,WRA_JohnBoozman,hdtf_visomaster_teams,-0.00014117433106441025
P8A_step5000,126,WRA_JohnHoeven,hdtf_visomaster_teams,0.014072955978272348
P8A_step5000,127,WRA_JohnKasich3,hdtf_visomaster_teams,0.022168738848421708
P8A_step5000,128,WRA_MitchDaniels0,hdtf_visomaster_teams,0.016186280969781766
P8A_step5000,129,WRA_RobPortman,hdtf_visomaster_teams,0.01821325798939652
P8A_step5000,130,WDA_BobbyScott,hdtf_visomaster_teams,-0.0005738751309492123
P8A_step5000,131,WDA_KimSchrier,hdtf_visomaster_teams,0.034266227375253804
P8A_step5000,132,WDA_KirstenGillibrand,hdtf_visomaster_teams,0.00427761784970313
P8A_step5000,133,WDA_RaulRuiz,hdtf_visomaster_teams,0.013288876731543095
P8A_step5000,134,WDA_TinaSmith,hdtf_visomaster_teams,0.0009284184476029671
P8A_step5000,135,WRA_CoryGardner0,hdtf_visomaster_teams,-0.013325329969133935
P8A_step5000,136,WRA_CoryGardner1,hdtf_visomaster_teams,0.021688657435618517
P8A_step5000,137,WRA_ErikPaulsen,hdtf_visomaster_teams,0.005863153006971744
P8A_step5000,138,WRA_JaimeHerreraBeutler0,hdtf_visomaster_teams,-0.00788192659929866
P8A_step5000,139,WRA_KevinBrady,hdtf_visomaster_teams,0.014946152961425919
P8A_step5000,140,WRA_KristiNoem2,hdtf_visomaster_teams,-0.0001821219876686985
P8A_step5000,141,RD_Radio48,hdtf_visomaster_teams,0.02235860982686244
P8A_step5000,142,RD_Radio9,hdtf_visomaster_teams,0.054799837245509124
P8A_step5000,143,WDA_ChuckSchumer0,hdtf_visomaster_teams,0.009549650967903271
P8A_step5000,144,WDA_EdMarkey0,hdtf_visomaster_teams,0.00034260665925908186
P8A_step5000,145,WDA_EliotEngel,hdtf_visomaster_teams,-0.03043104130566617
P8A_step5000,146,WDA_FrankPallone1,hdtf_visomaster_teams,-0.0022621704022625093
P8A_step5000,147,WDA_GerryConnolly,hdtf_visomaster_teams,0.02698536101015793
P8A_step5000,148,WDA_JonTester0,hdtf_visomaster_teams,0.0046944711172390114
P8A_step5000,149,WDA_NancyPelosi0,hdtf_visomaster_teams,0.002232015652903947
P8A_step5000,150,WDA_TerriSewell0,hdtf_visomaster_teams,0.0017133901906548675
P8A_step5000,151,WRA_AllenWest,hdtf_visomaster_teams,0.01633806383743259
P8A_step5000,152,WRA_JoniErnst0,hdtf_visomaster_teams,0.0025034192542266608
P8A_step5000,153,WRA_MarshaBlackburn0,hdtf_visomaster_teams,-0.008600133474409558
P8A_step5000,154,WRA_MittRomney,hdtf_visomaster_teams,0.01783687010269259
P8A_step5000,155,RD_Radio33,hdtf_visomaster_teams,0.03828571236004168
P8A_step5000,156,RD_Radio5,hdtf_visomaster_teams,-0.01257606854353955
P8A_step5000,157,WDA_CarolynMaloney1,hdtf_visomaster_teams,-0.002790446242295144
P8A_step5000,158,WDA_JoeKennedy,hdtf_visomaster_teams,0.007446008383882362
P8A_step5000,159,WDA_ScottPeters0,hdtf_visomaster_teams,0.011932934984941801
P8A_step5000,160,WDA_StenyHoyer,hdtf_visomaster_teams,0.02251662603287058
P8A_step5000,161,WDA_ZoeLofgren,hdtf_visomaster_teams,0.011422950551966994
P8A_step5000,162,WRA_DebFischer0,hdtf_visomaster_teams,0.018505265332960746
P8A_step5000,163,WRA_GregWalden,hdtf_visomaster_teams,0.0013214359309683728
P8A_step5000,164,WRA_GregWalden1,hdtf_visomaster_teams,0.004687028078352944
P8A_step5000,165,WRA_JoniErnst1,hdtf_visomaster_teams,0.011005980835840076
P8A_step5000,166,WRA_MarkwayneMullin,hdtf_visomaster_teams,0.019514564933740576
P8A_step5000,167,WRA_MichaelSteele,hdtf_visomaster_teams,0.03242411590890884
P8A_step5000,168,WRA_PatRoberts,hdtf_visomaster_teams,0.036758878278451534
P8A_step5000,169,WRA_PeterRoskam0,hdtf_visomaster_teams,0.001942461636788963
P8A_step5000,170,RD_Radio14,hdtf_visomaster_teams,0.027246966653778362
P8A_step5000,171,RD_Radio27,hdtf_visomaster_teams,-0.008984506509276843
P8A_step5000,172,RD_Radio36,hdtf_visomaster_teams,0.007872195411455753
P8A_step5000,173,RD_Radio49,hdtf_visomaster_teams,-0.0008516784960248365
P8A_step5000,174,RD_Radio53,hdtf_visomaster_teams,0.012859159011434383
P8A_step5000,175,WDA_JoeDonnelly,hdtf_visomaster_teams,0.01753891204567213
P8A_step5000,176,WDA_MazieHirono0,hdtf_visomaster_teams,-0.008670705691039882
P8A_step5000,177,WDA_MikeThompson0,hdtf_visomaster_teams,-0.0031645526923167926
P8A_step5000,178,WDA_RichardNeal1,hdtf_visomaster_teams,0.01040675036434274
P8A_step5000,179,WRA_JebHensarling1,hdtf_visomaster_teams,0.013103525135305289
P8A_step5000,180,WRA_JohnBarrasso1,hdtf_visomaster_teams,0.004200823398193268
P8A_step5000,181,WRA_MikeEnzi,hdtf_visomaster_teams,0.035392051478652126
P8A_step5000,182,WRA_RogerWicker2,hdtf_visomaster_teams,0.013424752642465097
P8A_step5000,183,WRA_ShelleyMooreCapito1,hdtf_visomaster_teams,0.016800433483022226
P8A_step5000,184,RD_Radio16,hdtf_visomaster_teams,0.03685822558710329
P8A_step5000,185,RD_Radio17,hdtf_visomaster_teams,-0.008888336275787397
P8A_step5000,186,RD_Radio31,hdtf_visomaster_teams,-0.003009126717632924
P8A_step5000,187,RD_Radio37,hdtf_visomaster_teams,0.0024697691734624
P8A_step5000,188,RD_Radio41,hdtf_visomaster_teams,-0.00656443781911039
P8A_step5000,189,RD_Radio45,hdtf_visomaster_teams,-0.006181363026223923
P8A_step5000,190,RD_Radio49,hdtf_visomaster_teams,0.007157257308696672
P8A_step5000,191,WDA_AlexandriaOcasioCortez,hdtf_visomaster_teams,0.007261978270448677
P8A_step5000,192,WDA_BarbaraLee0,hdtf_visomaster_teams,0.017112539001987805
P8A_step5000,193,WDA_BenRayLujn,hdtf_visomaster_teams,0.002926269567406302
P8A_step5000,194,WDA_BrendaLawrence,hdtf_visomaster_teams,0.010224928063165393
P8A_step5000,195,WDA_CatherineCortezMasto,hdtf_visomaster_teams,-0.0020066035291950897
P8A_step5000,196,WDA_DebHaaland,hdtf_visomaster_teams,-0.02512345660558324
P8A_step5000,197,WDA_DebbieStabenow0,hdtf_visomaster_teams,-0.023818843476931487
P8A_step5000,198,WDA_JamesClyburn,hdtf_visomaster_teams,0.025137225227146353
P8A_step5000,199,WDA_JanSchakowsky0,hdtf_visomaster_teams,0.0033004017416679164
P8A_step5000,200,WDA_JoeCrowley0,hdtf_visomaster_teams,-0.009696745795178778
P8A_step5000,201,WDA_KarenBass,hdtf_visomaster_teams,0.024630869932928522
P8A_step5000,202,WDA_KathyCastor1,hdtf_visomaster_teams,-0.0034599224882389985
P8A_step5000,203,WDA_LaurenUnderwood,hdtf_visomaster_teams,0.027961688536853338
P8A_step5000,204,WDA_MazieHirono0,hdtf_visomaster_teams,0.007097406258429097
P8A_step5000,205,WDA_NancyPelosi1,hdtf_visomaster_teams,0.011932352004597628
P8A_step5000,206,WDA_PatrickLeahy1,hdtf_visomaster_teams,-0.0019205549750890465
P8A_step5000,207,WDA_RichardBlumenthal,hdtf_visomaster_teams,0.002737407384571867
P8A_step5000,208,WDA_RichardNeal1,hdtf_visomaster_teams,0.005542437842477575
P8A_step5000,209,WDA_SuzanDelBene,hdtf_visomaster_teams,-0.003746683130707449
P8A_step5000,210,WDA_TedLieu,hdtf_visomaster_teams,-0.022459304168038343
P8A_step5000,211,WDA_WhipJimClyburn,hdtf_visomaster_teams,0.008081033533012164
P8A_step5000,212,WRA_AdamKinzinger1,hdtf_visomaster_teams,-0.009937616991857886
P8A_step5000,213,WRA_AustinScott0,hdtf_visomaster_teams,0.01872097014449579
P8A_step5000,214,WRA_CandiceMiller0,hdtf_visomaster_teams,0.009199273161849476
P8A_step5000,215,WRA_CathyMcMorrisRodgers2,hdtf_visomaster_teams,0.0020502811821751492
P8A_step5000,216,WRA_DianeBlack1,hdtf_visomaster_teams,0.01986487405603339
P8A_step5000,217,WRA_EricCantor,hdtf_visomaster_teams,0.006380028342203255
P8A_step5000,218,WRA_GeorgeLeMieux,hdtf_visomaster_teams,0.03342454824382311
P8A_step5000,219,WRA_JebHensarling1,hdtf_visomaster_teams,0.02110845998180591
P8A_step5000,220,WRA_JeffFlake,hdtf_visomaster_teams,0.005280048958718164
P8A_step5000,221,WRA_JimRisch,hdtf_visomaster_teams,-0.01437774912095649
P8A_step5000,222,WRA_KristiNoem1,hdtf_visomaster_teams,0.013159788152429623
P8A_step5000,223,WRA_ShelleyMooreCapito0,hdtf_visomaster_teams,0.01698377165907559
P8A_step5000,224,WRA_VickyHartzler,hdtf_visomaster_teams,-0.021007358130108678
P8A_step5000,225,RD_Radio51,hdtf_visomaster_teams,-0.017044971110243976
P8A_step5000,226,WDA_AndyKim,hdtf_visomaster_teams,-0.02290605674156172
P8A_step5000,227,WDA_DickDurbin,hdtf_visomaster_teams,0.0009225739989736264
P8A_step5000,228,WDA_LisaBluntRochester,hdtf_visomaster_teams,0.034131896381304955
P8A_step5000,229,WDA_MaggieHassan,hdtf_visomaster_teams,0.001928469048646209
P8A_step5000,230,WDA_MichaelBennet,hdtf_visomaster_teams,0.012755207136227336
P8A_step5000,231,WDA_PattyMurray0,hdtf_visomaster_teams,0.02452097798439077
P8A_step5000,232,WDA_SeanCasten,hdtf_visomaster_teams,0.006782571731467016
P8A_step5000,233,WDA_TammyDuckworth,hdtf_visomaster_teams,0.007349656661012255
P8A_step5000,234,WDA_TedDeutch,hdtf_visomaster_teams,-0.005427988953299985
P8A_step5000,235,WRA_JohnKasich3,hdtf_visomaster_teams,0.021546796049606833
P8A_step5000,236,WRA_KayBaileyHutchison,hdtf_visomaster_teams,0.0011111180644327303
P8A_step5000,237,WRA_MitchDaniels0,hdtf_visomaster_teams,0.04907921353442653
P8A_step5000,238,WRA_TimScott,hdtf_visomaster_teams,-0.010949542429968501
P8A_step5000,239,RD_Radio12,hdtf_visomaster_teams,0.00314634525895303
P8A_step5000,240,RD_Radio59,hdtf_visomaster_teams,-0.0022050005290502024
P8A_step5000,241,RD_Radio8,hdtf_visomaster_teams,-0.00851237427061586
P8A_step5000,242,WDA_AmyKlobuchar0,hdtf_visomaster_teams,0.003550851205283156
P8A_step5000,243,WDA_AndyLevin,hdtf_visomaster_teams,-0.0071504841903659785
P8A_step5000,244,WDA_CedricRichmond,hdtf_visomaster_teams,-0.0013939900916879126
P8A_step5000,245,WDA_ChrisMurphy1,hdtf_visomaster_teams,0.005868090676055867
P8A_step5000,246,WDA_PeterDeFazio,hdtf_visomaster_teams,0.013672974240258389
P8A_step5000,247,WDA_TammyBaldwin1,hdtf_visomaster_teams,0.003843860670046305
P8A_step5000,248,WRA_JohnKasich1,hdtf_visomaster_teams,0.004519381122964243
P8A_step5000,249,WRA_PeteHoekstra,hdtf_visomaster_teams,0.011098115411037664
P8A_step5000,250,WRA_TomCotton,hdtf_visomaster_teams,0.008928758551779527
P8A_step5000,251,WDA_BarbaraLee1,hdtf_visomaster_teams,0.014329171407690805
P8A_step5000,252,WDA_DavidCicilline,hdtf_visomaster_teams,-0.03275020176544587
P8A_step5000,253,WDA_DebbieDingell1,hdtf_visomaster_teams,0.006626165102506587
P8A_step5000,254,WDA_DebbieWassermanSchultz,hdtf_visomaster_teams,-0.0026787598085282094
P8A_step5000,255,WDA_EricSwalwell,hdtf_visomaster_teams,0.009427119554302386
P8A_step5000,256,WDA_JohnSarbanes1,hdtf_visomaster_teams,0.007728059405048299
P8A_step5000,257,WRA_CarlyFiorina0,hdtf_visomaster_teams,0.009296492102013972
P8A_step5000,258,WRA_JebHensarling2,hdtf_visomaster_teams,0.00830713797428493
P8A_step5000,259,WRA_JoeHeck1,hdtf_visomaster_teams,0.03946899195264007
P8A_step5000,260,WRA_LamarAlexander0,hdtf_visomaster_teams,0.014373118854334177
P8A_step5000,261,WRA_NanHayworth,hdtf_visomaster_teams,0.012610625627136187
P8A_step5000,262,WRA_RichardShelby,hdtf_visomaster_teams,0.029515597038041574
P8A_step5000,263,RD_Radio33,hdtf_visomaster_teams,-0.012315114034706165
P8A_step5000,264,RD_Radio36,hdtf_visomaster_teams,0.01447170179413686
P8A_step5000,265,RD_Radio53,hdtf_visomaster_teams,0.02099079143754715
P8A_step5000,266,WDA_DebbieStabenow1,hdtf_visomaster_teams,0.009302637471703687
P8A_step5000,267,WDA_JonTester1,hdtf_visomaster_teams,0.02688848126698084
P8A_step5000,268,WDA_KatieHill,hdtf_visomaster_teams,-0.009237243663118858
P8A_step5000,269,WDA_MikeThompson0,hdtf_visomaster_teams,0.0002811979890611712
P8A_step5000,270,WDA_ScottPeters0,hdtf_visomaster_teams,0.004805776560530264
P8A_step5000,271,WRA_GregWalden,hdtf_visomaster_teams,0.026615425286857217
P8A_step5000,272,WRA_JebHensarling0,hdtf_visomaster_teams,-0.006805150185556481
P8A_step5000,273,WRA_MikeEnzi,hdtf_visomaster_teams,0.030769598794431995
P8A_step5000,274,WRA_PatRoberts,hdtf_visomaster_teams,0.046538799973199506
P8A_step5000,275,WRA_PeterRoskam0,hdtf_visomaster_teams,-0.014826246166402744
P8A_step5000,276,RD_Radio29,hdtf_visomaster_teams,0.016201622772631707
P8A_step5000,277,RD_Radio57,hdtf_visomaster_teams,0.0003536283690351088
P8A_step5000,278,WDA_BernieSanders,hdtf_visomaster_teams,0.0033540665151808565
P8A_step5000,279,WDA_BillRichardson,hdtf_visomaster_teams,0.010298275404191072
P8A_step5000,280,WDA_JoeKennedy,hdtf_visomaster_teams,0.020277154371138313
P8A_step5000,281,WDA_KirstenGillibrand,hdtf_visomaster_teams,-0.002324417207859074
P8A_step5000,282,WDA_LucyMcBath,hdtf_visomaster_teams,-0.00762935780552373
P8A_step5000,283,WDA_StenyHoyer,hdtf_visomaster_teams,0.013391513083784211
P8A_step5000,284,WDA_ZoeLofgren,hdtf_visomaster_teams,0.013321937044832772
P8A_step5000,286,WRA_DebFischer0,hdtf_visomaster_teams,0.0035416689949069333
P8A_step5000,287,WRA_ErikPaulsen,hdtf_visomaster_teams,0.0026066924493329717
P8A_step5000,288,WRA_JoniErnst1,hdtf_visomaster_teams,-0.0008965782828107647
P8A_step5000,289,WRA_KevinBrady,hdtf_visomaster_teams,-0.015615368149726928
P8A_step5000,290,RD_Radio26,hdtf_visomaster_teams,0.04425617898303637
P8A_step5000,291,RD_Radio9,hdtf_visomaster_teams,0.037423849973448886
P8A_step5000,292,WDA_DonaldMcEachin,hdtf_visomaster_teams,0.014305961351622869
P8A_step5000,293,WDA_DonnaShalala1,hdtf_visomaster_teams,0.0025423335358515597
P8A_step5000,294,WDA_EdMarkey0,hdtf_visomaster_teams,-0.0004938245803391278
P8A_step5000,295,WDA_GerryConnolly,hdtf_visomaster_teams,-0.003917374265409728
P8A_step5000,296,WDA_MichelleObama,hdtf_visomaster_teams,-0.006236926586411983
P8A_step5000,297,WRA_AllenWest,hdtf_visomaster_teams,0.00441089682846566
P8A_step5000,298,WRA_DanSullivan,hdtf_visomaster_teams,0.005105384578941316
P8A_step5000,299,RD_Radio48,hdtf_visomaster_teams,0.030687157042672834
P8A_step5000,300,WDA_EliotEngel,hdtf_visomaster_teams,-0.012533137878661955
P8A_step5000,301,WDA_FrankPallone1,hdtf_visomaster_teams,-0.0004191532830853605
P8A_step5000,302,WDA_NancyPelosi0,hdtf_visomaster_teams,0.005020459817740138
P8A_step5000,303,WDA_TerriSewell0,hdtf_visomaster_teams,-0.016011763159462462
P8A_step5000,304,WRA_CarlyFiorina,hdtf_visomaster_teams,0.0029650520563991156
P8A_step5000,305,WRA_CoryGardner,hdtf_visomaster_teams,0.00020426854890037835
P8A_step5000,306,WRA_DavidVitter,hdtf_visomaster_teams,-0.01708349548150126
P8A_step5000,307,WRA_JoniErnst0,hdtf_visomaster_teams,0.014090947824779031
P8A_step5000,308,WRA_MarshaBlackburn0,hdtf_visomaster_teams,-0.007337594946527526
P8A_step5000,309,RD_Radio1,hdtf_visomaster_teams,0.012018121190766694
P8A_step5000,310,RD_Radio11,hdtf_visomaster_teams,-0.0067464592256798505
P8A_step5000,311,RD_Radio22,hdtf_visomaster_teams,0.010842029039431118
P8A_step5000,312,RD_Radio37,hdtf_visomaster_teams,0.004211710991473225
P8A_step5000,313,RD_Radio4,hdtf_visomaster_teams,-0.021989391597909545
P8A_step5000,314,RD_Radio41,hdtf_visomaster_teams,-0.00972438611802919
P8A_step5000,315,RD_Radio42,hdtf_visomaster_teams,0.040541857830621954
P8A_step5000,316,RD_Radio43,hdtf_visomaster_teams,0.01750930523377947
P8A_step5000,317,RD_Radio50,hdtf_visomaster_teams,0.006255868167868529
P8A_step5000,318,RD_Radio57,hdtf_visomaster_teams,-0.037857522837181606
P8A_step5000,319,RD_Radio7,hdtf_visomaster_teams,0.04654028843459551
P8A_step5000,320,WDA_AnnieKuster,hdtf_visomaster_teams,0.03824157901328795
P8A_step5000,321,WDA_BernieSanders,hdtf_visomaster_teams,0.023461962236508718
P8A_step5000,322,WDA_BettyMcCollum,hdtf_visomaster_teams,0.009997121457030463
P8A_step5000,323,WDA_BillRichardson,hdtf_visomaster_teams,0.0019972353207873524
P8A_step5000,324,WDA_BobMenendez,hdtf_visomaster_teams,0.023671208574194587
P8A_step5000,325,WDA_BradSchneider,hdtf_visomaster_teams,0.008831041594071106
P8A_step5000,326,WDA_BrendaLawrence,hdtf_visomaster_teams,0.013493335163560896
P8A_step5000,327,WDA_BrianSchatz2,hdtf_visomaster_teams,-0.0006826144127394592
P8A_step5000,328,WDA_ByronDorgan1,hdtf_visomaster_teams,0.020242941899355178
P8A_step5000,329,WDA_DianaDeGette0,hdtf_visomaster_teams,0.006141527730672234
P8A_step5000,330,WDA_JoeNeguse,hdtf_visomaster_teams,-0.00035695703835420304
P8A_step5000,331,WDA_KarenBass,hdtf_visomaster_teams,0.008400108641161388
P8A_step5000,332,WDA_LaurenUnderwood,hdtf_visomaster_teams,0.013856108013187821
P8A_step5000,333,WDA_LloydDoggett1,hdtf_visomaster_teams,0.01243296765644895
P8A_step5000,334,WDA_MartinHeinrich,hdtf_visomaster_teams,0.026505680894143003
P8A_step5000,335,WDA_SheldonWhitehouse0,hdtf_visomaster_teams,0.014442852362385843
P8A_step5000,336,WDA_SherrodBrown1,hdtf_visomaster_teams,-0.013657226257536171
P8A_step5000,337,WDA_TomPerez,hdtf_visomaster_teams,-0.01576950487960465
P8A_step5000,338,WRA_CoryGardner0,hdtf_visomaster_teams,0.00903650053052085
P8A_step5000,339,WRA_DanNewhouse,hdtf_visomaster_teams,0.007400796017558656
P8A_step5000,340,WRA_JohnBarrasso0,hdtf_visomaster_teams,0.00939775677720273
P8A_step5000,341,WRA_JohnThune,hdtf_visomaster_teams,-0.02658520529426937
P8A_step5000,342,WRA_MikeJohanns1,hdtf_visomaster_teams,0.025263319025480836
P8A_step5000,343,WRA_MitchDaniels1,hdtf_visomaster_teams,0.01614150128458037
P8A_step5000,344,WRA_RoyBlunt,hdtf_visomaster_teams,0.0142619817285159
P8A_step5000,345,WRA_SamBrownback,hdtf_visomaster_teams,0.0044520244350485265
P8A_step5000,346,WRA_SaxbyChambliss,hdtf_visomaster_teams,0.010461250419309641
P8A_step5000,347,RD_Radio49,hdtf_visomaster_teams,-3.9690845451207084e-05
P8A_step5000,348,WDA_MazieHirono0,hdtf_visomaster_teams,0.01794840702569153
P8A_step5000,349,WDA_PatrickLeahy1,hdtf_visomaster_teams,-0.0029985765003093345
P8A_step5000,350,WDA_PeterDeFazio,hdtf_visomaster_teams,0.012361493525420396
P8A_step5000,351,WDA_RichardNeal1,hdtf_visomaster_teams,0.014258039111803452
P8A_step5000,352,WDA_TammyBaldwin1,hdtf_visomaster_teams,0.0030281253902537503
P8A_step5000,353,WRA_AustinScott0,hdtf_visomaster_teams,0.043813875286045335
P8A_step5000,354,WRA_JebHensarling0,hdtf_visomaster_teams,0.03830872955682031
P8A_step5000,355,WRA_JebHensarling1,hdtf_visomaster_teams,0.025733997983497563
P8A_step5000,356,WRA_JohnKasich1,hdtf_visomaster_teams,0.011013912380605643
P8A_step5000,357,WRA_KevinMcCarthy0,hdtf_visomaster_teams,0.006414817393902243
P8A_step5000,358,WRA_PeteHoekstra,hdtf_visomaster_teams,0.007989774299139706
P8A_step5000,359,WRA_VickyHartzler,hdtf_visomaster_teams,0.02406459674747187
P8A_step5000,360,RD_Radio16,hdtf_visomaster_teams,-0.004338570634701385
P8A_step5000,361,RD_Radio48,hdtf_visomaster_teams,0.01899990139393742
P8A_step5000,362,RD_Radio51,hdtf_visomaster_teams,0.021757483079216343
P8A_step5000,363,WDA_BarbaraLee0,hdtf_visomaster_teams,0.0073739835639127565
P8A_step5000,364,WDA_BenRayLujn,hdtf_visomaster_teams,-0.002798639601961182
P8A_step5000,365,WDA_ChuckSchumer0,hdtf_visomaster_teams,0.011903305865398521
P8A_step5000,366,WDA_TammyDuckworth,hdtf_visomaster_teams,0.011426963968171448
P8A_step5000,367,WDA_TedDeutch,hdtf_visomaster_teams,-0.004280192972458737
P8A_step5000,368,WDA_TerriSewell0,hdtf_visomaster_teams,0.006672674246236531
P8A_step5000,369,WRA_AdamKinzinger1,hdtf_visomaster_teams,-0.0017592063988801118
P8A_step5000,370,WRA_JohnKasich3,hdtf_visomaster_teams,0.015145884497926717
P8A_step5000,371,WRA_JoniErnst0,hdtf_visomaster_teams,-0.005245548038791377
P8A_step5000,372,WRA_KayBaileyHutchison,hdtf_visomaster_teams,0.007742179333112823
P8A_step5000,373,WRA_MitchDaniels0,hdtf_visomaster_teams,0.00658044801816052
P8A_step5000,374,RD_Radio33,hdtf_visomaster_teams,0.01801741988771318
P8A_step5000,375,WDA_BobCasey0,hdtf_visomaster_teams,-0.023780994955865338
P8A_step5000,376,WDA_DebbieStabenow0,hdtf_visomaster_teams,0.0022279485498542047
P8A_step5000,377,WDA_JanSchakowsky0,hdtf_visomaster_teams,-0.015225326726510268
P8A_step5000,378,WDA_JoeManchin,hdtf_visomaster_teams,0.04120362968331584
P8A_step5000,379,WDA_ScottPeters0,hdtf_visomaster_teams,0.009529062012613082
P8A_step5000,380,WDA_SheldonWhitehouse1,hdtf_visomaster_teams,0.0031143610165875334
P8A_step5000,381,WDA_WhipJimClyburn,hdtf_visomaster_teams,0.014359091561326382
P8A_step5000,382,WRA_GregWalden,hdtf_visomaster_teams,0.023957050257016287
P8A_step5000,383,WRA_PatRoberts,hdtf_visomaster_teams,0.046581516943229775
P8A_step5000,384,WRA_PeterRoskam0,hdtf_visomaster_teams,0.0061163686856490675
P8A_step5000,385,WRA_SteveDaines0,hdtf_visomaster_teams,0.03121621563321017
P8A_step5000,386,RD_Radio31,hdtf_visomaster_teams,-0.005971440005865681
P8A_step5000,387,RD_Radio59,hdtf_visomaster_teams,-0.0038632711271595335
P8A_step5000,388,RD_Radio8,hdtf_visomaster_teams,0.0143705991197048
P8A_step5000,389,WDA_BarbaraLee1,hdtf_visomaster_teams,0.010142561201152683
P8A_step5000,390,WDA_CedricRichmond,hdtf_visomaster_teams,0.002351248346778133
P8A_step5000,391,WDA_ChrisCoons,hdtf_visomaster_teams,0.007009535202731865
P8A_step5000,392,WDA_ChrisMurphy1,hdtf_visomaster_teams,-0.01280774432912337
P8A_step5000,393,WDA_ElijahCummings,hdtf_visomaster_teams,0.0050842927660421835
P8A_step5000,394,WDA_RichardBlumenthal,hdtf_visomaster_teams,0.014855934765943303
P8A_step5000,395,WDA_ScottPeters1,hdtf_visomaster_teams,0.003332370555273686
P8A_step5000,396,WDA_TomUdall,hdtf_visomaster_teams,-0.01699821789627132
P8A_step5000,397,WRA_CandiceMiller0,hdtf_visomaster_teams,0.0009328714830231127
P8A_step5000,398,WRA_NanHayworth,hdtf_visomaster_teams,0.017672195740938458
P8A_step5000,399,WDA_AmyKlobuchar1,hdtf_visomaster_teams,0.011893039701730099
P8A_step5000,400,WDA_BobCasey1,hdtf_visomaster_teams,0.009992088436826108
P8A_step5000,401,WDA_DebbieWassermanSchultz,hdtf_visomaster_teams,-0.005704018271228597
P8A_step5000,402,WDA_JonTester1,hdtf_visomaster_teams,0.0017808273929011095
P8A_step5000,403,WDA_KatieHill,hdtf_visomaster_teams,-0.008740858262707533
P8A_step5000,404,WDA_MarkWarner2,hdtf_visomaster_teams,0.0010341217181898809
P8A_step5000,405,WRA_AnnMarieBuerkle,hdtf_visomaster_teams,0.010536089817622961
P8A_step5000,406,WRA_AnnWagner,hdtf_visomaster_teams,0.0031198891978519334
P8A_step5000,407,WRA_CarlyFiorina0,hdtf_visomaster_teams,-0.010297854514899497
P8A_step5000,408,WRA_DebFischer1,hdtf_visomaster_teams,0.03891276220289831
P8A_step5000,409,WRA_JebHensarling2,hdtf_visomaster_teams,0.012482936104230723
P8A_step5000,410,WRA_LamarAlexander0,hdtf_visomaster_teams,0.01081634217795285
P8A_step5000,411,RD_Radio14,hdtf_visomaster_teams,-0.00021833233406300806
P8A_step5000,412,RD_Radio27,hdtf_visomaster_teams,-0.0057612491840016225
P8A_step5000,413,RD_Radio38,hdtf_visomaster_teams,-0.028508348416970343
P8A_step5000,414,WDA_BrianSchatz0,hdtf_visomaster_teams,0.022743097483610523
P8A_step5000,415,WDA_EliotEngel,hdtf_visomaster_teams,-0.033512473460602626
P8A_step5000,416,WDA_JoeDonnelly,hdtf_visomaster_teams,0.013205113042457537
P8A_step5000,417,WDA_KimSchrier,hdtf_visomaster_teams,0.0056917158067206755
P8A_step5000,418,WDA_NancyPelosi0,hdtf_visomaster_teams,0.0003216244974225575
P8A_step5000,419,WDA_TinaSmith,hdtf_visomaster_teams,-0.0023521230405751303
P8A_step5000,420,WRA_CoryGardner1,hdtf_visomaster_teams,0.02913878741785005
P8A_step5000,421,WRA_JohnBarrasso1,hdtf_visomaster_teams,0.009039513811701233
P8A_step5000,422,WRA_MarshaBlackburn0,hdtf_visomaster_teams,0.021650355027106723
P8A_step5000,423,WRA_ReincePriebus,hdtf_visomaster_teams,0.004578796625507614
P8A_step5000,424,RD_Radio17,hdtf_visomaster_teams,-0.024391189531944607
P8A_step5000,425,RD_Radio2,hdtf_visomaster_teams,0.000540886271438849
P8A_step5000,426,RD_Radio47,hdtf_visomaster_teams,-0.0014895842101641645
P8A_step5000,427,RD_Radio5,hdtf_visomaster_teams,-0.010383451435711146
P8A_step5000,428,WDA_DonnaShalala1,hdtf_visomaster_teams,0.005624883962467892
P8A_step5000,429,WDA_HillaryClinton,hdtf_visomaster_teams,-0.01583435215176432
P8A_step5000,430,WDA_LucilleRoybal-Allard,hdtf_visomaster_teams,0.012999029350707725
P8A_step5000,431,WRA_KevinBrady2,hdtf_visomaster_teams,0.00616982342968673
P8A_step5000,432,WRA_MarkwayneMullin,hdtf_visomaster_teams,0.0072715820291262044
P8A_step5000,433,WRA_MichaelSteele,hdtf_visomaster_teams,0.009353227108423855
P8A_step5000,434,WRA_PeterRoskam1,hdtf_visomaster_teams,0.027243274124418446
P8A_step5000,435,WRA_TomPrice,hdtf_visomaster_teams,0.0012714220693028102
P8A_step5000,436,RD_Radio12,hdtf_visomaster_teams,0.01201393027410445
P8A_step5000,437,RD_Radio3,hdtf_visomaster_teams,0.0037010470949421386
P8A_step5000,438,RD_Radio32,hdtf_visomaster_teams,0.012216739056923817
P8A_step5000,439,RD_Radio40,hdtf_visomaster_teams,0.006988965447809755
P8A_step5000,440,RD_Radio41,hdtf_visomaster_teams,-0.0025114391576986157
P8A_step5000,441,RD_Radio54,hdtf_visomaster_teams,0.03990812868337387
P8A_step5000,442,WDA_AmyKlobuchar0,hdtf_visomaster_teams,0.005454720370631591
P8A_step5000,443,WDA_BarackObama,hdtf_visomaster_teams,-0.007469636956676961
P8A_step5000,444,WDA_BrendaLawrence,hdtf_visomaster_teams,-0.004233125706723437
P8A_step5000,445,WDA_ChrisVanHollen0,hdtf_visomaster_teams,-0.0018605866477724112
P8A_step5000,446,WDA_DebbieDingell0,hdtf_visomaster_teams,0.009370909232413136
P8A_step5000,447,WDA_DougJones,hdtf_visomaster_teams,0.006005865004476191
P8A_step5000,448,WDA_EdMarkey1,hdtf_visomaster_teams,0.011043518192089895
P8A_step5000,449,WDA_EmanuelCleaver,hdtf_visomaster_teams,-0.0017138489710439384
P8A_step5000,450,WDA_JackReed1,hdtf_visomaster_teams,0.004358006220996147
P8A_step5000,451,WDA_JackyRosen1,hdtf_visomaster_teams,-0.017338477948307625
P8A_step5000,452,WDA_JanSchakowsky1,hdtf_visomaster_teams,0.011036632264602192
P8A_step5000,453,WDA_JeanneShaheen1,hdtf_visomaster_teams,0.020621835337688382
P8A_step5000,454,WDA_JohnSarbanes0,hdtf_visomaster_teams,-0.014705043412316373
P8A_step5000,455,WDA_JohnYarmuth1,hdtf_visomaster_teams,0.0007005897016933168
P8A_step5000,456,WDA_LloydDoggett1,hdtf_visomaster_teams,0.018902863363881806
P8A_step5000,457,WDA_MarciaFudge,hdtf_visomaster_teams,0.02404142098892352
P8A_step5000,458,WDA_MikeDoyle,hdtf_visomaster_teams,0.01226122458131663
P8A_step5000,459,WDA_RonWyden0,hdtf_visomaster_teams,-0.007276716406955173
P8A_step5000,460,WDA_TerriSewell,hdtf_visomaster_teams,0.01026836991367995
P8A_step5000,461,WDA_VeronicaEscobar1,hdtf_visomaster_teams,0.007952103997245422
P8A_step5000,462,WRA_BobCorker,hdtf_visomaster_teams,0.005707400625592674
P8A_step5000,463,WRA_BobGoodlatte0,hdtf_visomaster_teams,0.012309984216217495
P8A_step5000,464,WRA_BobbySchilling,hdtf_visomaster_teams,0.02638001224859038
P8A_step5000,465,WRA_CathyMcMorrisRodgers0,hdtf_visomaster_teams,0.025143114258723696
P8A_step5000,466,WRA_EricCantor,hdtf_visomaster_teams,0.013440928138569596
P8A_step5000,467,WRA_FredUpton,hdtf_visomaster_teams,0.009063936168310686
P8A_step5000,468,WRA_JimInhofe,hdtf_visomaster_teams,0.03607804073522052
P8A_step5000,469,WRA_JohnBoehner1,hdtf_visomaster_teams,0.016741902208046232
P8A_step5000,470,WRA_JonKyl,hdtf_visomaster_teams,-0.004793409669642821
P8A_step5000,471,WRA_JuddGregg,hdtf_visomaster_teams,0.010285886375609513
P8A_step5000,472,WRA_KellyAyotte,hdtf_visomaster_teams,-0.030675989374641305
P8A_step5000,473,WRA_LynnJenkins,hdtf_visomaster_teams,-0.00643235156975613
P8A_step5000,474,WRA_RoyBlunt,hdtf_visomaster_teams,0.0006611657294447611
P8A_step5000,475,WRA_ShelleyMooreCapito0,hdtf_visomaster_teams,0.023191274332474754
P8A_step5000,476,WRA_TomCotton,hdtf_visomaster_teams,0.0036329369288801354
P8A_step5000,477,RD_Radio11,hdtf_visomaster_teams,0.00028702237342501276
P8A_step5000,478,RD_Radio17,hdtf_visomaster_teams,-0.005770150916152244
P8A_step5000,479,RD_Radio22,hdtf_visomaster_teams,0.015640725619162726
P8A_step5000,480,RD_Radio47,hdtf_visomaster_teams,0.01703249830125971
P8A_step5000,481,WDA_AnnieKuster,hdtf_visomaster_teams,0.007858546277773307
P8A_step5000,482,WDA_DebHaaland,hdtf_visomaster_teams,-0.007355691293034908
P8A_step5000,483,WDA_LucilleRoybal-Allard,hdtf_visomaster_teams,-0.005135838528409393
P8A_step5000,484,WDA_SuzanDelBene,hdtf_visomaster_teams,0.0028077229332744017
P8A_step5000,485,WDA_TomPerez,hdtf_visomaster_teams,0.03842325431509655
P8A_step5000,486,WRA_CathyMcMorrisRodgers2,hdtf_visomaster_teams,-0.0037529428777043263
P8A_step5000,487,WRA_JeffFlake,hdtf_visomaster_teams,0.0012332059903402666
P8A_step5000,488,WRA_KevinBrady2,hdtf_visomaster_teams,0.014384912804597576
P8A_step5000,489,WRA_PeterRoskam1,hdtf_visomaster_teams,0.032199122009051194
P8A_step5000,490,WRA_SaxbyChambliss,hdtf_visomaster_teams,0.009048427307639268
P8A_step5000,491,WRA_SteveScalise1,hdtf_visomaster_teams,-0.003074278583022791
P8A_step5000,492,RD_Radio14,hdtf_visomaster_teams,0.004711119572928963
P8A_step5000,493,RD_Radio27,hdtf_visomaster_teams,-0.013958776562351193
P8A_step5000,494,WDA_AlexandriaOcasioCortez,hdtf_visomaster_teams,0.009929595093715651
P8A_step5000,495,WDA_JoeDonnelly,hdtf_visomaster_teams,0.009737329144578716
P8A_step5000,496,WDA_LisaBluntRochester,hdtf_visomaster_teams,0.025807424054198932
P8A_step5000,497,WDA_MichaelBennet,hdtf_visomaster_teams,-0.0012268164913928513
P8A_step5000,498,WDA_PatrickLeahy1,hdtf_visomaster_teams,0.010279612296035365
P8A_step5000,499,WDA_TedLieu,hdtf_visomaster_teams,0.012139681755071288
P8A_step5000,500,WRA_AustinScott0,hdtf_visomaster_teams,0.01694316693333622
P8A_step5000,501,WRA_JohnBarrasso1,hdtf_visomaster_teams,0.0036740304158153284
P8A_step5000,502,WRA_ReincePriebus,hdtf_visomaster_teams,0.019204284060251296
P8A_step5000,503,WRA_RogerWicker0,hdtf_visomaster_teams,0.006395631125752871
P8A_step5000,504,WRA_ShelleyMooreCapito1,hdtf_visomaster_teams,0.044309739501359385
P8A_step5000,505,RD_Radio59,hdtf_visomaster_teams,-0.0015640563177332523
P8A_step5000,506,RD_Radio8,hdtf_visomaster_teams,-0.005410034383502309
P8A_step5000,507,WDA_BarbaraLee0,hdtf_visomaster_teams,0.014425522130111484
P8A_step5000,508,WDA_BenRayLujn,hdtf_visomaster_teams,0.0036721472401308594
P8A_step5000,509,WDA_ChrisMurphy1,hdtf_visomaster_teams,-0.026570712945127892
P8A_step5000,510,WDA_MazieHirono0,hdtf_visomaster_teams,0.005783418700161401
P8A_step5000,511,WDA_RichardNeal1,hdtf_visomaster_teams,0.012794770887671189
P8A_step5000,512,WDA_TomUdall,hdtf_visomaster_teams,0.012861573542044823
P8A_step5000,513,WRA_AdamKinzinger1,hdtf_visomaster_teams,0.002486378172277104
P8A_step5000,514,WRA_JebHensarling1,hdtf_visomaster_teams,-0.00806310100372369
P8A_step5000,515,WRA_KayBaileyHutchison,hdtf_visomaster_teams,0.004122748732905345
P8A_step5000,516,WRA_KristiNoem1,hdtf_visomaster_teams,0.014596367633521973
P8A_step5000,517,RD_Radio1,hdtf_visomaster_teams,0.009995255808029346
P8A_step5000,518,RD_Radio4,hdtf_visomaster_teams,0.0016069989898624907
P8A_step5000,519,WDA_BobMenendez,hdtf_visomaster_teams,0.015137969237910347
P8A_step5000,520,WDA_ByronDorgan1,hdtf_visomaster_teams,0.02984530021318063
P8A_step5000,521,WDA_HakeemJeffries,hdtf_visomaster_teams,0.017678429922502625
P8A_step5000,522,WDA_HenryWaxman,hdtf_visomaster_teams,0.014844362769714655
P8A_step5000,523,WDA_PattyMurray1,hdtf_visomaster_teams,0.0027711349870022544
P8A_step5000,524,WDA_SherrodBrown1,hdtf_visomaster_teams,-0.002984526422594374
P8A_step5000,525,WRA_GeoffDavis,hdtf_visomaster_teams,0.04936832691308621
P8A_step5000,526,WRA_MitchDaniels1,hdtf_visomaster_teams,0.0008310612842709611
P8A_step5000,527,WRA_SamBrownback,hdtf_visomaster_teams,0.005728368601970635
P8A_step5000,528,RD_Radio19,hdtf_visomaster_teams,0.006607306539269872
P8A_step5000,529,RD_Radio52,hdtf_visomaster_teams,0.021143586437806394
P8A_step5000,530,WDA_DebbieStabenow0,hdtf_visomaster_teams,-0.021859055339127194
P8A_step5000,531,WDA_DianneFeinstein,hdtf_visomaster_teams,0.020863924824300766
P8A_step5000,532,WDA_FrankPallone0,hdtf_visomaster_teams,0.017606828675670892
P8A_step5000,533,WDA_JanSchakowsky0,hdtf_visomaster_teams,0.0007418625992987767
P8A_step5000,534,WDA_JimmyGomez,hdtf_visomaster_teams,0.007635988626971376
P8A_step5000,535,WDA_NancyPelosi1,hdtf_visomaster_teams,0.01974411226087756
P8A_step5000,536,WDA_WhipJimClyburn,hdtf_visomaster_teams,0.008895800317180734
P8A_step5000,537,WRA_JohnBoozman,hdtf_visomaster_teams,0.01809096550107906
P8A_step5000,538,WRA_MikeJohanns,hdtf_visomaster_teams,0.05135926260822862
P8A_step5000,539,RD_Radio43,hdtf_visomaster_teams,0.016472392744023
P8A_step5000,540,RD_Radio57,hdtf_visomaster_teams,-0.012345026054377747
P8A_step5000,541,RD_Radio7,hdtf_visomaster_teams,0.015010928216197612
P8A_step5000,542,WDA_BernieSanders,hdtf_visomaster_teams,0.018389420434313852
P8A_step5000,543,WDA_BettyMcCollum,hdtf_visomaster_teams,-0.00829788180666623
P8A_step5000,544,WDA_BillRichardson,hdtf_visomaster_teams,0.011527756947423428
P8A_step5000,545,WDA_DianaDeGette0,hdtf_visomaster_teams,0.030917722476069134
P8A_step5000,546,WDA_JoeNeguse,hdtf_visomaster_teams,-0.01002170159533795
P8A_step5000,547,WRA_CathyMcMorrisRodgers1,hdtf_visomaster_teams,-0.001358391847692687
P8A_step5000,548,WRA_JohnBarrasso0,hdtf_visomaster_teams,0.015583631041717907
P8A_step5000,549,WRA_JohnBoehner0,hdtf_visomaster_teams,0.002022180027568715
P8A_step5000,550,WRA_KevinBrady3,hdtf_visomaster_teams,-0.014099840606044639
P8A_step5000,551,RD_Radio31,hdtf_visomaster_teams,-0.025428841514046674
P8A_step5000,552,WDA_BobCasey0,hdtf_visomaster_teams,0.009068190870991484
P8A_step5000,553,WDA_JoeManchin,hdtf_visomaster_teams,0.018559180163204504
P8A_step5000,554,WDA_KathyCastor,hdtf_visomaster_teams,0.019331307502166592
P8A_step5000,555,WDA_KathyCastor1,hdtf_visomaster_teams,-0.011848368881265836
P8A_step5000,556,WDA_MartinHeinrich,hdtf_visomaster_teams,0.021806326108172187
P8A_step5000,557,WDA_RichardBlumenthal,hdtf_visomaster_teams,-0.0015542686701464446
P8A_step5000,558,WDA_SheldonWhitehouse0,hdtf_visomaster_teams,0.019088766396247066
P8A_step5000,559,WRA_CandiceMiller0,hdtf_visomaster_teams,0.0009379162954275361
P8A_step5000,560,WRA_CoryGardner0,hdtf_visomaster_teams,-0.006300623118727042
P8A_step5000,561,WRA_DanNewhouse,hdtf_visomaster_teams,0.005207558524608101
P8A_step5000,562,WRA_MikeJohanns1,hdtf_visomaster_teams,0.010549813738622398
P8A_step5000,563,WRA_SteveDaines0,hdtf_visomaster_teams,0.003384022692020462
P8A_step5000,564,RD_Radio10,hdtf_visomaster_teams,0.0004159703894631
P8A_step5000,565,RD_Radio19,hdtf_visomaster_teams,-0.014643037343430762
P8A_step5000,566,RD_Radio20,hdtf_visomaster_teams,-0.02123268320942223
P8A_step5000,567,RD_Radio37,hdtf_visomaster_teams,-0.01840701882840503
P8A_step5000,568,RD_Radio9,hdtf_visomaster_teams,0.04403585663962305
P8A_step5000,569,WDA_BenCardin1,hdtf_visomaster_teams,0.008795688704192683
P8A_step5000,570,WDA_ChrisVanHollen1,hdtf_visomaster_teams,-0.0011482083938718305
P8A_step5000,571,WDA_DianneFeinstein,hdtf_visomaster_teams,0.004812802550470773
P8A_step5000,572,WDA_EdMarkey0,hdtf_visomaster_teams,0.008302073477135779
P8A_step5000,573,WDA_GerryConnolly,hdtf_visomaster_teams,0.02309194292168262
P8A_step5000,574,WDA_JamesClyburn1,hdtf_visomaster_teams,0.01047754013823882
P8A_step5000,575,WDA_JeffMerkley1,hdtf_visomaster_teams,0.002041331640969086
P8A_step5000,576,WDA_JerryNadler,hdtf_visomaster_teams,0.009182664191587812
P8A_step5000,577,WDA_JimmyGomez,hdtf_visomaster_teams,0.005984772122670069
P8A_step5000,578,WDA_JoeCrowley1,hdtf_visomaster_teams,-0.007745575307827726
P8A_step5000,579,WDA_LloydDoggett1,hdtf_visomaster_teams,0.021471854705377186
P8A_step5000,580,WDA_NitaLowey,hdtf_visomaster_teams,0.005477279171408887
P8A_step5000,581,WDA_NydiaVelzquez,hdtf_visomaster_teams,0.009909301305852547
P8A_step5000,582,WDA_RonWyden1,hdtf_visomaster_teams,-0.005414318306883669
P8A_step5000,583,WDA_SeanPatrickMaloney,hdtf_visomaster_teams,0.017500603933298747
P8A_step5000,584,WDA_SherrodBrown0,hdtf_visomaster_teams,0.0031622597707037805
P8A_step5000,585,WDA_StephanieMurphy,hdtf_visomaster_teams,0.016735638093432433
P8A_step5000,586,WDA_TammyBaldwin0,hdtf_visomaster_teams,0.020553271533303413
P8A_step5000,587,WDA_TerriSewell,hdtf_visomaster_teams,0.009211876694554925
P8A_step5000,588,WDA_XavierBecerra,hdtf_visomaster_teams,0.012630977498125476
P8A_step5000,589,WRA_AdamKinzinger2,hdtf_visomaster_teams,0.016645261343895802
P8A_step5000,590,WRA_AustinScott2,hdtf_visomaster_teams,0.005240463233734011
P8A_step5000,591,WRA_DaveCamp,hdtf_visomaster_teams,-0.009381625558700408
P8A_step5000,592,WRA_FredUpton,hdtf_visomaster_teams,0.003841101162062018
P8A_step5000,593,WRA_JohnBoehner0,hdtf_visomaster_teams,-0.00564870850561815
P8A_step5000,594,WRA_JohnnyIsakson,hdtf_visomaster_teams,0.03396653507799448
P8A_step5000,595,WRA_KevinBrady3,hdtf_visomaster_teams,-0.009179913537003342
P8A_step5000,596,WRA_MikeJohanns,hdtf_visomaster_teams,0.0022464955659019232
P8A_step5000,597,WRA_MittRomney,hdtf_visomaster_teams,0.02480973681191698
P8A_step5000,598,WRA_OlympiaSnowe,hdtf_visomaster_teams,0.013917196879834377
P8A_step5000,599,WRA_PaulRyan1,hdtf_visomaster_teams,0.0025147224541572154
P8A_step5000,600,WRA_RandPaul1,hdtf_visomaster_teams,-0.0035051788292191147
P8A_step5000,601,WRA_RandPaul2,hdtf_visomaster_teams,0.02375159975696646
P8A_step5000,602,WRA_RichardShelby,hdtf_visomaster_teams,0.005276868771876711
P8A_step5000,603,WRA_RoyBlunt,hdtf_visomaster_teams,0.018490433085006325
P8A_step5000,604,WRA_ToddYoung,hdtf_visomaster_teams,-0.002311651510493774
P8A_step5000,605,RD_Radio3,hdtf_visomaster_teams,-0.004582719917455716
P8A_step5000,606,RD_Radio50,hdtf_visomaster_teams,0.006380759634128868
P8A_step5000,607,WDA_BrianSchatz2,hdtf_visomaster_teams,0.008389326944841577
P8A_step5000,608,WDA_JackReed1,hdtf_visomaster_teams,0.010138500729229224
P8A_step5000,609,WDA_JackyRosen1,hdtf_visomaster_teams,-0.0018462441852594665
P8A_step5000,610,WDA_JeanneShaheen1,hdtf_visomaster_teams,0.017092943223408055
P8A_step5000,611,WDA_JohnSarbanes0,hdtf_visomaster_teams,-0.0037835240715949734
P8A_step5000,612,WDA_KatherineClark,hdtf_visomaster_teams,0.015361378579295863
P8A_step5000,613,WDA_MartinHeinrich,hdtf_visomaster_teams,0.01959425038803854
P8A_step5000,614,WDA_RonWyden0,hdtf_visomaster_teams,-0.03952582257547087
P8A_step5000,615,WDA_SheldonWhitehouse0,hdtf_visomaster_teams,0.015579732122934656
P8A_step5000,616,WRA_DanNewhouse,hdtf_visomaster_teams,0.007508761533263699
P8A_step5000,617,WRA_JuddGregg,hdtf_visomaster_teams,0.01473173878900695
P8A_step5000,618,WRA_MikeJohanns1,hdtf_visomaster_teams,0.025001109218945935
P8A_step5000,619,RD_Radio11,hdtf_visomaster_teams,-0.010975047609439615
P8A_step5000,620,RD_Radio18,hdtf_visomaster_teams,0.017489045155635954
P8A_step5000,621,RD_Radio22,hdtf_visomaster_teams,0.01089052580245383
P8A_step5000,622,RD_Radio25,hdtf_visomaster_teams,0.01944072751348489
P8A_step5000,623,RD_Radio54,hdtf_visomaster_teams,0.03723440178644784
P8A_step5000,624,WDA_AnnieKuster,hdtf_visomaster_teams,0.04268126829463202
P8A_step5000,625,WDA_EdMarkey1,hdtf_visomaster_teams,0.022580125225247456
P8A_step5000,626,WDA_MikeDoyle,hdtf_visomaster_teams,0.00852201635943375
P8A_step5000,627,WDA_TomCarper,hdtf_visomaster_teams,0.013765799942631805
P8A_step5000,628,WDA_TomPerez,hdtf_visomaster_teams,-0.012090608658383385
P8A_step5000,629,WDA_VeronicaEscobar1,hdtf_visomaster_teams,0.029633394342435435
P8A_step5000,630,WRA_JimInhofe,hdtf_visomaster_teams,0.03124074546422397
P8A_step5000,631,WRA_KristiNoem0,hdtf_visomaster_teams,0.006437695840623115
P8A_step5000,632,WRA_SaxbyChambliss,hdtf_visomaster_teams,0.003496411121468289
P8A_step5000,633,RD_Radio32,hdtf_visomaster_teams,0.005067844022171985
P8A_step5000,634,WDA_AlexandriaOcasioCortez,hdtf_visomaster_teams,-0.0005789011312482386
P8A_step5000,635,WDA_DebHaaland,hdtf_visomaster_teams,-0.033096476693349294
P8A_step5000,636,WDA_SuzanDelBene,hdtf_visomaster_teams,0.0005129960607130699
P8A_step5000,637,WDA_TedLieu,hdtf_visomaster_teams,-0.008679984487510468
P8A_step5000,638,WRA_AustinScott0,hdtf_visomaster_teams,0.03979307507623207
P8A_step5000,639,WRA_BobCorker,hdtf_visomaster_teams,0.004597436216998497
P8A_step5000,640,WRA_CathyMcMorrisRodgers0,hdtf_visomaster_teams,0.024699178427080484
P8A_step5000,641,WRA_CathyMcMorrisRodgers2,hdtf_visomaster_teams,0.015761168504539652
P8A_step5000,642,WRA_JeffFlake,hdtf_visomaster_teams,-0.011640047178816018
P8A_step5000,643,WRA_LynnJenkins,hdtf_visomaster_teams,0.02688659519882299
P8A_step5000,644,WRA_VickyHartzler,hdtf_visomaster_teams,0.014460835573850707
P8A_step5000,645,RD_Radio16,hdtf_visomaster_teams,0.013647106865204312
P8A_step5000,646,RD_Radio17,hdtf_visomaster_teams,-0.00948415262427007
P8A_step5000,647,WDA_BarbaraLee0,hdtf_visomaster_teams,0.011218353111443938
P8A_step5000,648,WDA_BenRayLujn,hdtf_visomaster_teams,0.013194991759361325
P8A_step5000,649,WDA_BobCasey0,hdtf_visomaster_teams,0.011201087595516085
P8A_step5000,650,WDA_DebbieStabenow0,hdtf_visomaster_teams,0.0013968322475228076
P8A_step5000,651,WDA_JanSchakowsky0,hdtf_visomaster_teams,-0.014461622737488456
P8A_step5000,652,WDA_JoeManchin,hdtf_visomaster_teams,0.01595058307331656
P8A_step5000,653,WDA_NancyPelosi1,hdtf_visomaster_teams,0.00929755260890653
P8A_step5000,654,WDA_SheldonWhitehouse1,hdtf_visomaster_teams,0.008844735825773642
P8A_step5000,655,WDA_WhipJimClyburn,hdtf_visomaster_teams,0.009448132707536536
P8A_step5000,656,WRA_AdamKinzinger1,hdtf_visomaster_teams,0.014057004983790148
P8A_step5000,657,WRA_SteveDaines0,hdtf_visomaster_teams,0.0216806159476709
P8A_step5000,658,RD_Radio1,hdtf_visomaster_teams,0.007464267672466902
P8A_step5000,659,RD_Radio4,hdtf_visomaster_teams,-0.01052419072954653
P8A_step5000,660,RD_Radio42,hdtf_visomaster_teams,0.008990809451712097
P8A_step5000,661,WDA_AndyLevin,hdtf_visomaster_teams,0.03058434076942182
P8A_step5000,662,WDA_BobMenendez,hdtf_visomaster_teams,-0.0007646214659664859
P8A_step5000,663,WDA_BradSchneider,hdtf_visomaster_teams,0.008632514961987213
P8A_step5000,664,WDA_ByronDorgan1,hdtf_visomaster_teams,0.017753122699557998
P8A_step5000,665,WDA_SherrodBrown1,hdtf_visomaster_teams,0.00626445942292556
P8A_step5000,666,WRA_AdamKinzinger0,hdtf_visomaster_teams,0.010372468204248883
P8A_step5000,667,WRA_JohnThune,hdtf_visomaster_teams,0.009463260409485965
P8A_step5000,668,WRA_LisaMurkowski0,hdtf_visomaster_teams,0.006977414592831271
P8A_step5000,669,WRA_MitchDaniels1,hdtf_visomaster_teams,0.014079175285864248
P8A_step5000,670,WRA_SamBrownback,hdtf_visomaster_teams,0.006816606677428473
P8A_step5000,671,WDA_BarackObama,hdtf_visomaster_teams,-0.03277909133698478
P8A_step5000,672,WDA_DebbieStabenow1,hdtf_visomaster_teams,-0.007878750652530218
P8A_step5000,673,WDA_JanSchakowsky1,hdtf_visomaster_teams,-0.0008982616980871133
P8A_step5000,674,WDA_JonTester1,hdtf_visomaster_teams,0.01373252249209983
P8A_step5000,675,WDA_KatieHill,hdtf_visomaster_teams,-0.013336577293706688
P8A_step5000,676,WDA_RichardBlumenthal,hdtf_visomaster_teams,0.002492856079271846
P8A_step5000,677,WRA_BobGoodlatte0,hdtf_visomaster_teams,0.015388874437283942
P8A_step5000,678,WRA_BobbySchilling,hdtf_visomaster_teams,0.009544752711103579
P8A_step5000,679,WRA_CandiceMiller0,hdtf_visomaster_teams,0.003990642832574315
P8A_step5000,680,WRA_JohnBoehner1,hdtf_visomaster_teams,-0.016325995665717893
P8A_step5000,681,WRA_KellyAyotte,hdtf_visomaster_teams,0.005696650484019523
P8A_step5000,682,RD_Radio38,hdtf_visomaster_teams,-0.03145421794803074
P8A_step5000,683,RD_Radio40,hdtf_visomaster_teams,0.008368878508416883
P8A_step5000,684,RD_Radio43,hdtf_visomaster_teams,0.013011092855735321
P8A_step5000,685,RD_Radio7,hdtf_visomaster_teams,0.05365163677342945
P8A_step5000,686,WDA_BettyMcCollum,hdtf_visomaster_teams,0.009046911501923972
P8A_step5000,687,WDA_ChrisVanHollen0,hdtf_visomaster_teams,0.0021160891351307987
P8A_step5000,688,WDA_DianaDeGette0,hdtf_visomaster_teams,0.005461118767348485
P8A_step5000,689,WDA_DougJones,hdtf_visomaster_teams,0.00014753155770334814
P8A_step5000,690,WDA_JamesClyburn,hdtf_visomaster_teams,0.029741268995538212
P8A_step5000,691,WDA_JoeNeguse,hdtf_visomaster_teams,0.017438980347797985
P8A_step5000,692,WDA_JohnYarmuth1,hdtf_visomaster_teams,0.008894236527250049
P8A_step5000,693,WDA_KimSchrier,hdtf_visomaster_teams,0.04402443507935519
P8A_step5000,694,WRA_CoryGardner1,hdtf_visomaster_teams,0.03554658244718603
P8A_step5000,695,RD_Radio13,hdtf_visomaster_teams,0.005061045780597886
P8A_step5000,696,RD_Radio18,hdtf_visomaster_teams,0.01895201331068901
P8A_step5000,697,RD_Radio20,hdtf_visomaster_teams,-0.023197929501246113
P8A_step5000,698,RD_Radio23,hdtf_visomaster_teams,-0.019109268165908286
P8A_step5000,699,RD_Radio25,hdtf_visomaster_teams,-0.00035972214829957643
P8A_step5000,700,RD_Radio28,hdtf_visomaster_teams,0.016636878344169673
P8A_step5000,701,RD_Radio30,hdtf_visomaster_teams,-0.0011995707381451772
P8A_step5000,702,RD_Radio34,hdtf_visomaster_teams,0.005383633081753331
P8A_step5000,703,RD_Radio35,hdtf_visomaster_teams,0.04357252687117275
P8A_step5000,704,WDA_BennieThompson1,hdtf_visomaster_teams,-0.008725437545551025
P8A_step5000,705,WDA_BillPascrell,hdtf_visomaster_teams,0.03776945683083028
P8A_step5000,706,WDA_BrianSchatz1,hdtf_visomaster_teams,0.000664864045306195
P8A_step5000,707,WDA_CarolynMaloney1,hdtf_visomaster_teams,-0.01992945225051699
P8A_step5000,708,WDA_ChrisVanHollen1,hdtf_visomaster_teams,0.006268163267465099
P8A_step5000,709,WDA_ChuckSchumer1,hdtf_visomaster_teams,0.018538471704163388
P8A_step5000,710,WDA_ColinAllred,hdtf_visomaster_teams,0.016108697350073992
P8A_step5000,711,WDA_DianaDeGette1,hdtf_visomaster_teams,-0.0413709541828514
P8A_step5000,712,WDA_HaleyStevens,hdtf_visomaster_teams,0.017931002062904353
P8A_step5000,713,WDA_JeffMerkley1,hdtf_visomaster_teams,0.0061604796863897904
P8A_step5000,714,WDA_JoaquinCastro,hdtf_visomaster_teams,0.01207666274253124
P8A_step5000,715,WDA_LloydDoggett0,hdtf_visomaster_teams,0.012088615650714127
P8A_step5000,716,WDA_LloydDoggett1,hdtf_visomaster_teams,0.009742927081521255
P8A_step5000,717,WDA_LucilleRoybal-Allard,hdtf_visomaster_teams,0.009200623516129398
P8A_step5000,718,WDA_MattCartwright,hdtf_visomaster_teams,0.04343544999367469
P8A_step5000,719,WDA_RichardNeal0,hdtf_visomaster_teams,0.0040282753859109295
P8A_step5000,720,WDA_RobinKelly,hdtf_visomaster_teams,0.028006782314259925
P8A_step5000,721,WDA_RonWyden1,hdtf_visomaster_teams,0.016246203007139387
P8A_step5000,722,WDA_TerriSewell,hdtf_visomaster_teams,0.007934986762073363
P8A_step5000,723,WDA_TomCarper,hdtf_visomaster_teams,0.013564874748982096
P8A_step5000,724,WDA_VeronicaEscobar0,hdtf_visomaster_teams,-0.02604545599853487
P8A_step5000,725,WRA_ChuckGrassley,hdtf_visomaster_teams,0.009351307308969959
P8A_step5000,726,WRA_DebFischer2,hdtf_visomaster_teams,0.024269145076954803
P8A_step5000,727,WRA_DuncanHunter,hdtf_visomaster_teams,0.010279585161653917
P8A_step5000,728,WRA_FredUpton,hdtf_visomaster_teams,0.007099254459093802
P8A_step5000,729,WRA_KevinBrady2,hdtf_visomaster_teams,0.009031924406831246
P8A_step5000,730,WRA_KristiNoem0,hdtf_visomaster_teams,0.006391594043329643
P8A_step5000,731,WRA_LamarAlexander,hdtf_visomaster_teams,0.008808959682085143
P8A_step5000,732,WRA_MikeCrapo,hdtf_visomaster_teams,0.021625977974827557
P8A_step5000,733,WRA_PaulRyan0,hdtf_visomaster_teams,0.008431482797571275
P8A_step5000,734,WRA_PeterRoskam1,hdtf_visomaster_teams,0.03442352565026736
P8A_step5000,735,WRA_ReneeEllmers,hdtf_visomaster_teams,0.01394705533016794
P8A_step5000,736,WRA_RoyBlunt,hdtf_visomaster_teams,0.006483163218325053
P8A_step5000,737,WRA_SteveScalise1,hdtf_visomaster_teams,-0.012942933657725825
P8A_step5000,738,RD_Radio12,hdtf_visomaster_teams,0.02151524027984646
P8A_step5000,739,RD_Radio43,hdtf_visomaster_teams,0.017734573687138183
P8A_step5000,740,RD_Radio7,hdtf_visomaster_teams,0.015919724946694924
P8A_step5000,741,WDA_AmyKlobuchar0,hdtf_visomaster_teams,0.016874858676584018
P8A_step5000,742,WDA_BettyMcCollum,hdtf_visomaster_teams,-0.007118153294356614
P8A_step5000,743,WDA_DianaDeGette0,hdtf_visomaster_teams,0.009207197405226769
P8A_step5000,744,WDA_EmanuelCleaver,hdtf_visomaster_teams,-0.013899793419417555
P8A_step5000,745,WDA_JoeNeguse,hdtf_visomaster_teams,0.03698251022100905
P8A_step5000,746,WDA_NydiaVelzquez,hdtf_visomaster_teams,-0.0001343080203549318
P8A_step5000,747,WRA_AdamKinzinger2,hdtf_visomaster_teams,-0.0015326057191943285
P8A_step5000,748,WRA_DaveCamp,hdtf_visomaster_teams,0.0002549152417214444
P8A_step5000,749,WRA_JohnBoehner0,hdtf_visomaster_teams,0.00021432311114821367
P8A_step5000,750,WRA_KevinBrady3,hdtf_visomaster_teams,-0.008459223049512781
P8A_step5000,751,WRA_RandPaul1,hdtf_visomaster_teams,0.0023102233680100436
P8A_step5000,752,WRA_TomCotton,hdtf_visomaster_teams,-0.0009276666223200858
P8A_step5000,753,RD_Radio3,hdtf_visomaster_teams,-0.0026667378833222645
P8A_step5000,754,RD_Radio47,hdtf_visomaster_teams,-0.010719048031804023
P8A_step5000,755,RD_Radio50,hdtf_visomaster_teams,0.0006797948893440433
P8A_step5000,756,WDA_DebHaaland,hdtf_visomaster_teams,-0.004831460212086606
P8A_step5000,757,WDA_JackyRosen1,hdtf_visomaster_teams,0.0008382906965482021
P8A_step5000,758,WDA_JeanneShaheen1,hdtf_visomaster_teams,0.01392637478164118
P8A_step5000,759,WDA_JonTester0,hdtf_visomaster_teams,0.011912427738875716
P8A_step5000,760,WDA_MartinHeinrich,hdtf_visomaster_teams,0.035108035081891066
P8A_step5000,761,WDA_RonWyden0,hdtf_visomaster_teams,-0.013597529233870947
P8A_step5000,762,WDA_SuzanDelBene,hdtf_visomaster_teams,0.007760124275816949
P8A_step5000,763,WRA_CathyMcMorrisRodgers2,hdtf_visomaster_teams,-0.006419073942174176
P8A_step5000,764,WRA_DanNewhouse,hdtf_visomaster_teams,0.012355749302679388
P8A_step5000,765,WRA_JeffFlake,hdtf_visomaster_teams,-0.014992106260078799
P8A_step5000,766,WRA_MikeJohanns1,hdtf_visomaster_teams,0.010268400629523177
P8A_step5000,767,RD_Radio2,hdtf_visomaster_teams,-0.006047146022575362
P8A_step5000,768,WDA_AndyLevin,hdtf_visomaster_teams,-0.017798503866089534
P8A_step5000,769,WDA_DickDurbin,hdtf_visomaster_teams,0.012463820377057094
P8A_step5000,770,WDA_DonaldMcEachin,hdtf_visomaster_teams,0.004926982221554269
P8A_step5000,771,WDA_DonnaShalala1,hdtf_visomaster_teams,-0.010835208752270915
P8A_step5000,772,WDA_HillaryClinton,hdtf_visomaster_teams,0.0011374592611981833
P8A_step5000,773,WDA_JackReed1,hdtf_visomaster_teams,0.007290707247458046
P8A_step5000,774,WDA_JohnSarbanes0,hdtf_visomaster_teams,-0.00958110834354874
P8A_step5000,775,WDA_KatherineClark,hdtf_visomaster_teams,0.013166517876514192
P8A_step5000,776,WDA_MaggieHassan,hdtf_visomaster_teams,0.007710018702704699
P8A_step5000,777,WDA_PattyMurray0,hdtf_visomaster_teams,0.027443580631250818
P8A_step5000,778,WDA_SeanCasten,hdtf_visomaster_teams,0.018742689337099914
P8A_step5000,779,WRA_TimScott,hdtf_visomaster_teams,0.018695459342341337
P8A_step5000,780,WRA_TomPrice,hdtf_visomaster_teams,0.0026275810924046867
P8A_step5000,781,RD_Radio10,hdtf_visomaster_teams,-0.00605743731029508
P8A_step5000,782,WDA_BarackObama,hdtf_visomaster_teams,-0.00879582168325958
P8A_step5000,783,WDA_JamesClyburn1,hdtf_visomaster_teams,-0.0056526281966135196
P8A_step5000,784,WDA_JanSchakowsky1,hdtf_visomaster_teams,0.00988225295632067
P8A_step5000,785,WDA_JerryNadler,hdtf_visomaster_teams,0.014166200427701345
P8A_step5000,786,WDA_SeanPatrickMaloney,hdtf_visomaster_teams,0.0063141877573755665
P8A_step5000,787,WDA_TammyBaldwin0,hdtf_visomaster_teams,0.025184387746248003
P8A_step5000,788,WDA_XavierBecerra,hdtf_visomaster_teams,0.0034005020406128435
P8A_step5000,789,WRA_BobGoodlatte0,hdtf_visomaster_teams,0.020406834874039666
P8A_step5000,790,WRA_BobbySchilling,hdtf_visomaster_teams,0.005697624337794128
P8A_step5000,791,WRA_CathyMcMorrisRodgers1,hdtf_visomaster_teams,0.0013530478332357658
P8A_step5000,792,WRA_KellyAyotte,hdtf_visomaster_teams,-0.006752901746146372
P8A_step5000,793,WRA_PaulRyan1,hdtf_visomaster_teams,0.0231742788192277
P8A_step5000,794,WRA_ToddYoung,hdtf_visomaster_teams,-0.014691650624872711
P8A_step5000,795,RD_Radio32,hdtf_visomaster_teams,0.020788998590316035
P8A_step5000,796,WDA_BenCardin1,hdtf_visomaster_teams,0.012382674314441539
P8A_step5000,797,WDA_ChrisMurphy0,hdtf_visomaster_teams,-0.03030435964458195
P8A_step5000,798,WDA_JamesClyburn,hdtf_visomaster_teams,0.022223063231417303
P8A_step5000,799,WDA_JoeCrowley1,hdtf_visomaster_teams,0.0017744009602629948
P8A_step5000,800,WDA_NitaLowey,hdtf_visomaster_teams,0.008928998575811186
P8A_step5000,801,WDA_StephanieMurphy,hdtf_visomaster_teams,6.841471308609293e-05
P8A_step5000,802,WRA_AustinScott2,hdtf_visomaster_teams,0.008889738422070928
P8A_step5000,803,WRA_BobCorker,hdtf_visomaster_teams,0.008090268074994513
P8A_step5000,804,WRA_CathyMcMorrisRodgers0,hdtf_visomaster_teams,-0.0068452685132262695
P8A_step5000,805,WRA_DianeBlack0,hdtf_visomaster_teams,0.009762249998345589
P8A_step5000,806,WRA_JohnnyIsakson,hdtf_visomaster_teams,0.0033240647491727705
P8A_step5000,807,WRA_JonKyl,hdtf_visomaster_teams,0.0054556880400770755
P8A_step5000,808,WRA_LynnJenkins,hdtf_visomaster_teams,0.012012096050444244
P8A_step5000,809,WRA_RandPaul2,hdtf_visomaster_teams,0.014805480170680979
P8A_step5000,810,RD_Radio45,hdtf_visomaster_teams,0.0025929734870586566
P8A_step5000,811,WDA_BobMenendez,hdtf_visomaster_teams,0.05382332967153418
P8A_step5000,812,WDA_CatherineCortezMasto,hdtf_visomaster_teams,0.0071647670711500935
P8A_step5000,813,WDA_DebbieWassermanSchultz,hdtf_visomaster_teams,-0.007903049356898326
P8A_step5000,814,WDA_JohnSarbanes1,hdtf_visomaster_teams,0.013078112128242666
P8A_step5000,815,WDA_SherrodBrown1,hdtf_visomaster_teams,0.01580821659773155
P8A_step5000,816,WRA_AdamKinzinger0,hdtf_visomaster_teams,0.007240865718756954
P8A_step5000,817,WRA_CarlyFiorina0,hdtf_visomaster_teams,-0.010329153115457262
P8A_step5000,818,WRA_DianeBlack1,hdtf_visomaster_teams,0.02396634049129581
P8A_step5000,819,WRA_GeoffDavis,hdtf_visomaster_teams,0.04682490467995272
P8A_step5000,820,WRA_JebHensarling2,hdtf_visomaster_teams,0.003601648230316851
P8A_step5000,821,WRA_LamarAlexander0,hdtf_visomaster_teams,0.007174165425657047
P8A_step5000,822,WRA_RogerWicker1,hdtf_visomaster_teams,0.04259769587165879
P8A_step5000,823,WRA_SamBrownback,hdtf_visomaster_teams,-1.2398774923537935e-05
P8A_step5000,824,RD_Radio11,hdtf_visomaster_teams,0.01300880421782683
P8A_step5000,825,RD_Radio19,hdtf_visomaster_teams,0.0029669051925880624
P8A_step5000,826,RD_Radio22,hdtf_visomaster_teams,0.015365454451289381
P8A_step5000,827,WDA_AnnieKuster,hdtf_visomaster_teams,0.0376995051323154
P8A_step5000,828,WDA_DianneFeinstein,hdtf_visomaster_teams,-0.0037412883153066945
P8A_step5000,829,WDA_HakeemJeffries,hdtf_visomaster_teams,0.008825816158691263
P8A_step5000,830,WDA_HenryWaxman,hdtf_visomaster_teams,0.018506692202724825
P8A_step5000,831,WDA_JimmyGomez,hdtf_visomaster_teams,-0.008289953427593366
P8A_step5000,832,WDA_PattyMurray1,hdtf_visomaster_teams,-0.0009480845738533513
P8A_step5000,833,WDA_TomPerez,hdtf_visomaster_teams,0.029262006559016132
P8A_step5000,834,WRA_MikeJohanns,hdtf_visomaster_teams,0.009349065195789706
P8A_step5000,835,WRA_OlympiaSnowe,hdtf_visomaster_teams,-0.0038747274569656447
P8A_step5000,836,WRA_SaxbyChambliss,hdtf_visomaster_teams,0.013714559675362304
P8A_step5000,837,RD_Radio20,hdtf_visomaster_teams,-0.01353524317081219
P8A_step5000,838,RD_Radio26,hdtf_visomaster_teams,0.012216738222936348
P8A_step5000,839,RD_Radio39,hdtf_visomaster_teams,0.0371532017119065
P8A_step5000,840,RD_Radio47,hdtf_visomaster_teams,0.013718000580802586
P8A_step5000,841,RD_Radio52,hdtf_visomaster_teams,0.01081841236579838
P8A_step5000,842,WDA_AdamSchiff,hdtf_visomaster_teams,0.02806080674835982
P8A_step5000,843,WDA_AdamSmith,hdtf_visomaster_teams,-0.002386576562669918
P8A_step5000,844,WDA_AmyKlobuchar1,hdtf_visomaster_teams,-0.007959066629973732
P8A_step5000,845,WDA_BobCasey1,hdtf_visomaster_teams,-0.004846724495264994
P8A_step5000,846,WDA_BobbyScott,hdtf_visomaster_teams,-0.005165205195878665
P8A_step5000,847,WDA_DanKildee1,hdtf_visomaster_teams,0.010053220584867902
P8A_step5000,848,WDA_DickDurbin,hdtf_visomaster_teams,-0.0017418039659919788
P8A_step5000,849,WDA_ElijahCummings,hdtf_visomaster_teams,0.029188516780621444
P8A_step5000,850,WDA_FrankPallone0,hdtf_visomaster_teams,0.004600761170905719
P8A_step5000,851,WDA_JackReed0,hdtf_visomaster_teams,0.0015837467094291001
P8A_step5000,852,WDA_JeffMerkley1,hdtf_visomaster_teams,0.0017601366868447077
P8A_step5000,853,WDA_JonTester0,hdtf_visomaster_teams,0.011466615676989119
P8A_step5000,854,WDA_MaggieHassan,hdtf_visomaster_teams,-0.0036241609313668634
P8A_step5000,855,WDA_MarkWarner2,hdtf_visomaster_teams,-0.0037037336521082843
P8A_step5000,856,WDA_MichelleLujanGrisham,hdtf_visomaster_teams,-0.0017814312804564558
P8A_step5000,857,WDA_MichelleObama,hdtf_visomaster_teams,0.010102564889188278
P8A_step5000,858,WDA_NancyPelosi3,hdtf_visomaster_teams,-0.014361137502680418
P8A_step5000,859,WDA_PattyMurray0,hdtf_visomaster_teams,0.01845318131250412
P8A_step5000,860,WDA_RaulRuiz,hdtf_visomaster_teams,0.021773906693625444
P8A_step5000,861,WDA_RobinKelly,hdtf_visomaster_teams,-0.0017944409808813252
P8A_step5000,862,WDA_SeanCasten,hdtf_visomaster_teams,0.014871739114124686
P8A_step5000,863,WDA_TerriSewell,hdtf_visomaster_teams,0.0016338858736904861
P8A_step5000,864,WDA_TerriSewell1,hdtf_visomaster_teams,-0.0052057879398307635
P8A_step5000,865,WDA_TimWalz,hdtf_visomaster_teams,0.013262053372684171
P8A_step5000,866,WRA_AnnWagner,hdtf_visomaster_teams,0.00449623844339839
P8A_step5000,867,WRA_DanSullivan,hdtf_visomaster_teams,-0.0020365113652849555
P8A_step5000,868,WRA_DebFischer1,hdtf_visomaster_teams,0.03676810094796867
P8A_step5000,869,WRA_DebFischer2,hdtf_visomaster_teams,0.0369143243871321
P8A_step5000,870,WRA_FredUpton,hdtf_visomaster_teams,0.010177179524933301
P8A_step5000,871,WRA_JaimeHerreraBeutler0,hdtf_visomaster_teams,0.016239473811599917
P8A_step5000,872,WRA_JoePitts,hdtf_visomaster_teams,0.008070606959761781
P8A_step5000,873,WRA_JohnBoozman,hdtf_visomaster_teams,-0.005845486551697731
P8A_step5000,874,WRA_JohnHoeven,hdtf_visomaster_teams,0.022264686027835955
P8A_step5000,875,WRA_KristiNoem2,hdtf_visomaster_teams,0.013805732848896041
P8A_step5000,876,WRA_MarcoRubio,hdtf_visomaster_teams,0.008055446980385753
P8A_step5000,877,WRA_RandPaul0,hdtf_visomaster_teams,0.0030119124683781516
P8A_step5000,878,WRA_TimScott,hdtf_visomaster_teams,0.006383499324908521
P8A_step5000,879,RD_Radio13,hdtf_visomaster_teams,0.004533431840532495
P8A_step5000,880,RD_Radio23,hdtf_visomaster_teams,0.00043474172172102777
P8A_step5000,881,RD_Radio30,hdtf_visomaster_teams,-0.0181812917792398
P8A_step5000,882,WDA_BennieThompson1,hdtf_visomaster_teams,-0.0073172844395871395
P8A_step5000,883,WDA_BillPascrell,hdtf_visomaster_teams,0.01800233233817841
P8A_step5000,884,WDA_BrianSchatz1,hdtf_visomaster_teams,0.003104238302442397
P8A_step5000,885,WDA_ColinAllred,hdtf_visomaster_teams,0.00469717083515017
P8A_step5000,886,WDA_HaleyStevens,hdtf_visomaster_teams,0.024773827948213468
P8A_step5000,887,WRA_ChuckGrassley,hdtf_visomaster_teams,0.009734040194013718
P8A_step5000,888,WRA_JohnBoehner1,hdtf_visomaster_teams,-0.006260879733796833
P8A_step5000,889,WRA_MikeCrapo,hdtf_visomaster_teams,0.02204180487168713
P8A_step5000,890,WRA_ReneeEllmers,hdtf_visomaster_teams,-0.0011052186016605493
P8A_step5000,891,WDA_BrianSchatz2,hdtf_visomaster_teams,-0.0049097687523386065
P8A_step5000,892,WDA_ChrisMurphy0,hdtf_visomaster_teams,-0.009270448247258832
P8A_step5000,893,WDA_DebbieDingell0,hdtf_visomaster_teams,-0.025554851773831173
P8A_step5000,894,WDA_NydiaVelzquez,hdtf_visomaster_teams,0.029756336315888646
P8A_step5000,895,WRA_AdamKinzinger2,hdtf_visomaster_teams,0.017295407400058742
P8A_step5000,896,WRA_DaveCamp,hdtf_visomaster_teams,0.010795340026209296
P8A_step5000,897,WRA_JohnBoehner0,hdtf_visomaster_teams,-0.006641888024317931
P8A_step5000,898,WRA_KevinBrady2,hdtf_visomaster_teams,-0.015613180664922502
P8A_step5000,899,WRA_KevinBrady3,hdtf_visomaster_teams,-0.01353177314985092
P8A_step5000,900,WRA_PeterRoskam1,hdtf_visomaster_teams,0.03971086585436181
P8A_step5000,901,RD_Radio12,hdtf_visomaster_teams,0.0027736827478947726
P8A_step5000,902,RD_Radio19,hdtf_visomaster_teams,0.0001579976599086737
P8A_step5000,903,WDA_AmyKlobuchar0,hdtf_visomaster_teams,0.010795261381580042
P8A_step5000,904,WDA_AndyKim,hdtf_visomaster_teams,0.030278794037631437
P8A_step5000,905,WDA_DianneFeinstein,hdtf_visomaster_teams,0.011291648483456556
P8A_step5000,906,WDA_EmanuelCleaver,hdtf_visomaster_teams,0.002352069559843612
P8A_step5000,907,WDA_JimmyGomez,hdtf_visomaster_teams,0.0009574106847730856
P8A_step5000,908,WDA_JoeCrowley0,hdtf_visomaster_teams,0.028357692767803824
P8A_step5000,909,WDA_LisaBluntRochester,hdtf_visomaster_teams,0.005934185956049796
P8A_step5000,910,WDA_MichaelBennet,hdtf_visomaster_teams,0.006202484084355935
P8A_step5000,911,WRA_MikeJohanns,hdtf_visomaster_teams,0.05109450039071657
P8A_step5000,912,WRA_RogerWicker0,hdtf_visomaster_teams,-0.014761427345642873
P8A_step5000,913,WRA_TomCotton,hdtf_visomaster_teams,0.00212440112057062
P8A_step5000,914,RD_Radio18,hdtf_visomaster_teams,0.0398778058769373
P8A_step5000,915,RD_Radio25,hdtf_visomaster_teams,-0.008992964874978046
P8A_step5000,916,RD_Radio32,hdtf_visomaster_teams,-0.0011729703066702298
P8A_step5000,917,RD_Radio40,hdtf_visomaster_teams,0.004338982524221563
P8A_step5000,918,WDA_ChrisVanHollen0,hdtf_visomaster_teams,-0.00020809744330255956
P8A_step5000,919,WDA_DougJones,hdtf_visomaster_teams,0.0073178804330502716
P8A_step5000,920,WDA_JohnYarmuth1,hdtf_visomaster_teams,-0.0021864172252366826
P8A_step5000,921,WDA_MarciaFudge,hdtf_visomaster_teams,0.016637149242563393
P8A_step5000,922,WDA_TomCarper,hdtf_visomaster_teams,0.015915254860769446
P8A_step5000,923,WRA_BobCorker,hdtf_visomaster_teams,0.006068244514371964
P8A_step5000,924,WRA_CathyMcMorrisRodgers0,hdtf_visomaster_teams,0.03135025939196394
P8A_step5000,925,WRA_JonKyl,hdtf_visomaster_teams,-0.0027858683579682565
P8A_step5000,926,WRA_KristiNoem0,hdtf_visomaster_teams,-0.00293314110191986
P8A_step5000,927,WRA_LynnJenkins,hdtf_visomaster_teams,0.004096023131797477
P8A_step5000,928,RD_Radio10,hdtf_visomaster_teams,0.0017686441843172435
P8A_step5000,929,WDA_BarackObama,hdtf_visomaster_teams,-0.01160803061473275
P8A_step5000,930,WDA_JackReed1,hdtf_visomaster_teams,0.012142678957907528
P8A_step5000,931,WDA_JamesClyburn1,hdtf_visomaster_teams,0.012268485612511176
P8A_step5000,932,WDA_JanSchakowsky1,hdtf_visomaster_teams,0.007319027225294772
P8A_step5000,933,WDA_JerryNadler,hdtf_visomaster_teams,0.010111261629400861
P8A_step5000,934,WDA_JohnSarbanes0,hdtf_visomaster_teams,-0.0030125710819125435
P8A_step5000,935,WDA_KatherineClark,hdtf_visomaster_teams,0.012443012051635142
P8A_step5000,936,WDA_SherrodBrown0,hdtf_visomaster_teams,0.0026456023631617506
P8A_step5000,937,WRA_BobGoodlatte0,hdtf_visomaster_teams,0.022825978277316784
P8A_step5000,938,WRA_BobbySchilling,hdtf_visomaster_teams,0.0023907859049620605
P8A_step5000,939,WRA_JuddGregg,hdtf_visomaster_teams,0.020275459636209504
P8A_step5000,940,WRA_KellyAyotte,hdtf_visomaster_teams,0.011403310974079917
P8A_step5000,941,WRA_ToddYoung,hdtf_visomaster_teams,0.011548326131714552
P8A_step5000,942,RD_Radio1,hdtf_visomaster_teams,0.016524115735583288
P8A_step5000,943,RD_Radio28,hdtf_visomaster_teams,0.0457955633746726
P8A_step5000,944,RD_Radio4,hdtf_visomaster_teams,-0.029009427844521256
P8A_step5000,945,WDA_BarbaraLee1,hdtf_visomaster_teams,0.012861697041519113
P8A_step5000,946,WDA_BradSchneider,hdtf_visomaster_teams,0.014358885478341351
P8A_step5000,947,WDA_ByronDorgan1,hdtf_visomaster_teams,0.026793349276790075
P8A_step5000,948,WDA_ChrisCoons,hdtf_visomaster_teams,0.005586764555461472
P8A_step5000,949,WDA_ChuckSchumer1,hdtf_visomaster_teams,0.009083635371063891
P8A_step5000,950,WDA_LloydDoggett0,hdtf_visomaster_teams,0.006098480312902437
P8A_step5000,951,WRA_MitchDaniels1,hdtf_visomaster_teams,0.006285712033246955
P8A_step5000,952,WRA_NanHayworth,hdtf_visomaster_teams,0.02671101315231937
P8A_step5000,953,WRA_RandPaul1,hdtf_visomaster_teams,0.0010147735306287493
P8A_step5000,954,RD_Radio45,hdtf_visomaster_teams,-0.016152146018073178
P8A_step5000,955,RD_Radio54,hdtf_visomaster_teams,0.02040977037397136
P8A_step5000,956,WDA_BenCardin1,hdtf_visomaster_teams,0.017766551909675517
P8A_step5000,957,WDA_CatherineCortezMasto,hdtf_visomaster_teams,-0.01191010352063394
P8A_step5000,958,WDA_EdMarkey1,hdtf_visomaster_teams,0.015955166321589442
P8A_step5000,959,WDA_MikeDoyle,hdtf_visomaster_teams,0.031654315653210904
P8A_step5000,960,WDA_VeronicaEscobar1,hdtf_visomaster_teams,-0.012046620067785094
P8A_step5000,961,WRA_AustinScott2,hdtf_visomaster_teams,0.002103655715535244
P8A_step5000,962,WRA_DianeBlack0,hdtf_visomaster_teams,-0.004419172513666568
P8A_step5000,963,WRA_DianeBlack1,hdtf_visomaster_teams,0.01710429525391419
P8A_step5000,964,WRA_JebHensarling0,hdtf_visomaster_teams,0.021839092494443723
P8A_step5000,965,WRA_JimInhofe,hdtf_visomaster_teams,0.023756224394279137
P8A_step5000,966,WRA_JohnnyIsakson,hdtf_visomaster_teams,0.03430583908889565
P8A_step5000,967,WRA_RogerWicker1,hdtf_visomaster_teams,0.019065613345424726
P8A_step5000,968,RD_Radio20,hdtf_visomaster_teams,-0.018161692359785674
P8A_step5000,969,RD_Radio21,hdtf_visomaster_teams,-0.023599918577702373
P8A_step5000,970,RD_Radio29,hdtf_visomaster_teams,0.03702289875216832
P8A_step5000,971,RD_Radio36,hdtf_visomaster_teams,0.004116504450606904
P8A_step5000,972,RD_Radio5,hdtf_visomaster_teams,0.006608005106994112
P8A_step5000,973,RD_Radio53,hdtf_visomaster_teams,0.006660221454016228
P8A_step5000,974,WDA_AndyLevin,hdtf_visomaster_teams,0.030629423157224438
P8A_step5000,975,WDA_ChrisCoons1,hdtf_visomaster_teams,0.0009798600645019244
P8A_step5000,976,WDA_ChrisVanHollen1,hdtf_visomaster_teams,0.003052915896593979
P8A_step5000,977,WDA_DebbieDingell1,hdtf_visomaster_teams,0.0013685396732644071
P8A_step5000,978,WDA_DebbieStabenow1,hdtf_visomaster_teams,0.0056592675161198916
P8A_step5000,979,WDA_EricSwalwell,hdtf_visomaster_teams,0.015562694334117869
P8A_step5000,980,WDA_JeffMerkley1,hdtf_visomaster_teams,0.0054612101625494125
P8A_step5000,981,WDA_JoeKennedy,hdtf_visomaster_teams,0.01738121459156336
P8A_step5000,982,WDA_JonTester1,hdtf_visomaster_teams,-0.005341432863761032
P8A_step5000,983,WDA_KatieHill,hdtf_visomaster_teams,-0.0028647305502348393
P8A_step5000,984,WDA_KirstenGillibrand,hdtf_visomaster_teams,0.004098607527410708
P8A_step5000,985,WDA_LucyMcBath,hdtf_visomaster_teams,0.00792043091483583
P8A_step5000,986,WDA_MichelleLujanGrisham,hdtf_visomaster_teams,0.007412248487651619
P8A_step5000,987,WDA_MikeThompson0,hdtf_visomaster_teams,0.0006475616009633126
P8A_step5000,988,WDA_NancyPelosi3,hdtf_visomaster_teams,-0.009256126452809982
P8A_step5000,989,WDA_RobinKelly,hdtf_visomaster_teams,0.011512948082809244
P8A_step5000,990,WDA_RonWyden1,hdtf_visomaster_teams,-0.0009992915316514907
P8A_step5000,991,WDA_StenyHoyer,hdtf_visomaster_teams,0.01402350892651398
P8A_step5000,992,WDA_ZoeLofgren,hdtf_visomaster_teams,0.006130135735926196
P8A_step5000,993,WRA_AnnMarieBuerkle,hdtf_visomaster_teams,0.007052553584491883
P8A_step5000,994,WRA_BillCassidy0,hdtf_visomaster_teams,0.026248860266433964
P8A_step5000,995,WRA_CarlyFiorina,hdtf_visomaster_teams,0.015865104643952264
P8A_step5000,996,WRA_CoryGardner,hdtf_visomaster_teams,0.031042004398548494
P8A_step5000,997,WRA_DavidVitter,hdtf_visomaster_teams,0.03601330203862046
P8A_step5000,998,WRA_DebFischer0,hdtf_visomaster_teams,0.01701440283695481
P8A_step5000,999,WRA_DebFischer2,hdtf_visomaster_teams,0.026861216901071423
P8A_step5000,1000,WRA_ErikPaulsen,hdtf_visomaster_teams,0.003864652322314276
P8A_step5000,1001,WRA_GeorgeLeMieux,hdtf_visomaster_teams,0.020672849917723144
P8A_step5000,1002,WRA_GregWalden1,hdtf_visomaster_teams,0.018157134725847894
P8A_step5000,1003,WRA_JimRisch,hdtf_visomaster_teams,-0.015423594206809978
P8A_step5000,1004,WRA_JoeHeck1,hdtf_visomaster_teams,0.032657447061163185
P8A_step5000,1005,WRA_JoniErnst1,hdtf_visomaster_teams,-0.0042485809736045625
P8A_step5000,1006,WRA_KevinBrady,hdtf_visomaster_teams,0.010277400201698147
P8A_step5000,1007,WRA_MarkwayneMullin,hdtf_visomaster_teams,0.008835279769096649
P8A_step5000,1008,WRA_MichaelSteele,hdtf_visomaster_teams,-0.007810540534779855
P8A_step5000,1009,WRA_MikeEnzi,hdtf_visomaster_teams,0.03711448228589772
P8A_step5000,1010,WRA_RogerWicker2,hdtf_visomaster_teams,0.004696249836983555
P8A_step5000,1011,RD_Radio28,hdtf_visomaster_teams,-0.002523020148117434
P8A_step5000,1012,RD_Radio52,hdtf_visomaster_teams,0.017061093060107668
P8A_step5000,1013,RD_Radio54,hdtf_visomaster_teams,0.02040977037397136
P8A_step5000,1014,WDA_ChuckSchumer1,hdtf_visomaster_teams,0.017194555388186122
P8A_step5000,1015,WDA_RichardNeal0,hdtf_visomaster_teams,0.007957671276234403
P8A_step5000,1016,WDA_VeronicaEscobar1,hdtf_visomaster_teams,-0.0004255188379247017
P8A_step5000,1017,WRA_JimInhofe,hdtf_visomaster_teams,0.035019687810399006
P8A_step5000,1018,WRA_JohnBoozman,hdtf_visomaster_teams,0.009931954358667885
P8A_step5000,1019,WRA_JohnHoeven,hdtf_visomaster_teams,-0.002220145823980754
P8A_step5000,1020,RD_Radio13,hdtf_visomaster_teams,-0.0017997149891227403
P8A_step5000,1021,RD_Radio39,hdtf_visomaster_teams,0.01841964242122327
P8A_step5000,1022,WDA_BennieThompson1,hdtf_visomaster_teams,-0.011021744139001555
P8A_step5000,1023,WDA_BillPascrell,hdtf_visomaster_teams,0.01889534751714652
P8A_step5000,1024,WDA_BrianSchatz1,hdtf_visomaster_teams,0.008531767302151046
P8A_step5000,1025,WDA_ColinAllred,hdtf_visomaster_teams,0.007765045805501161
P8A_step5000,1026,WDA_DanKildee1,hdtf_visomaster_teams,0.0011509388631093245
P8A_step5000,1027,WDA_TimWalz,hdtf_visomaster_teams,0.011846389770774129
P8A_step5000,1028,WRA_ChuckGrassley,hdtf_visomaster_teams,0.008552574618608762
P8A_step5000,1029,WRA_JoePitts,hdtf_visomaster_teams,-0.005705766116210861
P8A_step5000,1030,WRA_LamarAlexander,hdtf_visomaster_teams,0.0023493514141966166
P8A_step5000,1031,WRA_MikeCrapo,hdtf_visomaster_teams,0.020103792431434262
P8A_step5000,1032,WRA_ReneeEllmers,hdtf_visomaster_teams,0.01045732901315243
P8A_step5000,1033,WRA_RobPortman,hdtf_visomaster_teams,0.018681897680200274
P8A_step5000,1034,RD_Radio3,hdtf_visomaster_teams,-0.0060704182003279514
P8A_step5000,1035,RD_Radio40,hdtf_visomaster_teams,-0.009759427897514043
P8A_step5000,1036,WDA_ChrisMurphy0,hdtf_visomaster_teams,-0.002941792090830362
P8A_step5000,1037,WDA_ChrisVanHollen0,hdtf_visomaster_teams,0.0015984951199836252
P8A_step5000,1038,WDA_DougJones,hdtf_visomaster_teams,0.009611492909903242
P8A_step5000,1039,WDA_JackyRosen1,hdtf_visomaster_teams,-0.0022349632482018163
P8A_step5000,1040,WDA_JeanneShaheen1,hdtf_visomaster_teams,0.02067218271352739
P8A_step5000,1041,WDA_JohnYarmuth1,hdtf_visomaster_teams,0.009943448636314314
P8A_step5000,1042,WDA_JonTester0,hdtf_visomaster_teams,0.003020266293450098
P8A_step5000,1043,WDA_MarciaFudge,hdtf_visomaster_teams,0.03186926668621058
P8A_step5000,1044,WDA_NitaLowey,hdtf_visomaster_teams,0.008611991554452452
P8A_step5000,1045,WDA_RonWyden0,hdtf_visomaster_teams,-0.015476430256006781
P8A_step5000,1046,WRA_RandPaul2,hdtf_visomaster_teams,0.004711251990959667
P8A_step5000,1047,RD_Radio23,hdtf_visomaster_teams,-0.01897470110335537
P8A_step5000,1048,RD_Radio26,hdtf_visomaster_teams,0.05313723280622274
P8A_step5000,1049,RD_Radio30,hdtf_visomaster_teams,0.0008016328498209435
P8A_step5000,1050,WDA_AmyKlobuchar1,hdtf_visomaster_teams,0.0019104549684269383
P8A_step5000,1051,WDA_BobCasey1,hdtf_visomaster_teams,0.0015312713120758758
P8A_step5000,1052,WDA_CarolynMaloney1,hdtf_visomaster_teams,-0.007571389066187555
P8A_step5000,1053,WDA_HaleyStevens,hdtf_visomaster_teams,0.012004902852102942
P8A_step5000,1054,WDA_MarkWarner2,hdtf_visomaster_teams,0.0008921035079703472
P8A_step5000,1055,WDA_MattCartwright,hdtf_visomaster_teams,0.04390831080388902
P8A_step5000,1056,WDA_MichelleObama,hdtf_visomaster_teams,0.00014232060949395946
P8A_step5000,1057,WDA_TerriSewell1,hdtf_visomaster_teams,-0.011713258388469781
P8A_step5000,1058,WRA_AnnWagner,hdtf_visomaster_teams,0.0002762419012705634
P8A_step5000,1059,RD_Radio35,hdtf_visomaster_teams,0.0033245983737398375
P8A_step5000,1060,WDA_AdamSchiff,hdtf_visomaster_teams,0.05902857807886201
P8A_step5000,1061,WDA_BobbyScott,hdtf_visomaster_teams,0.0016330980663286942
P8A_step5000,1062,WDA_DianaDeGette1,hdtf_visomaster_teams,-0.02681706599273049
P8A_step5000,1063,WDA_RaulRuiz,hdtf_visomaster_teams,0.017425732074091548
P8A_step5000,1064,WDA_SeanPatrickMaloney,hdtf_visomaster_teams,0.01075246522377635
P8A_step5000,1065,WDA_TammyBaldwin0,hdtf_visomaster_teams,-0.001394040136023852
P8A_step5000,1066,WDA_VeronicaEscobar0,hdtf_visomaster_teams,0.038530642524235166
P8A_step5000,1067,WRA_JaimeHerreraBeutler0,hdtf_visomaster_teams,0.001194183840792798
P8A_step5000,1068,WRA_KristiNoem2,hdtf_visomaster_teams,0.005164000016310848
P8A_step5000,1069,WRA_PaulRyan0,hdtf_visomaster_teams,-0.0012791451812730224
P8A_step5000,1070,WRA_RandPaul1,hdtf_visomaster_teams,-0.010043750507035544
P8A_step5000,1071,RD_Radio10,hdtf_visomaster_teams,0.0021332724307053298
P8A_step5000,1072,RD_Radio18,hdtf_visomaster_teams,0.009394946496293447
P8A_step5000,1073,RD_Radio25,hdtf_visomaster_teams,0.021372001172458726
P8A_step5000,1074,RD_Radio34,hdtf_visomaster_teams,0.0032515961130751333
P8A_step5000,1075,WDA_BenCardin1,hdtf_visomaster_teams,0.01127481778147439
P8A_step5000,1076,WDA_JamesClyburn1,hdtf_visomaster_teams,0.013149251652880816
P8A_step5000,1077,WDA_SherrodBrown0,hdtf_visomaster_teams,-0.04042011298717894
P8A_step5000,1078,WDA_StephanieMurphy,hdtf_visomaster_teams,0.0024952086600093628
P8A_step5000,1079,WDA_TomCarper,hdtf_visomaster_teams,0.019278157728912622
P8A_step5000,1080,WRA_AustinScott2,hdtf_visomaster_teams,0.007434607848873817
P8A_step5000,1081,WRA_KristiNoem0,hdtf_visomaster_teams,0.007019363797339102
P8A_step5000,1082,WRA_ToddYoung,hdtf_visomaster_teams,-0.018512548579038866
P8A_step5000,1083,WDA_AdamSmith,hdtf_visomaster_teams,-0.004138315939002263
P8A_step5000,1084,WDA_DebbieDingell0,hdtf_visomaster_teams,0.014106187638108916
P8A_step5000,1085,WDA_DickDurbin,hdtf_visomaster_teams,-0.0014434804176806804
P8A_step5000,1086,WDA_JackReed0,hdtf_visomaster_teams,0.00017966619448164236
P8A_step5000,1087,WDA_MaggieHassan,hdtf_visomaster_teams,-0.008831453946677434
P8A_step5000,1088,WDA_PattyMurray0,hdtf_visomaster_teams,0.021877652816305868
P8A_step5000,1089,WDA_SeanCasten,hdtf_visomaster_teams,0.009397905173850576
P8A_step5000,1090,WRA_JohnThune,hdtf_visomaster_teams,0.019654333659375446
P8A_step5000,1091,WRA_LisaMurkowski0,hdtf_visomaster_teams,0.014223859828150824
P8A_step5000,1092,WRA_SteveScalise0,hdtf_visomaster_teams,0.0050139616962758295
P8A_step5000,1093,WRA_TimScott,hdtf_visomaster_teams,0.009076499635305633
P8A_step5000,1094,322,quickclips_visomaster_teams,0.029745337313390116
P8A_step5000,1095,3265,quickclips_visomaster_teams,-0.029999290234832825
P8A_step5000,1096,3741,quickclips_visomaster_teams,0.04194258037271327
P8A_step5000,1097,4109,quickclips_visomaster_teams,0.017095791673943227
P8A_step5000,1098,4308,quickclips_visomaster_teams,0.004594171840293742
P8A_step5000,1099,5328,quickclips_visomaster_teams,-0.0035977691655841985
P8A_step5000,1100,5865,quickclips_visomaster_teams,-0.048487198289167366
P8A_step5000,1101,7504,quickclips_visomaster_teams,0.02774556149470197
P8A_step5000,1102,7866,quickclips_visomaster_teams,0.03209197748441437
P8A_step5000,1103,7989,quickclips_visomaster_teams,-0.005395964411748505
P8A_step5000,1104,1066,quickclips_visomaster_teams,0.0034991823461430426
P8A_step5000,1105,1259,quickclips_visomaster_teams,-0.00017489808945551823
P8A_step5000,1106,1758,quickclips_visomaster_teams,0.00506196359570836
P8A_step5000,1107,4072,quickclips_visomaster_teams,0.03309724903415154
P8A_step5000,1108,4736,quickclips_visomaster_teams,0.0218762420462709
P8A_step5000,1109,6051,quickclips_visomaster_teams,0.009877328768893441
P8A_step5000,1110,6468,quickclips_visomaster_teams,-0.019111287357776903
P8A_step5000,1111,7276,quickclips_visomaster_teams,-0.008145577535749226
P8A_step5000,1112,9400,quickclips_visomaster_teams,0.0075390624296202535
P8A_step5000,1113,9402,quickclips_visomaster_teams,-0.003077451415366134
P8A_step5000,1114,1078,quickclips_visomaster_teams,0.048744177094184146
P8A_step5000,1115,1187,quickclips_visomaster_teams,-0.019311469507369734
P8A_step5000,1116,2319,quickclips_visomaster_teams,0.035233904738112554
P8A_step5000,1117,2354,quickclips_visomaster_teams,-0.04752862914585344
P8A_step5000,1118,2586,quickclips_visomaster_teams,-0.026283127810982732
P8A_step5000,1119,3304,quickclips_visomaster_teams,-0.006476480806372529
P8A_step5000,1120,3826,quickclips_visomaster_teams,-7.757760940190535e-05
P8A_step5000,1121,7601,quickclips_visomaster_teams,0.0021410870825362073
P8A_step5000,1122,8137,quickclips_visomaster_teams,0.00935545688502099
P8A_step5000,1123,8200,quickclips_visomaster_teams,0.0161486652277178
P8A_step5000,1124,1981,quickclips_visomaster_teams,-0.017862734828104
P8A_step5000,1125,2582,quickclips_visomaster_teams,0.0028977239496186143
P8A_step5000,1126,41,quickclips_visomaster_teams,0.022097056297737797
P8A_step5000,1127,4209,quickclips_visomaster_teams,0.006210749616961319
P8A_step5000,1128,6406,quickclips_visomaster_teams,-0.05124559875668968
P8A_step5000,1129,647,quickclips_visomaster_teams,-0.010628451310068844
P8A_step5000,1130,7035,quickclips_visomaster_teams,0.030331675058181736
P8A_step5000,1131,8982,quickclips_visomaster_teams,0.0064934578170950654
P8A_step5000,1132,unknown_gSq1CUXNUN4,quickclips_visomaster_teams,0.0002795390975972897
P8A_step5000,1133,1262,quickclips_visomaster_teams,0.011355568312882211
P8A_step5000,1134,1728,quickclips_visomaster_teams,0.0019954754355790173
P8A_step5000,1135,2197,quickclips_visomaster_teams,0.0007819427080918988
P8A_step5000,1136,5225,quickclips_visomaster_teams,0.043792182204678176
P8A_step5000,1137,5562,quickclips_visomaster_teams,0.004802028914491178
P8A_step5000,1138,5664,quickclips_visomaster_teams,-0.004255663561020084
P8A_step5000,1139,7926,quickclips_visomaster_teams,-0.013856220292909657
P8A_step5000,1140,7948,quickclips_visomaster_teams,-0.00687737110997228
P8A_step5000,1141,8816,quickclips_visomaster_teams,-0.0015084467906050416
P8A_step5000,1142,129,quickclips_visomaster_teams,0.006973672523419581
P8A_step5000,1143,3718,quickclips_visomaster_teams,0.0219482747569482
P8A_step5000,1144,4610,quickclips_visomaster_teams,0.0019026166647144339
P8A_step5000,1145,4639,quickclips_visomaster_teams,-0.030040126695689506
P8A_step5000,1146,488,quickclips_visomaster_teams,-0.017791794240651443
P8A_step5000,1147,5258,quickclips_visomaster_teams,0.04081308291912079
P8A_step5000,1148,5434,quickclips_visomaster_teams,0.005148004573289017
P8A_step5000,1149,7216,quickclips_visomaster_teams,0.011989944959672734
P8A_step5000,1150,8701,quickclips_visomaster_teams,0.0032932212092712234
P8A_step5000,1151,183,quickclips_visomaster_teams,0.016823660470880165
P8A_step5000,1152,2156,quickclips_visomaster_teams,0.039329104651787586
P8A_step5000,1153,2322,quickclips_visomaster_teams,0.020081569181222177
P8A_step5000,1154,4892,quickclips_visomaster_teams,-0.008252903795849772
P8A_step5000,1155,6025,quickclips_visomaster_teams,0.012986082673324486
P8A_step5000,1156,unknown_fvRDBpEliEU,quickclips_visomaster_teams,0.016443209095769285
P8A_step5000,1157,unknown_n82ncUKxIqA,quickclips_visomaster_teams,0.005937014543639876
P8A_step5000,1158,183,quickclips_visomaster_teams,0.026746520610543743
P8A_step5000,1159,2156,quickclips_visomaster_teams,0.07576745253708367
P8A_step5000,1160,2322,quickclips_visomaster_teams,0.02593097350926857
P8A_step5000,1161,4892,quickclips_visomaster_teams,-0.005568209938833222
P8A_step5000,1162,6025,quickclips_visomaster_teams,-0.034714346451724575
P8A_step5000,1163,unknown_fvRDBpEliEU,quickclips_visomaster_teams,0.0027155542186888502
P8A_step5000,1164,unknown_n82ncUKxIqA,quickclips_visomaster_teams,0.031008038294129306
P8A_step5000,1165,322,quickclips_visomaster_teams,0.0190409124890949
P8A_step5000,1166,3265,quickclips_visomaster_teams,-0.061801542991991955
P8A_step5000,1167,4109,quickclips_visomaster_teams,0.007376438740382881
P8A_step5000,1168,4308,quickclips_visomaster_teams,-0.0024975440069457686
P8A_step5000,1169,5328,quickclips_visomaster_teams,0.01037214615378667
P8A_step5000,1170,5865,quickclips_visomaster_teams,-0.07187346232465931
P8A_step5000,1171,7504,quickclips_visomaster_teams,0.02103334347384324
P8A_step5000,1172,7866,quickclips_visomaster_teams,0.024784111396129987
P8A_step5000,1173,7989,quickclips_visomaster_teams,0.02965717160408554
P8A_step5000,1174,1066,quickclips_visomaster_teams,0.013447020867655203
P8A_step5000,1175,1259,quickclips_visomaster_teams,-0.017417428557691052
P8A_step5000,1176,4072,quickclips_visomaster_teams,0.004118189846099138
P8A_step5000,1177,4736,quickclips_visomaster_teams,0.029694940343428476
P8A_step5000,1178,6051,quickclips_visomaster_teams,0.04367719059609895
P8A_step5000,1179,6468,quickclips_visomaster_teams,-0.025088871427077976
P8A_step5000,1180,7276,quickclips_visomaster_teams,-0.012317172065060233
P8A_step5000,1181,9400,quickclips_visomaster_teams,-0.009944040982745457
P8A_step5000,1182,9402,quickclips_visomaster_teams,0.006400606241464095
P8A_step5000,1183,1078,quickclips_visomaster_teams,0.03802538828575342
P8A_step5000,1184,1187,quickclips_visomaster_teams,0.0016453425090976817
P8A_step5000,1185,2319,quickclips_visomaster_teams,0.015987319651876438
P8A_step5000,1186,2354,quickclips_visomaster_teams,-0.026341569135708003
P8A_step5000,1187,2586,quickclips_visomaster_teams,-0.012090520645625255
P8A_step5000,1188,3304,quickclips_visomaster_teams,0.008899104519044123
P8A_step5000,1189,3741,quickclips_visomaster_teams,0.053803355929136515
P8A_step5000,1190,3826,quickclips_visomaster_teams,-0.0309145182408588
P8A_step5000,1191,7601,quickclips_visomaster_teams,0.0019796494484618735
P8A_step5000,1192,8137,quickclips_visomaster_teams,0.0643387320548252
P8A_step5000,1193,1981,quickclips_visomaster_teams,-0.014084245372953398
P8A_step5000,1194,2582,quickclips_visomaster_teams,0.014501905818048437
P8A_step5000,1195,41,quickclips_visomaster_teams,0.020384600952196574
P8A_step5000,1196,4209,quickclips_visomaster_teams,-0.001526950031015442
P8A_step5000,1197,6406,quickclips_visomaster_teams,-0.042550899860040486
P8A_step5000,1198,647,quickclips_visomaster_teams,-0.0021726459718252747
P8A_step5000,1199,7035,quickclips_visomaster_teams,-0.016029361479519125
P8A_step5000,1200,8982,quickclips_visomaster_teams,0.012652657625212477
P8A_step5000,1201,9325,quickclips_visomaster_teams,-0.027856135666693774
P8A_step5000,1202,unknown_gSq1CUXNUN4,quickclips_visomaster_teams,-0.007075723893976971
P8A_step5000,1203,1262,quickclips_visomaster_teams,0.005182133292832636
P8A_step5000,1204,1728,quickclips_visomaster_teams,0.015903908724892894
P8A_step5000,1205,2197,quickclips_visomaster_teams,0.006006886529967276
P8A_step5000,1206,5225,quickclips_visomaster_teams,0.0708587856614391
P8A_step5000,1207,5562,quickclips_visomaster_teams,0.009181234631949323
P8A_step5000,1208,5664,quickclips_visomaster_teams,-0.006036133911457286
P8A_step5000,1209,7926,quickclips_visomaster_teams,-0.011946458269506223
P8A_step5000,1210,7948,quickclips_visomaster_teams,0.012013256500554292
P8A_step5000,1211,8200,quickclips_visomaster_teams,-0.013080380823667016
P8A_step5000,1212,8816,quickclips_visomaster_teams,0.009397072748982514
P8A_step5000,1213,129,quickclips_visomaster_teams,0.0001694016107567759
P8A_step5000,1214,3718,quickclips_visomaster_teams,0.016390960520747927
P8A_step5000,1215,4610,quickclips_visomaster_teams,-0.006870407531853353
P8A_step5000,1216,4639,quickclips_visomaster_teams,-0.020544412715684024
P8A_step5000,1217,488,quickclips_visomaster_teams,-0.02507092347009781
P8A_step5000,1218,5258,quickclips_visomaster_teams,0.0283550743337765
P8A_step5000,1219,5434,quickclips_visomaster_teams,0.008397376942069868
P8A_step5000,1220,7216,quickclips_visomaster_teams,0.020250083240998355
P8A_step5000,1221,8701,quickclips_visomaster_teams,0.009461366770749333
P8A_step5000,1222,1805,quickclips_visomaster_teams,0.002610060438810902
P8A_step5000,1223,182,quickclips_visomaster_teams,-0.016633084283947122
P8A_step5000,1224,1857,quickclips_visomaster_teams,0.004914725532445331
P8A_step5000,1225,2738,quickclips_visomaster_teams,0.02646945465117705
P8A_step5000,1226,4355,quickclips_visomaster_teams,-0.013684349281038581
P8A_step5000,1227,4393,quickclips_visomaster_teams,0.03766073389236843
P8A_step5000,1228,5278,quickclips_visomaster_teams,-0.030780804138878997
P8A_step5000,1229,7629,quickclips_visomaster_teams,-0.021479639740347764
P8A_step5000,1230,7807,quickclips_visomaster_teams,-0.024426872302644953
P8A_step5000,1231,7855,quickclips_visomaster_teams,0.00261522128603128
P8A_step5000,1232,1417,quickclips_visomaster_teams,0.019712086311398643
P8A_step5000,1233,1711,quickclips_visomaster_teams,0.008401274646988213
P8A_step5000,1234,350,quickclips_visomaster_teams,0.0035246085313341557
P8A_step5000,1235,5164,quickclips_visomaster_teams,0.019621307676873607
P8A_step5000,1236,598,quickclips_visomaster_teams,-0.02834534259289228
P8A_step5000,1237,6840,quickclips_visomaster_teams,0.017560011285531616
P8A_step5000,1238,7412,quickclips_visomaster_teams,-0.016022056092255023
P8A_step5000,1239,7816,quickclips_visomaster_teams,-0.04528370851073765
P8A_step5000,1240,7913,quickclips_visomaster_teams,0.004010196305495188
P8A_step5000,1241,unknown_EimALxvXMQ0,quickclips_visomaster_teams,-0.0028493805232284106
P8A_step5000,1242,1758,quickclips_visomaster_teams,0.012886811253474958
P8A_step5000,1243,195,quickclips_visomaster_teams,0.006705692700587908
P8A_step5000,1244,2449,quickclips_visomaster_teams,-0.014381381595321655
P8A_step5000,1245,5707,quickclips_visomaster_teams,0.003442563424678525
P8A_step5000,1246,5778,quickclips_visomaster_teams,0.00395071795997243
P8A_step5000,1247,6038,quickclips_visomaster_teams,0.04723339730210242
P8A_step5000,1248,6598,quickclips_visomaster_teams,0.021452291860904228
P8A_step5000,1249,81,quickclips_visomaster_teams,0.003339325555157225
P8A_step5000,1250,9384,quickclips_visomaster_teams,0.05610873521341296
P8A_step5000,1251,9398,quickclips_visomaster_teams,0.017024182164574183
P8A_step5000,1252,1057,quickclips_visomaster_teams,-0.04184393208186955
P8A_step5000,1253,1366,quickclips_visomaster_teams,0.00997758118575308
P8A_step5000,1254,3052,quickclips_visomaster_teams,0.019195596746681778
P8A_step5000,1255,3719,quickclips_visomaster_teams,0.004737463733957347
P8A_step5000,1256,5247,quickclips_visomaster_teams,-0.004799346382302539
P8A_step5000,1257,7316,quickclips_visomaster_teams,-0.0034447162253122025
P8A_step5000,1258,7910,quickclips_visomaster_teams,-0.0013166120164037765
P8A_step5000,1259,8230,quickclips_visomaster_teams,0.008547358214428005
P8A_step5000,1260,1662,quickclips_visomaster_teams,0.014704187176945736
P8A_step5000,1261,2050,quickclips_visomaster_teams,0.009863996543587845
P8A_step5000,1262,2606,quickclips_visomaster_teams,-0.008081337318144564
P8A_step5000,1263,5614,quickclips_visomaster_teams,0.031306521312073225
P8A_step5000,1264,5737,quickclips_visomaster_teams,-0.008336695273899622
P8A_step5000,1265,6461,quickclips_visomaster_teams,0.008075987137082482
P8A_step5000,1266,6476,quickclips_visomaster_teams,0.01316540017268829
P8A_step5000,1267,6844,quickclips_visomaster_teams,0.03195239629352459
P8A_step5000,1268,8176,quickclips_visomaster_teams,-0.010052676340138053
P8A_step5000,1269,1513,quickclips_visomaster_teams,0.002340469172333508
P8A_step5000,1270,1607,quickclips_visomaster_teams,-0.016291763648347973
P8A_step5000,1271,2198,quickclips_visomaster_teams,0.015600009133119394
P8A_step5000,1272,3951,quickclips_visomaster_teams,0.0062861675668422125
P8A_step5000,1273,4068,quickclips_visomaster_teams,0.031233565222787574
P8A_step5000,1274,4090,quickclips_visomaster_teams,-0.018520696824488283
P8A_step5000,1275,4754,quickclips_visomaster_teams,0.05732013606098313
P8A_step5000,1276,6842,quickclips_visomaster_teams,0.031261196658168455
P8A_step5000,1277,6868,quickclips_visomaster_teams,0.013114954736359787
P8A_step5000,1278,1426,quickclips_visomaster_teams,-0.014077879821140862
P8A_step5000,1279,1733,quickclips_visomaster_teams,0.00616514398482626
P8A_step5000,1280,2133,quickclips_visomaster_teams,-0.026491367020772913
P8A_step5000,1281,2884,quickclips_visomaster_teams,-0.010991167813118423
P8A_step5000,1282,415,quickclips_visomaster_teams,-0.005652142437903381
P8A_step5000,1283,4934,quickclips_visomaster_teams,-0.01564558565451508
P8A_step5000,1284,6259,quickclips_visomaster_teams,0.013332338774207352
P8A_step5000,1285,786,quickclips_visomaster_teams,-0.035774513570091364
P8A_step5000,1286,1426,quickclips_visomaster_teams,-0.03706784563207775
P8A_step5000,1287,156,quickclips_visomaster_teams,0.00017895519204078275
P8A_step5000,1288,1733,quickclips_visomaster_teams,-0.0005192517496320666
P8A_step5000,1289,2133,quickclips_visomaster_teams,-0.025737458358532084
P8A_step5000,1290,2884,quickclips_visomaster_teams,0.010590766523846318
P8A_step5000,1291,415,quickclips_visomaster_teams,-0.007729325890881584
P8A_step5000,1292,4934,quickclips_visomaster_teams,-0.017678351924807018
P8A_step5000,1293,6259,quickclips_visomaster_teams,0.016327553459454115
P8A_step5000,1294,786,quickclips_visomaster_teams,-0.05580921385564464
P8A_step5000,1295,1805,quickclips_visomaster_teams,-0.005236143903049752
P8A_step5000,1296,182,quickclips_visomaster_teams,-0.004849921444593628
P8A_step5000,1297,1857,quickclips_visomaster_teams,0.003771350587496638
P8A_step5000,1298,2738,quickclips_visomaster_teams,0.013634518705318123
P8A_step5000,1299,4393,quickclips_visomaster_teams,0.053485139598351744
P8A_step5000,1300,5278,quickclips_visomaster_teams,-0.026499781441455688
P8A_step5000,1301,7629,quickclips_visomaster_teams,-0.023011117779330004
P8A_step5000,1302,7807,quickclips_visomaster_teams,-0.017148023167452866
P8A_step5000,1303,7855,quickclips_visomaster_teams,-0.003644939179490862
P8A_step5000,1304,1711,quickclips_visomaster_teams,0.02047086991530432
P8A_step5000,1305,350,quickclips_visomaster_teams,0.010367583463876135
P8A_step5000,1306,5164,quickclips_visomaster_teams,0.009740744401486255
P8A_step5000,1307,598,quickclips_visomaster_teams,-0.006571873588648672
P8A_step5000,1308,6840,quickclips_visomaster_teams,0.024496871253691162
P8A_step5000,1309,7412,quickclips_visomaster_teams,0.01835038824963461
P8A_step5000,1310,7816,quickclips_visomaster_teams,-0.021920632274535917
P8A_step5000,1311,7913,quickclips_visomaster_teams,0.011029286911412705
P8A_step5000,1312,unknown_EimALxvXMQ0,quickclips_visomaster_teams,-0.013781026642353837
P8A_step5000,1313,195,quickclips_visomaster_teams,0.009133731555758149
P8A_step5000,1314,2449,quickclips_visomaster_teams,-0.020486444199670134
P8A_step5000,1315,4355,quickclips_visomaster_teams,0.01903118949999573
P8A_step5000,1316,5707,quickclips_visomaster_teams,-0.019906252900437564
P8A_step5000,1317,5778,quickclips_visomaster_teams,-0.00806797394408202
P8A_step5000,1318,6038,quickclips_visomaster_teams,0.054436302155186356
P8A_step5000,1319,6598,quickclips_visomaster_teams,0.01909829995761353
P8A_step5000,1320,81,quickclips_visomaster_teams,-0.03167721658687523
P8A_step5000,1321,9384,quickclips_visomaster_teams,0.03880196266921755
P8A_step5000,1322,9398,quickclips_visomaster_teams,0.009479185676238839
P8A_step5000,1323,1057,quickclips_visomaster_teams,-0.02109490401902581
P8A_step5000,1324,1366,quickclips_visomaster_teams,0.017028102181054626
P8A_step5000,1325,1417,quickclips_visomaster_teams,0.008979352196243193
P8A_step5000,1326,3052,quickclips_visomaster_teams,-0.014352995906474438
P8A_step5000,1327,3719,quickclips_visomaster_teams,0.009174741113336675
P8A_step5000,1328,5247,quickclips_visomaster_teams,-0.004551706801075568
P8A_step5000,1329,7316,quickclips_visomaster_teams,-0.017340040349023495
P8A_step5000,1330,7910,quickclips_visomaster_teams,0.009592007992353548
P8A_step5000,1331,8230,quickclips_visomaster_teams,0.002754941849655495
P8A_step5000,1332,1662,quickclips_visomaster_teams,-0.008489966985355013
P8A_step5000,1333,2050,quickclips_visomaster_teams,-0.01297174440008412
P8A_step5000,1334,2606,quickclips_visomaster_teams,-0.009479715358165806
P8A_step5000,1335,5614,quickclips_visomaster_teams,0.02182564887198416
P8A_step5000,1336,5737,quickclips_visomaster_teams,0.010844457728558757
P8A_step5000,1337,6461,quickclips_visomaster_teams,0.006977299156683607
P8A_step5000,1338,6476,quickclips_visomaster_teams,-0.017765517612655077
P8A_step5000,1339,6844,quickclips_visomaster_teams,0.07260610923764327
P8A_step5000,1340,8176,quickclips_visomaster_teams,-0.005212888963003006
P8A_step5000,1341,9325,quickclips_visomaster_teams,-0.011108328004344876
P8A_step5000,1342,1513,quickclips_visomaster_teams,-0.0053849467664107194
P8A_step5000,1343,1607,quickclips_visomaster_teams,0.00015289628944359715
P8A_step5000,1344,2198,quickclips_visomaster_teams,0.027253199241667296
P8A_step5000,1345,3951,quickclips_visomaster_teams,0.004171396716849889
P8A_step5000,1346,4068,quickclips_visomaster_teams,0.017569943159802627
P8A_step5000,1347,4090,quickclips_visomaster_teams,-0.02914363733387548
P8A_step5000,1348,4754,quickclips_visomaster_teams,0.09245384156199307
P8A_step5000,1349,6842,quickclips_visomaster_teams,0.02583715902467086
P8A_step5000,1350,6868,quickclips_visomaster_teams,0.03542767512627631
P8A_step5000,1351,2295,quickclips_visomaster_teams,0.041763451856244665
P8A_step5000,1352,2580,quickclips_visomaster_teams,0.004912740673771911
P8A_step5000,1353,5379,quickclips_visomaster_teams,-0.0016466257753888892
P8A_step5000,1354,5495,quickclips_visomaster_teams,-0.03167070973883217
P8A_step5000,1355,6218,quickclips_visomaster_teams,-0.0059730519111751736
P8A_step5000,1356,6725,quickclips_visomaster_teams,0.012559693624174076
P8A_step5000,1357,6731,quickclips_visomaster_teams,0.013868601962513912
P8A_step5000,1358,8460,quickclips_visomaster_teams,0.038444903463980044
P8A_step5000,1359,unknown_iow5V3Qlvwo,quickclips_visomaster_teams,0.01585732441088825
P8A_step5000,1360,1949,quickclips_visomaster_teams,-0.031213591472337893
P8A_step5000,1361,2827,quickclips_visomaster_teams,0.01693264215349305
P8A_step5000,1362,5634,quickclips_visomaster_teams,-0.034257770185827464
P8A_step5000,1363,6200,quickclips_visomaster_teams,-0.02322347653012727
P8A_step5000,1364,6250,quickclips_visomaster_teams,0.041031341347085484
P8A_step5000,1365,8064,quickclips_visomaster_teams,-0.022093762181752876
P8A_step5000,1366,8278,quickclips_visomaster_teams,0.014515290559466126
P8A_step5000,1367,8753,quickclips_visomaster_teams,-0.003996777194596715
P8A_step5000,1368,unknown_VAPgP3ONJVo,quickclips_visomaster_teams,0.02739551078946824
P8A_step5000,1369,1554,quickclips_visomaster_teams,-0.015016300811919202
P8A_step5000,1370,1916,quickclips_visomaster_teams,-0.006613232936955548
P8A_step5000,1371,2004,quickclips_visomaster_teams,-0.014501245283269808
P8A_step5000,1372,5176,quickclips_visomaster_teams,0.00840168148975228
P8A_step5000,1373,5270,quickclips_visomaster_teams,0.03298431437235069
P8A_step5000,1374,5370,quickclips_visomaster_teams,-0.0032690112645315924
P8A_step5000,1375,5731,quickclips_visomaster_teams,0.000588811662869523
P8A_step5000,1376,6378,quickclips_visomaster_teams,0.004712582825678718
P8A_step5000,1377,2153,quickclips_visomaster_teams,0.019902892710051183
P8A_step5000,1378,3209,quickclips_visomaster_teams,-0.02099289791352301
P8A_step5000,1379,4846,quickclips_visomaster_teams,0.010138739854812836
P8A_step5000,1380,5179,quickclips_visomaster_teams,-0.008587710874180149
P8A_step5000,1381,5233,quickclips_visomaster_teams,-0.02297075700757701
P8A_step5000,1382,563,quickclips_visomaster_teams,0.01454376407921392
P8A_step5000,1383,5784,quickclips_visomaster_teams,0.01507429942870876
P8A_step5000,1384,7333,quickclips_visomaster_teams,0.0070093410822708166
P8A_step5000,1385,8285,quickclips_visomaster_teams,0.006926984469375738
P8A_step5000,1386,1164,quickclips_visomaster_teams,-0.01351260997212329
P8A_step5000,1387,164,quickclips_visomaster_teams,-0.031902275524252816
P8A_step5000,1388,1902,quickclips_visomaster_teams,-0.0572437193533247
P8A_step5000,1389,3433,quickclips_visomaster_teams,-0.008611011030635836
P8A_step5000,1390,4438,quickclips_visomaster_teams,0.003179201653041844
P8A_step5000,1391,7764,quickclips_visomaster_teams,0.013330139236848594
P8A_step5000,1392,7772,quickclips_visomaster_teams,9.277379521710656e-05
P8A_step5000,1393,8617,quickclips_visomaster_teams,0.012989813578202144
P8A_step5000,1394,1647,quickclips_visomaster_teams,0.005752789853528076
P8A_step5000,1395,1699,quickclips_visomaster_teams,-0.002560457329941715
P8A_step5000,1396,181,quickclips_visomaster_teams,-0.02209704827274811
P8A_step5000,1397,2633,quickclips_visomaster_teams,0.010803342610757622
P8A_step5000,1398,5071,quickclips_visomaster_teams,-0.008714843690254662
P8A_step5000,1399,530,quickclips_visomaster_teams,0.03288122328174144
P8A_step5000,1400,5354,quickclips_visomaster_teams,-0.0016064769572327643
P8A_step5000,1401,684,quickclips_visomaster_teams,-0.02793380349704316
P8A_step5000,1402,7780,quickclips_visomaster_teams,0.0019756502047174676
P8A_step5000,1403,4722,quickclips_visomaster_teams,-0.02403894421453635
P8A_step5000,1404,5581,quickclips_visomaster_teams,-0.005434701047889813
P8A_step5000,1405,5827,quickclips_visomaster_teams,0.025717132721309516
P8A_step5000,1406,6009,quickclips_visomaster_teams,0.06169176994562937
P8A_step5000,1407,6819,quickclips_visomaster_teams,0.027475313074490568
P8A_step5000,1408,7425,quickclips_visomaster_teams,-0.019966450808192957
P8A_step5000,1409,7522,quickclips_visomaster_teams,-0.000249312024359653
P8A_step5000,1410,7605,quickclips_visomaster_teams,-0.0020415370953572225
P8A_step5000,1411,8206,quickclips_visomaster_teams,0.02491619300926768
P8A_step5000,1412,2051,quickclips_visomaster_teams,0.008403665924284966
P8A_step5000,1413,4722,quickclips_visomaster_teams,-0.039782719887580496
P8A_step5000,1414,5827,quickclips_visomaster_teams,0.01902245780263807
P8A_step5000,1415,6009,quickclips_visomaster_teams,0.011220612732062585
P8A_step5000,1416,6819,quickclips_visomaster_teams,-0.031138288940353608
P8A_step5000,1417,7425,quickclips_visomaster_teams,0.0276838604110715
P8A_step5000,1418,7522,quickclips_visomaster_teams,-0.014116254517240185
P8A_step5000,1419,7605,quickclips_visomaster_teams,-0.0005224625791640514
P8A_step5000,1420,8206,quickclips_visomaster_teams,-0.012649308605055186
P8A_step5000,1421,2295,quickclips_visomaster_teams,0.01630267867554178
P8A_step5000,1422,2580,quickclips_visomaster_teams,-0.010346114431337986
P8A_step5000,1423,5379,quickclips_visomaster_teams,0.006729287763018994
P8A_step5000,1424,5495,quickclips_visomaster_teams,-0.002605516200770066
P8A_step5000,1425,5581,quickclips_visomaster_teams,0.047246202011653006
P8A_step5000,1426,6218,quickclips_visomaster_teams,-0.016384929934168978
P8A_step5000,1427,6725,quickclips_visomaster_teams,0.014311314352628472
P8A_step5000,1428,6731,quickclips_visomaster_teams,-0.0024018138521260755
P8A_step5000,1429,8460,quickclips_visomaster_teams,0.030363735167889597
P8A_step5000,1430,unknown_iow5V3Qlvwo,quickclips_visomaster_teams,0.01399947057248878
P8A_step5000,1431,1949,quickclips_visomaster_teams,-0.0156723533141027
P8A_step5000,1432,2827,quickclips_visomaster_teams,0.04446876939784691
P8A_step5000,1433,5634,quickclips_visomaster_teams,-0.004417733723558008
P8A_step5000,1434,6200,quickclips_visomaster_teams,-0.015254319798195297
P8A_step5000,1435,6250,quickclips_visomaster_teams,-0.0072716927214986635
P8A_step5000,1436,8064,quickclips_visomaster_teams,-0.027836024051753967
P8A_step5000,1437,8278,quickclips_visomaster_teams,0.037478892755183846
P8A_step5000,1438,8753,quickclips_visomaster_teams,0.00043170135224337124
P8A_step5000,1439,unknown_VAPgP3ONJVo,quickclips_visomaster_teams,0.021491549240831506
P8A_step5000,1440,1554,quickclips_visomaster_teams,-0.005964763681444696
P8A_step5000,1441,2004,quickclips_visomaster_teams,0.011879932124169603
P8A_step5000,1442,5176,quickclips_visomaster_teams,-0.030073647476498565
P8A_step5000,1443,5270,quickclips_visomaster_teams,0.02532613906554663
P8A_step5000,1444,5370,quickclips_visomaster_teams,-0.003920349123558587
P8A_step5000,1445,5731,quickclips_visomaster_teams,-0.004379950139401651
P8A_step5000,1446,6378,quickclips_visomaster_teams,0.0064467116156721885
P8A_step5000,1447,unknown_SS14c1PW_90,quickclips_visomaster_teams,-0.0012639860800779659
P8A_step5000,1448,2153,quickclips_visomaster_teams,0.026269393152153268
P8A_step5000,1449,3209,quickclips_visomaster_teams,-0.0008005996727552664
P8A_step5000,1450,4846,quickclips_visomaster_teams,0.011312658812007423
P8A_step5000,1451,5179,quickclips_visomaster_teams,-0.000690621203579116
P8A_step5000,1452,5233,quickclips_visomaster_teams,-0.047047856593633114
P8A_step5000,1453,563,quickclips_visomaster_teams,0.02765215058024422
P8A_step5000,1454,5784,quickclips_visomaster_teams,0.013010320509966053
P8A_step5000,1455,7333,quickclips_visomaster_teams,0.007102970660230754
P8A_step5000,1456,8285,quickclips_visomaster_teams,0.011835097687842269
P8A_step5000,1457,1164,quickclips_visomaster_teams,-0.003173146159156078
P8A_step5000,1458,164,quickclips_visomaster_teams,-0.0377325803509249
P8A_step5000,1459,3433,quickclips_visomaster_teams,-0.004458177981817179
P8A_step5000,1460,4438,quickclips_visomaster_teams,0.008347661121851
P8A_step5000,1461,5459,quickclips_visomaster_teams,-0.016550894610222473
P8A_step5000,1462,7764,quickclips_visomaster_teams,0.002715804726553488
P8A_step5000,1463,7772,quickclips_visomaster_teams,-0.009888852049939162
P8A_step5000,1464,8617,quickclips_visomaster_teams,0.015969863752095175
P8A_step5000,1465,1647,quickclips_visomaster_teams,-0.004153524827478671
P8A_step5000,1466,181,quickclips_visomaster_teams,0.02478429952353694
P8A_step5000,1467,2633,quickclips_visomaster_teams,0.011616424230617522
P8A_step5000,1468,5071,quickclips_visomaster_teams,-0.008090703900176844
P8A_step5000,1469,530,quickclips_visomaster_teams,0.01086812615147096
P8A_step5000,1470,5354,quickclips_visomaster_teams,-0.010576218683256889
P8A_step5000,1471,684,quickclips_visomaster_teams,-0.0018842884319635357
P8A_step5000,1472,7780,quickclips_visomaster_teams,-0.0034018006413304505
P8A_step5000,1473,1900,quickclips_visomaster_teams,0.020504011802241
P8A_step5000,1474,1962,quickclips_visomaster_teams,0.004612779232780775
P8A_step5000,1475,3226,quickclips_visomaster_teams,0.024443789726404905
P8A_step5000,1476,4219,quickclips_visomaster_teams,0.00578886534076492
P8A_step5000,1477,5584,quickclips_visomaster_teams,-0.0038122431784015738
P8A_step5000,1478,5897,quickclips_visomaster_teams,0.02402124541190841
P8A_step5000,1479,8241,quickclips_visomaster_teams,-0.03978160956257272
P8A_step5000,1480,9068,quickclips_visomaster_teams,-0.011687101343291529
P8A_step5000,1481,unknown_x1Efv_wF5LE,quickclips_visomaster_teams,0.02306036279931523
P8A_step5000,1482,178,quickclips_visomaster_teams,0.003298729200009162
P8A_step5000,1483,2904,quickclips_visomaster_teams,-0.010197649848983028
P8A_step5000,1484,3884,quickclips_visomaster_teams,0.0063609740309002
P8A_step5000,1485,4368,quickclips_visomaster_teams,0.004545203547736539
P8A_step5000,1486,4435,quickclips_visomaster_teams,-0.02507451624195592
P8A_step5000,1487,5093,quickclips_visomaster_teams,0.002072102270046435
P8A_step5000,1488,6387,quickclips_visomaster_teams,-0.018044260257354762
P8A_step5000,1489,7938,quickclips_visomaster_teams,0.00025412657666266155
P8A_step5000,1490,8228,quickclips_visomaster_teams,0.0010893261890291394
P8A_step5000,1491,1064,quickclips_visomaster_teams,-0.0066127421378420264
P8A_step5000,1492,1261,quickclips_visomaster_teams,0.01248509049339191
P8A_step5000,1493,2255,quickclips_visomaster_teams,-0.015872886939782192
P8A_step5000,1494,4088,quickclips_visomaster_teams,0.013861363519710738
P8A_step5000,1495,4695,quickclips_visomaster_teams,0.015513719738025305
P8A_step5000,1496,6420,quickclips_visomaster_teams,-0.005418691725654623
P8A_step5000,1497,6521,quickclips_visomaster_teams,0.003495438710613093
P8A_step5000,1498,unknown_VSqUVGCrOhk,quickclips_visomaster_teams,-0.02745953843093643
P8A_step5000,1499,1212,quickclips_visomaster_teams,-0.05383656140826354
P8A_step5000,1500,1558,quickclips_visomaster_teams,-0.001559367770591106
P8A_step5000,1501,3834,quickclips_visomaster_teams,-0.009679331014368252
P8A_step5000,1502,4596,quickclips_visomaster_teams,-0.01086034935004808
P8A_step5000,1503,4978,quickclips_visomaster_teams,0.0015419505989795919
P8A_step5000,1504,4985,quickclips_visomaster_teams,0.013273967100679395
P8A_step5000,1505,5618,quickclips_visomaster_teams,-0.00308654781831574
P8A_step5000,1506,6052,quickclips_visomaster_teams,-0.01402888959732667
P8A_step5000,1507,8242,quickclips_visomaster_teams,0.014742852188942302
P8A_step5000,1508,9202,quickclips_visomaster_teams,-0.0041412660545354345
P8A_step5000,1509,1860,quickclips_visomaster_teams,-0.021368430285230618
P8A_step5000,1510,2204,quickclips_visomaster_teams,0.00010548754036887134
P8A_step5000,1511,4418,quickclips_visomaster_teams,-0.01701750252299332
P8A_step5000,1512,5792,quickclips_visomaster_teams,-0.06339461089088949
P8A_step5000,1513,6278,quickclips_visomaster_teams,-0.034909743217889935
P8A_step5000,1514,8430,quickclips_visomaster_teams,-0.013944653178105088
P8A_step5000,1515,9089,quickclips_visomaster_teams,-0.019420351721172742
P8A_step5000,1516,9345,quickclips_visomaster_teams,0.0023024605611959305
P8A_step5000,1517,9409,quickclips_visomaster_teams,-0.038955415310770736
P8A_step5000,1518,unknown_3SNSZSaonnk,quickclips_visomaster_teams,0.0022768199287373616
P8A_step5000,1519,1199,quickclips_visomaster_teams,-0.0027090339549669623
P8A_step5000,1520,2273,quickclips_visomaster_teams,0.013961893547557468
P8A_step5000,1521,248,quickclips_visomaster_teams,-0.011372542030339118
P8A_step5000,1522,280,quickclips_visomaster_teams,0.020285123395036752
P8A_step5000,1523,403,quickclips_visomaster_teams,0.04095727309106356
P8A_step5000,1524,6306,quickclips_visomaster_teams,-0.06266140336151864
P8A_step5000,1525,65,quickclips_visomaster_teams,0.016056598994475466
P8A_step5000,1526,9246,quickclips_visomaster_teams,-0.0014034972570119975
P8A_step5000,1527,170,quickclips_visomaster_teams,-0.028915153682601086
P8A_step5000,1528,4424,quickclips_visomaster_teams,0.018674717251264742
P8A_step5000,1529,4897,quickclips_visomaster_teams,-0.013449356060759894
P8A_step5000,1530,6817,quickclips_visomaster_teams,0.03144563173634528
P8A_step5000,1531,7799,quickclips_visomaster_teams,0.02732123038544777
P8A_step5000,1532,7981,quickclips_visomaster_teams,0.0011574253220646702
P8A_step5000,1533,1185,quickclips_visomaster_teams,0.020670831538215625
P8A_step5000,1534,170,quickclips_visomaster_teams,-0.02196364411293913
P8A_step5000,1535,4424,quickclips_visomaster_teams,0.029123895008487936
P8A_step5000,1536,4897,quickclips_visomaster_teams,-0.0039244435707220734
P8A_step5000,1537,6817,quickclips_visomaster_teams,0.039208729996492664
P8A_step5000,1538,7799,quickclips_visomaster_teams,-0.007023742187440186
P8A_step5000,1539,7981,quickclips_visomaster_teams,0.017696156872742664
P8A_step5000,1540,8006,quickclips_visomaster_teams,0.009491222168329266
P8A_step5000,1541,9197,quickclips_visomaster_teams,0.0010093716948932924
P8A_step5000,1542,1900,quickclips_visomaster_teams,-0.007764946223333588
P8A_step5000,1543,1962,quickclips_visomaster_teams,0.009439027637482588
P8A_step5000,1544,3226,quickclips_visomaster_teams,0.02683434911506581
P8A_step5000,1545,4219,quickclips_visomaster_teams,-0.0043235908025292605
P8A_step5000,1546,5584,quickclips_visomaster_teams,-0.004607886863409025
P8A_step5000,1547,5897,quickclips_visomaster_teams,0.015293488313459367
P8A_step5000,1548,8241,quickclips_visomaster_teams,-0.033696209911541146
P8A_step5000,1549,9068,quickclips_visomaster_teams,-0.029693247526854354
P8A_step5000,1550,unknown_x1Efv_wF5LE,quickclips_visomaster_teams,0.024284490381121064
P8A_step5000,1551,178,quickclips_visomaster_teams,0.007054433828885485
P8A_step5000,1552,2904,quickclips_visomaster_teams,-0.0027197492668599027
P8A_step5000,1553,3884,quickclips_visomaster_teams,0.005391538823960756
P8A_step5000,1554,4368,quickclips_visomaster_teams,-0.021892235533012342
P8A_step5000,1555,4435,quickclips_visomaster_teams,-0.026319575381825597
P8A_step5000,1556,5093,quickclips_visomaster_teams,-0.012696834779967092
P8A_step5000,1557,6387,quickclips_visomaster_teams,-0.015685414733653112
P8A_step5000,1558,7938,quickclips_visomaster_teams,0.031228474186801303
P8A_step5000,1559,8228,quickclips_visomaster_teams,-0.03665217951666297
P8A_step5000,1560,1064,quickclips_visomaster_teams,-0.027601962825191534
P8A_step5000,1561,1261,quickclips_visomaster_teams,0.03529955134713027
P8A_step5000,1562,2255,quickclips_visomaster_teams,-0.0021355005978840533
P8A_step5000,1563,4088,quickclips_visomaster_teams,0.010185670207476082
P8A_step5000,1564,4695,quickclips_visomaster_teams,0.011333614846160406
P8A_step5000,1565,6420,quickclips_visomaster_teams,0.008073667712773604
P8A_step5000,1566,unknown_VSqUVGCrOhk,quickclips_visomaster_teams,0.015402381226703342
P8A_step5000,1567,1212,quickclips_visomaster_teams,-0.017260004001061296
P8A_step5000,1568,1558,quickclips_visomaster_teams,0.008199661826820819
P8A_step5000,1569,3834,quickclips_visomaster_teams,-0.000509427589375902
P8A_step5000,1570,4596,quickclips_visomaster_teams,0.008249030063291606
P8A_step5000,1571,4978,quickclips_visomaster_teams,0.003764791983395888
P8A_step5000,1572,4985,quickclips_visomaster_teams,-0.0013161600310904163
P8A_step5000,1573,6052,quickclips_visomaster_teams,0.008970912036156447
P8A_step5000,1574,8242,quickclips_visomaster_teams,-0.006163703879911481
P8A_step5000,1575,9202,quickclips_visomaster_teams,0.003961128917272601
P8A_step5000,1576,1860,quickclips_visomaster_teams,-0.0036144939316983017
P8A_step5000,1577,2204,quickclips_visomaster_teams,0.01654420206261254
P8A_step5000,1578,4418,quickclips_visomaster_teams,-0.034855985386415086
P8A_step5000,1579,5792,quickclips_visomaster_teams,-0.01843161259123289
P8A_step5000,1580,8430,quickclips_visomaster_teams,-0.019316076036228823
P8A_step5000,1581,9089,quickclips_visomaster_teams,-0.013623819613891665
P8A_step5000,1582,9345,quickclips_visomaster_teams,-0.02175933045025092
P8A_step5000,1583,9409,quickclips_visomaster_teams,-0.02335416991195275
P8A_step5000,1584,unknown_3SNSZSaonnk,quickclips_visomaster_teams,-0.01666889050455775
P8A_step5000,1585,1199,quickclips_visomaster_teams,-0.017003491951755684
P8A_step5000,1586,2273,quickclips_visomaster_teams,0.008224909228931966
P8A_step5000,1587,248,quickclips_visomaster_teams,-0.016623533245154944
P8A_step5000,1588,280,quickclips_visomaster_teams,0.007740230359604682
P8A_step5000,1589,403,quickclips_visomaster_teams,0.05912050412153281
P8A_step5000,1590,5618,quickclips_visomaster_teams,0.012986820945682069
P8A_step5000,1591,6306,quickclips_visomaster_teams,-0.025439229841246587
P8A_step5000,1592,65,quickclips_visomaster_teams,0.008862815574427273
P8A_step5000,1593,jy9gOzticS8,quickclips_visomaster_teams,0.005687555686417941
P8A_step5000,1594,wqNu6pNRAR4,quickclips_visomaster_teams,0.027205095648695835
P8A_step5000,1595,139JznBeH-8,quickclips_visomaster_teams,-0.001289492090499446
P8A_step5000,1596,Vw3T_2O5kIo,quickclips_visomaster_teams,-0.043378008980723054
P8A_step5000,1597,cmkZwuidcRI,quickclips_visomaster_teams,0.021473126488020817
P8A_step5000,1598,aSHfTCdZRrQ,quickclips_visomaster_teams,-0.01193835229738275
P8A_step5000,1599,pDiQ5W6CIM4,quickclips_visomaster_teams,0.04063848076140139
P8A_step5000,1600,wE_pVFZTK9g,quickclips_visomaster_teams,0.013431712296994965
P8A_step5000,1601,eI3eK87etAk,quickclips_visomaster_teams,0.006229325656016101
P8A_step5000,1602,HJgyiVgLVwY,quickclips_visomaster_teams,-0.01501799493447675
P8A_step5000,1603,GIgRsGvOEI8,quickclips_visomaster_teams,0.024127605025227285
P8A_step5000,1604,T3cY113SlTI,quickclips_visomaster_teams,-0.0028510230754904544
P8A_step5000,1605,Mbd6Vl7UmBI,quickclips_visomaster_teams,-0.03004441683851414
P8A_step5000,1606,KxyceG1IkGY,quickclips_visomaster_teams,0.024430076025551587
P8A_step5000,1607,8Bwgk9qYpaA,quickclips_visomaster_teams,0.07076820573597792
P8A_step5000,1608,7tPaTyy1zgM,quickclips_visomaster_teams,-0.004259522480839186
P8A_step5000,1609,6Nc9oXEDfAc,quickclips_visomaster_teams,-0.003259239449334709
P8A_step5000,1610,BjVqQCT5rRg,quickclips_visomaster_teams,-0.008445639613834231
P8A_step5000,1611,hFTQ0oxSaVM,quickclips_visomaster_teams,-0.018499172647594573
P8A_step5000,1612,Bz9sTBNHfgw,quickclips_visomaster_teams,-0.017104174742410515
P8A_step5000,1613,Ab2oTYPzZdE,quickclips_visomaster_teams,-0.00805154799453581
P8A_step5000,1614,MqGBNwyqUxw,quickclips_visomaster_teams,-0.008600798301655898
P8A_step5000,1615,U4q9COX1_vU,quickclips_visomaster_teams,0.020889004405539896
P8A_step5000,1616,KfVo1ibgDJ8,quickclips_visomaster_teams,0.04734294151648845
P8A_step5000,1617,cvxqafWT7RY,quickclips_visomaster_teams,-0.1185524131020293
P8A_step5000,1618,Pl0mNynQBeM,quickclips_visomaster_teams,-0.06709684626867427
P8A_step5000,1619,PS_oFG9W0fw,quickclips_visomaster_teams,0.029824424525208375
P8A_step5000,1620,nUpQLN9Ot1g,quickclips_visomaster_teams,0.02418735776744442
P8A_step5000,1621,-QR1vtnCEUY,quickclips_visomaster_teams,0.0299683927899854
P8A_step5000,1622,Pl0mNynQBeM,quickclips_visomaster_teams,-0.06153950156768904
P8A_step5000,1623,PS_oFG9W0fw,quickclips_visomaster_teams,0.028837012238881268
P8A_step5000,1624,nUpQLN9Ot1g,quickclips_visomaster_teams,-0.0007118125571403192
P8A_step5000,1625,-QR1vtnCEUY,quickclips_visomaster_teams,0.03285201486166421
P8A_step5000,1626,jy9gOzticS8,quickclips_visomaster_teams,-0.00014850453183834543
P8A_step5000,1627,wqNu6pNRAR4,quickclips_visomaster_teams,0.022032103216202265
P8A_step5000,1628,Vw3T_2O5kIo,quickclips_visomaster_teams,-0.02505243715339419
P8A_step5000,1629,cmkZwuidcRI,quickclips_visomaster_teams,0.04020187977507152
P8A_step5000,1630,aSHfTCdZRrQ,quickclips_visomaster_teams,-0.0003865964643545057
P8A_step5000,1631,fLhcspXD78Y,quickclips_visomaster_teams,0.0011648293863566073
P8A_step5000,1632,pDiQ5W6CIM4,quickclips_visomaster_teams,0.05256419785682237
P8A_step5000,1633,eI3eK87etAk,quickclips_visomaster_teams,0.007359727077038093
P8A_step5000,1634,GIgRsGvOEI8,quickclips_visomaster_teams,0.03782938063465913
P8A_step5000,1635,139JznBeH-8,quickclips_visomaster_teams,0.009284755481058594
P8A_step5000,1636,T3cY113SlTI,quickclips_visomaster_teams,-0.009235155489993473
P8A_step5000,1637,Mbd6Vl7UmBI,quickclips_visomaster_teams,-0.05941054470556453
P8A_step5000,1638,KxyceG1IkGY,quickclips_visomaster_teams,-0.013848152261845863
P8A_step5000,1639,8Bwgk9qYpaA,quickclips_visomaster_teams,0.07418856289195694
P8A_step5000,1640,7tPaTyy1zgM,quickclips_visomaster_teams,-0.015303314043276364
P8A_step5000,1641,6Nc9oXEDfAc,quickclips_visomaster_teams,-0.005620621949467946
P8A_step5000,1642,CO_QH6qk550,quickclips_visomaster_teams,0.011296753651346034
P8A_step5000,1643,HJgyiVgLVwY,quickclips_visomaster_teams,-0.014042604218184726
P8A_step5000,1644,BjVqQCT5rRg,quickclips_visomaster_teams,0.02591790060195532
P8A_step5000,1645,hFTQ0oxSaVM,quickclips_visomaster_teams,-0.00683432771914041
P8A_step5000,1646,Bz9sTBNHfgw,quickclips_visomaster_teams,-0.02527772557354155
P8A_step5000,1647,ny7faOdFbeE,quickclips_visomaster_teams,-0.015813433395351073
P8A_step5000,1648,MqGBNwyqUxw,quickclips_visomaster_teams,-0.01474053147961237
P8A_step5000,1649,U4q9COX1_vU,quickclips_visomaster_teams,0.01240617762684863
P8A_step5000,1650,KfVo1ibgDJ8,quickclips_visomaster_teams,0.019505847880555344
P8A_step5000,1651,cvxqafWT7RY,quickclips_visomaster_teams,-0.026472391479541803
P8A_step5000,1652,Lz4anX7bKd4,quickclips_visomaster_teams,-0.008055790560045828
P8A_step5000,1653,r297MmAo_ao,quickclips_visomaster_teams,0.007652084037160565
P8A_step5000,1654,Xw0_SNuN1eE,quickclips_visomaster_teams,-0.0017439645282059128
P8A_step5000,1655,XRA3N9wyN6I,quickclips_visomaster_teams,0.02346832026427518
P8A_step5000,1656,FPm0ugLloe8,quickclips_visomaster_teams,-0.05086840149892166
P8A_step5000,1657,TWxmnQDQwPA,quickclips_visomaster_teams,-0.01534618337335504
P8A_step5000,1658,fFHDc6R1mgo,quickclips_visomaster_teams,-0.0021493134454265337
P8A_step5000,1659,TfqXiNpJl98,quickclips_visomaster_teams,-0.011779197773320097
P8A_step5000,1660,3vTKjvIcsPU,quickclips_visomaster_teams,0.02916091421555068
P8A_step5000,1661,KkCXMQ4Vl-E,quickclips_visomaster_teams,-0.013346020573790984
P8A_step5000,1662,Jrd6POciCBI,quickclips_visomaster_teams,-0.10849468134658331
P8A_step5000,1663,pKimBAKQbzY,quickclips_visomaster_teams,0.032081478779277174
P8A_step5000,1664,_HrtWwT5CsY,quickclips_visomaster_teams,-0.022415550370911544
P8A_step5000,1665,wE_pVFZTK9g,quickclips_visomaster_teams,0.014164350455243176
P8A_step5000,1666,2c1gN-g3YDo,quickclips_visomaster_teams,0.0014262815600217128
P8A_step5000,1667,LBb8Rqa29cQ,quickclips_visomaster_teams,0.001921946678226062
P8A_step5000,1668,WPOH_MsASyI,quickclips_visomaster_teams,0.0385748409989867
P8A_step5000,1669,r7JQRKps8Jk,quickclips_visomaster_teams,-0.014071953307443985
P8A_step5000,1670,BSe2iwALvio,quickclips_visomaster_teams,0.030270746384634492
P8A_step5000,1671,ahXM2GAv_gs,quickclips_visomaster_teams,0.02313161721995416
P8A_step5000,1672,i_IH09XTPDQ,quickclips_visomaster_teams,0.024807361983696076
P8A_step5000,1673,IKHUqeniNtE,quickclips_visomaster_teams,-0.00797946734214399
P8A_step5000,1674,nr8SVuBO02E,quickclips_visomaster_teams,0.018119937620647505
P8A_step5000,1675,vQkRvYJTi_Y,quickclips_visomaster_teams,-0.005734346243167295
P8A_step5000,1676,PH43PCc0ADA,quickclips_visomaster_teams,0.025825514677829703
P8A_step5000,1677,P79ugKVKqiU,quickclips_visomaster_teams,0.025630620009562278
P8A_step5000,1678,knKnIVIx08I,quickclips_visomaster_teams,-0.020943339499408235
P8A_step5000,1679,7nob6GOFW2M,quickclips_visomaster_teams,0.0002816514903482706
P8A_step5000,1680,wiyQQOg9COg,quickclips_visomaster_teams,0.01205529251158257
P8A_step5000,1681,Yq138Fn-F9E,quickclips_visomaster_teams,0.023926516383963637
P8A_step5000,1682,knKnIVIx08I,quickclips_visomaster_teams,-0.013385481954115541
P8A_step5000,1683,7nob6GOFW2M,quickclips_visomaster_teams,-0.012158757863932836
P8A_step5000,1684,wiyQQOg9COg,quickclips_visomaster_teams,-0.005528188616697153
P8A_step5000,1685,Yq138Fn-F9E,quickclips_visomaster_teams,0.01527591344787219
P8A_step5000,1686,Lz4anX7bKd4,quickclips_visomaster_teams,-0.03214702838952904
P8A_step5000,1687,7vbiLARZJtk,quickclips_visomaster_teams,-0.02395329500754452
P8A_step5000,1688,r297MmAo_ao,quickclips_visomaster_teams,0.021205725279529457
P8A_step5000,1689,Xw0_SNuN1eE,quickclips_visomaster_teams,-0.005223183506504406
P8A_step5000,1690,FPm0ugLloe8,quickclips_visomaster_teams,-0.027680811699787367
P8A_step5000,1691,fFHDc6R1mgo,quickclips_visomaster_teams,-0.00961476326977961
P8A_step5000,1692,TfqXiNpJl98,quickclips_visomaster_teams,-0.022897536154532543
P8A_step5000,1693,3vTKjvIcsPU,quickclips_visomaster_teams,0.02699949821074206
P8A_step5000,1694,KkCXMQ4Vl-E,quickclips_visomaster_teams,-0.1047548657521958
P8A_step5000,1695,Jrd6POciCBI,quickclips_visomaster_teams,-0.08249285666598336
P8A_step5000,1696,pKimBAKQbzY,quickclips_visomaster_teams,0.025501495480337002
P8A_step5000,1697,_HrtWwT5CsY,quickclips_visomaster_teams,-0.036315865054687715
P8A_step5000,1698,XRA3N9wyN6I,quickclips_visomaster_teams,0.011654644615606297
P8A_step5000,1699,2c1gN-g3YDo,quickclips_visomaster_teams,0.013352108543277664
P8A_step5000,1700,TWxmnQDQwPA,quickclips_visomaster_teams,-0.03068140184513906
P8A_step5000,1701,LBb8Rqa29cQ,quickclips_visomaster_teams,0.005545353221046402
P8A_step5000,1702,WPOH_MsASyI,quickclips_visomaster_teams,0.03874259255027474
P8A_step5000,1703,r7JQRKps8Jk,quickclips_visomaster_teams,-0.014601415342001517
P8A_step5000,1704,BSe2iwALvio,quickclips_visomaster_teams,0.03337840731336427
P8A_step5000,1705,ahXM2GAv_gs,quickclips_visomaster_teams,0.020468612544443522
P8A_step5000,1706,i_IH09XTPDQ,quickclips_visomaster_teams,0.015635525710719193
P8A_step5000,1707,CO_QH6qk550,quickclips_visomaster_teams,0.010050769695534584
P8A_step5000,1708,IKHUqeniNtE,quickclips_visomaster_teams,-0.011329168345988658
P8A_step5000,1709,nr8SVuBO02E,quickclips_visomaster_teams,0.039330490517917316
P8A_step5000,1710,vQkRvYJTi_Y,quickclips_visomaster_teams,-0.010325607605763898
P8A_step5000,1711,PH43PCc0ADA,quickclips_visomaster_teams,-0.0008954543494407961
P8A_step5000,1712,P79ugKVKqiU,quickclips_visomaster_teams,0.025902927123351002
P8A_step5000,1713,LtE9DQnNZRw,quickclips_visomaster_teams,0.004907942218717685
P8A_step5000,1714,GrGYgitDaUY,quickclips_visomaster_teams,-0.008425589006990546
P8A_step5000,1715,oAPYM1_dAtY,quickclips_visomaster_teams,-0.0062955289709576544
P8A_step5000,1716,Q6N6HEl3Y3U,quickclips_visomaster_teams,0.0019846760529570453
P8A_step5000,1717,ujHmvxpFWzs,quickclips_visomaster_teams,0.01869240523427058
P8A_step5000,1718,h6SMszFMa8M,quickclips_visomaster_teams,-0.018492590790859357
P8A_step5000,1719,CsuXDLbRlgQ,quickclips_visomaster_teams,0.0034347250473053346
P8A_step5000,1720,6QN-rwcl7dg,quickclips_visomaster_teams,5.063985203462851e-05
P8A_step5000,1721,E1lAH0_Ifng,quickclips_visomaster_teams,0.008358383089051114
P8A_step5000,1722,JFJ9BBacnls,quickclips_visomaster_teams,0.014444807647807421
P8A_step5000,1723,dtJVDWFrVME,quickclips_visomaster_teams,-0.021734119414960305
P8A_step5000,1724,vQ2e_o5Zf8w,quickclips_visomaster_teams,0.023319597278189618
P8A_step5000,1725,oUCQH11m-yY,quickclips_visomaster_teams,0.013015158618466584
P8A_step5000,1726,J_1PEVB2nyc,quickclips_visomaster_teams,0.021998870480510378
P8A_step5000,1727,dQvGUSmzWD0,quickclips_visomaster_teams,0.03320173839422335
P8A_step5000,1728,vwr57bqqI9g,quickclips_visomaster_teams,-0.03989722320246175
P8A_step5000,1729,K6KEksIuIq8,quickclips_visomaster_teams,0.0045934375132996585
P8A_step5000,1730,a_GL0K3yo4s,quickclips_visomaster_teams,-0.024193695503387642
P8A_step5000,1731,7sZ2VsPDw8U,quickclips_visomaster_teams,-0.013071653424634348
P8A_step5000,1732,mw0LGzIKvoo,quickclips_visomaster_teams,0.013232402072705861
P8A_step5000,1733,ncgEECML7ng,quickclips_visomaster_teams,-0.01023066793867233
P8A_step5000,1734,jm4E3PYAIy4,quickclips_visomaster_teams,0.015659581620556428
P8A_step5000,1735,IkN6eM3acc4,quickclips_visomaster_teams,0.014601243965146091
P8A_step5000,1736,WoOUbinKeF0,quickclips_visomaster_teams,0.002734645733618211
P8A_step5000,1737,6zy9pysDdME,quickclips_visomaster_teams,0.023983396931949796
P8A_step5000,1738,JfGfktwGCao,quickclips_visomaster_teams,-0.01932748335021919
P8A_step5000,1739,V-FB9fZtdAk,quickclips_visomaster_teams,-0.026992011824474773
P8A_step5000,1740,fQCBzW_T1TY,quickclips_visomaster_teams,0.0011803718844496155
P8A_step5000,1741,6zy9pysDdME,quickclips_visomaster_teams,0.02793890225532583
P8A_step5000,1742,JfGfktwGCao,quickclips_visomaster_teams,-0.021202682235125038
P8A_step5000,1743,V-FB9fZtdAk,quickclips_visomaster_teams,-0.023053665602428754
P8A_step5000,1744,LtE9DQnNZRw,quickclips_visomaster_teams,0.013345121411485108
P8A_step5000,1745,GrGYgitDaUY,quickclips_visomaster_teams,-0.003423794638317927
P8A_step5000,1746,Q6N6HEl3Y3U,quickclips_visomaster_teams,-0.006898265856414459
P8A_step5000,1747,ujHmvxpFWzs,quickclips_visomaster_teams,0.01473777626623007
P8A_step5000,1748,oAPYM1_dAtY,quickclips_visomaster_teams,-0.0013375764908769685
P8A_step5000,1749,h6SMszFMa8M,quickclips_visomaster_teams,0.023691761836720723
P8A_step5000,1750,CsuXDLbRlgQ,quickclips_visomaster_teams,0.021287125249617313
P8A_step5000,1751,6QN-rwcl7dg,quickclips_visomaster_teams,0.024994765280023815
P8A_step5000,1752,E1lAH0_Ifng,quickclips_visomaster_teams,-0.002701814836790487
P8A_step5000,1753,JFJ9BBacnls,quickclips_visomaster_teams,-0.004071313205337134
P8A_step5000,1754,dtJVDWFrVME,quickclips_visomaster_teams,0.01937273944286817
P8A_step5000,1755,vQ2e_o5Zf8w,quickclips_visomaster_teams,0.015573504400541463
P8A_step5000,1756,oUCQH11m-yY,quickclips_visomaster_teams,0.008365752309177701
P8A_step5000,1757,J_1PEVB2nyc,quickclips_visomaster_teams,-0.007098370135678395
P8A_step5000,1758,dQvGUSmzWD0,quickclips_visomaster_teams,0.025681799514634056
P8A_step5000,1759,vwr57bqqI9g,quickclips_visomaster_teams,-0.01823094801238273
P8A_step5000,1760,K6KEksIuIq8,quickclips_visomaster_teams,0.014051385683688909
P8A_step5000,1761,a_GL0K3yo4s,quickclips_visomaster_teams,-0.02207525178178714
P8A_step5000,1762,7sZ2VsPDw8U,quickclips_visomaster_teams,-0.00995463722434759
P8A_step5000,1763,mw0LGzIKvoo,quickclips_visomaster_teams,0.028478483567872304
P8A_step5000,1764,ncgEECML7ng,quickclips_visomaster_teams,-0.015275354798059273
P8A_step5000,1765,jm4E3PYAIy4,quickclips_visomaster_teams,0.00584298966681309
P8A_step5000,1766,IkN6eM3acc4,quickclips_visomaster_teams,0.0194737216968956
P8A_step5000,1767,WoOUbinKeF0,quickclips_visomaster_teams,-0.008700221326074084
P8A_step5000,1768,4Zsh1MdoKiE,quickclips_visomaster_teams,0.010656846105937859
P8A_step5000,1769,86sBla6aOuU,quickclips_visomaster_teams,-0.03336053011183603
P8A_step5000,1770,cKBLEyNbbjQ,quickclips_visomaster_teams,0.0106500683111189
P8A_step5000,1771,KOKpwJ8qcQI,quickclips_visomaster_teams,0.0009713643220318974
P8A_step5000,1772,8Yomhcg2pf4,quickclips_visomaster_teams,-0.025994700104023036
P8A_step5000,1773,_--vXPVmaqQ,quickclips_visomaster_teams,0.09271187389453242
P8A_step5000,1774,LBb8Rqa29cQ_scene067,quickclips_visomaster_teams,-0.059946898968322254
P8A_step5000,1775,LqtVslFhIw0,quickclips_visomaster_teams,-0.029575148173348643
P8A_step5000,1776,TPDgjwIGN9Y,quickclips_visomaster_teams,0.007443949643220562
P8A_step5000,1777,ZPT-nU4A8eE,quickclips_visomaster_teams,-0.03515687161421815
P8A_step5000,1778,TQo9NNYl1DY,quickclips_visomaster_teams,0.006300849345243195
P8A_step5000,1779,LcmG49--mDM,quickclips_visomaster_teams,0.013124564919125543
P8A_step5000,1780,z9TUMru19U4,quickclips_visomaster_teams,-0.010001240885257529
P8A_step5000,1781,h8JE5rzZ9Bg,quickclips_visomaster_teams,0.03918788044926828
P8A_step5000,1782,rpHDeLcLrRI,quickclips_visomaster_teams,-0.0022887721123928738
P8A_step5000,1783,AYLVZdWafTQ,quickclips_visomaster_teams,-0.018487063895690846
P8A_step5000,1784,G1DEbEqPYWs,quickclips_visomaster_teams,0.029620363779629892
P8A_step5000,1785,JVnprg2SVxA,quickclips_visomaster_teams,0.03459398616931806
P8A_step5000,1786,LTbJAth-vNo,quickclips_visomaster_teams,-0.017693902734301103
P8A_step5000,1787,UfjanzTGEhA,quickclips_visomaster_teams,-0.019628566010679794
P8A_step5000,1788,49r9VxBt2Nc,quickclips_visomaster_teams,0.004798974130351547
P8A_step5000,1789,jf5z5YsGbQY,quickclips_visomaster_teams,-0.015667064551479527
P8A_step5000,1790,0Hn3GMnjzAM,quickclips_visomaster_teams,-0.01596757016122953
P8A_step5000,1791,bypw_xjirNk,quickclips_visomaster_teams,-0.0005408959461731521
P8A_step5000,1792,WUWamwmwgtg,quickclips_visomaster_teams,-0.03330258255894648
P8A_step5000,1793,_kyB9qF5JrQ,quickclips_visomaster_teams,-0.015837010879182642
P8A_step5000,1794,6rzWZmvtrA8,quickclips_visomaster_teams,0.015176495355022725
P8A_step5000,1795,XKpXrD3SMsg,quickclips_visomaster_teams,-0.0014193421139535997
P8A_step5000,1796,WUWamwmwgtg,quickclips_visomaster_teams,0.006826945281896597
P8A_step5000,1797,_kyB9qF5JrQ,quickclips_visomaster_teams,-0.03712158515904042
P8A_step5000,1798,6rzWZmvtrA8,quickclips_visomaster_teams,-0.006976766400282878
P8A_step5000,1799,XKpXrD3SMsg,quickclips_visomaster_teams,0.014138894585280757
P8A_step5000,1800,4Zsh1MdoKiE,quickclips_visomaster_teams,0.010032116212293706
P8A_step5000,1801,zoV8oxh_Ap0,quickclips_visomaster_teams,0.017206484904506127
P8A_step5000,1802,86sBla6aOuU,quickclips_visomaster_teams,-0.04941252360792382
P8A_step5000,1803,cKBLEyNbbjQ,quickclips_visomaster_teams,0.004190973257594392
P8A_step5000,1804,KOKpwJ8qcQI,quickclips_visomaster_teams,0.003038106926229008
P8A_step5000,1805,8Yomhcg2pf4,quickclips_visomaster_teams,-0.013760733910821749
P8A_step5000,1806,_--vXPVmaqQ,quickclips_visomaster_teams,0.04915068921343236
P8A_step5000,1807,LBb8Rqa29cQ_scene067,quickclips_visomaster_teams,-0.04429387543537158
P8A_step5000,1808,caVBqnDm_7s,quickclips_visomaster_teams,0.04908475292099834
P8A_step5000,1809,LqtVslFhIw0,quickclips_visomaster_teams,-0.029345681359590762
P8A_step5000,1810,TPDgjwIGN9Y,quickclips_visomaster_teams,0.011843606313996086
P8A_step5000,1811,ZPT-nU4A8eE,quickclips_visomaster_teams,-0.005114623456621982
P8A_step5000,1812,vm_UDFbu3LY,quickclips_visomaster_teams,-0.017239627646077806
P8A_step5000,1813,z9TUMru19U4,quickclips_visomaster_teams,0.0008856885769894336
P8A_step5000,1814,h8JE5rzZ9Bg,quickclips_visomaster_teams,0.036887175041698056
P8A_step5000,1815,rpHDeLcLrRI,quickclips_visomaster_teams,-0.0034970138237855365
P8A_step5000,1816,AYLVZdWafTQ,quickclips_visomaster_teams,-0.021777995529556927
P8A_step5000,1817,G1DEbEqPYWs,quickclips_visomaster_teams,0.013891413571730717
P8A_step5000,1818,JVnprg2SVxA,quickclips_visomaster_teams,0.023508732267832896
P8A_step5000,1819,LTbJAth-vNo,quickclips_visomaster_teams,-0.0153879107804342
P8A_step5000,1820,UfjanzTGEhA,quickclips_visomaster_teams,-0.019245698728057065
P8A_step5000,1821,LcmG49--mDM,quickclips_visomaster_teams,0.01455635089424397
P8A_step5000,1822,49r9VxBt2Nc,quickclips_visomaster_teams,0.0034299481670785003
P8A_step5000,1823,jf5z5YsGbQY,quickclips_visomaster_teams,0.0216630183809399
P8A_step5000,1824,0Hn3GMnjzAM,quickclips_visomaster_teams,-0.016815236674054667
P8A_step5000,1825,bypw_xjirNk,quickclips_visomaster_teams,-0.027249276075428555
SlotAv2_step3500,0,RD_Radio14,hdtf_visomaster_teams,0.005311931557041434
SlotAv2_step3500,1,RD_Radio27,hdtf_visomaster_teams,-0.01938516351368709
SlotAv2_step3500,2,RD_Radio33,hdtf_visomaster_teams,0.029143264121845938
SlotAv2_step3500,3,RD_Radio38,hdtf_visomaster_teams,0.052851347402323445
SlotAv2_step3500,4,RD_Radio51,hdtf_visomaster_teams,-0.009231275003068596
SlotAv2_step3500,5,WDA_BrianSchatz0,hdtf_visomaster_teams,0.04504218131691802
SlotAv2_step3500,6,WDA_JoeDonnelly,hdtf_visomaster_teams,0.05360464803793378
SlotAv2_step3500,7,WRA_DebFischer2,hdtf_visomaster_teams,0.006150437101700332
SlotAv2_step3500,8,WRA_JohnKasich3,hdtf_visomaster_teams,0.013912744054083843
SlotAv2_step3500,9,WRA_MarshaBlackburn0,hdtf_visomaster_teams,0.0026687301474526623
SlotAv2_step3500,10,WRA_PeterRoskam0,hdtf_visomaster_teams,-0.017737184816150883
SlotAv2_step3500,11,WRA_ReincePriebus,hdtf_visomaster_teams,0.01807477735294161
SlotAv2_step3500,12,RD_Radio45,hdtf_visomaster_teams,0.016134021888633897
SlotAv2_step3500,13,WDA_CatherineCortezMasto,hdtf_visomaster_teams,0.0783623545068132
SlotAv2_step3500,14,WDA_ChrisCoons1,hdtf_visomaster_teams,0.021636088252851043
SlotAv2_step3500,15,WDA_DebbieDingell1,hdtf_visomaster_teams,0.024778254698405645
SlotAv2_step3500,16,WDA_EricSwalwell,hdtf_visomaster_teams,0.003700023613373491
SlotAv2_step3500,17,WRA_CoryGardner,hdtf_visomaster_teams,0.05730012138157767
SlotAv2_step3500,18,WRA_DavidVitter,hdtf_visomaster_teams,0.05975534908425857
SlotAv2_step3500,19,WRA_DianeBlack1,hdtf_visomaster_teams,0.016971978842179006
SlotAv2_step3500,20,WRA_JoeHeck1,hdtf_visomaster_teams,0.011734002871974927
SlotAv2_step3500,21,WRA_RichardShelby,hdtf_visomaster_teams,0.0537507909469514
SlotAv2_step3500,22,WRA_RogerWicker1,hdtf_visomaster_teams,0.06353633424415506
SlotAv2_step3500,23,WDA_JackReed0,hdtf_visomaster_teams,0.0029036483583181035
SlotAv2_step3500,24,WRA_MarcoRubio,hdtf_visomaster_teams,-0.003329579570379078
SlotAv2_step3500,25,RD_Radio29,hdtf_visomaster_teams,-0.0008817172199072337
SlotAv2_step3500,26,RD_Radio36,hdtf_visomaster_teams,-0.0036186871005182276
SlotAv2_step3500,27,RD_Radio53,hdtf_visomaster_teams,0.0020483089333483973
SlotAv2_step3500,28,WDA_AmyKlobuchar1,hdtf_visomaster_teams,0.026366159540113294
SlotAv2_step3500,29,WDA_BobCasey1,hdtf_visomaster_teams,0.005466501480772538
SlotAv2_step3500,30,WDA_LucyMcBath,hdtf_visomaster_teams,0.0045848398378578875
SlotAv2_step3500,31,WRA_CoryGardner0,hdtf_visomaster_teams,0.01829936329282154
SlotAv2_step3500,32,WRA_DebFischer1,hdtf_visomaster_teams,0.011294497603272328
SlotAv2_step3500,33,WRA_ErikPaulsen,hdtf_visomaster_teams,0.0022422439939523524
SlotAv2_step3500,34,WRA_RogerWicker2,hdtf_visomaster_teams,-0.004659994575870669
SlotAv2_step3500,35,WDA_StenyHoyer,hdtf_visomaster_teams,0.05459570723629629
SlotAv2_step3500,36,WDA_ZoeLofgren,hdtf_visomaster_teams,-0.015211459365680925
SlotAv2_step3500,37,WRA_AllenWest,hdtf_visomaster_teams,-0.015303995881801334
SlotAv2_step3500,38,WRA_DebFischer0,hdtf_visomaster_teams,0.04907248696895868
SlotAv2_step3500,39,WRA_JohnBoehner1,hdtf_visomaster_teams,0.009094271780859267
SlotAv2_step3500,40,WRA_JoniErnst1,hdtf_visomaster_teams,0.021701018272525272
SlotAv2_step3500,41,WRA_MarkwayneMullin,hdtf_visomaster_teams,0.016778985999312934
SlotAv2_step3500,42,WDA_TimWalz,hdtf_visomaster_teams,-0.00212792488828557
SlotAv2_step3500,43,WRA_JoePitts,hdtf_visomaster_teams,0.011729117284108628
SlotAv2_step3500,44,WRA_RobPortman,hdtf_visomaster_teams,0.010933203836905249
SlotAv2_step3500,45,WDA_ElijahCummings,hdtf_visomaster_teams,0.006825544258055956
SlotAv2_step3500,46,WDA_VeronicaEscobar0,hdtf_visomaster_teams,-0.028676602357085315
SlotAv2_step3500,47,WRA_JaimeHerreraBeutler0,hdtf_visomaster_teams,0.03914985874767607
SlotAv2_step3500,48,WRA_PaulRyan1,hdtf_visomaster_teams,-0.02899386185775912
SlotAv2_step3500,49,RD_Radio13,hdtf_visomaster_teams,0.04248001510074734
SlotAv2_step3500,50,WDA_ChuckSchumer1,hdtf_visomaster_teams,0.01305904062370273
SlotAv2_step3500,51,WDA_JoaquinCastro,hdtf_visomaster_teams,0.007909540452836376
SlotAv2_step3500,52,WDA_LloydDoggett0,hdtf_visomaster_teams,-0.00390975074373725
SlotAv2_step3500,53,WDA_PeterDeFazio,hdtf_visomaster_teams,0.008611047907659344
SlotAv2_step3500,54,WDA_RichardNeal0,hdtf_visomaster_teams,0.008990010289321258
SlotAv2_step3500,55,WDA_TammyBaldwin1,hdtf_visomaster_teams,0.007991011931778879
SlotAv2_step3500,56,WRA_JohnKasich1,hdtf_visomaster_teams,0.010212926005717809
SlotAv2_step3500,57,WRA_PeteHoekstra,hdtf_visomaster_teams,-0.0033426392005604455
SlotAv2_step3500,58,RD_Radio2,hdtf_visomaster_teams,-0.002050794434117632
SlotAv2_step3500,59,RD_Radio41,hdtf_visomaster_teams,0.0009300554646709105
SlotAv2_step3500,60,RD_Radio8,hdtf_visomaster_teams,-0.008996555478148342
SlotAv2_step3500,61,WDA_AndyKim,hdtf_visomaster_teams,-0.00394280986398284
SlotAv2_step3500,62,WDA_BarbaraLee1,hdtf_visomaster_teams,-0.00796726870188191
SlotAv2_step3500,63,WDA_CedricRichmond,hdtf_visomaster_teams,-0.015323035605209225
SlotAv2_step3500,64,WDA_ChrisCoons,hdtf_visomaster_teams,0.01974761464895041
SlotAv2_step3500,65,WDA_ChrisMurphy1,hdtf_visomaster_teams,0.016883302872935893
SlotAv2_step3500,66,WDA_DebbieWassermanSchultz,hdtf_visomaster_teams,-0.004803981494248674
SlotAv2_step3500,67,WDA_DonaldMcEachin,hdtf_visomaster_teams,0.009443650707237065
SlotAv2_step3500,68,WDA_DonnaShalala1,hdtf_visomaster_teams,-0.017535692371613277
SlotAv2_step3500,69,WDA_HillaryClinton,hdtf_visomaster_teams,-0.002632374436719977
SlotAv2_step3500,70,WDA_JoeCrowley0,hdtf_visomaster_teams,0.003930762310407818
SlotAv2_step3500,71,WDA_JoeManchin,hdtf_visomaster_teams,0.07213025857101063
SlotAv2_step3500,72,WDA_JohnSarbanes1,hdtf_visomaster_teams,0.00018325664251635058
SlotAv2_step3500,73,WDA_KarenBass,hdtf_visomaster_teams,0.004532648967447242
SlotAv2_step3500,74,WDA_LaurenUnderwood,hdtf_visomaster_teams,0.007603607448045066
SlotAv2_step3500,75,WDA_LisaBluntRochester,hdtf_visomaster_teams,0.06319649347783382
SlotAv2_step3500,76,WDA_MichaelBennet,hdtf_visomaster_teams,0.012114489499782825
SlotAv2_step3500,77,WDA_MichelleLujanGrisham,hdtf_visomaster_teams,0.010277745358389857
SlotAv2_step3500,78,WDA_NancyPelosi3,hdtf_visomaster_teams,-0.015763587191481986
SlotAv2_step3500,79,WDA_PeterDeFazio,hdtf_visomaster_teams,0.030388233818796906
SlotAv2_step3500,80,WDA_ScottPeters1,hdtf_visomaster_teams,0.01883737678392306
SlotAv2_step3500,81,WDA_SheldonWhitehouse1,hdtf_visomaster_teams,0.008233382797531639
SlotAv2_step3500,82,WDA_TammyBaldwin1,hdtf_visomaster_teams,-0.00023876768298207538
SlotAv2_step3500,83,WDA_TomUdall,hdtf_visomaster_teams,0.03667415117484165
SlotAv2_step3500,84,WRA_CarlyFiorina0,hdtf_visomaster_teams,-0.0034757049585886733
SlotAv2_step3500,85,WRA_EricCantor,hdtf_visomaster_teams,-0.0030477755448371983
SlotAv2_step3500,86,WRA_GeorgeLeMieux,hdtf_visomaster_teams,-0.009743930755068086
SlotAv2_step3500,87,WRA_JebHensarling0,hdtf_visomaster_teams,0.004063801962687578
SlotAv2_step3500,88,WRA_JebHensarling2,hdtf_visomaster_teams,0.010457351321406332
SlotAv2_step3500,89,WRA_JimRisch,hdtf_visomaster_teams,0.006919812720341309
SlotAv2_step3500,90,WRA_JohnKasich1,hdtf_visomaster_teams,-0.0008994843101759038
SlotAv2_step3500,91,WRA_KayBaileyHutchison,hdtf_visomaster_teams,0.01154048345331018
SlotAv2_step3500,92,WRA_KevinMcCarthy0,hdtf_visomaster_teams,-0.004669438982700992
SlotAv2_step3500,93,WRA_LamarAlexander0,hdtf_visomaster_teams,0.004440719601041337
SlotAv2_step3500,94,WRA_NanHayworth,hdtf_visomaster_teams,-0.011332588299089175
SlotAv2_step3500,95,WRA_PeteHoekstra,hdtf_visomaster_teams,-0.000919070638688884
SlotAv2_step3500,96,WRA_RogerWicker0,hdtf_visomaster_teams,0.006742148357851987
SlotAv2_step3500,97,WRA_SteveDaines0,hdtf_visomaster_teams,0.0019617695395341174
SlotAv2_step3500,98,WRA_TomPrice,hdtf_visomaster_teams,0.010032305842570963
SlotAv2_step3500,99,RD_Radio35,hdtf_visomaster_teams,0.0009332104907330881
SlotAv2_step3500,100,RD_Radio57,hdtf_visomaster_teams,-0.010694454481753437
SlotAv2_step3500,101,WDA_AdamSmith,hdtf_visomaster_teams,0.025739859785483116
SlotAv2_step3500,102,WDA_BernieSanders,hdtf_visomaster_teams,0.01077506659598276
SlotAv2_step3500,103,WDA_BillRichardson,hdtf_visomaster_teams,0.009342886790981527
SlotAv2_step3500,104,WDA_DebbieDingell0,hdtf_visomaster_teams,0.023804857272900673
SlotAv2_step3500,105,WDA_DianaDeGette1,hdtf_visomaster_teams,-0.013975511308762591
SlotAv2_step3500,106,WDA_JackReed0,hdtf_visomaster_teams,0.008098793579994434
SlotAv2_step3500,107,WDA_VeronicaEscobar0,hdtf_visomaster_teams,0.07932601114030727
SlotAv2_step3500,108,WRA_DuncanHunter,hdtf_visomaster_teams,0.02717795201115253
SlotAv2_step3500,109,WRA_JohnBarrasso0,hdtf_visomaster_teams,0.00556212523284738
SlotAv2_step3500,110,WDA_ChrisCoons1,hdtf_visomaster_teams,0.009633401709075035
SlotAv2_step3500,111,WDA_DebbieDingell1,hdtf_visomaster_teams,0.0016310323351807097
SlotAv2_step3500,112,WDA_EricSwalwell,hdtf_visomaster_teams,0.03189664558493038
SlotAv2_step3500,113,WDA_HakeemJeffries,hdtf_visomaster_teams,0.04940129292522115
SlotAv2_step3500,114,WDA_HenryWaxman,hdtf_visomaster_teams,0.01140283083325894
SlotAv2_step3500,115,WRA_CoryGardner,hdtf_visomaster_teams,0.078919838321351
SlotAv2_step3500,116,WRA_RichardShelby,hdtf_visomaster_teams,0.013382720701039522
SlotAv2_step3500,117,RD_Radio34,hdtf_visomaster_teams,-0.00740924784987579
SlotAv2_step3500,118,RD_Radio39,hdtf_visomaster_teams,0.06840143881627035
SlotAv2_step3500,119,RD_Radio51,hdtf_visomaster_teams,0.016642421293262648
SlotAv2_step3500,120,WDA_DanKildee1,hdtf_visomaster_teams,0.0025421767021359706
SlotAv2_step3500,121,WDA_FrankPallone0,hdtf_visomaster_teams,0.051432699389349155
SlotAv2_step3500,122,WDA_TedDeutch,hdtf_visomaster_teams,-0.0011495902517990085
SlotAv2_step3500,123,WDA_TimWalz,hdtf_visomaster_teams,0.009462021411146094
SlotAv2_step3500,124,WRA_JoePitts,hdtf_visomaster_teams,0.00419552031682015
SlotAv2_step3500,125,WRA_JohnBoozman,hdtf_visomaster_teams,0.019917278461686096
SlotAv2_step3500,126,WRA_JohnHoeven,hdtf_visomaster_teams,0.03025271239620713
SlotAv2_step3500,127,WRA_JohnKasich3,hdtf_visomaster_teams,0.010393542814627517
SlotAv2_step3500,128,WRA_MitchDaniels0,hdtf_visomaster_teams,0.014577767293368534
SlotAv2_step3500,129,WRA_RobPortman,hdtf_visomaster_teams,0.05787298065452282
SlotAv2_step3500,130,WDA_BobbyScott,hdtf_visomaster_teams,-0.017573740523606527
SlotAv2_step3500,131,WDA_KimSchrier,hdtf_visomaster_teams,0.08329137363299031
SlotAv2_step3500,132,WDA_KirstenGillibrand,hdtf_visomaster_teams,-0.0026252764551749873
SlotAv2_step3500,133,WDA_RaulRuiz,hdtf_visomaster_teams,0.0157013088268251
SlotAv2_step3500,134,WDA_TinaSmith,hdtf_visomaster_teams,0.007899573378961963
SlotAv2_step3500,135,WRA_CoryGardner0,hdtf_visomaster_teams,0.02373172117268918
SlotAv2_step3500,136,WRA_CoryGardner1,hdtf_visomaster_teams,0.06333184653591693
SlotAv2_step3500,137,WRA_ErikPaulsen,hdtf_visomaster_teams,0.0033414892311088937
SlotAv2_step3500,138,WRA_JaimeHerreraBeutler0,hdtf_visomaster_teams,0.05366417085906623
SlotAv2_step3500,139,WRA_KevinBrady,hdtf_visomaster_teams,0.054024101426525424
SlotAv2_step3500,140,WRA_KristiNoem2,hdtf_visomaster_teams,-0.004642978929123959
SlotAv2_step3500,141,RD_Radio48,hdtf_visomaster_teams,0.02695360351218845
SlotAv2_step3500,142,RD_Radio9,hdtf_visomaster_teams,0.06637273434020075
SlotAv2_step3500,143,WDA_ChuckSchumer0,hdtf_visomaster_teams,0.05014552517847067
SlotAv2_step3500,144,WDA_EdMarkey0,hdtf_visomaster_teams,0.03712639577222103
SlotAv2_step3500,145,WDA_EliotEngel,hdtf_visomaster_teams,-0.01306001273224627
SlotAv2_step3500,146,WDA_FrankPallone1,hdtf_visomaster_teams,0.0013883678804574896
SlotAv2_step3500,147,WDA_GerryConnolly,hdtf_visomaster_teams,0.01190876818308466
SlotAv2_step3500,148,WDA_JonTester0,hdtf_visomaster_teams,0.014253034888635939
SlotAv2_step3500,149,WDA_NancyPelosi0,hdtf_visomaster_teams,-0.0021624169240567516
SlotAv2_step3500,150,WDA_TerriSewell0,hdtf_visomaster_teams,0.012031089856345496
SlotAv2_step3500,151,WRA_AllenWest,hdtf_visomaster_teams,0.014743810105927447
SlotAv2_step3500,152,WRA_JoniErnst0,hdtf_visomaster_teams,0.009325570464359124
SlotAv2_step3500,153,WRA_MarshaBlackburn0,hdtf_visomaster_teams,-0.001500826840399587
SlotAv2_step3500,154,WRA_MittRomney,hdtf_visomaster_teams,0.044711759334517626
SlotAv2_step3500,155,RD_Radio33,hdtf_visomaster_teams,0.09880115979231406
SlotAv2_step3500,156,RD_Radio5,hdtf_visomaster_teams,-0.02162112315968736
SlotAv2_step3500,157,WDA_CarolynMaloney1,hdtf_visomaster_teams,0.014082076412260492
SlotAv2_step3500,158,WDA_JoeKennedy,hdtf_visomaster_teams,0.0038268541108936725
SlotAv2_step3500,159,WDA_ScottPeters0,hdtf_visomaster_teams,0.026421184244110593
SlotAv2_step3500,160,WDA_StenyHoyer,hdtf_visomaster_teams,0.059050509772569156
SlotAv2_step3500,161,WDA_ZoeLofgren,hdtf_visomaster_teams,-0.013595418783506504
SlotAv2_step3500,162,WRA_DebFischer0,hdtf_visomaster_teams,0.05465917963777002
SlotAv2_step3500,163,WRA_GregWalden,hdtf_visomaster_teams,0.06383174708263445
SlotAv2_step3500,164,WRA_GregWalden1,hdtf_visomaster_teams,-0.0006367631754899388
SlotAv2_step3500,165,WRA_JoniErnst1,hdtf_visomaster_teams,0.015187639175234559
SlotAv2_step3500,166,WRA_MarkwayneMullin,hdtf_visomaster_teams,0.023536827081660234
SlotAv2_step3500,167,WRA_MichaelSteele,hdtf_visomaster_teams,0.0217239757228225
SlotAv2_step3500,168,WRA_PatRoberts,hdtf_visomaster_teams,0.027052823696043567
SlotAv2_step3500,169,WRA_PeterRoskam0,hdtf_visomaster_teams,0.003834904773429319
SlotAv2_step3500,170,RD_Radio14,hdtf_visomaster_teams,0.027663608610369417
SlotAv2_step3500,171,RD_Radio27,hdtf_visomaster_teams,-0.01258805654576714
SlotAv2_step3500,172,RD_Radio36,hdtf_visomaster_teams,0.009478344328751612
SlotAv2_step3500,173,RD_Radio49,hdtf_visomaster_teams,-0.011510970454751577
SlotAv2_step3500,174,RD_Radio53,hdtf_visomaster_teams,0.0068132615901627955
SlotAv2_step3500,175,WDA_JoeDonnelly,hdtf_visomaster_teams,0.010837295222081617
SlotAv2_step3500,176,WDA_MazieHirono0,hdtf_visomaster_teams,-0.006043775901068709
SlotAv2_step3500,177,WDA_MikeThompson0,hdtf_visomaster_teams,0.014942043133140195
SlotAv2_step3500,178,WDA_RichardNeal1,hdtf_visomaster_teams,0.012698773278611915
SlotAv2_step3500,179,WRA_JebHensarling1,hdtf_visomaster_teams,0.005846543548859735
SlotAv2_step3500,180,WRA_JohnBarrasso1,hdtf_visomaster_teams,0.008018053087913157
SlotAv2_step3500,181,WRA_MikeEnzi,hdtf_visomaster_teams,0.09819760861226182
SlotAv2_step3500,182,WRA_RogerWicker2,hdtf_visomaster_teams,-0.0007633097392818521
SlotAv2_step3500,183,WRA_ShelleyMooreCapito1,hdtf_visomaster_teams,0.013730744463352412
SlotAv2_step3500,184,RD_Radio16,hdtf_visomaster_teams,0.08953863984117086
SlotAv2_step3500,185,RD_Radio17,hdtf_visomaster_teams,-0.005790421354494002
SlotAv2_step3500,186,RD_Radio31,hdtf_visomaster_teams,0.0033528656591881364
SlotAv2_step3500,187,RD_Radio37,hdtf_visomaster_teams,0.012445443864655873
SlotAv2_step3500,188,RD_Radio41,hdtf_visomaster_teams,-0.011068580083638367
SlotAv2_step3500,189,RD_Radio45,hdtf_visomaster_teams,-0.01108111326835932
SlotAv2_step3500,190,RD_Radio49,hdtf_visomaster_teams,-0.010842471093528972
SlotAv2_step3500,191,WDA_AlexandriaOcasioCortez,hdtf_visomaster_teams,0.030240335092029037
SlotAv2_step3500,192,WDA_BarbaraLee0,hdtf_visomaster_teams,-0.010073005502207723
SlotAv2_step3500,193,WDA_BenRayLujn,hdtf_visomaster_teams,0.01663242710124269
SlotAv2_step3500,194,WDA_BrendaLawrence,hdtf_visomaster_teams,0.00408338196289538
SlotAv2_step3500,195,WDA_CatherineCortezMasto,hdtf_visomaster_teams,0.08009782881714628
SlotAv2_step3500,196,WDA_DebHaaland,hdtf_visomaster_teams,-0.013109075052334416
SlotAv2_step3500,197,WDA_DebbieStabenow0,hdtf_visomaster_teams,-0.0027043907923364023
SlotAv2_step3500,198,WDA_JamesClyburn,hdtf_visomaster_teams,0.007950011459549596
SlotAv2_step3500,199,WDA_JanSchakowsky0,hdtf_visomaster_teams,-0.010912535384866867
SlotAv2_step3500,200,WDA_JoeCrowley0,hdtf_visomaster_teams,0.005310643405593599
SlotAv2_step3500,201,WDA_KarenBass,hdtf_visomaster_teams,0.034987897477492244
SlotAv2_step3500,202,WDA_KathyCastor1,hdtf_visomaster_teams,0.0010325239535064969
SlotAv2_step3500,203,WDA_LaurenUnderwood,hdtf_visomaster_teams,0.0208838858011446
SlotAv2_step3500,204,WDA_MazieHirono0,hdtf_visomaster_teams,0.009762060526933503
SlotAv2_step3500,205,WDA_NancyPelosi1,hdtf_visomaster_teams,-0.010648643421648021
SlotAv2_step3500,206,WDA_PatrickLeahy1,hdtf_visomaster_teams,0.0056197218313338345
SlotAv2_step3500,207,WDA_RichardBlumenthal,hdtf_visomaster_teams,0.02119415157821784
SlotAv2_step3500,208,WDA_RichardNeal1,hdtf_visomaster_teams,0.009256087193574583
SlotAv2_step3500,209,WDA_SuzanDelBene,hdtf_visomaster_teams,0.01151112202756973
SlotAv2_step3500,210,WDA_TedLieu,hdtf_visomaster_teams,0.016273659102210423
SlotAv2_step3500,211,WDA_WhipJimClyburn,hdtf_visomaster_teams,-0.006443413635503532
SlotAv2_step3500,212,WRA_AdamKinzinger1,hdtf_visomaster_teams,0.017781300709855483
SlotAv2_step3500,213,WRA_AustinScott0,hdtf_visomaster_teams,0.03194623079689951
SlotAv2_step3500,214,WRA_CandiceMiller0,hdtf_visomaster_teams,-0.008404902396755646
SlotAv2_step3500,215,WRA_CathyMcMorrisRodgers2,hdtf_visomaster_teams,0.0006592382490679836
SlotAv2_step3500,216,WRA_DianeBlack1,hdtf_visomaster_teams,0.023457521057014385
SlotAv2_step3500,217,WRA_EricCantor,hdtf_visomaster_teams,0.016422355118139092
SlotAv2_step3500,218,WRA_GeorgeLeMieux,hdtf_visomaster_teams,0.008580556478306661
SlotAv2_step3500,219,WRA_JebHensarling1,hdtf_visomaster_teams,0.030158819598751357
SlotAv2_step3500,220,WRA_JeffFlake,hdtf_visomaster_teams,0.03839247876265685
SlotAv2_step3500,221,WRA_JimRisch,hdtf_visomaster_teams,0.019251490993964684
SlotAv2_step3500,222,WRA_KristiNoem1,hdtf_visomaster_teams,-0.000663270591699374
SlotAv2_step3500,223,WRA_ShelleyMooreCapito0,hdtf_visomaster_teams,0.0037497318636550503
SlotAv2_step3500,224,WRA_VickyHartzler,hdtf_visomaster_teams,0.013836205050612544
SlotAv2_step3500,225,RD_Radio51,hdtf_visomaster_teams,-0.02269084424102071
SlotAv2_step3500,226,WDA_AndyKim,hdtf_visomaster_teams,-0.007309899034729306
SlotAv2_step3500,227,WDA_DickDurbin,hdtf_visomaster_teams,0.0005304429927617423
SlotAv2_step3500,228,WDA_LisaBluntRochester,hdtf_visomaster_teams,0.06131062883000251
SlotAv2_step3500,229,WDA_MaggieHassan,hdtf_visomaster_teams,0.006270892558730708
SlotAv2_step3500,230,WDA_MichaelBennet,hdtf_visomaster_teams,0.002228847739249105
SlotAv2_step3500,231,WDA_PattyMurray0,hdtf_visomaster_teams,0.028423744160944987
SlotAv2_step3500,232,WDA_SeanCasten,hdtf_visomaster_teams,0.003869968072144476
SlotAv2_step3500,233,WDA_TammyDuckworth,hdtf_visomaster_teams,0.004942021335409423
SlotAv2_step3500,234,WDA_TedDeutch,hdtf_visomaster_teams,0.01079851355795893
SlotAv2_step3500,235,WRA_JohnKasich3,hdtf_visomaster_teams,0.019871904369880837
SlotAv2_step3500,236,WRA_KayBaileyHutchison,hdtf_visomaster_teams,-8.63105393512642e-05
SlotAv2_step3500,237,WRA_MitchDaniels0,hdtf_visomaster_teams,0.07389769772984216
SlotAv2_step3500,238,WRA_TimScott,hdtf_visomaster_teams,-0.0014777955303493886
SlotAv2_step3500,239,RD_Radio12,hdtf_visomaster_teams,0.0020575092956277323
SlotAv2_step3500,240,RD_Radio59,hdtf_visomaster_teams,0.003985141438488106
SlotAv2_step3500,241,RD_Radio8,hdtf_visomaster_teams,-0.01590537854112534
SlotAv2_step3500,242,WDA_AmyKlobuchar0,hdtf_visomaster_teams,0.014946972948915909
SlotAv2_step3500,243,WDA_AndyLevin,hdtf_visomaster_teams,0.005330152253458402
SlotAv2_step3500,244,WDA_CedricRichmond,hdtf_visomaster_teams,-0.01473766304087237
SlotAv2_step3500,245,WDA_ChrisMurphy1,hdtf_visomaster_teams,0.008259644383935855
SlotAv2_step3500,246,WDA_PeterDeFazio,hdtf_visomaster_teams,0.01893670797141891
SlotAv2_step3500,247,WDA_TammyBaldwin1,hdtf_visomaster_teams,0.0100964087427285
SlotAv2_step3500,248,WRA_JohnKasich1,hdtf_visomaster_teams,-0.011421912977575922
SlotAv2_step3500,249,WRA_PeteHoekstra,hdtf_visomaster_teams,-0.002367532618153842
SlotAv2_step3500,250,WRA_TomCotton,hdtf_visomaster_teams,0.008497645539774005
SlotAv2_step3500,251,WDA_BarbaraLee1,hdtf_visomaster_teams,-0.018569746513677814
SlotAv2_step3500,252,WDA_DavidCicilline,hdtf_visomaster_teams,0.009821097405078206
SlotAv2_step3500,253,WDA_DebbieDingell1,hdtf_visomaster_teams,0.020721077097347978
SlotAv2_step3500,254,WDA_DebbieWassermanSchultz,hdtf_visomaster_teams,-0.011749226196926893
SlotAv2_step3500,255,WDA_EricSwalwell,hdtf_visomaster_teams,0.0009709877598592671
SlotAv2_step3500,256,WDA_JohnSarbanes1,hdtf_visomaster_teams,-0.005113893181661633
SlotAv2_step3500,257,WRA_CarlyFiorina0,hdtf_visomaster_teams,0.0007885275839256342
SlotAv2_step3500,258,WRA_JebHensarling2,hdtf_visomaster_teams,-0.001576245607281845
SlotAv2_step3500,259,WRA_JoeHeck1,hdtf_visomaster_teams,0.0005696470662114282
SlotAv2_step3500,260,WRA_LamarAlexander0,hdtf_visomaster_teams,0.002164862151354017
SlotAv2_step3500,261,WRA_NanHayworth,hdtf_visomaster_teams,-0.00932325299843689
SlotAv2_step3500,262,WRA_RichardShelby,hdtf_visomaster_teams,0.06845532320322395
SlotAv2_step3500,263,RD_Radio33,hdtf_visomaster_teams,0.016621246914627703
SlotAv2_step3500,264,RD_Radio36,hdtf_visomaster_teams,0.011209008504078573
SlotAv2_step3500,265,RD_Radio53,hdtf_visomaster_teams,0.0032535054252752294
SlotAv2_step3500,266,WDA_DebbieStabenow1,hdtf_visomaster_teams,0.007505467527658301
SlotAv2_step3500,267,WDA_JonTester1,hdtf_visomaster_teams,0.029081093948831238
SlotAv2_step3500,268,WDA_KatieHill,hdtf_visomaster_teams,-0.014037494639401965
SlotAv2_step3500,269,WDA_MikeThompson0,hdtf_visomaster_teams,0.032049191812590284
SlotAv2_step3500,270,WDA_ScottPeters0,hdtf_visomaster_teams,0.018870030392850495
SlotAv2_step3500,271,WRA_GregWalden,hdtf_visomaster_teams,0.07675042276654198
SlotAv2_step3500,272,WRA_JebHensarling0,hdtf_visomaster_teams,0.009431364306856541
SlotAv2_step3500,273,WRA_MikeEnzi,hdtf_visomaster_teams,0.0927101354849066
SlotAv2_step3500,274,WRA_PatRoberts,hdtf_visomaster_teams,0.04296072137583572
SlotAv2_step3500,275,WRA_PeterRoskam0,hdtf_visomaster_teams,-0.004765920232925142
SlotAv2_step3500,276,RD_Radio29,hdtf_visomaster_teams,0.0016852099103975915
SlotAv2_step3500,277,RD_Radio57,hdtf_visomaster_teams,-0.014171595776631754
SlotAv2_step3500,278,WDA_BernieSanders,hdtf_visomaster_teams,-0.005300461125832826
SlotAv2_step3500,279,WDA_BillRichardson,hdtf_visomaster_teams,0.0030137424366657862
SlotAv2_step3500,280,WDA_JoeKennedy,hdtf_visomaster_teams,0.021568253138788337
SlotAv2_step3500,281,WDA_KirstenGillibrand,hdtf_visomaster_teams,-0.026661531921174195
SlotAv2_step3500,282,WDA_LucyMcBath,hdtf_visomaster_teams,-0.013186083826523629
SlotAv2_step3500,283,WDA_StenyHoyer,hdtf_visomaster_teams,0.04511055839121913
SlotAv2_step3500,284,WDA_ZoeLofgren,hdtf_visomaster_teams,1.4872877476519697e-05
SlotAv2_step3500,286,WRA_DebFischer0,hdtf_visomaster_teams,0.0420946089059817
SlotAv2_step3500,287,WRA_ErikPaulsen,hdtf_visomaster_teams,0.014260691705637662
SlotAv2_step3500,288,WRA_JoniErnst1,hdtf_visomaster_teams,0.015996594701461975
SlotAv2_step3500,289,WRA_KevinBrady,hdtf_visomaster_teams,-0.0021347300088297052
SlotAv2_step3500,290,RD_Radio26,hdtf_visomaster_teams,0.012601276524435488
SlotAv2_step3500,291,RD_Radio9,hdtf_visomaster_teams,0.07398434314283858
SlotAv2_step3500,292,WDA_DonaldMcEachin,hdtf_visomaster_teams,0.02023424930057513
SlotAv2_step3500,293,WDA_DonnaShalala1,hdtf_visomaster_teams,0.0016782657115248334
SlotAv2_step3500,294,WDA_EdMarkey0,hdtf_visomaster_teams,0.041214496078967086
SlotAv2_step3500,295,WDA_GerryConnolly,hdtf_visomaster_teams,-0.0005801179632911407
SlotAv2_step3500,296,WDA_MichelleObama,hdtf_visomaster_teams,0.004651712105199293
SlotAv2_step3500,297,WRA_AllenWest,hdtf_visomaster_teams,-0.020784361574504782
SlotAv2_step3500,298,WRA_DanSullivan,hdtf_visomaster_teams,0.05355944226300884
SlotAv2_step3500,299,RD_Radio48,hdtf_visomaster_teams,-0.025017496629554933
SlotAv2_step3500,300,WDA_EliotEngel,hdtf_visomaster_teams,0.026612324783345694
SlotAv2_step3500,301,WDA_FrankPallone1,hdtf_visomaster_teams,0.0030267524954934403
SlotAv2_step3500,302,WDA_NancyPelosi0,hdtf_visomaster_teams,0.00684041323764288
SlotAv2_step3500,303,WDA_TerriSewell0,hdtf_visomaster_teams,0.004355922646263313
SlotAv2_step3500,304,WRA_CarlyFiorina,hdtf_visomaster_teams,0.005496969433470273
SlotAv2_step3500,305,WRA_CoryGardner,hdtf_visomaster_teams,0.04887677864980354
SlotAv2_step3500,306,WRA_DavidVitter,hdtf_visomaster_teams,0.026129581733086715
SlotAv2_step3500,307,WRA_JoniErnst0,hdtf_visomaster_teams,0.001405542169694784
SlotAv2_step3500,308,WRA_MarshaBlackburn0,hdtf_visomaster_teams,-0.009956408963334065
SlotAv2_step3500,309,RD_Radio1,hdtf_visomaster_teams,0.016697075951416097
SlotAv2_step3500,310,RD_Radio11,hdtf_visomaster_teams,0.03244718614172251
SlotAv2_step3500,311,RD_Radio22,hdtf_visomaster_teams,0.00014457129612658465
SlotAv2_step3500,312,RD_Radio37,hdtf_visomaster_teams,-0.0024457397938220564
SlotAv2_step3500,313,RD_Radio4,hdtf_visomaster_teams,-0.008355258001709928
SlotAv2_step3500,314,RD_Radio41,hdtf_visomaster_teams,-0.006128015143691944
SlotAv2_step3500,315,RD_Radio42,hdtf_visomaster_teams,0.040857563819179835
SlotAv2_step3500,316,RD_Radio43,hdtf_visomaster_teams,0.09374975673447129
SlotAv2_step3500,317,RD_Radio50,hdtf_visomaster_teams,0.005518399586187216
SlotAv2_step3500,318,RD_Radio57,hdtf_visomaster_teams,-0.01885094050534193
SlotAv2_step3500,319,RD_Radio7,hdtf_visomaster_teams,0.06435205123156035
SlotAv2_step3500,320,WDA_AnnieKuster,hdtf_visomaster_teams,0.06167234229742416
SlotAv2_step3500,321,WDA_BernieSanders,hdtf_visomaster_teams,0.007978537705043035
SlotAv2_step3500,322,WDA_BettyMcCollum,hdtf_visomaster_teams,0.005179156707423848
SlotAv2_step3500,323,WDA_BillRichardson,hdtf_visomaster_teams,0.002920570858947962
SlotAv2_step3500,324,WDA_BobMenendez,hdtf_visomaster_teams,0.05879680254453757
SlotAv2_step3500,325,WDA_BradSchneider,hdtf_visomaster_teams,0.03520131911424536
SlotAv2_step3500,326,WDA_BrendaLawrence,hdtf_visomaster_teams,0.007579586090662573
SlotAv2_step3500,327,WDA_BrianSchatz2,hdtf_visomaster_teams,0.00914856108004402
SlotAv2_step3500,328,WDA_ByronDorgan1,hdtf_visomaster_teams,0.02037006590116144
SlotAv2_step3500,329,WDA_DianaDeGette0,hdtf_visomaster_teams,-0.008255626219554288
SlotAv2_step3500,330,WDA_JoeNeguse,hdtf_visomaster_teams,0.016661615651944704
SlotAv2_step3500,331,WDA_KarenBass,hdtf_visomaster_teams,-0.008420667708411912
SlotAv2_step3500,332,WDA_LaurenUnderwood,hdtf_visomaster_teams,-0.01262727446481238
SlotAv2_step3500,333,WDA_LloydDoggett1,hdtf_visomaster_teams,-0.004359800811172246
SlotAv2_step3500,334,WDA_MartinHeinrich,hdtf_visomaster_teams,0.06265594868510188
SlotAv2_step3500,335,WDA_SheldonWhitehouse0,hdtf_visomaster_teams,0.014409030298221076
SlotAv2_step3500,336,WDA_SherrodBrown1,hdtf_visomaster_teams,0.003593161282441864
SlotAv2_step3500,337,WDA_TomPerez,hdtf_visomaster_teams,0.01975549582212522
SlotAv2_step3500,338,WRA_CoryGardner0,hdtf_visomaster_teams,0.03937350148609644
SlotAv2_step3500,339,WRA_DanNewhouse,hdtf_visomaster_teams,-0.012497203630009987
SlotAv2_step3500,340,WRA_JohnBarrasso0,hdtf_visomaster_teams,0.013006627400774712
SlotAv2_step3500,341,WRA_JohnThune,hdtf_visomaster_teams,0.021737986008862835
SlotAv2_step3500,342,WRA_MikeJohanns1,hdtf_visomaster_teams,0.027698218549261588
SlotAv2_step3500,343,WRA_MitchDaniels1,hdtf_visomaster_teams,0.006013935920123559
SlotAv2_step3500,344,WRA_RoyBlunt,hdtf_visomaster_teams,0.017833099092351527
SlotAv2_step3500,345,WRA_SamBrownback,hdtf_visomaster_teams,-0.0010260391047982233
SlotAv2_step3500,346,WRA_SaxbyChambliss,hdtf_visomaster_teams,0.009467091994854775
SlotAv2_step3500,347,RD_Radio49,hdtf_visomaster_teams,-0.004391436276054871
SlotAv2_step3500,348,WDA_MazieHirono0,hdtf_visomaster_teams,0.002602854153856903
SlotAv2_step3500,349,WDA_PatrickLeahy1,hdtf_visomaster_teams,0.0156585861529017
SlotAv2_step3500,350,WDA_PeterDeFazio,hdtf_visomaster_teams,0.003091394181870887
SlotAv2_step3500,351,WDA_RichardNeal1,hdtf_visomaster_teams,0.01864350271410583
SlotAv2_step3500,352,WDA_TammyBaldwin1,hdtf_visomaster_teams,0.015311860100337657
SlotAv2_step3500,353,WRA_AustinScott0,hdtf_visomaster_teams,0.029914132461500736
SlotAv2_step3500,354,WRA_JebHensarling0,hdtf_visomaster_teams,0.07152307398723118
SlotAv2_step3500,355,WRA_JebHensarling1,hdtf_visomaster_teams,0.03919677901265099
SlotAv2_step3500,356,WRA_JohnKasich1,hdtf_visomaster_teams,0.005345815402137974
SlotAv2_step3500,357,WRA_KevinMcCarthy0,hdtf_visomaster_teams,0.005736741851640117
SlotAv2_step3500,358,WRA_PeteHoekstra,hdtf_visomaster_teams,0.005040211393377481
SlotAv2_step3500,359,WRA_VickyHartzler,hdtf_visomaster_teams,0.018757391552244113
SlotAv2_step3500,360,RD_Radio16,hdtf_visomaster_teams,0.02756668189708001
SlotAv2_step3500,361,RD_Radio48,hdtf_visomaster_teams,0.02625934073110659
SlotAv2_step3500,362,RD_Radio51,hdtf_visomaster_teams,0.012635882893705545
SlotAv2_step3500,363,WDA_BarbaraLee0,hdtf_visomaster_teams,-0.0001225674355709739
SlotAv2_step3500,364,WDA_BenRayLujn,hdtf_visomaster_teams,0.004999607873602818
SlotAv2_step3500,365,WDA_ChuckSchumer0,hdtf_visomaster_teams,0.05555224537142058
SlotAv2_step3500,366,WDA_TammyDuckworth,hdtf_visomaster_teams,9.461222018205401e-05
SlotAv2_step3500,367,WDA_TedDeutch,hdtf_visomaster_teams,-0.006729764473331795
SlotAv2_step3500,368,WDA_TerriSewell0,hdtf_visomaster_teams,0.021703819996455407
SlotAv2_step3500,369,WRA_AdamKinzinger1,hdtf_visomaster_teams,0.014169503604105821
SlotAv2_step3500,370,WRA_JohnKasich3,hdtf_visomaster_teams,0.0017615040210376145
SlotAv2_step3500,371,WRA_JoniErnst0,hdtf_visomaster_teams,0.005530406847874423
SlotAv2_step3500,372,WRA_KayBaileyHutchison,hdtf_visomaster_teams,0.01324505382820023
SlotAv2_step3500,373,WRA_MitchDaniels0,hdtf_visomaster_teams,0.017012359458491107
SlotAv2_step3500,374,RD_Radio33,hdtf_visomaster_teams,0.047067212088734364
SlotAv2_step3500,375,WDA_BobCasey0,hdtf_visomaster_teams,0.022282890673314657
SlotAv2_step3500,376,WDA_DebbieStabenow0,hdtf_visomaster_teams,0.006059804206971235
SlotAv2_step3500,377,WDA_JanSchakowsky0,hdtf_visomaster_teams,-0.01630562485509324
SlotAv2_step3500,378,WDA_JoeManchin,hdtf_visomaster_teams,0.06765687909854026
SlotAv2_step3500,379,WDA_ScottPeters0,hdtf_visomaster_teams,0.021622033970846687
SlotAv2_step3500,380,WDA_SheldonWhitehouse1,hdtf_visomaster_teams,-0.004680580709815207
SlotAv2_step3500,381,WDA_WhipJimClyburn,hdtf_visomaster_teams,0.008997031986660424
SlotAv2_step3500,382,WRA_GregWalden,hdtf_visomaster_teams,0.07183056064183145
SlotAv2_step3500,383,WRA_PatRoberts,hdtf_visomaster_teams,0.027440667451151403
SlotAv2_step3500,384,WRA_PeterRoskam0,hdtf_visomaster_teams,0.011758967928958145
SlotAv2_step3500,385,WRA_SteveDaines0,hdtf_visomaster_teams,0.009214875836657501
SlotAv2_step3500,386,RD_Radio31,hdtf_visomaster_teams,-0.003951942827288878
SlotAv2_step3500,387,RD_Radio59,hdtf_visomaster_teams,0.04839941760407213
SlotAv2_step3500,388,RD_Radio8,hdtf_visomaster_teams,-0.005455394027985484
SlotAv2_step3500,389,WDA_BarbaraLee1,hdtf_visomaster_teams,0.009450837979120164
SlotAv2_step3500,390,WDA_CedricRichmond,hdtf_visomaster_teams,-0.012615685279198804
SlotAv2_step3500,391,WDA_ChrisCoons,hdtf_visomaster_teams,0.019172141645594824
SlotAv2_step3500,392,WDA_ChrisMurphy1,hdtf_visomaster_teams,0.024044748632068944
SlotAv2_step3500,393,WDA_ElijahCummings,hdtf_visomaster_teams,0.0038496157990190166
SlotAv2_step3500,394,WDA_RichardBlumenthal,hdtf_visomaster_teams,0.03052812287557618
SlotAv2_step3500,395,WDA_ScottPeters1,hdtf_visomaster_teams,0.02395279962585578
SlotAv2_step3500,396,WDA_TomUdall,hdtf_visomaster_teams,0.03037809568625973
SlotAv2_step3500,397,WRA_CandiceMiller0,hdtf_visomaster_teams,-0.015131440084389972
SlotAv2_step3500,398,WRA_NanHayworth,hdtf_visomaster_teams,0.0030446602684777698
SlotAv2_step3500,399,WDA_AmyKlobuchar1,hdtf_visomaster_teams,0.012955646893088493
SlotAv2_step3500,400,WDA_BobCasey1,hdtf_visomaster_teams,0.011871094382025684
SlotAv2_step3500,401,WDA_DebbieWassermanSchultz,hdtf_visomaster_teams,-0.01806529494541019
SlotAv2_step3500,402,WDA_JonTester1,hdtf_visomaster_teams,0.027085145413587728
SlotAv2_step3500,403,WDA_KatieHill,hdtf_visomaster_teams,-0.009635975053212393
SlotAv2_step3500,404,WDA_MarkWarner2,hdtf_visomaster_teams,0.006984850093591811
SlotAv2_step3500,405,WRA_AnnMarieBuerkle,hdtf_visomaster_teams,-0.00408228722783324
SlotAv2_step3500,406,WRA_AnnWagner,hdtf_visomaster_teams,-0.0016546616825065608
SlotAv2_step3500,407,WRA_CarlyFiorina0,hdtf_visomaster_teams,-0.007425638099666792
SlotAv2_step3500,408,WRA_DebFischer1,hdtf_visomaster_teams,0.007288401830541384
SlotAv2_step3500,409,WRA_JebHensarling2,hdtf_visomaster_teams,0.0024352215611791123
SlotAv2_step3500,410,WRA_LamarAlexander0,hdtf_visomaster_teams,-0.0009731613313913913
SlotAv2_step3500,411,RD_Radio14,hdtf_visomaster_teams,-0.007268630681098443
SlotAv2_step3500,412,RD_Radio27,hdtf_visomaster_teams,-0.025025223797155816
SlotAv2_step3500,413,RD_Radio38,hdtf_visomaster_teams,0.043537594303971236
SlotAv2_step3500,414,WDA_BrianSchatz0,hdtf_visomaster_teams,0.0491113950918269
SlotAv2_step3500,415,WDA_EliotEngel,hdtf_visomaster_teams,-0.007943355474298468
SlotAv2_step3500,416,WDA_JoeDonnelly,hdtf_visomaster_teams,0.03990295074916602
SlotAv2_step3500,417,WDA_KimSchrier,hdtf_visomaster_teams,0.022205511549741434
SlotAv2_step3500,418,WDA_NancyPelosi0,hdtf_visomaster_teams,0.02954904680114788
SlotAv2_step3500,419,WDA_TinaSmith,hdtf_visomaster_teams,0.005550990350646861
SlotAv2_step3500,420,WRA_CoryGardner1,hdtf_visomaster_teams,0.07837896981678447
SlotAv2_step3500,421,WRA_JohnBarrasso1,hdtf_visomaster_teams,0.004023205469828935
SlotAv2_step3500,422,WRA_MarshaBlackburn0,hdtf_visomaster_teams,0.01022477436871717
SlotAv2_step3500,423,WRA_ReincePriebus,hdtf_visomaster_teams,0.01157002589027171
SlotAv2_step3500,424,RD_Radio17,hdtf_visomaster_teams,-0.0026794964470361143
SlotAv2_step3500,425,RD_Radio2,hdtf_visomaster_teams,0.00955390108896273
SlotAv2_step3500,426,RD_Radio47,hdtf_visomaster_teams,-0.01741409666225153
SlotAv2_step3500,427,RD_Radio5,hdtf_visomaster_teams,-0.008175440278984375
SlotAv2_step3500,428,WDA_DonnaShalala1,hdtf_visomaster_teams,-0.006017017406222608
SlotAv2_step3500,429,WDA_HillaryClinton,hdtf_visomaster_teams,-0.00980015680210935
SlotAv2_step3500,430,WDA_LucilleRoybal-Allard,hdtf_visomaster_teams,0.0010825651773664728
SlotAv2_step3500,431,WRA_KevinBrady2,hdtf_visomaster_teams,0.03014730145723047
SlotAv2_step3500,432,WRA_MarkwayneMullin,hdtf_visomaster_teams,0.00407832579160736
SlotAv2_step3500,433,WRA_MichaelSteele,hdtf_visomaster_teams,0.009938003142614652
SlotAv2_step3500,434,WRA_PeterRoskam1,hdtf_visomaster_teams,0.05573791913096534
SlotAv2_step3500,435,WRA_TomPrice,hdtf_visomaster_teams,-0.001700434309391121
SlotAv2_step3500,436,RD_Radio12,hdtf_visomaster_teams,0.019852076614717357
SlotAv2_step3500,437,RD_Radio3,hdtf_visomaster_teams,0.0010443081562790976
SlotAv2_step3500,438,RD_Radio32,hdtf_visomaster_teams,0.046160000862379355
SlotAv2_step3500,439,RD_Radio40,hdtf_visomaster_teams,-0.007286627288038705
SlotAv2_step3500,440,RD_Radio41,hdtf_visomaster_teams,-0.019338866958686442
SlotAv2_step3500,441,RD_Radio54,hdtf_visomaster_teams,0.03605355099382423
SlotAv2_step3500,442,WDA_AmyKlobuchar0,hdtf_visomaster_teams,0.0012195922318331332
SlotAv2_step3500,443,WDA_BarackObama,hdtf_visomaster_teams,0.009031866858040864
SlotAv2_step3500,444,WDA_BrendaLawrence,hdtf_visomaster_teams,-0.014060670765078455
SlotAv2_step3500,445,WDA_ChrisVanHollen0,hdtf_visomaster_teams,-0.008323089872443859
SlotAv2_step3500,446,WDA_DebbieDingell0,hdtf_visomaster_teams,0.032994248821038484
SlotAv2_step3500,447,WDA_DougJones,hdtf_visomaster_teams,0.004975386246255943
SlotAv2_step3500,448,WDA_EdMarkey1,hdtf_visomaster_teams,0.000507873784843042
SlotAv2_step3500,449,WDA_EmanuelCleaver,hdtf_visomaster_teams,0.0020533231713157005
SlotAv2_step3500,450,WDA_JackReed1,hdtf_visomaster_teams,0.008146724924090703
SlotAv2_step3500,451,WDA_JackyRosen1,hdtf_visomaster_teams,-0.020422215965965586
SlotAv2_step3500,452,WDA_JanSchakowsky1,hdtf_visomaster_teams,-0.01919800500020837
SlotAv2_step3500,453,WDA_JeanneShaheen1,hdtf_visomaster_teams,0.015405044606998555
SlotAv2_step3500,454,WDA_JohnSarbanes0,hdtf_visomaster_teams,-0.016170436970737036
SlotAv2_step3500,455,WDA_JohnYarmuth1,hdtf_visomaster_teams,0.009452286158426141
SlotAv2_step3500,456,WDA_LloydDoggett1,hdtf_visomaster_teams,0.010327298142129659
SlotAv2_step3500,457,WDA_MarciaFudge,hdtf_visomaster_teams,0.005896377433095073
SlotAv2_step3500,458,WDA_MikeDoyle,hdtf_visomaster_teams,0.017849073674002694
SlotAv2_step3500,459,WDA_RonWyden0,hdtf_visomaster_teams,0.008530883920777728
SlotAv2_step3500,460,WDA_TerriSewell,hdtf_visomaster_teams,-0.0072274565431872315
SlotAv2_step3500,461,WDA_VeronicaEscobar1,hdtf_visomaster_teams,-0.0165345770376545
SlotAv2_step3500,462,WRA_BobCorker,hdtf_visomaster_teams,-0.007078692980897059
SlotAv2_step3500,463,WRA_BobGoodlatte0,hdtf_visomaster_teams,0.0013606109372908542
SlotAv2_step3500,464,WRA_BobbySchilling,hdtf_visomaster_teams,0.0941254614514493
SlotAv2_step3500,465,WRA_CathyMcMorrisRodgers0,hdtf_visomaster_teams,0.06084582869026205
SlotAv2_step3500,466,WRA_EricCantor,hdtf_visomaster_teams,0.01219335629872553
SlotAv2_step3500,467,WRA_FredUpton,hdtf_visomaster_teams,0.0019837579646965467
SlotAv2_step3500,468,WRA_JimInhofe,hdtf_visomaster_teams,0.03209823144107614
SlotAv2_step3500,469,WRA_JohnBoehner1,hdtf_visomaster_teams,-0.001631654159172392
SlotAv2_step3500,470,WRA_JonKyl,hdtf_visomaster_teams,0.013367999266624124
SlotAv2_step3500,471,WRA_JuddGregg,hdtf_visomaster_teams,0.0006769846190292222
SlotAv2_step3500,472,WRA_KellyAyotte,hdtf_visomaster_teams,0.004450169360287856
SlotAv2_step3500,473,WRA_LynnJenkins,hdtf_visomaster_teams,0.0042273114212275495
SlotAv2_step3500,474,WRA_RoyBlunt,hdtf_visomaster_teams,-0.002327760983756084
SlotAv2_step3500,475,WRA_ShelleyMooreCapito0,hdtf_visomaster_teams,0.004170216412139375
SlotAv2_step3500,476,WRA_TomCotton,hdtf_visomaster_teams,0.01403604106102405
SlotAv2_step3500,477,RD_Radio11,hdtf_visomaster_teams,-0.005613770970351256
SlotAv2_step3500,478,RD_Radio17,hdtf_visomaster_teams,-0.006464096711370027
SlotAv2_step3500,479,RD_Radio22,hdtf_visomaster_teams,0.013179989395326887
SlotAv2_step3500,480,RD_Radio47,hdtf_visomaster_teams,0.016354423600774236
SlotAv2_step3500,481,WDA_AnnieKuster,hdtf_visomaster_teams,0.028248435374914817
SlotAv2_step3500,482,WDA_DebHaaland,hdtf_visomaster_teams,0.008348335742671749
SlotAv2_step3500,483,WDA_LucilleRoybal-Allard,hdtf_visomaster_teams,0.0005724254787500254
SlotAv2_step3500,484,WDA_SuzanDelBene,hdtf_visomaster_teams,-0.014401123097449581
SlotAv2_step3500,485,WDA_TomPerez,hdtf_visomaster_teams,0.05692838472611185
SlotAv2_step3500,486,WRA_CathyMcMorrisRodgers2,hdtf_visomaster_teams,-0.0039226465988543395
SlotAv2_step3500,487,WRA_JeffFlake,hdtf_visomaster_teams,0.05053792500549934
SlotAv2_step3500,488,WRA_KevinBrady2,hdtf_visomaster_teams,-0.002661286939966799
SlotAv2_step3500,489,WRA_PeterRoskam1,hdtf_visomaster_teams,0.0379267316621288
SlotAv2_step3500,490,WRA_SaxbyChambliss,hdtf_visomaster_teams,0.029489475291570293
SlotAv2_step3500,491,WRA_SteveScalise1,hdtf_visomaster_teams,0.0022012228516701893
SlotAv2_step3500,492,RD_Radio14,hdtf_visomaster_teams,0.0234429464644922
SlotAv2_step3500,493,RD_Radio27,hdtf_visomaster_teams,-0.0035353998760524843
SlotAv2_step3500,494,WDA_AlexandriaOcasioCortez,hdtf_visomaster_teams,0.026973339021169277
SlotAv2_step3500,495,WDA_JoeDonnelly,hdtf_visomaster_teams,0.007856822647295196
SlotAv2_step3500,496,WDA_LisaBluntRochester,hdtf_visomaster_teams,0.08356901431189617
SlotAv2_step3500,497,WDA_MichaelBennet,hdtf_visomaster_teams,-0.002627063770178586
SlotAv2_step3500,498,WDA_PatrickLeahy1,hdtf_visomaster_teams,0.01464635791690936
SlotAv2_step3500,499,WDA_TedLieu,hdtf_visomaster_teams,0.023042806178541583
SlotAv2_step3500,500,WRA_AustinScott0,hdtf_visomaster_teams,0.01805292120200621
SlotAv2_step3500,501,WRA_JohnBarrasso1,hdtf_visomaster_teams,0.00553435921753407
SlotAv2_step3500,502,WRA_ReincePriebus,hdtf_visomaster_teams,0.035804550367669816
SlotAv2_step3500,503,WRA_RogerWicker0,hdtf_visomaster_teams,0.005241605197614799
SlotAv2_step3500,504,WRA_ShelleyMooreCapito1,hdtf_visomaster_teams,0.008612031212596351
SlotAv2_step3500,505,RD_Radio59,hdtf_visomaster_teams,-0.005140701688107433
SlotAv2_step3500,506,RD_Radio8,hdtf_visomaster_teams,-0.015676239985496155
SlotAv2_step3500,507,WDA_BarbaraLee0,hdtf_visomaster_teams,-0.009520869998748736
SlotAv2_step3500,508,WDA_BenRayLujn,hdtf_visomaster_teams,0.016113708972783438
SlotAv2_step3500,509,WDA_ChrisMurphy1,hdtf_visomaster_teams,0.0020106604338338187
SlotAv2_step3500,510,WDA_MazieHirono0,hdtf_visomaster_teams,-0.010748736701745193
SlotAv2_step3500,511,WDA_RichardNeal1,hdtf_visomaster_teams,0.018361695238649885
SlotAv2_step3500,512,WDA_TomUdall,hdtf_visomaster_teams,0.012594693584061236
SlotAv2_step3500,513,WRA_AdamKinzinger1,hdtf_visomaster_teams,-0.004671006855572668
SlotAv2_step3500,514,WRA_JebHensarling1,hdtf_visomaster_teams,-0.00585377024361822
SlotAv2_step3500,515,WRA_KayBaileyHutchison,hdtf_visomaster_teams,0.006853864176140613
SlotAv2_step3500,516,WRA_KristiNoem1,hdtf_visomaster_teams,-0.008177675857476889
SlotAv2_step3500,517,RD_Radio1,hdtf_visomaster_teams,0.01928277780599195
SlotAv2_step3500,518,RD_Radio4,hdtf_visomaster_teams,-0.0035049326806505265
SlotAv2_step3500,519,WDA_BobMenendez,hdtf_visomaster_teams,0.05461788066390659
SlotAv2_step3500,520,WDA_ByronDorgan1,hdtf_visomaster_teams,0.034007619317151475
SlotAv2_step3500,521,WDA_HakeemJeffries,hdtf_visomaster_teams,0.08861503931160582
SlotAv2_step3500,522,WDA_HenryWaxman,hdtf_visomaster_teams,0.016646740654621146
SlotAv2_step3500,523,WDA_PattyMurray1,hdtf_visomaster_teams,0.00926450153015234
SlotAv2_step3500,524,WDA_SherrodBrown1,hdtf_visomaster_teams,0.006400655576401774
SlotAv2_step3500,525,WRA_GeoffDavis,hdtf_visomaster_teams,0.08040513609269268
SlotAv2_step3500,526,WRA_MitchDaniels1,hdtf_visomaster_teams,0.0022555710861795406
SlotAv2_step3500,527,WRA_SamBrownback,hdtf_visomaster_teams,-0.008412818606038493
SlotAv2_step3500,528,RD_Radio19,hdtf_visomaster_teams,-0.018068835808638425
SlotAv2_step3500,529,RD_Radio52,hdtf_visomaster_teams,0.008979284850038457
SlotAv2_step3500,530,WDA_DebbieStabenow0,hdtf_visomaster_teams,-0.0057035501825292625
SlotAv2_step3500,531,WDA_DianneFeinstein,hdtf_visomaster_teams,0.011000759664176133
SlotAv2_step3500,532,WDA_FrankPallone0,hdtf_visomaster_teams,0.05258275671775274
SlotAv2_step3500,533,WDA_JanSchakowsky0,hdtf_visomaster_teams,-0.002783973576250624
SlotAv2_step3500,534,WDA_JimmyGomez,hdtf_visomaster_teams,-0.01539372282795366
SlotAv2_step3500,535,WDA_NancyPelosi1,hdtf_visomaster_teams,-0.018988227757341443
SlotAv2_step3500,536,WDA_WhipJimClyburn,hdtf_visomaster_teams,0.0009713720648544784
SlotAv2_step3500,537,WRA_JohnBoozman,hdtf_visomaster_teams,0.02002812726057338
SlotAv2_step3500,538,WRA_MikeJohanns,hdtf_visomaster_teams,0.036552361802421274
SlotAv2_step3500,539,RD_Radio43,hdtf_visomaster_teams,0.09216161905273472
SlotAv2_step3500,540,RD_Radio57,hdtf_visomaster_teams,-0.006474285180995153
SlotAv2_step3500,541,RD_Radio7,hdtf_visomaster_teams,0.038989359310044464
SlotAv2_step3500,542,WDA_BernieSanders,hdtf_visomaster_teams,0.0009179627344191067
SlotAv2_step3500,543,WDA_BettyMcCollum,hdtf_visomaster_teams,-0.007694832690968396
SlotAv2_step3500,544,WDA_BillRichardson,hdtf_visomaster_teams,0.004757366177432944
SlotAv2_step3500,545,WDA_DianaDeGette0,hdtf_visomaster_teams,-0.008612018827234485
SlotAv2_step3500,546,WDA_JoeNeguse,hdtf_visomaster_teams,-0.0006062530493165805
SlotAv2_step3500,547,WRA_CathyMcMorrisRodgers1,hdtf_visomaster_teams,0.005377950994375231
SlotAv2_step3500,548,WRA_JohnBarrasso0,hdtf_visomaster_teams,0.026618794882802502
SlotAv2_step3500,549,WRA_JohnBoehner0,hdtf_visomaster_teams,-0.00043019450532876067
SlotAv2_step3500,550,WRA_KevinBrady3,hdtf_visomaster_teams,-0.006055172702315313
SlotAv2_step3500,551,RD_Radio31,hdtf_visomaster_teams,-0.004270860836338023
SlotAv2_step3500,552,WDA_BobCasey0,hdtf_visomaster_teams,0.0065745111058033165
SlotAv2_step3500,553,WDA_JoeManchin,hdtf_visomaster_teams,0.03915509135727425
SlotAv2_step3500,554,WDA_KathyCastor,hdtf_visomaster_teams,0.012542558389445365
SlotAv2_step3500,555,WDA_KathyCastor1,hdtf_visomaster_teams,-0.0019658072600343265
SlotAv2_step3500,556,WDA_MartinHeinrich,hdtf_visomaster_teams,0.08082504976596853
SlotAv2_step3500,557,WDA_RichardBlumenthal,hdtf_visomaster_teams,0.021445682338259366
SlotAv2_step3500,558,WDA_SheldonWhitehouse0,hdtf_visomaster_teams,0.00890294672279236
SlotAv2_step3500,559,WRA_CandiceMiller0,hdtf_visomaster_teams,-0.026257648934095386
SlotAv2_step3500,560,WRA_CoryGardner0,hdtf_visomaster_teams,0.018833484787643406
SlotAv2_step3500,561,WRA_DanNewhouse,hdtf_visomaster_teams,0.007302506847061345
SlotAv2_step3500,562,WRA_MikeJohanns1,hdtf_visomaster_teams,0.008803412750024966
SlotAv2_step3500,563,WRA_SteveDaines0,hdtf_visomaster_teams,-0.007281531378895234
SlotAv2_step3500,564,RD_Radio10,hdtf_visomaster_teams,-0.007852027054269194
SlotAv2_step3500,565,RD_Radio19,hdtf_visomaster_teams,-0.014230036827386633
SlotAv2_step3500,566,RD_Radio20,hdtf_visomaster_teams,0.022594495210710715
SlotAv2_step3500,567,RD_Radio37,hdtf_visomaster_teams,-0.015165816777249208
SlotAv2_step3500,568,RD_Radio9,hdtf_visomaster_teams,0.05955620469787576
SlotAv2_step3500,569,WDA_BenCardin1,hdtf_visomaster_teams,0.016448638472182878
SlotAv2_step3500,570,WDA_ChrisVanHollen1,hdtf_visomaster_teams,0.00602767579224912
SlotAv2_step3500,571,WDA_DianneFeinstein,hdtf_visomaster_teams,-0.012837928765668659
SlotAv2_step3500,572,WDA_EdMarkey0,hdtf_visomaster_teams,0.04693353937731255
SlotAv2_step3500,573,WDA_GerryConnolly,hdtf_visomaster_teams,0.005506664399443291
SlotAv2_step3500,574,WDA_JamesClyburn1,hdtf_visomaster_teams,0.0009722305022726589
SlotAv2_step3500,575,WDA_JeffMerkley1,hdtf_visomaster_teams,-0.0014767011387339171
SlotAv2_step3500,576,WDA_JerryNadler,hdtf_visomaster_teams,-0.0015331497694503072
SlotAv2_step3500,577,WDA_JimmyGomez,hdtf_visomaster_teams,-0.02042579565152417
SlotAv2_step3500,578,WDA_JoeCrowley1,hdtf_visomaster_teams,0.022706259598855725
SlotAv2_step3500,579,WDA_LloydDoggett1,hdtf_visomaster_teams,0.003777934077223686
SlotAv2_step3500,580,WDA_NitaLowey,hdtf_visomaster_teams,-0.012409642158323183
SlotAv2_step3500,581,WDA_NydiaVelzquez,hdtf_visomaster_teams,0.026190633901347043
SlotAv2_step3500,582,WDA_RonWyden1,hdtf_visomaster_teams,0.014740244760184736
SlotAv2_step3500,583,WDA_SeanPatrickMaloney,hdtf_visomaster_teams,0.011183322228777515
SlotAv2_step3500,584,WDA_SherrodBrown0,hdtf_visomaster_teams,-0.004837763074259455
SlotAv2_step3500,585,WDA_StephanieMurphy,hdtf_visomaster_teams,0.02046225441805288
SlotAv2_step3500,586,WDA_TammyBaldwin0,hdtf_visomaster_teams,0.024844551038984742
SlotAv2_step3500,587,WDA_TerriSewell,hdtf_visomaster_teams,-0.01585357825226821
SlotAv2_step3500,588,WDA_XavierBecerra,hdtf_visomaster_teams,0.002921267592252346
SlotAv2_step3500,589,WRA_AdamKinzinger2,hdtf_visomaster_teams,0.004188501998070344
SlotAv2_step3500,590,WRA_AustinScott2,hdtf_visomaster_teams,0.00866176492057525
SlotAv2_step3500,591,WRA_DaveCamp,hdtf_visomaster_teams,0.02307162734192906
SlotAv2_step3500,592,WRA_FredUpton,hdtf_visomaster_teams,-0.007244025615446289
SlotAv2_step3500,593,WRA_JohnBoehner0,hdtf_visomaster_teams,0.011152452433620678
SlotAv2_step3500,594,WRA_JohnnyIsakson,hdtf_visomaster_teams,0.03563581873449737
SlotAv2_step3500,595,WRA_KevinBrady3,hdtf_visomaster_teams,0.014537508249879347
SlotAv2_step3500,596,WRA_MikeJohanns,hdtf_visomaster_teams,-0.0025571703732370516
SlotAv2_step3500,597,WRA_MittRomney,hdtf_visomaster_teams,0.0336591022779334
SlotAv2_step3500,598,WRA_OlympiaSnowe,hdtf_visomaster_teams,-0.009174883436399588
SlotAv2_step3500,599,WRA_PaulRyan1,hdtf_visomaster_teams,-0.007293051081231278
SlotAv2_step3500,600,WRA_RandPaul1,hdtf_visomaster_teams,0.03367227651801571
SlotAv2_step3500,601,WRA_RandPaul2,hdtf_visomaster_teams,0.01682683056095825
SlotAv2_step3500,602,WRA_RichardShelby,hdtf_visomaster_teams,0.016107945396415295
SlotAv2_step3500,603,WRA_RoyBlunt,hdtf_visomaster_teams,0.012167709160919282
SlotAv2_step3500,604,WRA_ToddYoung,hdtf_visomaster_teams,0.005912095911760432
SlotAv2_step3500,605,RD_Radio3,hdtf_visomaster_teams,0.013119740905808351
SlotAv2_step3500,606,RD_Radio50,hdtf_visomaster_teams,-0.004979998559531654
SlotAv2_step3500,607,WDA_BrianSchatz2,hdtf_visomaster_teams,0.0006205903487163534
SlotAv2_step3500,608,WDA_JackReed1,hdtf_visomaster_teams,0.008947756690105434
SlotAv2_step3500,609,WDA_JackyRosen1,hdtf_visomaster_teams,-0.009232529109646944
SlotAv2_step3500,610,WDA_JeanneShaheen1,hdtf_visomaster_teams,0.0355941109755128
SlotAv2_step3500,611,WDA_JohnSarbanes0,hdtf_visomaster_teams,-0.015912010829391268
SlotAv2_step3500,612,WDA_KatherineClark,hdtf_visomaster_teams,-0.008437264413444955
SlotAv2_step3500,613,WDA_MartinHeinrich,hdtf_visomaster_teams,0.04827101958443838
SlotAv2_step3500,614,WDA_RonWyden0,hdtf_visomaster_teams,0.03438860266367965
SlotAv2_step3500,615,WDA_SheldonWhitehouse0,hdtf_visomaster_teams,0.01763427160382986
SlotAv2_step3500,616,WRA_DanNewhouse,hdtf_visomaster_teams,-0.009075255551629621
SlotAv2_step3500,617,WRA_JuddGregg,hdtf_visomaster_teams,0.02815705427817424
SlotAv2_step3500,618,WRA_MikeJohanns1,hdtf_visomaster_teams,0.022759434434358693
SlotAv2_step3500,619,RD_Radio11,hdtf_visomaster_teams,-0.02878024810901044
SlotAv2_step3500,620,RD_Radio18,hdtf_visomaster_teams,0.001831952063127456
SlotAv2_step3500,621,RD_Radio22,hdtf_visomaster_teams,0.0016095068197207751
SlotAv2_step3500,622,RD_Radio25,hdtf_visomaster_teams,0.04684202247192168
SlotAv2_step3500,623,RD_Radio54,hdtf_visomaster_teams,0.03839090062717544
SlotAv2_step3500,624,WDA_AnnieKuster,hdtf_visomaster_teams,0.08214819554222783
SlotAv2_step3500,625,WDA_EdMarkey1,hdtf_visomaster_teams,0.012661170320606863
SlotAv2_step3500,626,WDA_MikeDoyle,hdtf_visomaster_teams,0.020499665817551173
SlotAv2_step3500,627,WDA_TomCarper,hdtf_visomaster_teams,0.007856091634983381
SlotAv2_step3500,628,WDA_TomPerez,hdtf_visomaster_teams,0.029814082145716906
SlotAv2_step3500,629,WDA_VeronicaEscobar1,hdtf_visomaster_teams,-0.017731742010126592
SlotAv2_step3500,630,WRA_JimInhofe,hdtf_visomaster_teams,0.02361065545401543
SlotAv2_step3500,631,WRA_KristiNoem0,hdtf_visomaster_teams,-0.006210593038007068
SlotAv2_step3500,632,WRA_SaxbyChambliss,hdtf_visomaster_teams,0.005570385939676929
SlotAv2_step3500,633,RD_Radio32,hdtf_visomaster_teams,0.07497974205447565
SlotAv2_step3500,634,WDA_AlexandriaOcasioCortez,hdtf_visomaster_teams,0.03886763596802868
SlotAv2_step3500,635,WDA_DebHaaland,hdtf_visomaster_teams,-0.019758702543198572
SlotAv2_step3500,636,WDA_SuzanDelBene,hdtf_visomaster_teams,0.02107902469546972
SlotAv2_step3500,637,WDA_TedLieu,hdtf_visomaster_teams,-0.0006664152355370348
SlotAv2_step3500,638,WRA_AustinScott0,hdtf_visomaster_teams,0.034090333207242085
SlotAv2_step3500,639,WRA_BobCorker,hdtf_visomaster_teams,0.0007581487122230648
SlotAv2_step3500,640,WRA_CathyMcMorrisRodgers0,hdtf_visomaster_teams,0.0736572351027654
SlotAv2_step3500,641,WRA_CathyMcMorrisRodgers2,hdtf_visomaster_teams,0.01054330384563516
SlotAv2_step3500,642,WRA_JeffFlake,hdtf_visomaster_teams,0.05752905191813382
SlotAv2_step3500,643,WRA_LynnJenkins,hdtf_visomaster_teams,0.016567586153975324
SlotAv2_step3500,644,WRA_VickyHartzler,hdtf_visomaster_teams,0.027961429360285648
SlotAv2_step3500,645,RD_Radio16,hdtf_visomaster_teams,0.038819965821243044
SlotAv2_step3500,646,RD_Radio17,hdtf_visomaster_teams,0.0005513841213892132
SlotAv2_step3500,647,WDA_BarbaraLee0,hdtf_visomaster_teams,-0.00831112674057517
SlotAv2_step3500,648,WDA_BenRayLujn,hdtf_visomaster_teams,0.0062422740640444355
SlotAv2_step3500,649,WDA_BobCasey0,hdtf_visomaster_teams,0.005531927369058843
SlotAv2_step3500,650,WDA_DebbieStabenow0,hdtf_visomaster_teams,0.00963258030471914
SlotAv2_step3500,651,WDA_JanSchakowsky0,hdtf_visomaster_teams,-0.015447863812480474
SlotAv2_step3500,652,WDA_JoeManchin,hdtf_visomaster_teams,0.029991382678449783
SlotAv2_step3500,653,WDA_NancyPelosi1,hdtf_visomaster_teams,0.01578382504117224
SlotAv2_step3500,654,WDA_SheldonWhitehouse1,hdtf_visomaster_teams,-0.0028599853255540397
SlotAv2_step3500,655,WDA_WhipJimClyburn,hdtf_visomaster_teams,-0.0051608902677245955
SlotAv2_step3500,656,WRA_AdamKinzinger1,hdtf_visomaster_teams,0.01314467197569714
SlotAv2_step3500,657,WRA_SteveDaines0,hdtf_visomaster_teams,0.007147537098653074
SlotAv2_step3500,658,RD_Radio1,hdtf_visomaster_teams,-0.00477432773030763
SlotAv2_step3500,659,RD_Radio4,hdtf_visomaster_teams,-0.017183605181673355
SlotAv2_step3500,660,RD_Radio42,hdtf_visomaster_teams,0.06433392063157159
SlotAv2_step3500,661,WDA_AndyLevin,hdtf_visomaster_teams,0.06746378309038459
SlotAv2_step3500,662,WDA_BobMenendez,hdtf_visomaster_teams,0.043280871504743065
SlotAv2_step3500,663,WDA_BradSchneider,hdtf_visomaster_teams,0.030492049034368945
SlotAv2_step3500,664,WDA_ByronDorgan1,hdtf_visomaster_teams,0.02482223366453009
SlotAv2_step3500,665,WDA_SherrodBrown1,hdtf_visomaster_teams,0.02364959878603995
SlotAv2_step3500,666,WRA_AdamKinzinger0,hdtf_visomaster_teams,0.009799406218127452
SlotAv2_step3500,667,WRA_JohnThune,hdtf_visomaster_teams,0.038273159943873064
SlotAv2_step3500,668,WRA_LisaMurkowski0,hdtf_visomaster_teams,-0.006823827549300036
SlotAv2_step3500,669,WRA_MitchDaniels1,hdtf_visomaster_teams,0.006006606553207831
SlotAv2_step3500,670,WRA_SamBrownback,hdtf_visomaster_teams,0.017635094938676682
SlotAv2_step3500,671,WDA_BarackObama,hdtf_visomaster_teams,-0.015027052191971483
SlotAv2_step3500,672,WDA_DebbieStabenow1,hdtf_visomaster_teams,0.015548181440781393
SlotAv2_step3500,673,WDA_JanSchakowsky1,hdtf_visomaster_teams,-0.013303512927394128
SlotAv2_step3500,674,WDA_JonTester1,hdtf_visomaster_teams,0.03104051150347126
SlotAv2_step3500,675,WDA_KatieHill,hdtf_visomaster_teams,-0.014009646824078396
SlotAv2_step3500,676,WDA_RichardBlumenthal,hdtf_visomaster_teams,0.014323604703506552
SlotAv2_step3500,677,WRA_BobGoodlatte0,hdtf_visomaster_teams,0.0002959323569526567
SlotAv2_step3500,678,WRA_BobbySchilling,hdtf_visomaster_teams,0.07481330171445716
SlotAv2_step3500,679,WRA_CandiceMiller0,hdtf_visomaster_teams,-0.008046395718659486
SlotAv2_step3500,680,WRA_JohnBoehner1,hdtf_visomaster_teams,0.0043398897780967585
SlotAv2_step3500,681,WRA_KellyAyotte,hdtf_visomaster_teams,0.0020203184397048265
SlotAv2_step3500,682,RD_Radio38,hdtf_visomaster_teams,0.0008754453883053643
SlotAv2_step3500,683,RD_Radio40,hdtf_visomaster_teams,0.0482254133115882
SlotAv2_step3500,684,RD_Radio43,hdtf_visomaster_teams,0.08877380469041751
SlotAv2_step3500,685,RD_Radio7,hdtf_visomaster_teams,0.06841606720833061
SlotAv2_step3500,686,WDA_BettyMcCollum,hdtf_visomaster_teams,0.007544845284112143
SlotAv2_step3500,687,WDA_ChrisVanHollen0,hdtf_visomaster_teams,0.006539933448249573
SlotAv2_step3500,688,WDA_DianaDeGette0,hdtf_visomaster_teams,-0.00746545106917119
SlotAv2_step3500,689,WDA_DougJones,hdtf_visomaster_teams,0.01740063535001906
SlotAv2_step3500,690,WDA_JamesClyburn,hdtf_visomaster_teams,0.0010579410325649652
SlotAv2_step3500,691,WDA_JoeNeguse,hdtf_visomaster_teams,-0.004550315424725025
SlotAv2_step3500,692,WDA_JohnYarmuth1,hdtf_visomaster_teams,0.004655951532960233
SlotAv2_step3500,693,WDA_KimSchrier,hdtf_visomaster_teams,0.07489515152685942
SlotAv2_step3500,694,WRA_CoryGardner1,hdtf_visomaster_teams,0.08349053987968838
SlotAv2_step3500,695,RD_Radio13,hdtf_visomaster_teams,-0.012532011184530505
SlotAv2_step3500,696,RD_Radio18,hdtf_visomaster_teams,0.023551744061614283
SlotAv2_step3500,697,RD_Radio20,hdtf_visomaster_teams,0.011446469450118138
SlotAv2_step3500,698,RD_Radio23,hdtf_visomaster_teams,-0.012454186788568949
SlotAv2_step3500,699,RD_Radio25,hdtf_visomaster_teams,-0.01009456238809876
SlotAv2_step3500,700,RD_Radio28,hdtf_visomaster_teams,0.011582813434396155
SlotAv2_step3500,701,RD_Radio30,hdtf_visomaster_teams,0.0553951869116075
SlotAv2_step3500,702,RD_Radio34,hdtf_visomaster_teams,0.00528627846306084
SlotAv2_step3500,703,RD_Radio35,hdtf_visomaster_teams,0.11128319114519337
SlotAv2_step3500,704,WDA_BennieThompson1,hdtf_visomaster_teams,0.00530611353610283
SlotAv2_step3500,705,WDA_BillPascrell,hdtf_visomaster_teams,0.03950731188014594
SlotAv2_step3500,706,WDA_BrianSchatz1,hdtf_visomaster_teams,-0.0014994970596909282
SlotAv2_step3500,707,WDA_CarolynMaloney1,hdtf_visomaster_teams,-0.008920405423247539
SlotAv2_step3500,708,WDA_ChrisVanHollen1,hdtf_visomaster_teams,0.01584075793916111
SlotAv2_step3500,709,WDA_ChuckSchumer1,hdtf_visomaster_teams,0.00350744513045369
SlotAv2_step3500,710,WDA_ColinAllred,hdtf_visomaster_teams,-0.017226103498470875
SlotAv2_step3500,711,WDA_DianaDeGette1,hdtf_visomaster_teams,-0.006781130930948207
SlotAv2_step3500,712,WDA_HaleyStevens,hdtf_visomaster_teams,0.044671739109236136
SlotAv2_step3500,713,WDA_JeffMerkley1,hdtf_visomaster_teams,0.02755681502943424
SlotAv2_step3500,714,WDA_JoaquinCastro,hdtf_visomaster_teams,0.05429635499905011
SlotAv2_step3500,715,WDA_LloydDoggett0,hdtf_visomaster_teams,0.0018542588398069723
SlotAv2_step3500,716,WDA_LloydDoggett1,hdtf_visomaster_teams,0.0038189096924257145
SlotAv2_step3500,717,WDA_LucilleRoybal-Allard,hdtf_visomaster_teams,0.005197904098665663
SlotAv2_step3500,718,WDA_MattCartwright,hdtf_visomaster_teams,0.022436295396038607
SlotAv2_step3500,719,WDA_RichardNeal0,hdtf_visomaster_teams,0.005119072863948968
SlotAv2_step3500,720,WDA_RobinKelly,hdtf_visomaster_teams,0.015262221843227019
SlotAv2_step3500,721,WDA_RonWyden1,hdtf_visomaster_teams,0.033440852590052965
SlotAv2_step3500,722,WDA_TerriSewell,hdtf_visomaster_teams,-0.017051347295811446
SlotAv2_step3500,723,WDA_TomCarper,hdtf_visomaster_teams,0.005426751412276181
SlotAv2_step3500,724,WDA_VeronicaEscobar0,hdtf_visomaster_teams,-0.021711222318635384
SlotAv2_step3500,725,WRA_ChuckGrassley,hdtf_visomaster_teams,0.007300683847872097
SlotAv2_step3500,726,WRA_DebFischer2,hdtf_visomaster_teams,0.007629688666596402
SlotAv2_step3500,727,WRA_DuncanHunter,hdtf_visomaster_teams,0.020435264959657976
SlotAv2_step3500,728,WRA_FredUpton,hdtf_visomaster_teams,-0.002447999112543608
SlotAv2_step3500,729,WRA_KevinBrady2,hdtf_visomaster_teams,0.0010645633504405675
SlotAv2_step3500,730,WRA_KristiNoem0,hdtf_visomaster_teams,-0.0017352768035584676
SlotAv2_step3500,731,WRA_LamarAlexander,hdtf_visomaster_teams,-0.005180148731460546
SlotAv2_step3500,732,WRA_MikeCrapo,hdtf_visomaster_teams,0.01762963997972062
SlotAv2_step3500,733,WRA_PaulRyan0,hdtf_visomaster_teams,-0.0003083537549706042
SlotAv2_step3500,734,WRA_PeterRoskam1,hdtf_visomaster_teams,0.05502357785452894
SlotAv2_step3500,735,WRA_ReneeEllmers,hdtf_visomaster_teams,-0.0015344639784459556
SlotAv2_step3500,736,WRA_RoyBlunt,hdtf_visomaster_teams,0.01098725143338718
SlotAv2_step3500,737,WRA_SteveScalise1,hdtf_visomaster_teams,-0.0019705601798614613
SlotAv2_step3500,738,RD_Radio12,hdtf_visomaster_teams,0.008654468416772504
SlotAv2_step3500,739,RD_Radio43,hdtf_visomaster_teams,0.09079537373257988
SlotAv2_step3500,740,RD_Radio7,hdtf_visomaster_teams,0.042950349824943404
SlotAv2_step3500,741,WDA_AmyKlobuchar0,hdtf_visomaster_teams,0.012960913243709609
SlotAv2_step3500,742,WDA_BettyMcCollum,hdtf_visomaster_teams,-0.012092414848854514
SlotAv2_step3500,743,WDA_DianaDeGette0,hdtf_visomaster_teams,-0.0005083087176101309
SlotAv2_step3500,744,WDA_EmanuelCleaver,hdtf_visomaster_teams,0.006421059929477274
SlotAv2_step3500,745,WDA_JoeNeguse,hdtf_visomaster_teams,0.0044265869021256656
SlotAv2_step3500,746,WDA_NydiaVelzquez,hdtf_visomaster_teams,0.01819365506008479
SlotAv2_step3500,747,WRA_AdamKinzinger2,hdtf_visomaster_teams,-0.004231882362223922
SlotAv2_step3500,748,WRA_DaveCamp,hdtf_visomaster_teams,0.07674702311981688
SlotAv2_step3500,749,WRA_JohnBoehner0,hdtf_visomaster_teams,-0.0006964493210555307
SlotAv2_step3500,750,WRA_KevinBrady3,hdtf_visomaster_teams,0.01908270253588342
SlotAv2_step3500,751,WRA_RandPaul1,hdtf_visomaster_teams,0.010029838102359969
SlotAv2_step3500,752,WRA_TomCotton,hdtf_visomaster_teams,0.012421889437717035
SlotAv2_step3500,753,RD_Radio3,hdtf_visomaster_teams,-0.006602239295908944
SlotAv2_step3500,754,RD_Radio47,hdtf_visomaster_teams,-0.02057743837154352
SlotAv2_step3500,755,RD_Radio50,hdtf_visomaster_teams,0.013720237196266272
SlotAv2_step3500,756,WDA_DebHaaland,hdtf_visomaster_teams,0.005995666964674592
SlotAv2_step3500,757,WDA_JackyRosen1,hdtf_visomaster_teams,-0.006949401025993101
SlotAv2_step3500,758,WDA_JeanneShaheen1,hdtf_visomaster_teams,0.02210653671394172
SlotAv2_step3500,759,WDA_JonTester0,hdtf_visomaster_teams,0.02283640032393751
SlotAv2_step3500,760,WDA_MartinHeinrich,hdtf_visomaster_teams,0.09465950871572482
SlotAv2_step3500,761,WDA_RonWyden0,hdtf_visomaster_teams,-0.01566765738703875
SlotAv2_step3500,762,WDA_SuzanDelBene,hdtf_visomaster_teams,-0.0012754493463965897
SlotAv2_step3500,763,WRA_CathyMcMorrisRodgers2,hdtf_visomaster_teams,0.0035571455062692768
SlotAv2_step3500,764,WRA_DanNewhouse,hdtf_visomaster_teams,0.018850159888428177
SlotAv2_step3500,765,WRA_JeffFlake,hdtf_visomaster_teams,0.03795762757130944
SlotAv2_step3500,766,WRA_MikeJohanns1,hdtf_visomaster_teams,0.015022948786804673
SlotAv2_step3500,767,RD_Radio2,hdtf_visomaster_teams,-0.00612032849004538
SlotAv2_step3500,768,WDA_AndyLevin,hdtf_visomaster_teams,-0.0014128168534988878
SlotAv2_step3500,769,WDA_DickDurbin,hdtf_visomaster_teams,0.03530273496493801
SlotAv2_step3500,770,WDA_DonaldMcEachin,hdtf_visomaster_teams,0.01749101640863957
SlotAv2_step3500,771,WDA_DonnaShalala1,hdtf_visomaster_teams,-0.017513874107179726
SlotAv2_step3500,772,WDA_HillaryClinton,hdtf_visomaster_teams,-0.010851660825200168
SlotAv2_step3500,773,WDA_JackReed1,hdtf_visomaster_teams,0.018343062505633827
SlotAv2_step3500,774,WDA_JohnSarbanes0,hdtf_visomaster_teams,-0.005176586020269652
SlotAv2_step3500,775,WDA_KatherineClark,hdtf_visomaster_teams,-0.01647808136485432
SlotAv2_step3500,776,WDA_MaggieHassan,hdtf_visomaster_teams,-0.005640819394962973
SlotAv2_step3500,777,WDA_PattyMurray0,hdtf_visomaster_teams,0.01943508683607658
SlotAv2_step3500,778,WDA_SeanCasten,hdtf_visomaster_teams,0.010995606159026772
SlotAv2_step3500,779,WRA_TimScott,hdtf_visomaster_teams,0.015484300609729
SlotAv2_step3500,780,WRA_TomPrice,hdtf_visomaster_teams,0.010179253381133752
SlotAv2_step3500,781,RD_Radio10,hdtf_visomaster_teams,-0.014709692278452355
SlotAv2_step3500,782,WDA_BarackObama,hdtf_visomaster_teams,0.00880841688033318
SlotAv2_step3500,783,WDA_JamesClyburn1,hdtf_visomaster_teams,0.004072356620793506
SlotAv2_step3500,784,WDA_JanSchakowsky1,hdtf_visomaster_teams,-0.002383296019700823
SlotAv2_step3500,785,WDA_JerryNadler,hdtf_visomaster_teams,0.006921419317697085
SlotAv2_step3500,786,WDA_SeanPatrickMaloney,hdtf_visomaster_teams,0.014783551319687662
SlotAv2_step3500,787,WDA_TammyBaldwin0,hdtf_visomaster_teams,0.017252777818567273
SlotAv2_step3500,788,WDA_XavierBecerra,hdtf_visomaster_teams,-0.006631308166726253
SlotAv2_step3500,789,WRA_BobGoodlatte0,hdtf_visomaster_teams,0.011778227056771014
SlotAv2_step3500,790,WRA_BobbySchilling,hdtf_visomaster_teams,0.09195871238891065
SlotAv2_step3500,791,WRA_CathyMcMorrisRodgers1,hdtf_visomaster_teams,-0.01230047879090126
SlotAv2_step3500,792,WRA_KellyAyotte,hdtf_visomaster_teams,0.007059203365733325
SlotAv2_step3500,793,WRA_PaulRyan1,hdtf_visomaster_teams,0.03081771098066744
SlotAv2_step3500,794,WRA_ToddYoung,hdtf_visomaster_teams,0.023460927732424454
SlotAv2_step3500,795,RD_Radio32,hdtf_visomaster_teams,0.0463989202516017
SlotAv2_step3500,796,WDA_BenCardin1,hdtf_visomaster_teams,0.024116284452770635
SlotAv2_step3500,797,WDA_ChrisMurphy0,hdtf_visomaster_teams,0.008357811654639096
SlotAv2_step3500,798,WDA_JamesClyburn,hdtf_visomaster_teams,0.011190252792666642
SlotAv2_step3500,799,WDA_JoeCrowley1,hdtf_visomaster_teams,0.04447079251345916
SlotAv2_step3500,800,WDA_NitaLowey,hdtf_visomaster_teams,-0.0008726100759395985
SlotAv2_step3500,801,WDA_StephanieMurphy,hdtf_visomaster_teams,0.030282689991858465
SlotAv2_step3500,802,WRA_AustinScott2,hdtf_visomaster_teams,0.02162366188818768
SlotAv2_step3500,803,WRA_BobCorker,hdtf_visomaster_teams,0.00433029324194715
SlotAv2_step3500,804,WRA_CathyMcMorrisRodgers0,hdtf_visomaster_teams,0.03283511951858047
SlotAv2_step3500,805,WRA_DianeBlack0,hdtf_visomaster_teams,-0.006863473304781242
SlotAv2_step3500,806,WRA_JohnnyIsakson,hdtf_visomaster_teams,-0.017352916343712256
SlotAv2_step3500,807,WRA_JonKyl,hdtf_visomaster_teams,0.020547385914304096
SlotAv2_step3500,808,WRA_LynnJenkins,hdtf_visomaster_teams,0.0020684016056207923
SlotAv2_step3500,809,WRA_RandPaul2,hdtf_visomaster_teams,0.0049260878606797835
SlotAv2_step3500,810,RD_Radio45,hdtf_visomaster_teams,0.0022793537729739223
SlotAv2_step3500,811,WDA_BobMenendez,hdtf_visomaster_teams,0.07571325804904686
SlotAv2_step3500,812,WDA_CatherineCortezMasto,hdtf_visomaster_teams,0.04239179766629039
SlotAv2_step3500,813,WDA_DebbieWassermanSchultz,hdtf_visomaster_teams,-0.010255608785898918
SlotAv2_step3500,814,WDA_JohnSarbanes1,hdtf_visomaster_teams,-0.004432568471739524
SlotAv2_step3500,815,WDA_SherrodBrown1,hdtf_visomaster_teams,0.010174274467796117
SlotAv2_step3500,816,WRA_AdamKinzinger0,hdtf_visomaster_teams,3.372265413550133e-05
SlotAv2_step3500,817,WRA_CarlyFiorina0,hdtf_visomaster_teams,0.005895407162790694
SlotAv2_step3500,818,WRA_DianeBlack1,hdtf_visomaster_teams,0.02018344489853608
SlotAv2_step3500,819,WRA_GeoffDavis,hdtf_visomaster_teams,0.09865975347306713
SlotAv2_step3500,820,WRA_JebHensarling2,hdtf_visomaster_teams,0.002494760432858842
SlotAv2_step3500,821,WRA_LamarAlexander0,hdtf_visomaster_teams,-0.006178847229483442
SlotAv2_step3500,822,WRA_RogerWicker1,hdtf_visomaster_teams,0.028949674013623933
SlotAv2_step3500,823,WRA_SamBrownback,hdtf_visomaster_teams,-0.0023598454811183094
SlotAv2_step3500,824,RD_Radio11,hdtf_visomaster_teams,0.019001045559494466
SlotAv2_step3500,825,RD_Radio19,hdtf_visomaster_teams,-0.013815243044257887
SlotAv2_step3500,826,RD_Radio22,hdtf_visomaster_teams,0.01704237433734645
SlotAv2_step3500,827,WDA_AnnieKuster,hdtf_visomaster_teams,0.04721099125028845
SlotAv2_step3500,828,WDA_DianneFeinstein,hdtf_visomaster_teams,-0.013406763917623101
SlotAv2_step3500,829,WDA_HakeemJeffries,hdtf_visomaster_teams,0.0777971626031997
SlotAv2_step3500,830,WDA_HenryWaxman,hdtf_visomaster_teams,0.018119484437920656
SlotAv2_step3500,831,WDA_JimmyGomez,hdtf_visomaster_teams,-0.009331893187567358
SlotAv2_step3500,832,WDA_PattyMurray1,hdtf_visomaster_teams,0.008455096862101871
SlotAv2_step3500,833,WDA_TomPerez,hdtf_visomaster_teams,0.09074016403967902
SlotAv2_step3500,834,WRA_MikeJohanns,hdtf_visomaster_teams,0.0006120392455817216
SlotAv2_step3500,835,WRA_OlympiaSnowe,hdtf_visomaster_teams,-0.01638014300733301
SlotAv2_step3500,836,WRA_SaxbyChambliss,hdtf_visomaster_teams,0.036224640031997275
SlotAv2_step3500,837,RD_Radio20,hdtf_visomaster_teams,0.009722570687186445
SlotAv2_step3500,838,RD_Radio26,hdtf_visomaster_teams,-0.010938201274000268
SlotAv2_step3500,839,RD_Radio39,hdtf_visomaster_teams,0.03585475702511075
SlotAv2_step3500,840,RD_Radio47,hdtf_visomaster_teams,0.0007929474889223926
SlotAv2_step3500,841,RD_Radio52,hdtf_visomaster_teams,0.000259068294596293
SlotAv2_step3500,842,WDA_AdamSchiff,hdtf_visomaster_teams,0.07925837627449249
SlotAv2_step3500,843,WDA_AdamSmith,hdtf_visomaster_teams,0.016008545394628503
SlotAv2_step3500,844,WDA_AmyKlobuchar1,hdtf_visomaster_teams,0.007272664134648605
SlotAv2_step3500,845,WDA_BobCasey1,hdtf_visomaster_teams,0.010692610204231887
SlotAv2_step3500,846,WDA_BobbyScott,hdtf_visomaster_teams,-0.013715731762281455
SlotAv2_step3500,847,WDA_DanKildee1,hdtf_visomaster_teams,0.013211027198425321
SlotAv2_step3500,848,WDA_DickDurbin,hdtf_visomaster_teams,0.008439310868474175
SlotAv2_step3500,849,WDA_ElijahCummings,hdtf_visomaster_teams,0.014442488321489411
SlotAv2_step3500,850,WDA_FrankPallone0,hdtf_visomaster_teams,0.04355034433264603
SlotAv2_step3500,851,WDA_JackReed0,hdtf_visomaster_teams,0.006438518612086707
SlotAv2_step3500,852,WDA_JeffMerkley1,hdtf_visomaster_teams,0.006775857676775866
SlotAv2_step3500,853,WDA_JonTester0,hdtf_visomaster_teams,0.013645971532745514
SlotAv2_step3500,854,WDA_MaggieHassan,hdtf_visomaster_teams,0.002391023321335024
SlotAv2_step3500,855,WDA_MarkWarner2,hdtf_visomaster_teams,0.004076992013936473
SlotAv2_step3500,856,WDA_MichelleLujanGrisham,hdtf_visomaster_teams,0.03082157639974884
SlotAv2_step3500,857,WDA_MichelleObama,hdtf_visomaster_teams,0.014460169830194736
SlotAv2_step3500,858,WDA_NancyPelosi3,hdtf_visomaster_teams,-0.006836693390779218
SlotAv2_step3500,859,WDA_PattyMurray0,hdtf_visomaster_teams,0.010687441821568354
SlotAv2_step3500,860,WDA_RaulRuiz,hdtf_visomaster_teams,0.05534429287830345
SlotAv2_step3500,861,WDA_RobinKelly,hdtf_visomaster_teams,-0.007461129495333727
SlotAv2_step3500,862,WDA_SeanCasten,hdtf_visomaster_teams,0.011190979246738201
SlotAv2_step3500,863,WDA_TerriSewell,hdtf_visomaster_teams,-0.018696232367866387
SlotAv2_step3500,864,WDA_TerriSewell1,hdtf_visomaster_teams,0.0155658536566507
SlotAv2_step3500,865,WDA_TimWalz,hdtf_visomaster_teams,0.008848839305190639
SlotAv2_step3500,866,WRA_AnnWagner,hdtf_visomaster_teams,-0.002745170198119592
SlotAv2_step3500,867,WRA_DanSullivan,hdtf_visomaster_teams,0.01599999379180314
SlotAv2_step3500,868,WRA_DebFischer1,hdtf_visomaster_teams,0.0026749594750500403
SlotAv2_step3500,869,WRA_DebFischer2,hdtf_visomaster_teams,0.00145475698024532
SlotAv2_step3500,870,WRA_FredUpton,hdtf_visomaster_teams,0.0060792984361636646
SlotAv2_step3500,871,WRA_JaimeHerreraBeutler0,hdtf_visomaster_teams,0.04565792326536867
SlotAv2_step3500,872,WRA_JoePitts,hdtf_visomaster_teams,0.006530592286254449
SlotAv2_step3500,873,WRA_JohnBoozman,hdtf_visomaster_teams,0.02269034132205015
SlotAv2_step3500,874,WRA_JohnHoeven,hdtf_visomaster_teams,0.027332063512347037
SlotAv2_step3500,875,WRA_KristiNoem2,hdtf_visomaster_teams,-0.009621429046949945
SlotAv2_step3500,876,WRA_MarcoRubio,hdtf_visomaster_teams,-0.005003618957476661
SlotAv2_step3500,877,WRA_RandPaul0,hdtf_visomaster_teams,-0.00561976669117005
SlotAv2_step3500,878,WRA_TimScott,hdtf_visomaster_teams,0.008754735162846502
SlotAv2_step3500,879,RD_Radio13,hdtf_visomaster_teams,0.035678355604235226
SlotAv2_step3500,880,RD_Radio23,hdtf_visomaster_teams,0.0004928657503641613
SlotAv2_step3500,881,RD_Radio30,hdtf_visomaster_teams,0.03388188979694505
SlotAv2_step3500,882,WDA_BennieThompson1,hdtf_visomaster_teams,0.01914244404027387
SlotAv2_step3500,883,WDA_BillPascrell,hdtf_visomaster_teams,0.010683510945206
SlotAv2_step3500,884,WDA_BrianSchatz1,hdtf_visomaster_teams,0.007591215548462206
SlotAv2_step3500,885,WDA_ColinAllred,hdtf_visomaster_teams,-0.012930732325804724
SlotAv2_step3500,886,WDA_HaleyStevens,hdtf_visomaster_teams,0.016065848198587418
SlotAv2_step3500,887,WRA_ChuckGrassley,hdtf_visomaster_teams,0.026997503300414494
SlotAv2_step3500,888,WRA_JohnBoehner1,hdtf_visomaster_teams,-0.006870215487911693
SlotAv2_step3500,889,WRA_MikeCrapo,hdtf_visomaster_teams,0.01386152692415197
SlotAv2_step3500,890,WRA_ReneeEllmers,hdtf_visomaster_teams,0.003986063560071947
SlotAv2_step3500,891,WDA_BrianSchatz2,hdtf_visomaster_teams,0.012853797794988749
SlotAv2_step3500,892,WDA_ChrisMurphy0,hdtf_visomaster_teams,0.016653322517026014
SlotAv2_step3500,893,WDA_DebbieDingell0,hdtf_visomaster_teams,0.01743636098019503
SlotAv2_step3500,894,WDA_NydiaVelzquez,hdtf_visomaster_teams,0.064632040097477
SlotAv2_step3500,895,WRA_AdamKinzinger2,hdtf_visomaster_teams,0.01762289319794
SlotAv2_step3500,896,WRA_DaveCamp,hdtf_visomaster_teams,0.02171686131474522
SlotAv2_step3500,897,WRA_JohnBoehner0,hdtf_visomaster_teams,-0.020061518950929367
SlotAv2_step3500,898,WRA_KevinBrady2,hdtf_visomaster_teams,0.026444756306948862
SlotAv2_step3500,899,WRA_KevinBrady3,hdtf_visomaster_teams,-0.0024038526107654215
SlotAv2_step3500,900,WRA_PeterRoskam1,hdtf_visomaster_teams,0.020718703746296335
SlotAv2_step3500,901,RD_Radio12,hdtf_visomaster_teams,-0.012117369522123656
SlotAv2_step3500,902,RD_Radio19,hdtf_visomaster_teams,-0.021302337025231904
SlotAv2_step3500,903,WDA_AmyKlobuchar0,hdtf_visomaster_teams,-0.003974445220769919
SlotAv2_step3500,904,WDA_AndyKim,hdtf_visomaster_teams,0.04235836708696508
SlotAv2_step3500,905,WDA_DianneFeinstein,hdtf_visomaster_teams,-0.003472125062929452
SlotAv2_step3500,906,WDA_EmanuelCleaver,hdtf_visomaster_teams,-0.011024300195203314
SlotAv2_step3500,907,WDA_JimmyGomez,hdtf_visomaster_teams,-0.02086906899874752
SlotAv2_step3500,908,WDA_JoeCrowley0,hdtf_visomaster_teams,0.029865271718933415
SlotAv2_step3500,909,WDA_LisaBluntRochester,hdtf_visomaster_teams,0.08122122073894321
SlotAv2_step3500,910,WDA_MichaelBennet,hdtf_visomaster_teams,-0.0040231853285782205
SlotAv2_step3500,911,WRA_MikeJohanns,hdtf_visomaster_teams,0.03585031325031668
SlotAv2_step3500,912,WRA_RogerWicker0,hdtf_visomaster_teams,0.0034042371276242303
SlotAv2_step3500,913,WRA_TomCotton,hdtf_visomaster_teams,0.008515786561558616
SlotAv2_step3500,914,RD_Radio18,hdtf_visomaster_teams,0.017316164347306602
SlotAv2_step3500,915,RD_Radio25,hdtf_visomaster_teams,-0.009722531976612438
SlotAv2_step3500,916,RD_Radio32,hdtf_visomaster_teams,0.08560848908725628
SlotAv2_step3500,917,RD_Radio40,hdtf_visomaster_teams,0.0018287062853116045
SlotAv2_step3500,918,WDA_ChrisVanHollen0,hdtf_visomaster_teams,0.011054935229242193
SlotAv2_step3500,919,WDA_DougJones,hdtf_visomaster_teams,0.013740122971128917
SlotAv2_step3500,920,WDA_JohnYarmuth1,hdtf_visomaster_teams,-0.0075446641652769375
SlotAv2_step3500,921,WDA_MarciaFudge,hdtf_visomaster_teams,0.002187447456331945
SlotAv2_step3500,922,WDA_TomCarper,hdtf_visomaster_teams,0.0044941466637942835
SlotAv2_step3500,923,WRA_BobCorker,hdtf_visomaster_teams,-0.006839564206927979
SlotAv2_step3500,924,WRA_CathyMcMorrisRodgers0,hdtf_visomaster_teams,0.06560380893253981
SlotAv2_step3500,925,WRA_JonKyl,hdtf_visomaster_teams,0.0065654769046652765
SlotAv2_step3500,926,WRA_KristiNoem0,hdtf_visomaster_teams,-0.008380348421048386
SlotAv2_step3500,927,WRA_LynnJenkins,hdtf_visomaster_teams,-0.0035392076521972267
SlotAv2_step3500,928,RD_Radio10,hdtf_visomaster_teams,-0.007564527635158272
SlotAv2_step3500,929,WDA_BarackObama,hdtf_visomaster_teams,0.026518223753880847
SlotAv2_step3500,930,WDA_JackReed1,hdtf_visomaster_teams,0.00045724515680284133
SlotAv2_step3500,931,WDA_JamesClyburn1,hdtf_visomaster_teams,0.00410503455131139
SlotAv2_step3500,932,WDA_JanSchakowsky1,hdtf_visomaster_teams,-0.004696328482309732
SlotAv2_step3500,933,WDA_JerryNadler,hdtf_visomaster_teams,0.002058651473586562
SlotAv2_step3500,934,WDA_JohnSarbanes0,hdtf_visomaster_teams,-0.016565032686348652
SlotAv2_step3500,935,WDA_KatherineClark,hdtf_visomaster_teams,-0.003375959491911756
SlotAv2_step3500,936,WDA_SherrodBrown0,hdtf_visomaster_teams,0.0031191646681184076
SlotAv2_step3500,937,WRA_BobGoodlatte0,hdtf_visomaster_teams,0.0024366407981906008
SlotAv2_step3500,938,WRA_BobbySchilling,hdtf_visomaster_teams,0.03530835058365803
SlotAv2_step3500,939,WRA_JuddGregg,hdtf_visomaster_teams,0.016773682944698227
SlotAv2_step3500,940,WRA_KellyAyotte,hdtf_visomaster_teams,-0.008664393184407057
SlotAv2_step3500,941,WRA_ToddYoung,hdtf_visomaster_teams,0.008969538611955206
SlotAv2_step3500,942,RD_Radio1,hdtf_visomaster_teams,0.013864651983254157
SlotAv2_step3500,943,RD_Radio28,hdtf_visomaster_teams,0.0764788890233947
SlotAv2_step3500,944,RD_Radio4,hdtf_visomaster_teams,-0.00945424717173928
SlotAv2_step3500,945,WDA_BarbaraLee1,hdtf_visomaster_teams,-0.003694975737936713
SlotAv2_step3500,946,WDA_BradSchneider,hdtf_visomaster_teams,0.06549940263439599
SlotAv2_step3500,947,WDA_ByronDorgan1,hdtf_visomaster_teams,0.02193186316186925
SlotAv2_step3500,948,WDA_ChrisCoons,hdtf_visomaster_teams,0.0019835191783453294
SlotAv2_step3500,949,WDA_ChuckSchumer1,hdtf_visomaster_teams,0.015771093166568186
SlotAv2_step3500,950,WDA_LloydDoggett0,hdtf_visomaster_teams,-0.004121536560687538
SlotAv2_step3500,951,WRA_MitchDaniels1,hdtf_visomaster_teams,0.0034106285545000958
SlotAv2_step3500,952,WRA_NanHayworth,hdtf_visomaster_teams,0.011038391222810527
SlotAv2_step3500,953,WRA_RandPaul1,hdtf_visomaster_teams,0.038354417726600414
SlotAv2_step3500,954,RD_Radio45,hdtf_visomaster_teams,-0.04414488406767041
SlotAv2_step3500,955,RD_Radio54,hdtf_visomaster_teams,0.022002444880561384
SlotAv2_step3500,956,WDA_BenCardin1,hdtf_visomaster_teams,0.02170461655140361
SlotAv2_step3500,957,WDA_CatherineCortezMasto,hdtf_visomaster_teams,0.07699246169267862
SlotAv2_step3500,958,WDA_EdMarkey1,hdtf_visomaster_teams,0.01833606744595921
SlotAv2_step3500,959,WDA_MikeDoyle,hdtf_visomaster_teams,0.05704907042073742
SlotAv2_step3500,960,WDA_VeronicaEscobar1,hdtf_visomaster_teams,0.004580706441757035
SlotAv2_step3500,961,WRA_AustinScott2,hdtf_visomaster_teams,0.00819891301567436
SlotAv2_step3500,962,WRA_DianeBlack0,hdtf_visomaster_teams,-0.007768479400153286
SlotAv2_step3500,963,WRA_DianeBlack1,hdtf_visomaster_teams,0.013589676840818283
SlotAv2_step3500,964,WRA_JebHensarling0,hdtf_visomaster_teams,0.02917403928431375
SlotAv2_step3500,965,WRA_JimInhofe,hdtf_visomaster_teams,0.022187543041188734
SlotAv2_step3500,966,WRA_JohnnyIsakson,hdtf_visomaster_teams,-0.009420504993667153
SlotAv2_step3500,967,WRA_RogerWicker1,hdtf_visomaster_teams,0.00040490309747896877
SlotAv2_step3500,968,RD_Radio20,hdtf_visomaster_teams,-0.005066721818099819
SlotAv2_step3500,969,RD_Radio21,hdtf_visomaster_teams,-0.004331844751732405
SlotAv2_step3500,970,RD_Radio29,hdtf_visomaster_teams,0.0097587948578875
SlotAv2_step3500,971,RD_Radio36,hdtf_visomaster_teams,-0.015390260258443882
SlotAv2_step3500,972,RD_Radio5,hdtf_visomaster_teams,-0.009439545254829878
SlotAv2_step3500,973,RD_Radio53,hdtf_visomaster_teams,-0.0032728371530438487
SlotAv2_step3500,974,WDA_AndyLevin,hdtf_visomaster_teams,0.07820170013351564
SlotAv2_step3500,975,WDA_ChrisCoons1,hdtf_visomaster_teams,0.011111772922621017
SlotAv2_step3500,976,WDA_ChrisVanHollen1,hdtf_visomaster_teams,0.02668123393460492
SlotAv2_step3500,977,WDA_DebbieDingell1,hdtf_visomaster_teams,0.002255834764949066
SlotAv2_step3500,978,WDA_DebbieStabenow1,hdtf_visomaster_teams,0.0025392298272273557
SlotAv2_step3500,979,WDA_EricSwalwell,hdtf_visomaster_teams,0.032165251275647025
SlotAv2_step3500,980,WDA_JeffMerkley1,hdtf_visomaster_teams,0.03066896684473546
SlotAv2_step3500,981,WDA_JoeKennedy,hdtf_visomaster_teams,0.030797609640455338
SlotAv2_step3500,982,WDA_JonTester1,hdtf_visomaster_teams,0.041018331570700665
SlotAv2_step3500,983,WDA_KatieHill,hdtf_visomaster_teams,0.01432257426035979
SlotAv2_step3500,984,WDA_KirstenGillibrand,hdtf_visomaster_teams,-0.007344520241167978
SlotAv2_step3500,985,WDA_LucyMcBath,hdtf_visomaster_teams,0.02689890001399117
SlotAv2_step3500,986,WDA_MichelleLujanGrisham,hdtf_visomaster_teams,0.014336996855333198
SlotAv2_step3500,987,WDA_MikeThompson0,hdtf_visomaster_teams,0.004474762328994488
SlotAv2_step3500,988,WDA_NancyPelosi3,hdtf_visomaster_teams,-0.015313470602686998
SlotAv2_step3500,989,WDA_RobinKelly,hdtf_visomaster_teams,0.020734883057314905
SlotAv2_step3500,990,WDA_RonWyden1,hdtf_visomaster_teams,0.0196709711990969
SlotAv2_step3500,991,WDA_StenyHoyer,hdtf_visomaster_teams,0.038698708443262654
SlotAv2_step3500,992,WDA_ZoeLofgren,hdtf_visomaster_teams,-0.011956161080997302
SlotAv2_step3500,993,WRA_AnnMarieBuerkle,hdtf_visomaster_teams,-0.019987139141416997
SlotAv2_step3500,994,WRA_BillCassidy0,hdtf_visomaster_teams,0.020574405559721266
SlotAv2_step3500,995,WRA_CarlyFiorina,hdtf_visomaster_teams,-0.005587746297444714
SlotAv2_step3500,996,WRA_CoryGardner,hdtf_visomaster_teams,0.08919993173471558
SlotAv2_step3500,997,WRA_DavidVitter,hdtf_visomaster_teams,0.10318524132981097
SlotAv2_step3500,998,WRA_DebFischer0,hdtf_visomaster_teams,0.04588157021557123
SlotAv2_step3500,999,WRA_DebFischer2,hdtf_visomaster_teams,0.009255856105954616
SlotAv2_step3500,1000,WRA_ErikPaulsen,hdtf_visomaster_teams,0.007443972784791482
SlotAv2_step3500,1001,WRA_GeorgeLeMieux,hdtf_visomaster_teams,0.008078556561252438
SlotAv2_step3500,1002,WRA_GregWalden1,hdtf_visomaster_teams,0.0006624025388033659
SlotAv2_step3500,1003,WRA_JimRisch,hdtf_visomaster_teams,-0.01427002384965418
SlotAv2_step3500,1004,WRA_JoeHeck1,hdtf_visomaster_teams,0.008593869652848115
SlotAv2_step3500,1005,WRA_JoniErnst1,hdtf_visomaster_teams,0.012635671972687584
SlotAv2_step3500,1006,WRA_KevinBrady,hdtf_visomaster_teams,0.058480366441331845
SlotAv2_step3500,1007,WRA_MarkwayneMullin,hdtf_visomaster_teams,0.0003307437055403862
SlotAv2_step3500,1008,WRA_MichaelSteele,hdtf_visomaster_teams,0.0014511026389985434
SlotAv2_step3500,1009,WRA_MikeEnzi,hdtf_visomaster_teams,0.09442674894051739
SlotAv2_step3500,1010,WRA_RogerWicker2,hdtf_visomaster_teams,0.0026124921931025068
SlotAv2_step3500,1011,RD_Radio28,hdtf_visomaster_teams,0.009287859632474535
SlotAv2_step3500,1012,RD_Radio52,hdtf_visomaster_teams,-0.0057436601530778415
SlotAv2_step3500,1013,RD_Radio54,hdtf_visomaster_teams,0.022002444880561384
SlotAv2_step3500,1014,WDA_ChuckSchumer1,hdtf_visomaster_teams,0.005369333398696024
SlotAv2_step3500,1015,WDA_RichardNeal0,hdtf_visomaster_teams,0.002575732488900845
SlotAv2_step3500,1016,WDA_VeronicaEscobar1,hdtf_visomaster_teams,0.0024994729052993424
SlotAv2_step3500,1017,WRA_JimInhofe,hdtf_visomaster_teams,0.018457650337392967
SlotAv2_step3500,1018,WRA_JohnBoozman,hdtf_visomaster_teams,0.0325831116550279
SlotAv2_step3500,1019,WRA_JohnHoeven,hdtf_visomaster_teams,0.024871045569474448
SlotAv2_step3500,1020,RD_Radio13,hdtf_visomaster_teams,-0.004093612146968439
SlotAv2_step3500,1021,RD_Radio39,hdtf_visomaster_teams,0.05602822886300474
SlotAv2_step3500,1022,WDA_BennieThompson1,hdtf_visomaster_teams,-0.001196010146112622
SlotAv2_step3500,1023,WDA_BillPascrell,hdtf_visomaster_teams,0.013913653437561055
SlotAv2_step3500,1024,WDA_BrianSchatz1,hdtf_visomaster_teams,0.011714404035399069
SlotAv2_step3500,1025,WDA_ColinAllred,hdtf_visomaster_teams,-0.025576358946703133
SlotAv2_step3500,1026,WDA_DanKildee1,hdtf_visomaster_teams,-0.0009359357229899116
SlotAv2_step3500,1027,WDA_TimWalz,hdtf_visomaster_teams,-0.0015640808527048445
SlotAv2_step3500,1028,WRA_ChuckGrassley,hdtf_visomaster_teams,0.004899658098863004
SlotAv2_step3500,1029,WRA_JoePitts,hdtf_visomaster_teams,-0.008950741138869555
SlotAv2_step3500,1030,WRA_LamarAlexander,hdtf_visomaster_teams,-0.006061647249956617
SlotAv2_step3500,1031,WRA_MikeCrapo,hdtf_visomaster_teams,0.017194230698953254
SlotAv2_step3500,1032,WRA_ReneeEllmers,hdtf_visomaster_teams,0.027337289932100425
SlotAv2_step3500,1033,WRA_RobPortman,hdtf_visomaster_teams,0.059359698674141044
SlotAv2_step3500,1034,RD_Radio3,hdtf_visomaster_teams,0.00905710657357177
SlotAv2_step3500,1035,RD_Radio40,hdtf_visomaster_teams,0.04872683588367979
SlotAv2_step3500,1036,WDA_ChrisMurphy0,hdtf_visomaster_teams,0.021106574579566672
SlotAv2_step3500,1037,WDA_ChrisVanHollen0,hdtf_visomaster_teams,0.008353892440523859
SlotAv2_step3500,1038,WDA_DougJones,hdtf_visomaster_teams,0.012246382701486555
SlotAv2_step3500,1039,WDA_JackyRosen1,hdtf_visomaster_teams,-0.005577641820146596
SlotAv2_step3500,1040,WDA_JeanneShaheen1,hdtf_visomaster_teams,0.025259828014323686
SlotAv2_step3500,1041,WDA_JohnYarmuth1,hdtf_visomaster_teams,0.013321745460866055
SlotAv2_step3500,1042,WDA_JonTester0,hdtf_visomaster_teams,0.011863502875041787
SlotAv2_step3500,1043,WDA_MarciaFudge,hdtf_visomaster_teams,0.016158010205812708
SlotAv2_step3500,1044,WDA_NitaLowey,hdtf_visomaster_teams,0.0005881408982572438
SlotAv2_step3500,1045,WDA_RonWyden0,hdtf_visomaster_teams,0.05649107996470431
SlotAv2_step3500,1046,WRA_RandPaul2,hdtf_visomaster_teams,0.028055193585543606
SlotAv2_step3500,1047,RD_Radio23,hdtf_visomaster_teams,-0.011605670874317225
SlotAv2_step3500,1048,RD_Radio26,hdtf_visomaster_teams,0.02273886184570039
SlotAv2_step3500,1049,RD_Radio30,hdtf_visomaster_teams,0.05545749174375621
SlotAv2_step3500,1050,WDA_AmyKlobuchar1,hdtf_visomaster_teams,0.0074895891653405655
SlotAv2_step3500,1051,WDA_BobCasey1,hdtf_visomaster_teams,0.002238206651165846
SlotAv2_step3500,1052,WDA_CarolynMaloney1,hdtf_visomaster_teams,0.006684820481630146
SlotAv2_step3500,1053,WDA_HaleyStevens,hdtf_visomaster_teams,0.04984173100772086
SlotAv2_step3500,1054,WDA_MarkWarner2,hdtf_visomaster_teams,-0.004970449590350933
SlotAv2_step3500,1055,WDA_MattCartwright,hdtf_visomaster_teams,0.030765592992305496
SlotAv2_step3500,1056,WDA_MichelleObama,hdtf_visomaster_teams,0.000714210061000968
SlotAv2_step3500,1057,WDA_TerriSewell1,hdtf_visomaster_teams,0.014411886248673374
SlotAv2_step3500,1058,WRA_AnnWagner,hdtf_visomaster_teams,0.01679250828603955
SlotAv2_step3500,1059,RD_Radio35,hdtf_visomaster_teams,0.010432736356139742
SlotAv2_step3500,1060,WDA_AdamSchiff,hdtf_visomaster_teams,0.08842090711265788
SlotAv2_step3500,1061,WDA_BobbyScott,hdtf_visomaster_teams,-0.028597650119980608
SlotAv2_step3500,1062,WDA_DianaDeGette1,hdtf_visomaster_teams,-0.01842741761862805
SlotAv2_step3500,1063,WDA_RaulRuiz,hdtf_visomaster_teams,0.01989479187345475
SlotAv2_step3500,1064,WDA_SeanPatrickMaloney,hdtf_visomaster_teams,0.017809359615117048
SlotAv2_step3500,1065,WDA_TammyBaldwin0,hdtf_visomaster_teams,0.020338298714601154
SlotAv2_step3500,1066,WDA_VeronicaEscobar0,hdtf_visomaster_teams,0.067229918295075
SlotAv2_step3500,1067,WRA_JaimeHerreraBeutler0,hdtf_visomaster_teams,0.0634560152884879
SlotAv2_step3500,1068,WRA_KristiNoem2,hdtf_visomaster_teams,0.008488955781151688
SlotAv2_step3500,1069,WRA_PaulRyan0,hdtf_visomaster_teams,0.002300497380938645
SlotAv2_step3500,1070,WRA_RandPaul1,hdtf_visomaster_teams,0.006730766168530887
SlotAv2_step3500,1071,RD_Radio10,hdtf_visomaster_teams,-0.008331242724798895
SlotAv2_step3500,1072,RD_Radio18,hdtf_visomaster_teams,-0.009401373467339593
SlotAv2_step3500,1073,RD_Radio25,hdtf_visomaster_teams,0.05914683713537425
SlotAv2_step3500,1074,RD_Radio34,hdtf_visomaster_teams,0.0012780271110689068
SlotAv2_step3500,1075,WDA_BenCardin1,hdtf_visomaster_teams,0.021687099076242503
SlotAv2_step3500,1076,WDA_JamesClyburn1,hdtf_visomaster_teams,0.012244277142702147
SlotAv2_step3500,1077,WDA_SherrodBrown0,hdtf_visomaster_teams,-0.03438488438726052
SlotAv2_step3500,1078,WDA_StephanieMurphy,hdtf_visomaster_teams,0.034289518862092506
SlotAv2_step3500,1079,WDA_TomCarper,hdtf_visomaster_teams,0.011044834931954236
SlotAv2_step3500,1080,WRA_AustinScott2,hdtf_visomaster_teams,0.03554857857066103
SlotAv2_step3500,1081,WRA_KristiNoem0,hdtf_visomaster_teams,0.00799661687609763
SlotAv2_step3500,1082,WRA_ToddYoung,hdtf_visomaster_teams,-0.000981244242360499
SlotAv2_step3500,1083,WDA_AdamSmith,hdtf_visomaster_teams,0.01973815170691453
SlotAv2_step3500,1084,WDA_DebbieDingell0,hdtf_visomaster_teams,0.02641477793969186
SlotAv2_step3500,1085,WDA_DickDurbin,hdtf_visomaster_teams,0.013141488876587858
SlotAv2_step3500,1086,WDA_JackReed0,hdtf_visomaster_teams,0.011639768075248398
SlotAv2_step3500,1087,WDA_MaggieHassan,hdtf_visomaster_teams,0.0038742536299785587
SlotAv2_step3500,1088,WDA_PattyMurray0,hdtf_visomaster_teams,0.02705176646059113
SlotAv2_step3500,1089,WDA_SeanCasten,hdtf_visomaster_teams,0.002948125683679032
SlotAv2_step3500,1090,WRA_JohnThune,hdtf_visomaster_teams,0.03303578170989288
SlotAv2_step3500,1091,WRA_LisaMurkowski0,hdtf_visomaster_teams,0.009244665784690152
SlotAv2_step3500,1092,WRA_SteveScalise0,hdtf_visomaster_teams,0.013633182482220776
SlotAv2_step3500,1093,WRA_TimScott,hdtf_visomaster_teams,0.0030444712654905514
SlotAv2_step3500,1094,322,quickclips_visomaster_teams,0.12950719368772076
SlotAv2_step3500,1095,3265,quickclips_visomaster_teams,0.03258002164424534
SlotAv2_step3500,1096,3741,quickclips_visomaster_teams,0.04717769327894553
SlotAv2_step3500,1097,4109,quickclips_visomaster_teams,0.022243038429436285
SlotAv2_step3500,1098,4308,quickclips_visomaster_teams,0.015275846411909565
SlotAv2_step3500,1099,5328,quickclips_visomaster_teams,0.01565850324707186
SlotAv2_step3500,1100,5865,quickclips_visomaster_teams,-0.08074169158137348
SlotAv2_step3500,1101,7504,quickclips_visomaster_teams,0.03194891251794578
SlotAv2_step3500,1102,7866,quickclips_visomaster_teams,0.02942887509802966
SlotAv2_step3500,1103,7989,quickclips_visomaster_teams,0.002682075168315458
SlotAv2_step3500,1104,1066,quickclips_visomaster_teams,-0.0045655998699557715
SlotAv2_step3500,1105,1259,quickclips_visomaster_teams,0.01648863880543918
SlotAv2_step3500,1106,1758,quickclips_visomaster_teams,0.00839284994304186
SlotAv2_step3500,1107,4072,quickclips_visomaster_teams,0.019719847960002295
SlotAv2_step3500,1108,4736,quickclips_visomaster_teams,0.008205325623906336
SlotAv2_step3500,1109,6051,quickclips_visomaster_teams,0.06803089164637877
SlotAv2_step3500,1110,6468,quickclips_visomaster_teams,-0.005794266092344775
SlotAv2_step3500,1111,7276,quickclips_visomaster_teams,0.002282168977178556
SlotAv2_step3500,1112,9400,quickclips_visomaster_teams,0.04346432183228182
SlotAv2_step3500,1113,9402,quickclips_visomaster_teams,0.020463881257354044
SlotAv2_step3500,1114,1078,quickclips_visomaster_teams,0.04044417355282475
SlotAv2_step3500,1115,1187,quickclips_visomaster_teams,0.04348380145962289
SlotAv2_step3500,1116,2319,quickclips_visomaster_teams,0.02817611294109236
SlotAv2_step3500,1117,2354,quickclips_visomaster_teams,-0.03016818630031103
SlotAv2_step3500,1118,2586,quickclips_visomaster_teams,-0.0005486046418827963
SlotAv2_step3500,1119,3304,quickclips_visomaster_teams,0.014172117198971509
SlotAv2_step3500,1120,3826,quickclips_visomaster_teams,0.010298289646829509
SlotAv2_step3500,1121,7601,quickclips_visomaster_teams,0.024069822820311653
SlotAv2_step3500,1122,8137,quickclips_visomaster_teams,0.004033433599863542
SlotAv2_step3500,1123,8200,quickclips_visomaster_teams,0.03653275044892002
SlotAv2_step3500,1124,1981,quickclips_visomaster_teams,0.0024439706429745644
SlotAv2_step3500,1125,2582,quickclips_visomaster_teams,0.025971446275682063
SlotAv2_step3500,1126,41,quickclips_visomaster_teams,0.01203229070877122
SlotAv2_step3500,1127,4209,quickclips_visomaster_teams,0.06338965300717028
SlotAv2_step3500,1128,6406,quickclips_visomaster_teams,0.009869299094100168
SlotAv2_step3500,1129,647,quickclips_visomaster_teams,0.0030638622050893818
SlotAv2_step3500,1130,7035,quickclips_visomaster_teams,0.01638692416937666
SlotAv2_step3500,1131,8982,quickclips_visomaster_teams,-0.009776433070020893
SlotAv2_step3500,1132,unknown_gSq1CUXNUN4,quickclips_visomaster_teams,0.004794504121573815
SlotAv2_step3500,1133,1262,quickclips_visomaster_teams,0.02731820444463594
SlotAv2_step3500,1134,1728,quickclips_visomaster_teams,0.02259673433729986
SlotAv2_step3500,1135,2197,quickclips_visomaster_teams,0.007401850474255808
SlotAv2_step3500,1136,5225,quickclips_visomaster_teams,0.017217531281119625
SlotAv2_step3500,1137,5562,quickclips_visomaster_teams,0.01591760222009035
SlotAv2_step3500,1138,5664,quickclips_visomaster_teams,-0.007965996369322636
SlotAv2_step3500,1139,7926,quickclips_visomaster_teams,-0.008883977505030057
SlotAv2_step3500,1140,7948,quickclips_visomaster_teams,0.023758391217084205
SlotAv2_step3500,1141,8816,quickclips_visomaster_teams,0.0396063811932128
SlotAv2_step3500,1142,129,quickclips_visomaster_teams,0.024319131465262885
SlotAv2_step3500,1143,3718,quickclips_visomaster_teams,0.040960379887288664
SlotAv2_step3500,1144,4610,quickclips_visomaster_teams,0.006154603132999579
SlotAv2_step3500,1145,4639,quickclips_visomaster_teams,0.018038107160829264
SlotAv2_step3500,1146,488,quickclips_visomaster_teams,0.02627770690442809
SlotAv2_step3500,1147,5258,quickclips_visomaster_teams,0.043172079048210216
SlotAv2_step3500,1148,5434,quickclips_visomaster_teams,0.01744682614075289
SlotAv2_step3500,1149,7216,quickclips_visomaster_teams,0.007567336299908331
SlotAv2_step3500,1150,8701,quickclips_visomaster_teams,-0.020316321640337767
SlotAv2_step3500,1151,183,quickclips_visomaster_teams,0.02157952692044113
SlotAv2_step3500,1152,2156,quickclips_visomaster_teams,0.022491034704675825
SlotAv2_step3500,1153,2322,quickclips_visomaster_teams,0.01549171388928219
SlotAv2_step3500,1154,4892,quickclips_visomaster_teams,-0.009161259152066451
SlotAv2_step3500,1155,6025,quickclips_visomaster_teams,-0.01199090149082364
SlotAv2_step3500,1156,unknown_fvRDBpEliEU,quickclips_visomaster_teams,0.028845606175868982
SlotAv2_step3500,1157,unknown_n82ncUKxIqA,quickclips_visomaster_teams,0.0032426526538496484
SlotAv2_step3500,1158,183,quickclips_visomaster_teams,0.02209056002273805
SlotAv2_step3500,1159,2156,quickclips_visomaster_teams,0.0490713605929224
SlotAv2_step3500,1160,2322,quickclips_visomaster_teams,0.005193910203489992
SlotAv2_step3500,1161,4892,quickclips_visomaster_teams,-0.03154193494368309
SlotAv2_step3500,1162,6025,quickclips_visomaster_teams,-0.011954758275058826
SlotAv2_step3500,1163,unknown_fvRDBpEliEU,quickclips_visomaster_teams,0.02532452986353472
SlotAv2_step3500,1164,unknown_n82ncUKxIqA,quickclips_visomaster_teams,0.016636375415168023
SlotAv2_step3500,1165,322,quickclips_visomaster_teams,0.12356068477286294
SlotAv2_step3500,1166,3265,quickclips_visomaster_teams,0.032272715601965395
SlotAv2_step3500,1167,4109,quickclips_visomaster_teams,0.028368493062421597
SlotAv2_step3500,1168,4308,quickclips_visomaster_teams,0.005932096981275342
SlotAv2_step3500,1169,5328,quickclips_visomaster_teams,0.022923232953399767
SlotAv2_step3500,1170,5865,quickclips_visomaster_teams,-0.07821901957534258
SlotAv2_step3500,1171,7504,quickclips_visomaster_teams,0.030518484344522676
SlotAv2_step3500,1172,7866,quickclips_visomaster_teams,0.02604256255634346
SlotAv2_step3500,1173,7989,quickclips_visomaster_teams,0.022091318387205988
SlotAv2_step3500,1174,1066,quickclips_visomaster_teams,0.010077436425088996
SlotAv2_step3500,1175,1259,quickclips_visomaster_teams,0.02246626005224279
SlotAv2_step3500,1176,4072,quickclips_visomaster_teams,0.013284375548106514
SlotAv2_step3500,1177,4736,quickclips_visomaster_teams,0.04206449056726257
SlotAv2_step3500,1178,6051,quickclips_visomaster_teams,0.05314067821900112
SlotAv2_step3500,1179,6468,quickclips_visomaster_teams,-0.004584427790591249
SlotAv2_step3500,1180,7276,quickclips_visomaster_teams,-0.002619921063508064
SlotAv2_step3500,1181,9400,quickclips_visomaster_teams,0.047846117504827014
SlotAv2_step3500,1182,9402,quickclips_visomaster_teams,0.013902449663344604
SlotAv2_step3500,1183,1078,quickclips_visomaster_teams,0.028128999469121785
SlotAv2_step3500,1184,1187,quickclips_visomaster_teams,0.04262893837465266
SlotAv2_step3500,1185,2319,quickclips_visomaster_teams,0.027472403195391737
SlotAv2_step3500,1186,2354,quickclips_visomaster_teams,-0.01477664445669585
SlotAv2_step3500,1187,2586,quickclips_visomaster_teams,0.00037014015881296856
SlotAv2_step3500,1188,3304,quickclips_visomaster_teams,0.024179048269253937
SlotAv2_step3500,1189,3741,quickclips_visomaster_teams,0.05719790291293114
SlotAv2_step3500,1190,3826,quickclips_visomaster_teams,-0.02019878915473438
SlotAv2_step3500,1191,7601,quickclips_visomaster_teams,0.029126894117425944
SlotAv2_step3500,1192,8137,quickclips_visomaster_teams,0.038539955846007765
SlotAv2_step3500,1193,1981,quickclips_visomaster_teams,0.012309129967107117
SlotAv2_step3500,1194,2582,quickclips_visomaster_teams,0.02929808605791015
SlotAv2_step3500,1195,41,quickclips_visomaster_teams,0.026871535319515777
SlotAv2_step3500,1196,4209,quickclips_visomaster_teams,0.053652873936050186
SlotAv2_step3500,1197,6406,quickclips_visomaster_teams,-0.03246473378768816
SlotAv2_step3500,1198,647,quickclips_visomaster_teams,0.009056226559699154
SlotAv2_step3500,1199,7035,quickclips_visomaster_teams,-0.03305760915675813
SlotAv2_step3500,1200,8982,quickclips_visomaster_teams,-0.0040061942220655745
SlotAv2_step3500,1201,9325,quickclips_visomaster_teams,0.02199729089154509
SlotAv2_step3500,1202,unknown_gSq1CUXNUN4,quickclips_visomaster_teams,-0.016082103109234018
SlotAv2_step3500,1203,1262,quickclips_visomaster_teams,0.021326843787566975
SlotAv2_step3500,1204,1728,quickclips_visomaster_teams,0.03828248422698311
SlotAv2_step3500,1205,2197,quickclips_visomaster_teams,0.005191774329706406
SlotAv2_step3500,1206,5225,quickclips_visomaster_teams,0.04036585666392254
SlotAv2_step3500,1207,5562,quickclips_visomaster_teams,0.017408091781289627
SlotAv2_step3500,1208,5664,quickclips_visomaster_teams,0.009678248744971822
SlotAv2_step3500,1209,7926,quickclips_visomaster_teams,-0.018432577165367763
SlotAv2_step3500,1210,7948,quickclips_visomaster_teams,0.035322545116372714
SlotAv2_step3500,1211,8200,quickclips_visomaster_teams,0.02109779939234188
SlotAv2_step3500,1212,8816,quickclips_visomaster_teams,0.051876283812696114
SlotAv2_step3500,1213,129,quickclips_visomaster_teams,0.009820263471523925
SlotAv2_step3500,1214,3718,quickclips_visomaster_teams,0.05373826532620999
SlotAv2_step3500,1215,4610,quickclips_visomaster_teams,0.012594400121626284
SlotAv2_step3500,1216,4639,quickclips_visomaster_teams,0.02915974958853458
SlotAv2_step3500,1217,488,quickclips_visomaster_teams,0.022339515983195078
SlotAv2_step3500,1218,5258,quickclips_visomaster_teams,0.03334103710530116
SlotAv2_step3500,1219,5434,quickclips_visomaster_teams,0.009768234739654233
SlotAv2_step3500,1220,7216,quickclips_visomaster_teams,0.006557893327133881
SlotAv2_step3500,1221,8701,quickclips_visomaster_teams,-0.021402444504003602
SlotAv2_step3500,1222,1805,quickclips_visomaster_teams,-0.0020443473015257126
SlotAv2_step3500,1223,182,quickclips_visomaster_teams,0.0030849387216549014
SlotAv2_step3500,1224,1857,quickclips_visomaster_teams,0.021330240754493933
SlotAv2_step3500,1225,2738,quickclips_visomaster_teams,-0.011919380014311443
SlotAv2_step3500,1226,4355,quickclips_visomaster_teams,0.04192698529588715
SlotAv2_step3500,1227,4393,quickclips_visomaster_teams,0.06796330600321301
SlotAv2_step3500,1228,5278,quickclips_visomaster_teams,-0.012119640439006598
SlotAv2_step3500,1229,7629,quickclips_visomaster_teams,-0.05601001283595628
SlotAv2_step3500,1230,7807,quickclips_visomaster_teams,-0.005687304754747442
SlotAv2_step3500,1231,7855,quickclips_visomaster_teams,0.019584881322982042
SlotAv2_step3500,1232,1417,quickclips_visomaster_teams,0.016856484630347474
SlotAv2_step3500,1233,1711,quickclips_visomaster_teams,0.015507425257387974
SlotAv2_step3500,1234,350,quickclips_visomaster_teams,0.016802596398869715
SlotAv2_step3500,1235,5164,quickclips_visomaster_teams,0.0236675050527232
SlotAv2_step3500,1236,598,quickclips_visomaster_teams,0.007534005752638587
SlotAv2_step3500,1237,6840,quickclips_visomaster_teams,0.017166942577257316
SlotAv2_step3500,1238,7412,quickclips_visomaster_teams,0.029934721144085172
SlotAv2_step3500,1239,7816,quickclips_visomaster_teams,-0.034535766775572685
SlotAv2_step3500,1240,7913,quickclips_visomaster_teams,0.006849556403504627
SlotAv2_step3500,1241,unknown_EimALxvXMQ0,quickclips_visomaster_teams,0.025676632498087125
SlotAv2_step3500,1242,1758,quickclips_visomaster_teams,0.012000161769355852
SlotAv2_step3500,1243,195,quickclips_visomaster_teams,0.003947974744207455
SlotAv2_step3500,1244,2449,quickclips_visomaster_teams,0.004442315010270564
SlotAv2_step3500,1245,5707,quickclips_visomaster_teams,0.01760709617709335
SlotAv2_step3500,1246,5778,quickclips_visomaster_teams,-0.007779955958695192
SlotAv2_step3500,1247,6038,quickclips_visomaster_teams,0.04538658739201873
SlotAv2_step3500,1248,6598,quickclips_visomaster_teams,0.00239764513886723
SlotAv2_step3500,1249,81,quickclips_visomaster_teams,-0.0009163851521336395
SlotAv2_step3500,1250,9384,quickclips_visomaster_teams,0.040948852292371565
SlotAv2_step3500,1251,9398,quickclips_visomaster_teams,0.00953366390918212
SlotAv2_step3500,1252,1057,quickclips_visomaster_teams,-0.015642289098615612
SlotAv2_step3500,1253,1366,quickclips_visomaster_teams,0.017633325893284486
SlotAv2_step3500,1254,3052,quickclips_visomaster_teams,0.030403176031916515
SlotAv2_step3500,1255,3719,quickclips_visomaster_teams,0.022633320346352043
SlotAv2_step3500,1256,5247,quickclips_visomaster_teams,-0.0051304705544499484
SlotAv2_step3500,1257,7316,quickclips_visomaster_teams,-0.0074809750059997016
SlotAv2_step3500,1258,7910,quickclips_visomaster_teams,0.02523474489931877
SlotAv2_step3500,1259,8230,quickclips_visomaster_teams,0.016423621934579562
SlotAv2_step3500,1260,1662,quickclips_visomaster_teams,0.014100165008009608
SlotAv2_step3500,1261,2050,quickclips_visomaster_teams,0.03640488016938108
SlotAv2_step3500,1262,2606,quickclips_visomaster_teams,0.017067193909168915
SlotAv2_step3500,1263,5614,quickclips_visomaster_teams,0.053639411588570864
SlotAv2_step3500,1264,5737,quickclips_visomaster_teams,-0.01786807541162588
SlotAv2_step3500,1265,6461,quickclips_visomaster_teams,0.005224088775731564
SlotAv2_step3500,1266,6476,quickclips_visomaster_teams,0.004975072162858824
SlotAv2_step3500,1267,6844,quickclips_visomaster_teams,0.014067926154206533
SlotAv2_step3500,1268,8176,quickclips_visomaster_teams,0.004796373712033407
SlotAv2_step3500,1269,1513,quickclips_visomaster_teams,0.03017843831128126
SlotAv2_step3500,1270,1607,quickclips_visomaster_teams,0.012860262385959359
SlotAv2_step3500,1271,2198,quickclips_visomaster_teams,0.06446799825122214
SlotAv2_step3500,1272,3951,quickclips_visomaster_teams,0.007967005049686955
SlotAv2_step3500,1273,4068,quickclips_visomaster_teams,0.07274934251524223
SlotAv2_step3500,1274,4090,quickclips_visomaster_teams,-0.01376660245236504
SlotAv2_step3500,1275,4754,quickclips_visomaster_teams,0.01997355345362675
SlotAv2_step3500,1276,6842,quickclips_visomaster_teams,0.02997880581375512
SlotAv2_step3500,1277,6868,quickclips_visomaster_teams,0.013919081953981874
SlotAv2_step3500,1278,1426,quickclips_visomaster_teams,-0.006752160083750491
SlotAv2_step3500,1279,1733,quickclips_visomaster_teams,0.0521836514336706
SlotAv2_step3500,1280,2133,quickclips_visomaster_teams,0.023000163227769897
SlotAv2_step3500,1281,2884,quickclips_visomaster_teams,0.0007132157585852976
SlotAv2_step3500,1282,415,quickclips_visomaster_teams,-0.006673287604302505
SlotAv2_step3500,1283,4934,quickclips_visomaster_teams,-0.00929874046976545
SlotAv2_step3500,1284,6259,quickclips_visomaster_teams,0.03931870125152337
SlotAv2_step3500,1285,786,quickclips_visomaster_teams,-0.0066527105441122145
SlotAv2_step3500,1286,1426,quickclips_visomaster_teams,-0.03049459216320307
SlotAv2_step3500,1287,156,quickclips_visomaster_teams,0.010860143811746999
SlotAv2_step3500,1288,1733,quickclips_visomaster_teams,0.04239459031630213
SlotAv2_step3500,1289,2133,quickclips_visomaster_teams,0.01899967325246802
SlotAv2_step3500,1290,2884,quickclips_visomaster_teams,0.0007105405130455177
SlotAv2_step3500,1291,415,quickclips_visomaster_teams,-0.01098031561746224
SlotAv2_step3500,1292,4934,quickclips_visomaster_teams,0.0045763959051345615
SlotAv2_step3500,1293,6259,quickclips_visomaster_teams,0.031689660249567056
SlotAv2_step3500,1294,786,quickclips_visomaster_teams,0.007254904222078107
SlotAv2_step3500,1295,1805,quickclips_visomaster_teams,-0.006217995617976296
SlotAv2_step3500,1296,182,quickclips_visomaster_teams,-0.0009829734914807986
SlotAv2_step3500,1297,1857,quickclips_visomaster_teams,0.01409756482251272
SlotAv2_step3500,1298,2738,quickclips_visomaster_teams,0.009622606719625896
SlotAv2_step3500,1299,4393,quickclips_visomaster_teams,0.085140735062824
SlotAv2_step3500,1300,5278,quickclips_visomaster_teams,0.013945999805938039
SlotAv2_step3500,1301,7629,quickclips_visomaster_teams,-0.06212204356437193
SlotAv2_step3500,1302,7807,quickclips_visomaster_teams,0.00303388704407853
SlotAv2_step3500,1303,7855,quickclips_visomaster_teams,0.02065174170157117
SlotAv2_step3500,1304,1711,quickclips_visomaster_teams,0.02795280261305746
SlotAv2_step3500,1305,350,quickclips_visomaster_teams,0.017949445730176417
SlotAv2_step3500,1306,5164,quickclips_visomaster_teams,0.004551462762729762
SlotAv2_step3500,1307,598,quickclips_visomaster_teams,0.0036951040848583866
SlotAv2_step3500,1308,6840,quickclips_visomaster_teams,0.015478184436327579
SlotAv2_step3500,1309,7412,quickclips_visomaster_teams,0.025232906839455553
SlotAv2_step3500,1310,7816,quickclips_visomaster_teams,-0.02844458769243096
SlotAv2_step3500,1311,7913,quickclips_visomaster_teams,0.0007905185556131063
SlotAv2_step3500,1312,unknown_EimALxvXMQ0,quickclips_visomaster_teams,0.01098153770564119
SlotAv2_step3500,1313,195,quickclips_visomaster_teams,0.00621901536581252
SlotAv2_step3500,1314,2449,quickclips_visomaster_teams,0.009571368462815769
SlotAv2_step3500,1315,4355,quickclips_visomaster_teams,0.043603484196819406
SlotAv2_step3500,1316,5707,quickclips_visomaster_teams,-0.0013911226301010042
SlotAv2_step3500,1317,5778,quickclips_visomaster_teams,-0.011387966109461214
SlotAv2_step3500,1318,6038,quickclips_visomaster_teams,0.03155074341500136
SlotAv2_step3500,1319,6598,quickclips_visomaster_teams,-0.0002446264785770109
SlotAv2_step3500,1320,81,quickclips_visomaster_teams,-0.012163244203989208
SlotAv2_step3500,1321,9384,quickclips_visomaster_teams,0.036643271132963916
SlotAv2_step3500,1322,9398,quickclips_visomaster_teams,-0.0014419834080810186
SlotAv2_step3500,1323,1057,quickclips_visomaster_teams,-0.01704428753566325
SlotAv2_step3500,1324,1366,quickclips_visomaster_teams,0.023417033282844595
SlotAv2_step3500,1325,1417,quickclips_visomaster_teams,0.003518309641643699
SlotAv2_step3500,1326,3052,quickclips_visomaster_teams,0.025810632026956392
SlotAv2_step3500,1327,3719,quickclips_visomaster_teams,0.0035302282359982616
SlotAv2_step3500,1328,5247,quickclips_visomaster_teams,-0.0050503922693099345
SlotAv2_step3500,1329,7316,quickclips_visomaster_teams,-0.027680281528464492
SlotAv2_step3500,1330,7910,quickclips_visomaster_teams,0.014126310677905155
SlotAv2_step3500,1331,8230,quickclips_visomaster_teams,0.012959774449587628
SlotAv2_step3500,1332,1662,quickclips_visomaster_teams,0.01849227600826666
SlotAv2_step3500,1333,2050,quickclips_visomaster_teams,0.007233587903216267
SlotAv2_step3500,1334,2606,quickclips_visomaster_teams,-0.003975568480093284
SlotAv2_step3500,1335,5614,quickclips_visomaster_teams,0.05764911164002272
SlotAv2_step3500,1336,5737,quickclips_visomaster_teams,-0.00019696772931892745
SlotAv2_step3500,1337,6461,quickclips_visomaster_teams,0.006791833478564017
SlotAv2_step3500,1338,6476,quickclips_visomaster_teams,0.00906182849449025
SlotAv2_step3500,1339,6844,quickclips_visomaster_teams,-0.03217788866913887
SlotAv2_step3500,1340,8176,quickclips_visomaster_teams,-0.015790619954360513
SlotAv2_step3500,1341,9325,quickclips_visomaster_teams,0.017706550732485133
SlotAv2_step3500,1342,1513,quickclips_visomaster_teams,0.040936817960300374
SlotAv2_step3500,1343,1607,quickclips_visomaster_teams,0.028784700389895376
SlotAv2_step3500,1344,2198,quickclips_visomaster_teams,0.05659553080530938
SlotAv2_step3500,1345,3951,quickclips_visomaster_teams,-0.0009506106055971429
SlotAv2_step3500,1346,4068,quickclips_visomaster_teams,0.08617525704851156
SlotAv2_step3500,1347,4090,quickclips_visomaster_teams,-0.022796041620436948
SlotAv2_step3500,1348,4754,quickclips_visomaster_teams,0.03911352628098279
SlotAv2_step3500,1349,6842,quickclips_visomaster_teams,0.013139535774339494
SlotAv2_step3500,1350,6868,quickclips_visomaster_teams,0.008608768766828924
SlotAv2_step3500,1351,2295,quickclips_visomaster_teams,0.0017291669251265737
SlotAv2_step3500,1352,2580,quickclips_visomaster_teams,0.024633849517838716
SlotAv2_step3500,1353,5379,quickclips_visomaster_teams,0.004853608715518306
SlotAv2_step3500,1354,5495,quickclips_visomaster_teams,0.005162035534364245
SlotAv2_step3500,1355,6218,quickclips_visomaster_teams,0.01302411440356923
SlotAv2_step3500,1356,6725,quickclips_visomaster_teams,0.021489558048342298
SlotAv2_step3500,1357,6731,quickclips_visomaster_teams,0.029436268912617993
SlotAv2_step3500,1358,8460,quickclips_visomaster_teams,0.018503671998331857
SlotAv2_step3500,1359,unknown_iow5V3Qlvwo,quickclips_visomaster_teams,0.008379732471155409
SlotAv2_step3500,1360,1949,quickclips_visomaster_teams,0.014789007320564068
SlotAv2_step3500,1361,2827,quickclips_visomaster_teams,0.02131972641138269
SlotAv2_step3500,1362,5634,quickclips_visomaster_teams,0.042213185536258156
SlotAv2_step3500,1363,6200,quickclips_visomaster_teams,-0.0075745938622486615
SlotAv2_step3500,1364,6250,quickclips_visomaster_teams,0.015657294772475933
SlotAv2_step3500,1365,8064,quickclips_visomaster_teams,0.009411311456929916
SlotAv2_step3500,1366,8278,quickclips_visomaster_teams,0.050980215204007556
SlotAv2_step3500,1367,8753,quickclips_visomaster_teams,0.024252261282404652
SlotAv2_step3500,1368,unknown_VAPgP3ONJVo,quickclips_visomaster_teams,0.00952055330478184
SlotAv2_step3500,1369,1554,quickclips_visomaster_teams,0.007024238372409449
SlotAv2_step3500,1370,1916,quickclips_visomaster_teams,0.01676067328422395
SlotAv2_step3500,1371,2004,quickclips_visomaster_teams,-0.004137568523679248
SlotAv2_step3500,1372,5176,quickclips_visomaster_teams,0.016810732863045637
SlotAv2_step3500,1373,5270,quickclips_visomaster_teams,0.042992958308319
SlotAv2_step3500,1374,5370,quickclips_visomaster_teams,0.015097974201731578
SlotAv2_step3500,1375,5731,quickclips_visomaster_teams,0.07711864752268993
SlotAv2_step3500,1376,6378,quickclips_visomaster_teams,-0.03580680628734304
SlotAv2_step3500,1377,2153,quickclips_visomaster_teams,0.029476552302162663
SlotAv2_step3500,1378,3209,quickclips_visomaster_teams,0.018013425865296313
SlotAv2_step3500,1379,4846,quickclips_visomaster_teams,0.06211436796450007
SlotAv2_step3500,1380,5179,quickclips_visomaster_teams,-4.66986848408138e-05
SlotAv2_step3500,1381,5233,quickclips_visomaster_teams,-0.058792991644536885
SlotAv2_step3500,1382,563,quickclips_visomaster_teams,-0.003570116047464297
SlotAv2_step3500,1383,5784,quickclips_visomaster_teams,0.015737497621566395
SlotAv2_step3500,1384,7333,quickclips_visomaster_teams,-0.00034724496739625124
SlotAv2_step3500,1385,8285,quickclips_visomaster_teams,0.041928556016058494
SlotAv2_step3500,1386,1164,quickclips_visomaster_teams,0.006355739303172684
SlotAv2_step3500,1387,164,quickclips_visomaster_teams,-0.020443555365319735
SlotAv2_step3500,1388,1902,quickclips_visomaster_teams,-0.04284265609417953
SlotAv2_step3500,1389,3433,quickclips_visomaster_teams,-0.000732970907285635
SlotAv2_step3500,1390,4438,quickclips_visomaster_teams,0.006297999806593173
SlotAv2_step3500,1391,7764,quickclips_visomaster_teams,0.003756173551713425
SlotAv2_step3500,1392,7772,quickclips_visomaster_teams,0.007070511634550377
SlotAv2_step3500,1393,8617,quickclips_visomaster_teams,0.057264324843200154
SlotAv2_step3500,1394,1647,quickclips_visomaster_teams,0.007734602130264399
SlotAv2_step3500,1395,1699,quickclips_visomaster_teams,-0.005333135206486915
SlotAv2_step3500,1396,181,quickclips_visomaster_teams,-0.03336008097333004
SlotAv2_step3500,1397,2633,quickclips_visomaster_teams,-0.016561958644773285
SlotAv2_step3500,1398,5071,quickclips_visomaster_teams,-0.01806395350335716
SlotAv2_step3500,1399,530,quickclips_visomaster_teams,0.024644842034271558
SlotAv2_step3500,1400,5354,quickclips_visomaster_teams,0.003693940677114549
SlotAv2_step3500,1401,684,quickclips_visomaster_teams,0.029005727681395047
SlotAv2_step3500,1402,7780,quickclips_visomaster_teams,0.01909672992484073
SlotAv2_step3500,1403,4722,quickclips_visomaster_teams,0.00274845088774696
SlotAv2_step3500,1404,5581,quickclips_visomaster_teams,0.04146387048001528
SlotAv2_step3500,1405,5827,quickclips_visomaster_teams,0.03596500911019948
SlotAv2_step3500,1406,6009,quickclips_visomaster_teams,0.08782574706710944
SlotAv2_step3500,1407,6819,quickclips_visomaster_teams,0.0026119078223822405
SlotAv2_step3500,1408,7425,quickclips_visomaster_teams,-0.010455844305746934
SlotAv2_step3500,1409,7522,quickclips_visomaster_teams,0.044934037219825244
SlotAv2_step3500,1410,7605,quickclips_visomaster_teams,-0.016056334068877878
SlotAv2_step3500,1411,8206,quickclips_visomaster_teams,0.09773890548988597
SlotAv2_step3500,1412,2051,quickclips_visomaster_teams,0.022324486499852178
SlotAv2_step3500,1413,4722,quickclips_visomaster_teams,-0.005082662476781958
SlotAv2_step3500,1414,5827,quickclips_visomaster_teams,0.03089129825693928
SlotAv2_step3500,1415,6009,quickclips_visomaster_teams,0.0806109651358426
SlotAv2_step3500,1416,6819,quickclips_visomaster_teams,-0.06755130375032566
SlotAv2_step3500,1417,7425,quickclips_visomaster_teams,0.017158026108273848
SlotAv2_step3500,1418,7522,quickclips_visomaster_teams,0.03648588107497342
SlotAv2_step3500,1419,7605,quickclips_visomaster_teams,-0.01814138343583358
SlotAv2_step3500,1420,8206,quickclips_visomaster_teams,0.04702229910704819
SlotAv2_step3500,1421,2295,quickclips_visomaster_teams,0.012624721135578856
SlotAv2_step3500,1422,2580,quickclips_visomaster_teams,0.009586811713835746
SlotAv2_step3500,1423,5379,quickclips_visomaster_teams,0.03458335491113883
SlotAv2_step3500,1424,5495,quickclips_visomaster_teams,0.01872034919554722
SlotAv2_step3500,1425,5581,quickclips_visomaster_teams,0.05352647117239383
SlotAv2_step3500,1426,6218,quickclips_visomaster_teams,0.030438036082483508
SlotAv2_step3500,1427,6725,quickclips_visomaster_teams,0.020607248302935702
SlotAv2_step3500,1428,6731,quickclips_visomaster_teams,0.0371434834155768
SlotAv2_step3500,1429,8460,quickclips_visomaster_teams,0.016650484726007442
SlotAv2_step3500,1430,unknown_iow5V3Qlvwo,quickclips_visomaster_teams,0.003292540975629338
SlotAv2_step3500,1431,1949,quickclips_visomaster_teams,0.02648921189598909
SlotAv2_step3500,1432,2827,quickclips_visomaster_teams,0.019383941657876567
SlotAv2_step3500,1433,5634,quickclips_visomaster_teams,0.03399658220529625
SlotAv2_step3500,1434,6200,quickclips_visomaster_teams,-0.007791533507641442
SlotAv2_step3500,1435,6250,quickclips_visomaster_teams,0.01718230522625811
SlotAv2_step3500,1436,8064,quickclips_visomaster_teams,-0.0049532848318529325
SlotAv2_step3500,1437,8278,quickclips_visomaster_teams,0.02191675186108054
SlotAv2_step3500,1438,8753,quickclips_visomaster_teams,0.0247574201899828
SlotAv2_step3500,1439,unknown_VAPgP3ONJVo,quickclips_visomaster_teams,0.016719692426081283
SlotAv2_step3500,1440,1554,quickclips_visomaster_teams,0.009300423337084892
SlotAv2_step3500,1441,2004,quickclips_visomaster_teams,0.004865863506374978
SlotAv2_step3500,1442,5176,quickclips_visomaster_teams,0.00910612326651595
SlotAv2_step3500,1443,5270,quickclips_visomaster_teams,0.03712237025700551
SlotAv2_step3500,1444,5370,quickclips_visomaster_teams,0.02134930355621699
SlotAv2_step3500,1445,5731,quickclips_visomaster_teams,0.07327837287320318
SlotAv2_step3500,1446,6378,quickclips_visomaster_teams,-0.025211725741397035
SlotAv2_step3500,1447,unknown_SS14c1PW_90,quickclips_visomaster_teams,-0.0033976055324182793
SlotAv2_step3500,1448,2153,quickclips_visomaster_teams,0.03570072582352155
SlotAv2_step3500,1449,3209,quickclips_visomaster_teams,0.020722373764549707
SlotAv2_step3500,1450,4846,quickclips_visomaster_teams,0.056704475180781415
SlotAv2_step3500,1451,5179,quickclips_visomaster_teams,-0.006758699252605579
SlotAv2_step3500,1452,5233,quickclips_visomaster_teams,-0.07627497167934558
SlotAv2_step3500,1453,563,quickclips_visomaster_teams,0.012295347320897043
SlotAv2_step3500,1454,5784,quickclips_visomaster_teams,0.014044208730096982
SlotAv2_step3500,1455,7333,quickclips_visomaster_teams,3.5677139847841224e-05
SlotAv2_step3500,1456,8285,quickclips_visomaster_teams,0.029869441643651864
SlotAv2_step3500,1457,1164,quickclips_visomaster_teams,0.004665001279252082
SlotAv2_step3500,1458,164,quickclips_visomaster_teams,-0.022315561474347642
SlotAv2_step3500,1459,3433,quickclips_visomaster_teams,0.018254862065031872
SlotAv2_step3500,1460,4438,quickclips_visomaster_teams,0.014260801680778968
SlotAv2_step3500,1461,5459,quickclips_visomaster_teams,0.005725165252999251
SlotAv2_step3500,1462,7764,quickclips_visomaster_teams,0.011203336933180996
SlotAv2_step3500,1463,7772,quickclips_visomaster_teams,-0.001354889943566126
SlotAv2_step3500,1464,8617,quickclips_visomaster_teams,0.06353127636261621
SlotAv2_step3500,1465,1647,quickclips_visomaster_teams,0.020354509820573012
SlotAv2_step3500,1466,181,quickclips_visomaster_teams,-0.014668070738285466
SlotAv2_step3500,1467,2633,quickclips_visomaster_teams,-0.0094934826757134
SlotAv2_step3500,1468,5071,quickclips_visomaster_teams,-0.018195436787662046
SlotAv2_step3500,1469,530,quickclips_visomaster_teams,0.0032744589347998817
SlotAv2_step3500,1470,5354,quickclips_visomaster_teams,-0.005913545256625926
SlotAv2_step3500,1471,684,quickclips_visomaster_teams,0.046501813711556685
SlotAv2_step3500,1472,7780,quickclips_visomaster_teams,0.011351342923965006
SlotAv2_step3500,1473,1900,quickclips_visomaster_teams,0.04589669961485002
SlotAv2_step3500,1474,1962,quickclips_visomaster_teams,0.06088398972720806
SlotAv2_step3500,1475,3226,quickclips_visomaster_teams,0.014119998619324902
SlotAv2_step3500,1476,4219,quickclips_visomaster_teams,0.018723514054846985
SlotAv2_step3500,1477,5584,quickclips_visomaster_teams,-0.008939332862861549
SlotAv2_step3500,1478,5897,quickclips_visomaster_teams,0.02160187395634601
SlotAv2_step3500,1479,8241,quickclips_visomaster_teams,-0.004492080169985056
SlotAv2_step3500,1480,9068,quickclips_visomaster_teams,0.04744455579522505
SlotAv2_step3500,1481,unknown_x1Efv_wF5LE,quickclips_visomaster_teams,0.0011725037109969472
SlotAv2_step3500,1482,178,quickclips_visomaster_teams,0.012473002615605525
SlotAv2_step3500,1483,2904,quickclips_visomaster_teams,0.05971938322938769
SlotAv2_step3500,1484,3884,quickclips_visomaster_teams,0.024139107925290063
SlotAv2_step3500,1485,4368,quickclips_visomaster_teams,0.060770584144821976
SlotAv2_step3500,1486,4435,quickclips_visomaster_teams,-0.01155248358520183
SlotAv2_step3500,1487,5093,quickclips_visomaster_teams,0.042630100817706296
SlotAv2_step3500,1488,6387,quickclips_visomaster_teams,0.0403463210868448
SlotAv2_step3500,1489,7938,quickclips_visomaster_teams,0.014326255735783765
SlotAv2_step3500,1490,8228,quickclips_visomaster_teams,0.012743807553113284
SlotAv2_step3500,1491,1064,quickclips_visomaster_teams,-0.004380713143590551
SlotAv2_step3500,1492,1261,quickclips_visomaster_teams,0.029287044924079977
SlotAv2_step3500,1493,2255,quickclips_visomaster_teams,-0.0020512217446774375
SlotAv2_step3500,1494,4088,quickclips_visomaster_teams,0.023355279184814334
SlotAv2_step3500,1495,4695,quickclips_visomaster_teams,0.007366541883695277
SlotAv2_step3500,1496,6420,quickclips_visomaster_teams,0.04005972092688702
SlotAv2_step3500,1497,6521,quickclips_visomaster_teams,0.0018865779282391682
SlotAv2_step3500,1498,unknown_VSqUVGCrOhk,quickclips_visomaster_teams,-0.013116273559152444
SlotAv2_step3500,1499,1212,quickclips_visomaster_teams,-0.01867197642984554
SlotAv2_step3500,1500,1558,quickclips_visomaster_teams,0.0011226990525927908
SlotAv2_step3500,1501,3834,quickclips_visomaster_teams,0.017878300164697075
SlotAv2_step3500,1502,4596,quickclips_visomaster_teams,0.024303567446570477
SlotAv2_step3500,1503,4978,quickclips_visomaster_teams,0.005571026547991274
SlotAv2_step3500,1504,4985,quickclips_visomaster_teams,0.022419878541159198
SlotAv2_step3500,1505,5618,quickclips_visomaster_teams,-0.0029736892583268238
SlotAv2_step3500,1506,6052,quickclips_visomaster_teams,0.021116368778487563
SlotAv2_step3500,1507,8242,quickclips_visomaster_teams,0.03498181761420738
SlotAv2_step3500,1508,9202,quickclips_visomaster_teams,0.015841341423705982
SlotAv2_step3500,1509,1860,quickclips_visomaster_teams,-0.008815448584675483
SlotAv2_step3500,1510,2204,quickclips_visomaster_teams,-0.002271289955602463
SlotAv2_step3500,1511,4418,quickclips_visomaster_teams,0.02238374671511787
SlotAv2_step3500,1512,5792,quickclips_visomaster_teams,-0.029073853354130173
SlotAv2_step3500,1513,6278,quickclips_visomaster_teams,-0.002382282061247496
SlotAv2_step3500,1514,8430,quickclips_visomaster_teams,0.024819186732910087
SlotAv2_step3500,1515,9089,quickclips_visomaster_teams,-0.011931757475361706
SlotAv2_step3500,1516,9345,quickclips_visomaster_teams,0.005939469686404825
SlotAv2_step3500,1517,9409,quickclips_visomaster_teams,-0.029657526480826382
SlotAv2_step3500,1518,unknown_3SNSZSaonnk,quickclips_visomaster_teams,-0.007714455150363577
SlotAv2_step3500,1519,1199,quickclips_visomaster_teams,0.0208412032704565
SlotAv2_step3500,1520,2273,quickclips_visomaster_teams,-0.00558304858588982
SlotAv2_step3500,1521,248,quickclips_visomaster_teams,-0.006676283218533225
SlotAv2_step3500,1522,280,quickclips_visomaster_teams,0.022071923223349475
SlotAv2_step3500,1523,403,quickclips_visomaster_teams,0.03918364287562612
SlotAv2_step3500,1524,6306,quickclips_visomaster_teams,-0.022502102775614048
SlotAv2_step3500,1525,65,quickclips_visomaster_teams,0.01690501497868963
SlotAv2_step3500,1526,9246,quickclips_visomaster_teams,0.048884177519099486
SlotAv2_step3500,1527,170,quickclips_visomaster_teams,0.00711479657791113
SlotAv2_step3500,1528,4424,quickclips_visomaster_teams,-0.052416248513279515
SlotAv2_step3500,1529,4897,quickclips_visomaster_teams,0.002569464750438325
SlotAv2_step3500,1530,6817,quickclips_visomaster_teams,0.06300107949105625
SlotAv2_step3500,1531,7799,quickclips_visomaster_teams,0.08788948865711853
SlotAv2_step3500,1532,7981,quickclips_visomaster_teams,0.008600002691341337
SlotAv2_step3500,1533,1185,quickclips_visomaster_teams,0.034689943473292885
SlotAv2_step3500,1534,170,quickclips_visomaster_teams,-0.013713813716244087
SlotAv2_step3500,1535,4424,quickclips_visomaster_teams,-0.014973434610323117
SlotAv2_step3500,1536,4897,quickclips_visomaster_teams,0.012500064873075308
SlotAv2_step3500,1537,6817,quickclips_visomaster_teams,0.09318316619436265
SlotAv2_step3500,1538,7799,quickclips_visomaster_teams,0.056869852204395284
SlotAv2_step3500,1539,7981,quickclips_visomaster_teams,-0.0018349906269813608
SlotAv2_step3500,1540,8006,quickclips_visomaster_teams,0.014869991205032318
SlotAv2_step3500,1541,9197,quickclips_visomaster_teams,0.027851856931593134
SlotAv2_step3500,1542,1900,quickclips_visomaster_teams,0.009166603758902703
SlotAv2_step3500,1543,1962,quickclips_visomaster_teams,0.0801644404484623
SlotAv2_step3500,1544,3226,quickclips_visomaster_teams,-0.001959039970152527
SlotAv2_step3500,1545,4219,quickclips_visomaster_teams,0.005883506247259005
SlotAv2_step3500,1546,5584,quickclips_visomaster_teams,0.000220538434253409
SlotAv2_step3500,1547,5897,quickclips_visomaster_teams,0.017675970328971394
SlotAv2_step3500,1548,8241,quickclips_visomaster_teams,-0.01196620387914277
SlotAv2_step3500,1549,9068,quickclips_visomaster_teams,0.019210577233936495
SlotAv2_step3500,1550,unknown_x1Efv_wF5LE,quickclips_visomaster_teams,0.0010168132615269113
SlotAv2_step3500,1551,178,quickclips_visomaster_teams,0.01354524100927273
SlotAv2_step3500,1552,2904,quickclips_visomaster_teams,0.05245319134575446
SlotAv2_step3500,1553,3884,quickclips_visomaster_teams,0.028282512426683726
SlotAv2_step3500,1554,4368,quickclips_visomaster_teams,0.030500959033280626
SlotAv2_step3500,1555,4435,quickclips_visomaster_teams,-0.01807424567500468
SlotAv2_step3500,1556,5093,quickclips_visomaster_teams,0.0460427707751636
SlotAv2_step3500,1557,6387,quickclips_visomaster_teams,0.006534482981408265
SlotAv2_step3500,1558,7938,quickclips_visomaster_teams,0.008695075713556398
SlotAv2_step3500,1559,8228,quickclips_visomaster_teams,-0.011129254340457027
SlotAv2_step3500,1560,1064,quickclips_visomaster_teams,-0.0022182053035990097
SlotAv2_step3500,1561,1261,quickclips_visomaster_teams,0.02898119792004871
SlotAv2_step3500,1562,2255,quickclips_visomaster_teams,0.02052681262072373
SlotAv2_step3500,1563,4088,quickclips_visomaster_teams,0.02534825534607563
SlotAv2_step3500,1564,4695,quickclips_visomaster_teams,0.001264172921589292
SlotAv2_step3500,1565,6420,quickclips_visomaster_teams,0.05031728319676443
SlotAv2_step3500,1566,unknown_VSqUVGCrOhk,quickclips_visomaster_teams,0.02487147367722476
SlotAv2_step3500,1567,1212,quickclips_visomaster_teams,-0.004515321405658237
SlotAv2_step3500,1568,1558,quickclips_visomaster_teams,0.0017419850543354451
SlotAv2_step3500,1569,3834,quickclips_visomaster_teams,0.020091435386819022
SlotAv2_step3500,1570,4596,quickclips_visomaster_teams,0.03680741890004071
SlotAv2_step3500,1571,4978,quickclips_visomaster_teams,-0.004904854392239789
SlotAv2_step3500,1572,4985,quickclips_visomaster_teams,0.016343455566872934
SlotAv2_step3500,1573,6052,quickclips_visomaster_teams,0.05313121741890836
SlotAv2_step3500,1574,8242,quickclips_visomaster_teams,0.0071960085016099865
SlotAv2_step3500,1575,9202,quickclips_visomaster_teams,0.04108933125579198
SlotAv2_step3500,1576,1860,quickclips_visomaster_teams,0.01697581812624613
SlotAv2_step3500,1577,2204,quickclips_visomaster_teams,0.016503816959005442
SlotAv2_step3500,1578,4418,quickclips_visomaster_teams,-0.03093344473044919
SlotAv2_step3500,1579,5792,quickclips_visomaster_teams,0.0031186430424596113
SlotAv2_step3500,1580,8430,quickclips_visomaster_teams,0.024444773909339596
SlotAv2_step3500,1581,9089,quickclips_visomaster_teams,-0.029156273769126252
SlotAv2_step3500,1582,9345,quickclips_visomaster_teams,-0.008097037032997051
SlotAv2_step3500,1583,9409,quickclips_visomaster_teams,0.0011593498998280242
SlotAv2_step3500,1584,unknown_3SNSZSaonnk,quickclips_visomaster_teams,0.0015317837861050544
SlotAv2_step3500,1585,1199,quickclips_visomaster_teams,0.016912028352300018
SlotAv2_step3500,1586,2273,quickclips_visomaster_teams,-0.009239966030486556
SlotAv2_step3500,1587,248,quickclips_visomaster_teams,-0.03610008986089508
SlotAv2_step3500,1588,280,quickclips_visomaster_teams,0.02192800804678432
SlotAv2_step3500,1589,403,quickclips_visomaster_teams,0.0035260044801991635
SlotAv2_step3500,1590,5618,quickclips_visomaster_teams,-0.017676955722685378
SlotAv2_step3500,1591,6306,quickclips_visomaster_teams,0.009486999294292895
SlotAv2_step3500,1592,65,quickclips_visomaster_teams,0.013828566420182656
SlotAv2_step3500,1593,jy9gOzticS8,quickclips_visomaster_teams,-0.004497381551216129
SlotAv2_step3500,1594,wqNu6pNRAR4,quickclips_visomaster_teams,0.10488917987260384
SlotAv2_step3500,1595,139JznBeH-8,quickclips_visomaster_teams,0.053018411220702694
SlotAv2_step3500,1596,Vw3T_2O5kIo,quickclips_visomaster_teams,0.012607793162379932
SlotAv2_step3500,1597,cmkZwuidcRI,quickclips_visomaster_teams,0.04902720552574897
SlotAv2_step3500,1598,aSHfTCdZRrQ,quickclips_visomaster_teams,-0.024676434205247563
SlotAv2_step3500,1599,pDiQ5W6CIM4,quickclips_visomaster_teams,0.02492896555245128
SlotAv2_step3500,1600,wE_pVFZTK9g,quickclips_visomaster_teams,0.03110520763732111
SlotAv2_step3500,1601,eI3eK87etAk,quickclips_visomaster_teams,0.003853553271446075
SlotAv2_step3500,1602,HJgyiVgLVwY,quickclips_visomaster_teams,0.025161175439345665
SlotAv2_step3500,1603,GIgRsGvOEI8,quickclips_visomaster_teams,0.015451739892658248
SlotAv2_step3500,1604,T3cY113SlTI,quickclips_visomaster_teams,-0.014772780486802002
SlotAv2_step3500,1605,Mbd6Vl7UmBI,quickclips_visomaster_teams,-0.04958297311726671
SlotAv2_step3500,1606,KxyceG1IkGY,quickclips_visomaster_teams,0.04007391695955419
SlotAv2_step3500,1607,8Bwgk9qYpaA,quickclips_visomaster_teams,0.004483160655472246
SlotAv2_step3500,1608,7tPaTyy1zgM,quickclips_visomaster_teams,-0.003744358642486765
SlotAv2_step3500,1609,6Nc9oXEDfAc,quickclips_visomaster_teams,-0.01631699960901628
SlotAv2_step3500,1610,BjVqQCT5rRg,quickclips_visomaster_teams,0.003487813083013103
SlotAv2_step3500,1611,hFTQ0oxSaVM,quickclips_visomaster_teams,0.022942028682704417
SlotAv2_step3500,1612,Bz9sTBNHfgw,quickclips_visomaster_teams,-0.017389403268952254
SlotAv2_step3500,1613,Ab2oTYPzZdE,quickclips_visomaster_teams,-0.004071770820773658
SlotAv2_step3500,1614,MqGBNwyqUxw,quickclips_visomaster_teams,-0.011890450395893003
SlotAv2_step3500,1615,U4q9COX1_vU,quickclips_visomaster_teams,0.04863603953080682
SlotAv2_step3500,1616,KfVo1ibgDJ8,quickclips_visomaster_teams,0.07186480878196533
SlotAv2_step3500,1617,cvxqafWT7RY,quickclips_visomaster_teams,-0.10618234492017173
SlotAv2_step3500,1618,Pl0mNynQBeM,quickclips_visomaster_teams,-0.038246049510436544
SlotAv2_step3500,1619,PS_oFG9W0fw,quickclips_visomaster_teams,0.041939582885213364
SlotAv2_step3500,1620,nUpQLN9Ot1g,quickclips_visomaster_teams,0.023860751766562088
SlotAv2_step3500,1621,-QR1vtnCEUY,quickclips_visomaster_teams,0.02220599591626375
SlotAv2_step3500,1622,Pl0mNynQBeM,quickclips_visomaster_teams,0.007917291328388629
SlotAv2_step3500,1623,PS_oFG9W0fw,quickclips_visomaster_teams,0.04277132972859274
SlotAv2_step3500,1624,nUpQLN9Ot1g,quickclips_visomaster_teams,0.01867823907304504
SlotAv2_step3500,1625,-QR1vtnCEUY,quickclips_visomaster_teams,0.016735106566498167
SlotAv2_step3500,1626,jy9gOzticS8,quickclips_visomaster_teams,0.007366398322655604
SlotAv2_step3500,1627,wqNu6pNRAR4,quickclips_visomaster_teams,0.11024304240328428
SlotAv2_step3500,1628,Vw3T_2O5kIo,quickclips_visomaster_teams,0.060222115299202406
SlotAv2_step3500,1629,cmkZwuidcRI,quickclips_visomaster_teams,0.049314487831723
SlotAv2_step3500,1630,aSHfTCdZRrQ,quickclips_visomaster_teams,0.0034059730056786117
SlotAv2_step3500,1631,fLhcspXD78Y,quickclips_visomaster_teams,0.018928230828446958
SlotAv2_step3500,1632,pDiQ5W6CIM4,quickclips_visomaster_teams,0.024669062460593374
SlotAv2_step3500,1633,eI3eK87etAk,quickclips_visomaster_teams,0.010252007664176228
SlotAv2_step3500,1634,GIgRsGvOEI8,quickclips_visomaster_teams,0.015167403255749726
SlotAv2_step3500,1635,139JznBeH-8,quickclips_visomaster_teams,0.06270172956764167
SlotAv2_step3500,1636,T3cY113SlTI,quickclips_visomaster_teams,-0.001187344111264435
SlotAv2_step3500,1637,Mbd6Vl7UmBI,quickclips_visomaster_teams,-0.09351461020207336
SlotAv2_step3500,1638,KxyceG1IkGY,quickclips_visomaster_teams,0.015050704018738481
SlotAv2_step3500,1639,8Bwgk9qYpaA,quickclips_visomaster_teams,0.004709024109363554
SlotAv2_step3500,1640,7tPaTyy1zgM,quickclips_visomaster_teams,-0.01967977328092935
SlotAv2_step3500,1641,6Nc9oXEDfAc,quickclips_visomaster_teams,-0.002139671591097842
SlotAv2_step3500,1642,CO_QH6qk550,quickclips_visomaster_teams,-0.00545282608587258
SlotAv2_step3500,1643,HJgyiVgLVwY,quickclips_visomaster_teams,0.01992755981559246
SlotAv2_step3500,1644,BjVqQCT5rRg,quickclips_visomaster_teams,0.004090541972030614
SlotAv2_step3500,1645,hFTQ0oxSaVM,quickclips_visomaster_teams,0.012776139025692345
SlotAv2_step3500,1646,Bz9sTBNHfgw,quickclips_visomaster_teams,-0.023531470354197788
SlotAv2_step3500,1647,ny7faOdFbeE,quickclips_visomaster_teams,-0.005449355501769112
SlotAv2_step3500,1648,MqGBNwyqUxw,quickclips_visomaster_teams,-0.0002917642107653374
SlotAv2_step3500,1649,U4q9COX1_vU,quickclips_visomaster_teams,0.04187316574281276
SlotAv2_step3500,1650,KfVo1ibgDJ8,quickclips_visomaster_teams,0.08281154691288296
SlotAv2_step3500,1651,cvxqafWT7RY,quickclips_visomaster_teams,0.004221832384648017
SlotAv2_step3500,1652,Lz4anX7bKd4,quickclips_visomaster_teams,-0.028576292768591992
SlotAv2_step3500,1653,r297MmAo_ao,quickclips_visomaster_teams,0.01981407659282451
SlotAv2_step3500,1654,Xw0_SNuN1eE,quickclips_visomaster_teams,0.002477952796764186
SlotAv2_step3500,1655,XRA3N9wyN6I,quickclips_visomaster_teams,0.0181801062808954
SlotAv2_step3500,1656,FPm0ugLloe8,quickclips_visomaster_teams,0.0060376937037471025
SlotAv2_step3500,1657,TWxmnQDQwPA,quickclips_visomaster_teams,-0.017482818770811776
SlotAv2_step3500,1658,fFHDc6R1mgo,quickclips_visomaster_teams,0.007568145868880368
SlotAv2_step3500,1659,TfqXiNpJl98,quickclips_visomaster_teams,0.014550662604663749
SlotAv2_step3500,1660,3vTKjvIcsPU,quickclips_visomaster_teams,0.02809573914319328
SlotAv2_step3500,1661,KkCXMQ4Vl-E,quickclips_visomaster_teams,-0.013008434969112364
SlotAv2_step3500,1662,Jrd6POciCBI,quickclips_visomaster_teams,-0.11535423704385764
SlotAv2_step3500,1663,pKimBAKQbzY,quickclips_visomaster_teams,0.06612590122532139
SlotAv2_step3500,1664,_HrtWwT5CsY,quickclips_visomaster_teams,-0.040631615998245434
SlotAv2_step3500,1665,wE_pVFZTK9g,quickclips_visomaster_teams,0.031968907911194035
SlotAv2_step3500,1666,2c1gN-g3YDo,quickclips_visomaster_teams,0.015588812574522663
SlotAv2_step3500,1667,LBb8Rqa29cQ,quickclips_visomaster_teams,0.020077212984116216
SlotAv2_step3500,1668,WPOH_MsASyI,quickclips_visomaster_teams,0.07784119777868619
SlotAv2_step3500,1669,r7JQRKps8Jk,quickclips_visomaster_teams,0.014883403597449604
SlotAv2_step3500,1670,BSe2iwALvio,quickclips_visomaster_teams,0.005890412044341982
SlotAv2_step3500,1671,ahXM2GAv_gs,quickclips_visomaster_teams,0.018297042250242937
SlotAv2_step3500,1672,i_IH09XTPDQ,quickclips_visomaster_teams,0.07070804859426966
SlotAv2_step3500,1673,IKHUqeniNtE,quickclips_visomaster_teams,-0.007235462082783582
SlotAv2_step3500,1674,nr8SVuBO02E,quickclips_visomaster_teams,0.014172317362042991
SlotAv2_step3500,1675,vQkRvYJTi_Y,quickclips_visomaster_teams,0.0238783614608076
SlotAv2_step3500,1676,PH43PCc0ADA,quickclips_visomaster_teams,0.007893540547203655
SlotAv2_step3500,1677,P79ugKVKqiU,quickclips_visomaster_teams,0.011312027881043126
SlotAv2_step3500,1678,knKnIVIx08I,quickclips_visomaster_teams,-0.07332518664534181
SlotAv2_step3500,1679,7nob6GOFW2M,quickclips_visomaster_teams,0.028450993007782054
SlotAv2_step3500,1680,wiyQQOg9COg,quickclips_visomaster_teams,0.07059366197575011
SlotAv2_step3500,1681,Yq138Fn-F9E,quickclips_visomaster_teams,0.020084189441942
SlotAv2_step3500,1682,knKnIVIx08I,quickclips_visomaster_teams,-0.058971698300081164
SlotAv2_step3500,1683,7nob6GOFW2M,quickclips_visomaster_teams,0.0008322297835398826
SlotAv2_step3500,1684,wiyQQOg9COg,quickclips_visomaster_teams,0.06012013505051511
SlotAv2_step3500,1685,Yq138Fn-F9E,quickclips_visomaster_teams,0.029322700205713842
SlotAv2_step3500,1686,Lz4anX7bKd4,quickclips_visomaster_teams,-0.03773503204682155
SlotAv2_step3500,1687,7vbiLARZJtk,quickclips_visomaster_teams,-0.031781697003681504
SlotAv2_step3500,1688,r297MmAo_ao,quickclips_visomaster_teams,0.02624599250345687
SlotAv2_step3500,1689,Xw0_SNuN1eE,quickclips_visomaster_teams,-0.001122583416261697
SlotAv2_step3500,1690,FPm0ugLloe8,quickclips_visomaster_teams,0.0021452870098579383
SlotAv2_step3500,1691,fFHDc6R1mgo,quickclips_visomaster_teams,0.0027818724934617622
SlotAv2_step3500,1692,TfqXiNpJl98,quickclips_visomaster_teams,0.019309791828443005
SlotAv2_step3500,1693,3vTKjvIcsPU,quickclips_visomaster_teams,0.036035394812070846
SlotAv2_step3500,1694,KkCXMQ4Vl-E,quickclips_visomaster_teams,-0.117785188052003
SlotAv2_step3500,1695,Jrd6POciCBI,quickclips_visomaster_teams,-0.10070841632761207
SlotAv2_step3500,1696,pKimBAKQbzY,quickclips_visomaster_teams,0.08114170636195167
SlotAv2_step3500,1697,_HrtWwT5CsY,quickclips_visomaster_teams,-0.006446153926471812
SlotAv2_step3500,1698,XRA3N9wyN6I,quickclips_visomaster_teams,-0.00021252325372352662
SlotAv2_step3500,1699,2c1gN-g3YDo,quickclips_visomaster_teams,0.017274347272056796
SlotAv2_step3500,1700,TWxmnQDQwPA,quickclips_visomaster_teams,-0.0020801536178518777
SlotAv2_step3500,1701,LBb8Rqa29cQ,quickclips_visomaster_teams,0.009455201492844064
SlotAv2_step3500,1702,WPOH_MsASyI,quickclips_visomaster_teams,0.07012617248004323
SlotAv2_step3500,1703,r7JQRKps8Jk,quickclips_visomaster_teams,0.022155218915176442
SlotAv2_step3500,1704,BSe2iwALvio,quickclips_visomaster_teams,-0.004278185645263361
SlotAv2_step3500,1705,ahXM2GAv_gs,quickclips_visomaster_teams,-1.201457617169252e-05
SlotAv2_step3500,1706,i_IH09XTPDQ,quickclips_visomaster_teams,0.07373988284197543
SlotAv2_step3500,1707,CO_QH6qk550,quickclips_visomaster_teams,-0.01409565749698507
SlotAv2_step3500,1708,IKHUqeniNtE,quickclips_visomaster_teams,0.006495880389009896
SlotAv2_step3500,1709,nr8SVuBO02E,quickclips_visomaster_teams,0.0290422821632005
SlotAv2_step3500,1710,vQkRvYJTi_Y,quickclips_visomaster_teams,0.013276431745782857
SlotAv2_step3500,1711,PH43PCc0ADA,quickclips_visomaster_teams,-0.008759279710646498
SlotAv2_step3500,1712,P79ugKVKqiU,quickclips_visomaster_teams,0.01740222947334289
SlotAv2_step3500,1713,LtE9DQnNZRw,quickclips_visomaster_teams,0.013055327712079519
SlotAv2_step3500,1714,GrGYgitDaUY,quickclips_visomaster_teams,0.07518196997420554
SlotAv2_step3500,1715,oAPYM1_dAtY,quickclips_visomaster_teams,-0.003093527544279536
SlotAv2_step3500,1716,Q6N6HEl3Y3U,quickclips_visomaster_teams,0.006971994992159698
SlotAv2_step3500,1717,ujHmvxpFWzs,quickclips_visomaster_teams,0.047809734602715225
SlotAv2_step3500,1718,h6SMszFMa8M,quickclips_visomaster_teams,-0.0068412501844319
SlotAv2_step3500,1719,CsuXDLbRlgQ,quickclips_visomaster_teams,-0.00593607471964314
SlotAv2_step3500,1720,6QN-rwcl7dg,quickclips_visomaster_teams,0.0017664518385965139
SlotAv2_step3500,1721,E1lAH0_Ifng,quickclips_visomaster_teams,0.03963792209166744
SlotAv2_step3500,1722,JFJ9BBacnls,quickclips_visomaster_teams,0.023286380741865825
SlotAv2_step3500,1723,dtJVDWFrVME,quickclips_visomaster_teams,-0.0011875652723439588
SlotAv2_step3500,1724,vQ2e_o5Zf8w,quickclips_visomaster_teams,0.032158163308061746
SlotAv2_step3500,1725,oUCQH11m-yY,quickclips_visomaster_teams,0.009532853352876325
SlotAv2_step3500,1726,J_1PEVB2nyc,quickclips_visomaster_teams,-0.0011671928299893403
SlotAv2_step3500,1727,dQvGUSmzWD0,quickclips_visomaster_teams,-0.03218379053577031
SlotAv2_step3500,1728,vwr57bqqI9g,quickclips_visomaster_teams,-0.01126708552024205
SlotAv2_step3500,1729,K6KEksIuIq8,quickclips_visomaster_teams,0.009300244098129396
SlotAv2_step3500,1730,a_GL0K3yo4s,quickclips_visomaster_teams,-0.01930699868197841
SlotAv2_step3500,1731,7sZ2VsPDw8U,quickclips_visomaster_teams,0.014164855287572529
SlotAv2_step3500,1732,mw0LGzIKvoo,quickclips_visomaster_teams,0.014630891201410753
SlotAv2_step3500,1733,ncgEECML7ng,quickclips_visomaster_teams,-0.0076391126846656054
SlotAv2_step3500,1734,jm4E3PYAIy4,quickclips_visomaster_teams,0.04036799513962615
SlotAv2_step3500,1735,IkN6eM3acc4,quickclips_visomaster_teams,0.01626189879189769
SlotAv2_step3500,1736,WoOUbinKeF0,quickclips_visomaster_teams,-0.0035253662607465045
SlotAv2_step3500,1737,6zy9pysDdME,quickclips_visomaster_teams,0.027301223713907162
SlotAv2_step3500,1738,JfGfktwGCao,quickclips_visomaster_teams,0.029794115931097022
SlotAv2_step3500,1739,V-FB9fZtdAk,quickclips_visomaster_teams,-0.027874805131152366
SlotAv2_step3500,1740,fQCBzW_T1TY,quickclips_visomaster_teams,0.00037731567616115964
SlotAv2_step3500,1741,6zy9pysDdME,quickclips_visomaster_teams,0.04346856433029529
SlotAv2_step3500,1742,JfGfktwGCao,quickclips_visomaster_teams,0.04736363042266685
SlotAv2_step3500,1743,V-FB9fZtdAk,quickclips_visomaster_teams,-0.03420892330806465
SlotAv2_step3500,1744,LtE9DQnNZRw,quickclips_visomaster_teams,0.013294351271455977
SlotAv2_step3500,1745,GrGYgitDaUY,quickclips_visomaster_teams,0.05789200151805007
SlotAv2_step3500,1746,Q6N6HEl3Y3U,quickclips_visomaster_teams,0.035634423275154044
SlotAv2_step3500,1747,ujHmvxpFWzs,quickclips_visomaster_teams,0.05511178329990967
SlotAv2_step3500,1748,oAPYM1_dAtY,quickclips_visomaster_teams,-0.015185106075144618
SlotAv2_step3500,1749,h6SMszFMa8M,quickclips_visomaster_teams,0.062410990430636026
SlotAv2_step3500,1750,CsuXDLbRlgQ,quickclips_visomaster_teams,-0.017094397814544596
SlotAv2_step3500,1751,6QN-rwcl7dg,quickclips_visomaster_teams,-0.005619933788782538
SlotAv2_step3500,1752,E1lAH0_Ifng,quickclips_visomaster_teams,0.03895189350597887
SlotAv2_step3500,1753,JFJ9BBacnls,quickclips_visomaster_teams,0.026035789687311343
SlotAv2_step3500,1754,dtJVDWFrVME,quickclips_visomaster_teams,0.026897650327918958
SlotAv2_step3500,1755,vQ2e_o5Zf8w,quickclips_visomaster_teams,0.031220410185084497
SlotAv2_step3500,1756,oUCQH11m-yY,quickclips_visomaster_teams,0.00512807141316144
SlotAv2_step3500,1757,J_1PEVB2nyc,quickclips_visomaster_teams,0.004276989686385572
SlotAv2_step3500,1758,dQvGUSmzWD0,quickclips_visomaster_teams,0.0020297948302269043
SlotAv2_step3500,1759,vwr57bqqI9g,quickclips_visomaster_teams,-0.018639103838553484
SlotAv2_step3500,1760,K6KEksIuIq8,quickclips_visomaster_teams,0.013427236471300797
SlotAv2_step3500,1761,a_GL0K3yo4s,quickclips_visomaster_teams,-0.012775973706565986
SlotAv2_step3500,1762,7sZ2VsPDw8U,quickclips_visomaster_teams,0.016881252173997024
SlotAv2_step3500,1763,mw0LGzIKvoo,quickclips_visomaster_teams,0.04018986273651784
SlotAv2_step3500,1764,ncgEECML7ng,quickclips_visomaster_teams,-0.002699560282028978
SlotAv2_step3500,1765,jm4E3PYAIy4,quickclips_visomaster_teams,0.04576811704888216
SlotAv2_step3500,1766,IkN6eM3acc4,quickclips_visomaster_teams,0.013853810413085832
SlotAv2_step3500,1767,WoOUbinKeF0,quickclips_visomaster_teams,0.006547902251732843
SlotAv2_step3500,1768,4Zsh1MdoKiE,quickclips_visomaster_teams,0.013956854590351495
SlotAv2_step3500,1769,86sBla6aOuU,quickclips_visomaster_teams,-0.028710305341426903
SlotAv2_step3500,1770,cKBLEyNbbjQ,quickclips_visomaster_teams,0.012324518786468711
SlotAv2_step3500,1771,KOKpwJ8qcQI,quickclips_visomaster_teams,-0.030448557835158145
SlotAv2_step3500,1772,8Yomhcg2pf4,quickclips_visomaster_teams,-0.0025193388853127943
SlotAv2_step3500,1773,_--vXPVmaqQ,quickclips_visomaster_teams,0.10879278264641531
SlotAv2_step3500,1774,LBb8Rqa29cQ_scene067,quickclips_visomaster_teams,0.01995811459791432
SlotAv2_step3500,1775,LqtVslFhIw0,quickclips_visomaster_teams,-0.01948728870824737
SlotAv2_step3500,1776,TPDgjwIGN9Y,quickclips_visomaster_teams,0.031477023574908634
SlotAv2_step3500,1777,ZPT-nU4A8eE,quickclips_visomaster_teams,-0.02110559483620574
SlotAv2_step3500,1778,TQo9NNYl1DY,quickclips_visomaster_teams,0.009363196992974984
SlotAv2_step3500,1779,LcmG49--mDM,quickclips_visomaster_teams,0.0025092505957573733
SlotAv2_step3500,1780,z9TUMru19U4,quickclips_visomaster_teams,-0.0033798870227771116
SlotAv2_step3500,1781,h8JE5rzZ9Bg,quickclips_visomaster_teams,0.012394920380247396
SlotAv2_step3500,1782,rpHDeLcLrRI,quickclips_visomaster_teams,-0.02849378870498743
SlotAv2_step3500,1783,AYLVZdWafTQ,quickclips_visomaster_teams,0.03421054983307087
SlotAv2_step3500,1784,G1DEbEqPYWs,quickclips_visomaster_teams,0.03167471403093167
SlotAv2_step3500,1785,JVnprg2SVxA,quickclips_visomaster_teams,0.005459059396301133
SlotAv2_step3500,1786,LTbJAth-vNo,quickclips_visomaster_teams,0.015268055611959734
SlotAv2_step3500,1787,UfjanzTGEhA,quickclips_visomaster_teams,-0.0035560577658509864
SlotAv2_step3500,1788,49r9VxBt2Nc,quickclips_visomaster_teams,0.022210609296087386
SlotAv2_step3500,1789,jf5z5YsGbQY,quickclips_visomaster_teams,0.00590872935506993
SlotAv2_step3500,1790,0Hn3GMnjzAM,quickclips_visomaster_teams,-0.006629841581638391
SlotAv2_step3500,1791,bypw_xjirNk,quickclips_visomaster_teams,-0.011671781882634196
SlotAv2_step3500,1792,WUWamwmwgtg,quickclips_visomaster_teams,0.005080468103398548
SlotAv2_step3500,1793,_kyB9qF5JrQ,quickclips_visomaster_teams,-0.00921588018110131
SlotAv2_step3500,1794,6rzWZmvtrA8,quickclips_visomaster_teams,0.03218533325463067
SlotAv2_step3500,1795,XKpXrD3SMsg,quickclips_visomaster_teams,0.001787053355084568
SlotAv2_step3500,1796,WUWamwmwgtg,quickclips_visomaster_teams,0.03527788068060657
SlotAv2_step3500,1797,_kyB9qF5JrQ,quickclips_visomaster_teams,-0.022185436960424233
SlotAv2_step3500,1798,6rzWZmvtrA8,quickclips_visomaster_teams,0.03175683662646753
SlotAv2_step3500,1799,XKpXrD3SMsg,quickclips_visomaster_teams,0.004275290049244158
SlotAv2_step3500,1800,4Zsh1MdoKiE,quickclips_visomaster_teams,0.030596449781797874
SlotAv2_step3500,1801,zoV8oxh_Ap0,quickclips_visomaster_teams,0.015757100098267626
SlotAv2_step3500,1802,86sBla6aOuU,quickclips_visomaster_teams,-0.04347411066011711
SlotAv2_step3500,1803,cKBLEyNbbjQ,quickclips_visomaster_teams,0.009798750728353338
SlotAv2_step3500,1804,KOKpwJ8qcQI,quickclips_visomaster_teams,-0.037938728022560854
SlotAv2_step3500,1805,8Yomhcg2pf4,quickclips_visomaster_teams,0.0027577091494318563
SlotAv2_step3500,1806,_--vXPVmaqQ,quickclips_visomaster_teams,0.06526238152819513
SlotAv2_step3500,1807,LBb8Rqa29cQ_scene067,quickclips_visomaster_teams,0.01146324225893091
SlotAv2_step3500,1808,caVBqnDm_7s,quickclips_visomaster_teams,0.03569927879665054
SlotAv2_step3500,1809,LqtVslFhIw0,quickclips_visomaster_teams,-0.014002329916950364
SlotAv2_step3500,1810,TPDgjwIGN9Y,quickclips_visomaster_teams,0.032101674512888985
SlotAv2_step3500,1811,ZPT-nU4A8eE,quickclips_visomaster_teams,-0.02086551670570056
SlotAv2_step3500,1812,vm_UDFbu3LY,quickclips_visomaster_teams,0.013395762337113225
SlotAv2_step3500,1813,z9TUMru19U4,quickclips_visomaster_teams,-0.005297369838964415
SlotAv2_step3500,1814,h8JE5rzZ9Bg,quickclips_visomaster_teams,0.004962755891937756
SlotAv2_step3500,1815,rpHDeLcLrRI,quickclips_visomaster_teams,-0.005776929124572571
SlotAv2_step3500,1816,AYLVZdWafTQ,quickclips_visomaster_teams,0.005466970650542793
SlotAv2_step3500,1817,G1DEbEqPYWs,quickclips_visomaster_teams,0.021899221487195406
SlotAv2_step3500,1818,JVnprg2SVxA,quickclips_visomaster_teams,-0.0065051995161958896
SlotAv2_step3500,1819,LTbJAth-vNo,quickclips_visomaster_teams,0.012024293937353303
SlotAv2_step3500,1820,UfjanzTGEhA,quickclips_visomaster_teams,-0.021520924253553404
SlotAv2_step3500,1821,LcmG49--mDM,quickclips_visomaster_teams,0.002525618437403658
SlotAv2_step3500,1822,49r9VxBt2Nc,quickclips_visomaster_teams,0.03273119794008038
SlotAv2_step3500,1823,jf5z5YsGbQY,quickclips_visomaster_teams,0.030394810226431566
SlotAv2_step3500,1824,0Hn3GMnjzAM,quickclips_visomaster_teams,-0.0103955947539944
SlotAv2_step3500,1825,bypw_xjirNk,quickclips_visomaster_teams,-0.008102088334513731
T5C_step3500,0,RD_Radio14,hdtf_visomaster_teams,0.015385328725152402
T5C_step3500,1,RD_Radio27,hdtf_visomaster_teams,-0.016212805681318533
T5C_step3500,2,RD_Radio33,hdtf_visomaster_teams,0.03589066813781355
T5C_step3500,3,RD_Radio38,hdtf_visomaster_teams,0.07029391920384373
T5C_step3500,4,RD_Radio51,hdtf_visomaster_teams,-0.008418103514000075
T5C_step3500,5,WDA_BrianSchatz0,hdtf_visomaster_teams,0.05850650378034881
T5C_step3500,6,WDA_JoeDonnelly,hdtf_visomaster_teams,0.03745880767611548
T5C_step3500,7,WRA_DebFischer2,hdtf_visomaster_teams,0.018740467683179007
T5C_step3500,8,WRA_JohnKasich3,hdtf_visomaster_teams,0.017174307140302193
T5C_step3500,9,WRA_MarshaBlackburn0,hdtf_visomaster_teams,0.011812182443362467
T5C_step3500,10,WRA_PeterRoskam0,hdtf_visomaster_teams,-0.020588699410452556
T5C_step3500,11,WRA_ReincePriebus,hdtf_visomaster_teams,0.02827372764202237
T5C_step3500,12,RD_Radio45,hdtf_visomaster_teams,0.04489007788280555
T5C_step3500,13,WDA_CatherineCortezMasto,hdtf_visomaster_teams,0.04740675575141553
T5C_step3500,14,WDA_ChrisCoons1,hdtf_visomaster_teams,0.015828827601149176
T5C_step3500,15,WDA_DebbieDingell1,hdtf_visomaster_teams,0.03187800396536798
T5C_step3500,16,WDA_EricSwalwell,hdtf_visomaster_teams,0.0073242339656776415
T5C_step3500,17,WRA_CoryGardner,hdtf_visomaster_teams,0.03096106107946026
T5C_step3500,18,WRA_DavidVitter,hdtf_visomaster_teams,0.051111515100544284
T5C_step3500,19,WRA_DianeBlack1,hdtf_visomaster_teams,0.008044808252753277
T5C_step3500,20,WRA_JoeHeck1,hdtf_visomaster_teams,0.021442440331910454
T5C_step3500,21,WRA_RichardShelby,hdtf_visomaster_teams,0.032692085218949035
T5C_step3500,22,WRA_RogerWicker1,hdtf_visomaster_teams,0.04692623767145307
T5C_step3500,23,WDA_JackReed0,hdtf_visomaster_teams,0.017475105408104236
T5C_step3500,24,WRA_MarcoRubio,hdtf_visomaster_teams,0.00031346879652032595
T5C_step3500,25,RD_Radio29,hdtf_visomaster_teams,0.031993627791253906
T5C_step3500,26,RD_Radio36,hdtf_visomaster_teams,0.002507600876145805
T5C_step3500,27,RD_Radio53,hdtf_visomaster_teams,0.013965030453400145
T5C_step3500,28,WDA_AmyKlobuchar1,hdtf_visomaster_teams,0.02822268444660847
T5C_step3500,29,WDA_BobCasey1,hdtf_visomaster_teams,0.008696158527566167
T5C_step3500,30,WDA_LucyMcBath,hdtf_visomaster_teams,0.004658410244097336
T5C_step3500,31,WRA_CoryGardner0,hdtf_visomaster_teams,0.0189034470782544
T5C_step3500,32,WRA_DebFischer1,hdtf_visomaster_teams,0.017376638295900887
T5C_step3500,33,WRA_ErikPaulsen,hdtf_visomaster_teams,0.010068914530069273
T5C_step3500,34,WRA_RogerWicker2,hdtf_visomaster_teams,-0.0013112451262115815
T5C_step3500,35,WDA_StenyHoyer,hdtf_visomaster_teams,0.06112585538966109
T5C_step3500,36,WDA_ZoeLofgren,hdtf_visomaster_teams,-0.003095263171338213
T5C_step3500,37,WRA_AllenWest,hdtf_visomaster_teams,-0.018662080400451187
T5C_step3500,38,WRA_DebFischer0,hdtf_visomaster_teams,0.06118460914100809
T5C_step3500,39,WRA_JohnBoehner1,hdtf_visomaster_teams,0.027985875386998857
T5C_step3500,40,WRA_JoniErnst1,hdtf_visomaster_teams,0.02296074806917988
T5C_step3500,41,WRA_MarkwayneMullin,hdtf_visomaster_teams,0.008362851938472173
T5C_step3500,42,WDA_TimWalz,hdtf_visomaster_teams,0.0008384238633509719
T5C_step3500,43,WRA_JoePitts,hdtf_visomaster_teams,0.005465549183280916
T5C_step3500,44,WRA_RobPortman,hdtf_visomaster_teams,0.010670893988439178
T5C_step3500,45,WDA_ElijahCummings,hdtf_visomaster_teams,-4.851592162365484e-05
T5C_step3500,46,WDA_VeronicaEscobar0,hdtf_visomaster_teams,-0.030039329030111053
T5C_step3500,47,WRA_JaimeHerreraBeutler0,hdtf_visomaster_teams,0.043879825306777503
T5C_step3500,48,WRA_PaulRyan1,hdtf_visomaster_teams,-0.007211200566180898
T5C_step3500,49,RD_Radio13,hdtf_visomaster_teams,0.04489177152570179
T5C_step3500,50,WDA_ChuckSchumer1,hdtf_visomaster_teams,0.010082124496729692
T5C_step3500,51,WDA_JoaquinCastro,hdtf_visomaster_teams,0.0036410966995804733
T5C_step3500,52,WDA_LloydDoggett0,hdtf_visomaster_teams,0.0004505933199168387
T5C_step3500,53,WDA_PeterDeFazio,hdtf_visomaster_teams,0.02563216130871379
T5C_step3500,54,WDA_RichardNeal0,hdtf_visomaster_teams,0.0034075031916125124
T5C_step3500,55,WDA_TammyBaldwin1,hdtf_visomaster_teams,-0.004756190030005089
T5C_step3500,56,WRA_JohnKasich1,hdtf_visomaster_teams,0.011385696634502465
T5C_step3500,57,WRA_PeteHoekstra,hdtf_visomaster_teams,-0.0027896147362501135
T5C_step3500,58,RD_Radio2,hdtf_visomaster_teams,0.021574828255164564
T5C_step3500,59,RD_Radio41,hdtf_visomaster_teams,0.03078613288793794
T5C_step3500,60,RD_Radio8,hdtf_visomaster_teams,0.02351724093290824
T5C_step3500,61,WDA_AndyKim,hdtf_visomaster_teams,-0.01947490348300188
T5C_step3500,62,WDA_BarbaraLee1,hdtf_visomaster_teams,-0.006717746653414129
T5C_step3500,63,WDA_CedricRichmond,hdtf_visomaster_teams,0.006456256126157116
T5C_step3500,64,WDA_ChrisCoons,hdtf_visomaster_teams,0.04537286197833269
T5C_step3500,65,WDA_ChrisMurphy1,hdtf_visomaster_teams,0.015845752327798692
T5C_step3500,66,WDA_DebbieWassermanSchultz,hdtf_visomaster_teams,-0.008973784362639164
T5C_step3500,67,WDA_DonaldMcEachin,hdtf_visomaster_teams,0.011217607637205721
T5C_step3500,68,WDA_DonnaShalala1,hdtf_visomaster_teams,-0.003310405519951517
T5C_step3500,69,WDA_HillaryClinton,hdtf_visomaster_teams,0.003937712117611841
T5C_step3500,70,WDA_JoeCrowley0,hdtf_visomaster_teams,0.011535845184838744
T5C_step3500,71,WDA_JoeManchin,hdtf_visomaster_teams,0.0556478616310065
T5C_step3500,72,WDA_JohnSarbanes1,hdtf_visomaster_teams,0.002083118531785521
T5C_step3500,73,WDA_KarenBass,hdtf_visomaster_teams,0.016115575115187887
T5C_step3500,74,WDA_LaurenUnderwood,hdtf_visomaster_teams,0.015273062592648514
T5C_step3500,75,WDA_LisaBluntRochester,hdtf_visomaster_teams,0.0454683896117668
T5C_step3500,76,WDA_MichaelBennet,hdtf_visomaster_teams,0.025113626783807658
T5C_step3500,77,WDA_MichelleLujanGrisham,hdtf_visomaster_teams,0.0045109317130509535
T5C_step3500,78,WDA_NancyPelosi3,hdtf_visomaster_teams,0.0017039944574069011
T5C_step3500,79,WDA_PeterDeFazio,hdtf_visomaster_teams,0.030833922285100658
T5C_step3500,80,WDA_ScottPeters1,hdtf_visomaster_teams,-0.005418237929983541
T5C_step3500,81,WDA_SheldonWhitehouse1,hdtf_visomaster_teams,0.011436223856727542
T5C_step3500,82,WDA_TammyBaldwin1,hdtf_visomaster_teams,0.008457953220953662
T5C_step3500,83,WDA_TomUdall,hdtf_visomaster_teams,0.02810461914854552
T5C_step3500,84,WRA_CarlyFiorina0,hdtf_visomaster_teams,0.009073102233839968
T5C_step3500,85,WRA_EricCantor,hdtf_visomaster_teams,-0.005644551566047155
T5C_step3500,86,WRA_GeorgeLeMieux,hdtf_visomaster_teams,-0.00012093069475130574
T5C_step3500,87,WRA_JebHensarling0,hdtf_visomaster_teams,-0.007715253963614287
T5C_step3500,88,WRA_JebHensarling2,hdtf_visomaster_teams,0.03744904761195156
T5C_step3500,89,WRA_JimRisch,hdtf_visomaster_teams,0.002176334140410594
T5C_step3500,90,WRA_JohnKasich1,hdtf_visomaster_teams,0.009685939029015067
T5C_step3500,91,WRA_KayBaileyHutchison,hdtf_visomaster_teams,0.010563720918648222
T5C_step3500,92,WRA_KevinMcCarthy0,hdtf_visomaster_teams,0.005910897982607936
T5C_step3500,93,WRA_LamarAlexander0,hdtf_visomaster_teams,0.004885768532970247
T5C_step3500,94,WRA_NanHayworth,hdtf_visomaster_teams,-0.0035073453009862167
T5C_step3500,95,WRA_PeteHoekstra,hdtf_visomaster_teams,0.002727989309060654
T5C_step3500,96,WRA_RogerWicker0,hdtf_visomaster_teams,0.012416276709902311
T5C_step3500,97,WRA_SteveDaines0,hdtf_visomaster_teams,0.0111356285082485
T5C_step3500,98,WRA_TomPrice,hdtf_visomaster_teams,0.014586510086012404
T5C_step3500,99,RD_Radio35,hdtf_visomaster_teams,0.005675155410470209
T5C_step3500,100,RD_Radio57,hdtf_visomaster_teams,0.0007727650431267382
T5C_step3500,101,WDA_AdamSmith,hdtf_visomaster_teams,0.013466303127363907
T5C_step3500,102,WDA_BernieSanders,hdtf_visomaster_teams,0.029954842863043327
T5C_step3500,103,WDA_BillRichardson,hdtf_visomaster_teams,0.0006243493852529582
T5C_step3500,104,WDA_DebbieDingell0,hdtf_visomaster_teams,0.016952942338577245
T5C_step3500,105,WDA_DianaDeGette1,hdtf_visomaster_teams,-0.00017670727796147536
T5C_step3500,106,WDA_JackReed0,hdtf_visomaster_teams,0.011247435491732342
T5C_step3500,107,WDA_VeronicaEscobar0,hdtf_visomaster_teams,0.059225755576070536
T5C_step3500,108,WRA_DuncanHunter,hdtf_visomaster_teams,0.015718092622768222
T5C_step3500,109,WRA_JohnBarrasso0,hdtf_visomaster_teams,0.006317519034556025
T5C_step3500,110,WDA_ChrisCoons1,hdtf_visomaster_teams,0.012993508474754
T5C_step3500,111,WDA_DebbieDingell1,hdtf_visomaster_teams,0.013548047842627553
T5C_step3500,112,WDA_EricSwalwell,hdtf_visomaster_teams,0.03837546956854038
T5C_step3500,113,WDA_HakeemJeffries,hdtf_visomaster_teams,0.07086917830126735
T5C_step3500,114,WDA_HenryWaxman,hdtf_visomaster_teams,0.016095503395212648
T5C_step3500,115,WRA_CoryGardner,hdtf_visomaster_teams,0.050734238551680966
T5C_step3500,116,WRA_RichardShelby,hdtf_visomaster_teams,0.02831294531095696
T5C_step3500,117,RD_Radio34,hdtf_visomaster_teams,-0.006018328014658344
T5C_step3500,118,RD_Radio39,hdtf_visomaster_teams,0.06475843314706264
T5C_step3500,119,RD_Radio51,hdtf_visomaster_teams,0.047462926074067845
T5C_step3500,120,WDA_DanKildee1,hdtf_visomaster_teams,0.0050506129638924445
T5C_step3500,121,WDA_FrankPallone0,hdtf_visomaster_teams,0.029218874534680337
T5C_step3500,122,WDA_TedDeutch,hdtf_visomaster_teams,-0.004753473685320483
T5C_step3500,123,WDA_TimWalz,hdtf_visomaster_teams,0.007647915136163262
T5C_step3500,124,WRA_JoePitts,hdtf_visomaster_teams,0.010394881094353343
T5C_step3500,125,WRA_JohnBoozman,hdtf_visomaster_teams,0.01748982422056055
T5C_step3500,126,WRA_JohnHoeven,hdtf_visomaster_teams,0.03245587688505335
T5C_step3500,127,WRA_JohnKasich3,hdtf_visomaster_teams,0.015221667112592164
T5C_step3500,128,WRA_MitchDaniels0,hdtf_visomaster_teams,0.04721636225150716
T5C_step3500,129,WRA_RobPortman,hdtf_visomaster_teams,0.05281340111883165
T5C_step3500,130,WDA_BobbyScott,hdtf_visomaster_teams,-0.018305420396216913
T5C_step3500,131,WDA_KimSchrier,hdtf_visomaster_teams,0.07189046758231842
T5C_step3500,132,WDA_KirstenGillibrand,hdtf_visomaster_teams,0.008645594278905495
T5C_step3500,133,WDA_RaulRuiz,hdtf_visomaster_teams,0.01560901661793073
T5C_step3500,134,WDA_TinaSmith,hdtf_visomaster_teams,-0.0030382476565269795
T5C_step3500,135,WRA_CoryGardner0,hdtf_visomaster_teams,0.02259130951745434
T5C_step3500,136,WRA_CoryGardner1,hdtf_visomaster_teams,0.029743824227604
T5C_step3500,137,WRA_ErikPaulsen,hdtf_visomaster_teams,0.0017255053105484299
T5C_step3500,138,WRA_JaimeHerreraBeutler0,hdtf_visomaster_teams,0.03537761964500013
T5C_step3500,139,WRA_KevinBrady,hdtf_visomaster_teams,0.04686468691933352
T5C_step3500,140,WRA_KristiNoem2,hdtf_visomaster_teams,-0.003525233935925754
T5C_step3500,141,RD_Radio48,hdtf_visomaster_teams,0.022915214342984838
T5C_step3500,142,RD_Radio9,hdtf_visomaster_teams,0.07391500470992465
T5C_step3500,143,WDA_ChuckSchumer0,hdtf_visomaster_teams,0.030640664639789567
T5C_step3500,144,WDA_EdMarkey0,hdtf_visomaster_teams,0.008487401423861143
T5C_step3500,145,WDA_EliotEngel,hdtf_visomaster_teams,-0.007862003219304362
T5C_step3500,146,WDA_FrankPallone1,hdtf_visomaster_teams,-0.004551034271044298
T5C_step3500,147,WDA_GerryConnolly,hdtf_visomaster_teams,0.03259188703017561
T5C_step3500,148,WDA_JonTester0,hdtf_visomaster_teams,0.04572878400433687
T5C_step3500,149,WDA_NancyPelosi0,hdtf_visomaster_teams,0.008420120467001652
T5C_step3500,150,WDA_TerriSewell0,hdtf_visomaster_teams,0.011162167799092224
T5C_step3500,151,WRA_AllenWest,hdtf_visomaster_teams,0.025307158019621027
T5C_step3500,152,WRA_JoniErnst0,hdtf_visomaster_teams,0.012480566097580094
T5C_step3500,153,WRA_MarshaBlackburn0,hdtf_visomaster_teams,0.016783619376363322
T5C_step3500,154,WRA_MittRomney,hdtf_visomaster_teams,0.03237793713688018
T5C_step3500,155,RD_Radio33,hdtf_visomaster_teams,0.07408033203274463
T5C_step3500,156,RD_Radio5,hdtf_visomaster_teams,-0.015101567676090385
T5C_step3500,157,WDA_CarolynMaloney1,hdtf_visomaster_teams,0.01417418589522472
T5C_step3500,158,WDA_JoeKennedy,hdtf_visomaster_teams,0.007858822518183688
T5C_step3500,159,WDA_ScottPeters0,hdtf_visomaster_teams,0.023065792878454994
T5C_step3500,160,WDA_StenyHoyer,hdtf_visomaster_teams,0.0664418214610093
T5C_step3500,161,WDA_ZoeLofgren,hdtf_visomaster_teams,0.0008823134133049753
T5C_step3500,162,WRA_DebFischer0,hdtf_visomaster_teams,0.06431438568984908
T5C_step3500,163,WRA_GregWalden,hdtf_visomaster_teams,0.036254233340981254
T5C_step3500,164,WRA_GregWalden1,hdtf_visomaster_teams,-0.004393441305819048
T5C_step3500,165,WRA_JoniErnst1,hdtf_visomaster_teams,0.013743980236751678
T5C_step3500,166,WRA_MarkwayneMullin,hdtf_visomaster_teams,0.022841833446303392
T5C_step3500,167,WRA_MichaelSteele,hdtf_visomaster_teams,0.02680614964884742
T5C_step3500,168,WRA_PatRoberts,hdtf_visomaster_teams,0.03320583707208564
T5C_step3500,169,WRA_PeterRoskam0,hdtf_visomaster_teams,-0.02471214304296713
T5C_step3500,170,RD_Radio14,hdtf_visomaster_teams,0.041232981380462407
T5C_step3500,171,RD_Radio27,hdtf_visomaster_teams,-0.007611116774494008
T5C_step3500,172,RD_Radio36,hdtf_visomaster_teams,0.010546779883930947
T5C_step3500,173,RD_Radio49,hdtf_visomaster_teams,0.006273899104619486
T5C_step3500,174,RD_Radio53,hdtf_visomaster_teams,0.028742800631332627
T5C_step3500,175,WDA_JoeDonnelly,hdtf_visomaster_teams,0.014372843515562292
T5C_step3500,176,WDA_MazieHirono0,hdtf_visomaster_teams,5.825453378456406e-06
T5C_step3500,177,WDA_MikeThompson0,hdtf_visomaster_teams,0.011874502258390058
T5C_step3500,178,WDA_RichardNeal1,hdtf_visomaster_teams,0.016975262004526804
T5C_step3500,179,WRA_JebHensarling1,hdtf_visomaster_teams,0.0015423564950378691
T5C_step3500,180,WRA_JohnBarrasso1,hdtf_visomaster_teams,0.004664169256081069
T5C_step3500,181,WRA_MikeEnzi,hdtf_visomaster_teams,0.06594956078920276
T5C_step3500,182,WRA_RogerWicker2,hdtf_visomaster_teams,0.010669402339130595
T5C_step3500,183,WRA_ShelleyMooreCapito1,hdtf_visomaster_teams,0.007034038342329577
T5C_step3500,184,RD_Radio16,hdtf_visomaster_teams,0.10078312981912628
T5C_step3500,185,RD_Radio17,hdtf_visomaster_teams,0.005435859009881723
T5C_step3500,186,RD_Radio31,hdtf_visomaster_teams,0.009420110394618306
T5C_step3500,187,RD_Radio37,hdtf_visomaster_teams,0.020794710001022832
T5C_step3500,188,RD_Radio41,hdtf_visomaster_teams,-0.009022553812022879
T5C_step3500,189,RD_Radio45,hdtf_visomaster_teams,-0.005573000926187443
T5C_step3500,190,RD_Radio49,hdtf_visomaster_teams,0.03129783200499732
T5C_step3500,191,WDA_AlexandriaOcasioCortez,hdtf_visomaster_teams,0.028682034405140937
T5C_step3500,192,WDA_BarbaraLee0,hdtf_visomaster_teams,0.005252011490936503
T5C_step3500,193,WDA_BenRayLujn,hdtf_visomaster_teams,-0.002285862806025222
T5C_step3500,194,WDA_BrendaLawrence,hdtf_visomaster_teams,0.006600761903007844
T5C_step3500,195,WDA_CatherineCortezMasto,hdtf_visomaster_teams,0.05829514517182443
T5C_step3500,196,WDA_DebHaaland,hdtf_visomaster_teams,-0.006990081360152018
T5C_step3500,197,WDA_DebbieStabenow0,hdtf_visomaster_teams,-0.002209673738447531
T5C_step3500,198,WDA_JamesClyburn,hdtf_visomaster_teams,0.020269108621791224
T5C_step3500,199,WDA_JanSchakowsky0,hdtf_visomaster_teams,-0.0053780981370611745
T5C_step3500,200,WDA_JoeCrowley0,hdtf_visomaster_teams,-4.676747849983662e-06
T5C_step3500,201,WDA_KarenBass,hdtf_visomaster_teams,0.04504123991663681
T5C_step3500,202,WDA_KathyCastor1,hdtf_visomaster_teams,-0.006057187732514105
T5C_step3500,203,WDA_LaurenUnderwood,hdtf_visomaster_teams,0.029584262719436608
T5C_step3500,204,WDA_MazieHirono0,hdtf_visomaster_teams,0.007995769736582267
T5C_step3500,205,WDA_NancyPelosi1,hdtf_visomaster_teams,-0.0022561377367891493
T5C_step3500,206,WDA_PatrickLeahy1,hdtf_visomaster_teams,0.004103084707781346
T5C_step3500,207,WDA_RichardBlumenthal,hdtf_visomaster_teams,0.00958155384573918
T5C_step3500,208,WDA_RichardNeal1,hdtf_visomaster_teams,0.011958521084081896
T5C_step3500,209,WDA_SuzanDelBene,hdtf_visomaster_teams,0.0090362894303323
T5C_step3500,210,WDA_TedLieu,hdtf_visomaster_teams,0.017093679125720747
T5C_step3500,211,WDA_WhipJimClyburn,hdtf_visomaster_teams,0.004903360476806162
T5C_step3500,212,WRA_AdamKinzinger1,hdtf_visomaster_teams,0.005131464683589565
T5C_step3500,213,WRA_AustinScott0,hdtf_visomaster_teams,0.027286657710057213
T5C_step3500,214,WRA_CandiceMiller0,hdtf_visomaster_teams,-0.0014628682418980745
T5C_step3500,215,WRA_CathyMcMorrisRodgers2,hdtf_visomaster_teams,0.02350549307068258
T5C_step3500,216,WRA_DianeBlack1,hdtf_visomaster_teams,0.012468468130293944
T5C_step3500,217,WRA_EricCantor,hdtf_visomaster_teams,0.023181836752555127
T5C_step3500,218,WRA_GeorgeLeMieux,hdtf_visomaster_teams,0.02355415508683107
T5C_step3500,219,WRA_JebHensarling1,hdtf_visomaster_teams,0.034779177787194346
T5C_step3500,220,WRA_JeffFlake,hdtf_visomaster_teams,0.041637661799109785
T5C_step3500,221,WRA_JimRisch,hdtf_visomaster_teams,-0.005368618501409161
T5C_step3500,222,WRA_KristiNoem1,hdtf_visomaster_teams,0.0008276129451496614
T5C_step3500,223,WRA_ShelleyMooreCapito0,hdtf_visomaster_teams,0.01396040881708335
T5C_step3500,224,WRA_VickyHartzler,hdtf_visomaster_teams,-0.009382144215070932
T5C_step3500,225,RD_Radio51,hdtf_visomaster_teams,-0.01411895777605809
T5C_step3500,226,WDA_AndyKim,hdtf_visomaster_teams,-0.020298841815722973
T5C_step3500,227,WDA_DickDurbin,hdtf_visomaster_teams,-0.0042724838773477835
T5C_step3500,228,WDA_LisaBluntRochester,hdtf_visomaster_teams,0.048682321016783756
T5C_step3500,229,WDA_MaggieHassan,hdtf_visomaster_teams,0.006127650070674821
T5C_step3500,230,WDA_MichaelBennet,hdtf_visomaster_teams,0.008519252037909108
T5C_step3500,231,WDA_PattyMurray0,hdtf_visomaster_teams,0.049056639724983295
T5C_step3500,232,WDA_SeanCasten,hdtf_visomaster_teams,0.015095269494390919
T5C_step3500,233,WDA_TammyDuckworth,hdtf_visomaster_teams,0.005697231056687709
T5C_step3500,234,WDA_TedDeutch,hdtf_visomaster_teams,0.010603020559657346
T5C_step3500,235,WRA_JohnKasich3,hdtf_visomaster_teams,0.020706157400449718
T5C_step3500,236,WRA_KayBaileyHutchison,hdtf_visomaster_teams,-0.0012911436895026301
T5C_step3500,237,WRA_MitchDaniels0,hdtf_visomaster_teams,0.09583471345795945
T5C_step3500,238,WRA_TimScott,hdtf_visomaster_teams,-0.01142076474107938
T5C_step3500,239,RD_Radio12,hdtf_visomaster_teams,0.018606510524785375
T5C_step3500,240,RD_Radio59,hdtf_visomaster_teams,0.016719455003571186
T5C_step3500,241,RD_Radio8,hdtf_visomaster_teams,-0.020488343447627923
T5C_step3500,242,WDA_AmyKlobuchar0,hdtf_visomaster_teams,-0.0017790752622181389
T5C_step3500,243,WDA_AndyLevin,hdtf_visomaster_teams,0.015057352612204537
T5C_step3500,244,WDA_CedricRichmond,hdtf_visomaster_teams,-0.002883107095606451
T5C_step3500,245,WDA_ChrisMurphy1,hdtf_visomaster_teams,0.010606651587229378
T5C_step3500,246,WDA_PeterDeFazio,hdtf_visomaster_teams,0.023405321870223116
T5C_step3500,247,WDA_TammyBaldwin1,hdtf_visomaster_teams,0.015531128020697824
T5C_step3500,248,WRA_JohnKasich1,hdtf_visomaster_teams,-0.005744102685507694
T5C_step3500,249,WRA_PeteHoekstra,hdtf_visomaster_teams,-0.0021890568644648786
T5C_step3500,250,WRA_TomCotton,hdtf_visomaster_teams,0.011592251249151355
T5C_step3500,251,WDA_BarbaraLee1,hdtf_visomaster_teams,-0.013114443583259097
T5C_step3500,252,WDA_DavidCicilline,hdtf_visomaster_teams,0.00037977739868065054
T5C_step3500,253,WDA_DebbieDingell1,hdtf_visomaster_teams,0.029210893903801285
T5C_step3500,254,WDA_DebbieWassermanSchultz,hdtf_visomaster_teams,-0.007339498685403673
T5C_step3500,255,WDA_EricSwalwell,hdtf_visomaster_teams,0.007866202558740758
T5C_step3500,256,WDA_JohnSarbanes1,hdtf_visomaster_teams,0.003816763164803975
T5C_step3500,257,WRA_CarlyFiorina0,hdtf_visomaster_teams,-0.0003960844975676303
T5C_step3500,258,WRA_JebHensarling2,hdtf_visomaster_teams,0.023598805771309413
T5C_step3500,259,WRA_JoeHeck1,hdtf_visomaster_teams,0.015324597059063706
T5C_step3500,260,WRA_LamarAlexander0,hdtf_visomaster_teams,0.00501331518828217
T5C_step3500,261,WRA_NanHayworth,hdtf_visomaster_teams,0.016798646220500736
T5C_step3500,262,WRA_RichardShelby,hdtf_visomaster_teams,0.051991572692647904
T5C_step3500,263,RD_Radio33,hdtf_visomaster_teams,0.02775759667727709
T5C_step3500,264,RD_Radio36,hdtf_visomaster_teams,0.013010459667624857
T5C_step3500,265,RD_Radio53,hdtf_visomaster_teams,0.025230852212830928
T5C_step3500,266,WDA_DebbieStabenow1,hdtf_visomaster_teams,0.008870482799371339
T5C_step3500,267,WDA_JonTester1,hdtf_visomaster_teams,0.024174722997158463
T5C_step3500,268,WDA_KatieHill,hdtf_visomaster_teams,-0.006057907542015457
T5C_step3500,269,WDA_MikeThompson0,hdtf_visomaster_teams,0.026999178654782713
T5C_step3500,270,WDA_ScottPeters0,hdtf_visomaster_teams,0.023667309254748747
T5C_step3500,271,WRA_GregWalden,hdtf_visomaster_teams,0.06162623453831329
T5C_step3500,272,WRA_JebHensarling0,hdtf_visomaster_teams,0.0004957962801019407
T5C_step3500,273,WRA_MikeEnzi,hdtf_visomaster_teams,0.05059726416341172
T5C_step3500,274,WRA_PatRoberts,hdtf_visomaster_teams,0.04335367188708231
T5C_step3500,275,WRA_PeterRoskam0,hdtf_visomaster_teams,-0.028158931873784928
T5C_step3500,276,RD_Radio29,hdtf_visomaster_teams,0.028926419305754535
T5C_step3500,277,RD_Radio57,hdtf_visomaster_teams,0.002923580128583205
T5C_step3500,278,WDA_BernieSanders,hdtf_visomaster_teams,0.01405332173755645
T5C_step3500,279,WDA_BillRichardson,hdtf_visomaster_teams,0.0011540325118702946
T5C_step3500,280,WDA_JoeKennedy,hdtf_visomaster_teams,0.024711624073260424
T5C_step3500,281,WDA_KirstenGillibrand,hdtf_visomaster_teams,-0.01155846850641936
T5C_step3500,282,WDA_LucyMcBath,hdtf_visomaster_teams,-0.003773703925010353
T5C_step3500,283,WDA_StenyHoyer,hdtf_visomaster_teams,0.056620233787523164
T5C_step3500,284,WDA_ZoeLofgren,hdtf_visomaster_teams,0.02053495096823133
T5C_step3500,286,WRA_DebFischer0,hdtf_visomaster_teams,0.04252046358349526
T5C_step3500,287,WRA_ErikPaulsen,hdtf_visomaster_teams,0.014730477670391429
T5C_step3500,288,WRA_JoniErnst1,hdtf_visomaster_teams,0.012268480588507758
T5C_step3500,289,WRA_KevinBrady,hdtf_visomaster_teams,-0.006342830903326015
T5C_step3500,290,RD_Radio26,hdtf_visomaster_teams,0.0018274219669599107
T5C_step3500,291,RD_Radio9,hdtf_visomaster_teams,0.08447833881937848
T5C_step3500,292,WDA_DonaldMcEachin,hdtf_visomaster_teams,0.014257428263518983
T5C_step3500,293,WDA_DonnaShalala1,hdtf_visomaster_teams,0.00028470171101758514
T5C_step3500,294,WDA_EdMarkey0,hdtf_visomaster_teams,0.03537127031081501
T5C_step3500,295,WDA_GerryConnolly,hdtf_visomaster_teams,0.014345998762569102
T5C_step3500,296,WDA_MichelleObama,hdtf_visomaster_teams,0.013434345824893255
T5C_step3500,297,WRA_AllenWest,hdtf_visomaster_teams,-0.04071343088163985
T5C_step3500,298,WRA_DanSullivan,hdtf_visomaster_teams,0.016899177522960614
T5C_step3500,299,RD_Radio48,hdtf_visomaster_teams,-0.005264736930803944
T5C_step3500,300,WDA_EliotEngel,hdtf_visomaster_teams,0.013806582111997125
T5C_step3500,301,WDA_FrankPallone1,hdtf_visomaster_teams,-0.0024504137867115295
T5C_step3500,302,WDA_NancyPelosi0,hdtf_visomaster_teams,0.018013131825844363
T5C_step3500,303,WDA_TerriSewell0,hdtf_visomaster_teams,-0.00013561484551896175
T5C_step3500,304,WRA_CarlyFiorina,hdtf_visomaster_teams,0.02176495238018504
T5C_step3500,305,WRA_CoryGardner,hdtf_visomaster_teams,0.026386407809710515
T5C_step3500,306,WRA_DavidVitter,hdtf_visomaster_teams,0.010345510681117004
T5C_step3500,307,WRA_JoniErnst0,hdtf_visomaster_teams,0.005854260260144593
T5C_step3500,308,WRA_MarshaBlackburn0,hdtf_visomaster_teams,0.010978979675697751
T5C_step3500,309,RD_Radio1,hdtf_visomaster_teams,0.018903985244736507
T5C_step3500,310,RD_Radio11,hdtf_visomaster_teams,0.05671853194474246
T5C_step3500,311,RD_Radio22,hdtf_visomaster_teams,0.014331756142975334
T5C_step3500,312,RD_Radio37,hdtf_visomaster_teams,0.007262001474454841
T5C_step3500,313,RD_Radio4,hdtf_visomaster_teams,-0.004099983788974298
T5C_step3500,314,RD_Radio41,hdtf_visomaster_teams,0.012101099771687166
T5C_step3500,315,RD_Radio42,hdtf_visomaster_teams,0.053715981069965
T5C_step3500,316,RD_Radio43,hdtf_visomaster_teams,0.06332858977302272
T5C_step3500,317,RD_Radio50,hdtf_visomaster_teams,0.014421784149787576
T5C_step3500,318,RD_Radio57,hdtf_visomaster_teams,-0.028880201980204447
T5C_step3500,319,RD_Radio7,hdtf_visomaster_teams,0.028685627812914092
T5C_step3500,320,WDA_AnnieKuster,hdtf_visomaster_teams,0.059891363512137856
T5C_step3500,321,WDA_BernieSanders,hdtf_visomaster_teams,0.03051179126557188
T5C_step3500,322,WDA_BettyMcCollum,hdtf_visomaster_teams,0.00200266604871695
T5C_step3500,323,WDA_BillRichardson,hdtf_visomaster_teams,-0.00242942959636769
T5C_step3500,324,WDA_BobMenendez,hdtf_visomaster_teams,0.047390059169808735
T5C_step3500,325,WDA_BradSchneider,hdtf_visomaster_teams,0.02838678238114642
T5C_step3500,326,WDA_BrendaLawrence,hdtf_visomaster_teams,0.006566620426900238
T5C_step3500,327,WDA_BrianSchatz2,hdtf_visomaster_teams,0.007625610799808592
T5C_step3500,328,WDA_ByronDorgan1,hdtf_visomaster_teams,0.009567130230143574
T5C_step3500,329,WDA_DianaDeGette0,hdtf_visomaster_teams,-0.0016975398916018744
T5C_step3500,330,WDA_JoeNeguse,hdtf_visomaster_teams,0.009590321508628513
T5C_step3500,331,WDA_KarenBass,hdtf_visomaster_teams,0.008134313901083311
T5C_step3500,332,WDA_LaurenUnderwood,hdtf_visomaster_teams,-0.0036146535190654744
T5C_step3500,333,WDA_LloydDoggett1,hdtf_visomaster_teams,-0.0011713091390161256
T5C_step3500,334,WDA_MartinHeinrich,hdtf_visomaster_teams,0.0530044027418222
T5C_step3500,335,WDA_SheldonWhitehouse0,hdtf_visomaster_teams,0.012358985924429465
T5C_step3500,336,WDA_SherrodBrown1,hdtf_visomaster_teams,-0.003230944287806087
T5C_step3500,337,WDA_TomPerez,hdtf_visomaster_teams,0.028159131098894608
T5C_step3500,338,WRA_CoryGardner0,hdtf_visomaster_teams,0.03159891777748255
T5C_step3500,339,WRA_DanNewhouse,hdtf_visomaster_teams,-0.004491029445607912
T5C_step3500,340,WRA_JohnBarrasso0,hdtf_visomaster_teams,0.014101854971882719
T5C_step3500,341,WRA_JohnThune,hdtf_visomaster_teams,-0.005997244400446147
T5C_step3500,342,WRA_MikeJohanns1,hdtf_visomaster_teams,0.0438599225903067
T5C_step3500,343,WRA_MitchDaniels1,hdtf_visomaster_teams,0.014404560709791932
T5C_step3500,344,WRA_RoyBlunt,hdtf_visomaster_teams,0.02226372286484967
T5C_step3500,345,WRA_SamBrownback,hdtf_visomaster_teams,-0.00028092036362129387
T5C_step3500,346,WRA_SaxbyChambliss,hdtf_visomaster_teams,0.0025800050166709353
T5C_step3500,347,RD_Radio49,hdtf_visomaster_teams,0.004661527366839739
T5C_step3500,348,WDA_MazieHirono0,hdtf_visomaster_teams,0.009562318457657733
T5C_step3500,349,WDA_PatrickLeahy1,hdtf_visomaster_teams,0.0172182186180887
T5C_step3500,350,WDA_PeterDeFazio,hdtf_visomaster_teams,0.017659154533194735
T5C_step3500,351,WDA_RichardNeal1,hdtf_visomaster_teams,0.01918363387260776
T5C_step3500,352,WDA_TammyBaldwin1,hdtf_visomaster_teams,0.010574403567114112
T5C_step3500,353,WRA_AustinScott0,hdtf_visomaster_teams,0.018974985580815208
T5C_step3500,354,WRA_JebHensarling0,hdtf_visomaster_teams,0.037897771807389166
T5C_step3500,355,WRA_JebHensarling1,hdtf_visomaster_teams,0.05362363292252448
T5C_step3500,356,WRA_JohnKasich1,hdtf_visomaster_teams,-0.004223820428777922
T5C_step3500,357,WRA_KevinMcCarthy0,hdtf_visomaster_teams,0.018838840088082
T5C_step3500,358,WRA_PeteHoekstra,hdtf_visomaster_teams,0.013148352284194966
T5C_step3500,359,WRA_VickyHartzler,hdtf_visomaster_teams,0.04491486373593101
T5C_step3500,360,RD_Radio16,hdtf_visomaster_teams,0.03673867229457331
T5C_step3500,361,RD_Radio48,hdtf_visomaster_teams,0.02052066387239428
T5C_step3500,362,RD_Radio51,hdtf_visomaster_teams,0.04031578798552873
T5C_step3500,363,WDA_BarbaraLee0,hdtf_visomaster_teams,0.018459594985148403
T5C_step3500,364,WDA_BenRayLujn,hdtf_visomaster_teams,-0.010824588642144368
T5C_step3500,365,WDA_ChuckSchumer0,hdtf_visomaster_teams,0.03710259645317834
T5C_step3500,366,WDA_TammyDuckworth,hdtf_visomaster_teams,0.004080486026265411
T5C_step3500,367,WDA_TedDeutch,hdtf_visomaster_teams,-0.011749167826262374
T5C_step3500,368,WDA_TerriSewell0,hdtf_visomaster_teams,0.01938226801726499
T5C_step3500,369,WRA_AdamKinzinger1,hdtf_visomaster_teams,0.0234024114028569
T5C_step3500,370,WRA_JohnKasich3,hdtf_visomaster_teams,0.004327506023815551
T5C_step3500,371,WRA_JoniErnst0,hdtf_visomaster_teams,0.011888770412788708
T5C_step3500,372,WRA_KayBaileyHutchison,hdtf_visomaster_teams,0.01230577161005324
T5C_step3500,373,WRA_MitchDaniels0,hdtf_visomaster_teams,0.03503640316645497
T5C_step3500,374,RD_Radio33,hdtf_visomaster_teams,0.02606476272534197
T5C_step3500,375,WDA_BobCasey0,hdtf_visomaster_teams,0.020700254001562546
T5C_step3500,376,WDA_DebbieStabenow0,hdtf_visomaster_teams,0.007844880295461487
T5C_step3500,377,WDA_JanSchakowsky0,hdtf_visomaster_teams,-0.014446416911433392
T5C_step3500,378,WDA_JoeManchin,hdtf_visomaster_teams,0.06125746813577837
T5C_step3500,379,WDA_ScottPeters0,hdtf_visomaster_teams,0.009598674524177935
T5C_step3500,380,WDA_SheldonWhitehouse1,hdtf_visomaster_teams,-0.00259087408468852
T5C_step3500,381,WDA_WhipJimClyburn,hdtf_visomaster_teams,0.013509323274738333
T5C_step3500,382,WRA_GregWalden,hdtf_visomaster_teams,0.04763747826148247
T5C_step3500,383,WRA_PatRoberts,hdtf_visomaster_teams,0.034928514949165754
T5C_step3500,384,WRA_PeterRoskam0,hdtf_visomaster_teams,-0.0018770393378975125
T5C_step3500,385,WRA_SteveDaines0,hdtf_visomaster_teams,0.024580923752617605
T5C_step3500,386,RD_Radio31,hdtf_visomaster_teams,0.004233818458020296
T5C_step3500,387,RD_Radio59,hdtf_visomaster_teams,0.04126565390317254
T5C_step3500,388,RD_Radio8,hdtf_visomaster_teams,0.027374366692696838
T5C_step3500,389,WDA_BarbaraLee1,hdtf_visomaster_teams,0.005348570856096737
T5C_step3500,390,WDA_CedricRichmond,hdtf_visomaster_teams,0.00641170758794019
T5C_step3500,391,WDA_ChrisCoons,hdtf_visomaster_teams,0.03555119789123177
T5C_step3500,392,WDA_ChrisMurphy1,hdtf_visomaster_teams,0.01286947685909507
T5C_step3500,393,WDA_ElijahCummings,hdtf_visomaster_teams,-0.003634548316416625
T5C_step3500,394,WDA_RichardBlumenthal,hdtf_visomaster_teams,0.02047401265393197
T5C_step3500,395,WDA_ScottPeters1,hdtf_visomaster_teams,0.010592790490458503
T5C_step3500,396,WDA_TomUdall,hdtf_visomaster_teams,0.018171273202426615
T5C_step3500,397,WRA_CandiceMiller0,hdtf_visomaster_teams,-0.0021715196021710884
T5C_step3500,398,WRA_NanHayworth,hdtf_visomaster_teams,0.0012316412566123714
T5C_step3500,399,WDA_AmyKlobuchar1,hdtf_visomaster_teams,0.018477821157873456
T5C_step3500,400,WDA_BobCasey1,hdtf_visomaster_teams,0.018514115406394013
T5C_step3500,401,WDA_DebbieWassermanSchultz,hdtf_visomaster_teams,-0.012207450852790852
T5C_step3500,402,WDA_JonTester1,hdtf_visomaster_teams,0.0008285338692299656
T5C_step3500,403,WDA_KatieHill,hdtf_visomaster_teams,-0.00822307725933217
T5C_step3500,404,WDA_MarkWarner2,hdtf_visomaster_teams,0.0034731968657884735
T5C_step3500,405,WRA_AnnMarieBuerkle,hdtf_visomaster_teams,0.0005593032923852926
T5C_step3500,406,WRA_AnnWagner,hdtf_visomaster_teams,0.009060537235909594
T5C_step3500,407,WRA_CarlyFiorina0,hdtf_visomaster_teams,-0.007248040456232775
T5C_step3500,408,WRA_DebFischer1,hdtf_visomaster_teams,0.02867378610080256
T5C_step3500,409,WRA_JebHensarling2,hdtf_visomaster_teams,0.01377859010356135
T5C_step3500,410,WRA_LamarAlexander0,hdtf_visomaster_teams,-0.0026750004893655796
T5C_step3500,411,RD_Radio14,hdtf_visomaster_teams,0.003330292225559825
T5C_step3500,412,RD_Radio27,hdtf_visomaster_teams,-0.01648944022953969
T5C_step3500,413,RD_Radio38,hdtf_visomaster_teams,0.054900151842885325
T5C_step3500,414,WDA_BrianSchatz0,hdtf_visomaster_teams,0.0484854628179887
T5C_step3500,415,WDA_EliotEngel,hdtf_visomaster_teams,-0.020407878992079177
T5C_step3500,416,WDA_JoeDonnelly,hdtf_visomaster_teams,0.034754668622966035
T5C_step3500,417,WDA_KimSchrier,hdtf_visomaster_teams,0.01096748056607231
T5C_step3500,418,WDA_NancyPelosi0,hdtf_visomaster_teams,0.012098427088458317
T5C_step3500,419,WDA_TinaSmith,hdtf_visomaster_teams,0.001282699251575102
T5C_step3500,420,WRA_CoryGardner1,hdtf_visomaster_teams,0.05412380214729229
T5C_step3500,421,WRA_JohnBarrasso1,hdtf_visomaster_teams,0.003271286200689196
T5C_step3500,422,WRA_MarshaBlackburn0,hdtf_visomaster_teams,0.017500782458074928
T5C_step3500,423,WRA_ReincePriebus,hdtf_visomaster_teams,0.023586672340043156
T5C_step3500,424,RD_Radio17,hdtf_visomaster_teams,-0.01368980180804203
T5C_step3500,425,RD_Radio2,hdtf_visomaster_teams,0.019175352292010624
T5C_step3500,426,RD_Radio47,hdtf_visomaster_teams,-0.007350291475614929
T5C_step3500,427,RD_Radio5,hdtf_visomaster_teams,0.005267011225647065
T5C_step3500,428,WDA_DonnaShalala1,hdtf_visomaster_teams,0.004368211270636828
T5C_step3500,429,WDA_HillaryClinton,hdtf_visomaster_teams,-0.0022294380487486287
T5C_step3500,430,WDA_LucilleRoybal-Allard,hdtf_visomaster_teams,0.0022459880390657515
T5C_step3500,431,WRA_KevinBrady2,hdtf_visomaster_teams,0.0291506207256331
T5C_step3500,432,WRA_MarkwayneMullin,hdtf_visomaster_teams,0.010123321504387326
T5C_step3500,433,WRA_MichaelSteele,hdtf_visomaster_teams,-0.0011249454906324835
T5C_step3500,434,WRA_PeterRoskam1,hdtf_visomaster_teams,0.061623171904931745
T5C_step3500,435,WRA_TomPrice,hdtf_visomaster_teams,-0.0005891746120293348
T5C_step3500,436,RD_Radio12,hdtf_visomaster_teams,0.04455921871852753
T5C_step3500,437,RD_Radio3,hdtf_visomaster_teams,0.01105091830499379
T5C_step3500,438,RD_Radio32,hdtf_visomaster_teams,0.06076346098032258
T5C_step3500,439,RD_Radio40,hdtf_visomaster_teams,0.005380729302047713
T5C_step3500,440,RD_Radio41,hdtf_visomaster_teams,-0.0014878182141075235
T5C_step3500,441,RD_Radio54,hdtf_visomaster_teams,0.055497044054533054
T5C_step3500,442,WDA_AmyKlobuchar0,hdtf_visomaster_teams,0.014377243997756169
T5C_step3500,443,WDA_BarackObama,hdtf_visomaster_teams,0.003898063247698636
T5C_step3500,444,WDA_BrendaLawrence,hdtf_visomaster_teams,-0.01163845246930709
T5C_step3500,445,WDA_ChrisVanHollen0,hdtf_visomaster_teams,-0.002453217265851667
T5C_step3500,446,WDA_DebbieDingell0,hdtf_visomaster_teams,0.026465823875212652
T5C_step3500,447,WDA_DougJones,hdtf_visomaster_teams,0.008649293502797702
T5C_step3500,448,WDA_EdMarkey1,hdtf_visomaster_teams,0.005034130095078334
T5C_step3500,449,WDA_EmanuelCleaver,hdtf_visomaster_teams,-0.00028073326311768565
T5C_step3500,450,WDA_JackReed1,hdtf_visomaster_teams,0.01694377037286574
T5C_step3500,451,WDA_JackyRosen1,hdtf_visomaster_teams,-0.021301856617695257
T5C_step3500,452,WDA_JanSchakowsky1,hdtf_visomaster_teams,-0.01408726119167317
T5C_step3500,453,WDA_JeanneShaheen1,hdtf_visomaster_teams,0.046435899327132615
T5C_step3500,454,WDA_JohnSarbanes0,hdtf_visomaster_teams,-0.019051531419192157
T5C_step3500,455,WDA_JohnYarmuth1,hdtf_visomaster_teams,0.011855708953992367
T5C_step3500,456,WDA_LloydDoggett1,hdtf_visomaster_teams,0.010244826677484617
T5C_step3500,457,WDA_MarciaFudge,hdtf_visomaster_teams,0.043872969048913774
T5C_step3500,458,WDA_MikeDoyle,hdtf_visomaster_teams,0.0017726665277973844
T5C_step3500,459,WDA_RonWyden0,hdtf_visomaster_teams,0.014794177724154884
T5C_step3500,460,WDA_TerriSewell,hdtf_visomaster_teams,0.0055945359022959735
T5C_step3500,461,WDA_VeronicaEscobar1,hdtf_visomaster_teams,0.00046340841774694837
T5C_step3500,462,WRA_BobCorker,hdtf_visomaster_teams,-0.00528543418104721
T5C_step3500,463,WRA_BobGoodlatte0,hdtf_visomaster_teams,-0.0020164281091140032
T5C_step3500,464,WRA_BobbySchilling,hdtf_visomaster_teams,0.061638843687149225
T5C_step3500,465,WRA_CathyMcMorrisRodgers0,hdtf_visomaster_teams,0.050739686099134665
T5C_step3500,466,WRA_EricCantor,hdtf_visomaster_teams,0.023552759808369298
T5C_step3500,467,WRA_FredUpton,hdtf_visomaster_teams,0.006746490089066212
T5C_step3500,468,WRA_JimInhofe,hdtf_visomaster_teams,0.038038018378409956
T5C_step3500,469,WRA_JohnBoehner1,hdtf_visomaster_teams,0.010766863178491196
T5C_step3500,470,WRA_JonKyl,hdtf_visomaster_teams,0.01415533872355355
T5C_step3500,471,WRA_JuddGregg,hdtf_visomaster_teams,0.005990297932085024
T5C_step3500,472,WRA_KellyAyotte,hdtf_visomaster_teams,0.02153962056722126
T5C_step3500,473,WRA_LynnJenkins,hdtf_visomaster_teams,0.011147558237002201
T5C_step3500,474,WRA_RoyBlunt,hdtf_visomaster_teams,0.0013227907577762219
T5C_step3500,475,WRA_ShelleyMooreCapito0,hdtf_visomaster_teams,0.013622508285526518
T5C_step3500,476,WRA_TomCotton,hdtf_visomaster_teams,0.018394020198526054
T5C_step3500,477,RD_Radio11,hdtf_visomaster_teams,0.003393662446579561
T5C_step3500,478,RD_Radio17,hdtf_visomaster_teams,-0.0008510489897915422
T5C_step3500,479,RD_Radio22,hdtf_visomaster_teams,0.028038929393221144
T5C_step3500,480,RD_Radio47,hdtf_visomaster_teams,0.03764882847127282
T5C_step3500,481,WDA_AnnieKuster,hdtf_visomaster_teams,0.05060906732396966
T5C_step3500,482,WDA_DebHaaland,hdtf_visomaster_teams,0.006758967066277119
T5C_step3500,483,WDA_LucilleRoybal-Allard,hdtf_visomaster_teams,0.0027993738054986486
T5C_step3500,484,WDA_SuzanDelBene,hdtf_visomaster_teams,0.0013106241517326978
T5C_step3500,485,WDA_TomPerez,hdtf_visomaster_teams,0.036050573729670556
T5C_step3500,486,WRA_CathyMcMorrisRodgers2,hdtf_visomaster_teams,-0.01897737247935124
T5C_step3500,487,WRA_JeffFlake,hdtf_visomaster_teams,0.052170570243166244
T5C_step3500,488,WRA_KevinBrady2,hdtf_visomaster_teams,0.0012230449227042593
T5C_step3500,489,WRA_PeterRoskam1,hdtf_visomaster_teams,0.029862284646289698
T5C_step3500,490,WRA_SaxbyChambliss,hdtf_visomaster_teams,0.020917033948516673
T5C_step3500,491,WRA_SteveScalise1,hdtf_visomaster_teams,0.00311136213131076
T5C_step3500,492,RD_Radio14,hdtf_visomaster_teams,0.034443015075728736
T5C_step3500,493,RD_Radio27,hdtf_visomaster_teams,-0.005008617859334025
T5C_step3500,494,WDA_AlexandriaOcasioCortez,hdtf_visomaster_teams,0.015703215985681175
T5C_step3500,495,WDA_JoeDonnelly,hdtf_visomaster_teams,0.011462240268695061
T5C_step3500,496,WDA_LisaBluntRochester,hdtf_visomaster_teams,0.07125875433285482
T5C_step3500,497,WDA_MichaelBennet,hdtf_visomaster_teams,-0.0029692921705432975
T5C_step3500,498,WDA_PatrickLeahy1,hdtf_visomaster_teams,0.016237271916661432
T5C_step3500,499,WDA_TedLieu,hdtf_visomaster_teams,0.03247286062776115
T5C_step3500,500,WRA_AustinScott0,hdtf_visomaster_teams,0.022081581803983924
T5C_step3500,501,WRA_JohnBarrasso1,hdtf_visomaster_teams,0.001883374203629152
T5C_step3500,502,WRA_ReincePriebus,hdtf_visomaster_teams,0.03787428140079501
T5C_step3500,503,WRA_RogerWicker0,hdtf_visomaster_teams,0.004158204342765256
T5C_step3500,504,WRA_ShelleyMooreCapito1,hdtf_visomaster_teams,0.01955573198017241
T5C_step3500,505,RD_Radio59,hdtf_visomaster_teams,0.0080465000254338
T5C_step3500,506,RD_Radio8,hdtf_visomaster_teams,-0.021031716772905395
T5C_step3500,507,WDA_BarbaraLee0,hdtf_visomaster_teams,0.009119450916916464
T5C_step3500,508,WDA_BenRayLujn,hdtf_visomaster_teams,-0.003969896875799787
T5C_step3500,509,WDA_ChrisMurphy1,hdtf_visomaster_teams,0.0007046412623195365
T5C_step3500,510,WDA_MazieHirono0,hdtf_visomaster_teams,-0.0167447142248598
T5C_step3500,511,WDA_RichardNeal1,hdtf_visomaster_teams,0.0195555324094828
T5C_step3500,512,WDA_TomUdall,hdtf_visomaster_teams,0.024722238356643608
T5C_step3500,513,WRA_AdamKinzinger1,hdtf_visomaster_teams,-0.0015496802588209004
T5C_step3500,514,WRA_JebHensarling1,hdtf_visomaster_teams,0.011397811325013118
T5C_step3500,515,WRA_KayBaileyHutchison,hdtf_visomaster_teams,0.008572194986487716
T5C_step3500,516,WRA_KristiNoem1,hdtf_visomaster_teams,0.0011664704870513892
T5C_step3500,517,RD_Radio1,hdtf_visomaster_teams,0.01832499818963001
T5C_step3500,518,RD_Radio4,hdtf_visomaster_teams,0.0057382043022528705
T5C_step3500,519,WDA_BobMenendez,hdtf_visomaster_teams,0.015093945216155796
T5C_step3500,520,WDA_ByronDorgan1,hdtf_visomaster_teams,0.03436147734018663
T5C_step3500,521,WDA_HakeemJeffries,hdtf_visomaster_teams,0.08320694521196373
T5C_step3500,522,WDA_HenryWaxman,hdtf_visomaster_teams,0.000998640873076459
T5C_step3500,523,WDA_PattyMurray1,hdtf_visomaster_teams,0.007465235778199812
T5C_step3500,524,WDA_SherrodBrown1,hdtf_visomaster_teams,0.003555829475467412
T5C_step3500,525,WRA_GeoffDavis,hdtf_visomaster_teams,0.02982220561236187
T5C_step3500,526,WRA_MitchDaniels1,hdtf_visomaster_teams,0.00865232761937321
T5C_step3500,527,WRA_SamBrownback,hdtf_visomaster_teams,-0.0017392597302194187
T5C_step3500,528,RD_Radio19,hdtf_visomaster_teams,-0.007099174720165876
T5C_step3500,529,RD_Radio52,hdtf_visomaster_teams,0.022811814426054528
T5C_step3500,530,WDA_DebbieStabenow0,hdtf_visomaster_teams,-0.0004139224155058907
T5C_step3500,531,WDA_DianneFeinstein,hdtf_visomaster_teams,0.012771805737823275
T5C_step3500,532,WDA_FrankPallone0,hdtf_visomaster_teams,0.03723651786649101
T5C_step3500,533,WDA_JanSchakowsky0,hdtf_visomaster_teams,-0.011604271121895078
T5C_step3500,534,WDA_JimmyGomez,hdtf_visomaster_teams,0.0038588816995231826
T5C_step3500,535,WDA_NancyPelosi1,hdtf_visomaster_teams,-0.005340088129029508
T5C_step3500,536,WDA_WhipJimClyburn,hdtf_visomaster_teams,0.009829257764388075
T5C_step3500,537,WRA_JohnBoozman,hdtf_visomaster_teams,0.028637724930575134
T5C_step3500,538,WRA_MikeJohanns,hdtf_visomaster_teams,0.027446357473433568
T5C_step3500,539,RD_Radio43,hdtf_visomaster_teams,0.06402257964461308
T5C_step3500,540,RD_Radio57,hdtf_visomaster_teams,-0.007115819820381045
T5C_step3500,541,RD_Radio7,hdtf_visomaster_teams,0.050157786666591896
T5C_step3500,542,WDA_BernieSanders,hdtf_visomaster_teams,0.020594933025964324
T5C_step3500,543,WDA_BettyMcCollum,hdtf_visomaster_teams,-0.007027848405765602
T5C_step3500,544,WDA_BillRichardson,hdtf_visomaster_teams,0.002708973153024378
T5C_step3500,545,WDA_DianaDeGette0,hdtf_visomaster_teams,-0.0007102454980061489
T5C_step3500,546,WDA_JoeNeguse,hdtf_visomaster_teams,0.0017472186259004608
T5C_step3500,547,WRA_CathyMcMorrisRodgers1,hdtf_visomaster_teams,-0.008635475866784093
T5C_step3500,548,WRA_JohnBarrasso0,hdtf_visomaster_teams,0.022826539855570385
T5C_step3500,549,WRA_JohnBoehner0,hdtf_visomaster_teams,0.002389853202483009
T5C_step3500,550,WRA_KevinBrady3,hdtf_visomaster_teams,-0.003025941838148734
T5C_step3500,551,RD_Radio31,hdtf_visomaster_teams,-0.015266791707532874
T5C_step3500,552,WDA_BobCasey0,hdtf_visomaster_teams,0.007652930365199014
T5C_step3500,553,WDA_JoeManchin,hdtf_visomaster_teams,0.053175047002661666
T5C_step3500,554,WDA_KathyCastor,hdtf_visomaster_teams,0.020005913834018653
T5C_step3500,555,WDA_KathyCastor1,hdtf_visomaster_teams,0.0012474319220441925
T5C_step3500,556,WDA_MartinHeinrich,hdtf_visomaster_teams,0.048697860768916246
T5C_step3500,557,WDA_RichardBlumenthal,hdtf_visomaster_teams,0.015863499531318805
T5C_step3500,558,WDA_SheldonWhitehouse0,hdtf_visomaster_teams,0.011707975148030387
T5C_step3500,559,WRA_CandiceMiller0,hdtf_visomaster_teams,-0.017303115053987284
T5C_step3500,560,WRA_CoryGardner0,hdtf_visomaster_teams,0.021263902637165853
T5C_step3500,561,WRA_DanNewhouse,hdtf_visomaster_teams,0.013516229849090507
T5C_step3500,562,WRA_MikeJohanns1,hdtf_visomaster_teams,0.021411202261501516
T5C_step3500,563,WRA_SteveDaines0,hdtf_visomaster_teams,-0.012837708247926663
T5C_step3500,564,RD_Radio10,hdtf_visomaster_teams,0.006304806644404614
T5C_step3500,565,RD_Radio19,hdtf_visomaster_teams,-0.012142576488296959
T5C_step3500,566,RD_Radio20,hdtf_visomaster_teams,0.034837779857667554
T5C_step3500,567,RD_Radio37,hdtf_visomaster_teams,-0.002800413628971009
T5C_step3500,568,RD_Radio9,hdtf_visomaster_teams,0.07352366198296406
T5C_step3500,569,WDA_BenCardin1,hdtf_visomaster_teams,0.01444402210090927
T5C_step3500,570,WDA_ChrisVanHollen1,hdtf_visomaster_teams,0.0067002143954029815
T5C_step3500,571,WDA_DianneFeinstein,hdtf_visomaster_teams,-0.007995955558989054
T5C_step3500,572,WDA_EdMarkey0,hdtf_visomaster_teams,0.026629548196054023
T5C_step3500,573,WDA_GerryConnolly,hdtf_visomaster_teams,0.01447922184712199
T5C_step3500,574,WDA_JamesClyburn1,hdtf_visomaster_teams,0.0021348225744145955
T5C_step3500,575,WDA_JeffMerkley1,hdtf_visomaster_teams,-0.003431416714210972
T5C_step3500,576,WDA_JerryNadler,hdtf_visomaster_teams,0.013631683196789642
T5C_step3500,577,WDA_JimmyGomez,hdtf_visomaster_teams,-0.0055693671698561166
T5C_step3500,578,WDA_JoeCrowley1,hdtf_visomaster_teams,0.01600160902394218
T5C_step3500,579,WDA_LloydDoggett1,hdtf_visomaster_teams,0.00579380588783358
T5C_step3500,580,WDA_NitaLowey,hdtf_visomaster_teams,0.009092914612063898
T5C_step3500,581,WDA_NydiaVelzquez,hdtf_visomaster_teams,0.013748538135164953
T5C_step3500,582,WDA_RonWyden1,hdtf_visomaster_teams,-0.008841712777951366
T5C_step3500,583,WDA_SeanPatrickMaloney,hdtf_visomaster_teams,0.015044973576494335
T5C_step3500,584,WDA_SherrodBrown0,hdtf_visomaster_teams,-0.0028651277612078835
T5C_step3500,585,WDA_StephanieMurphy,hdtf_visomaster_teams,0.03869531927543939
T5C_step3500,586,WDA_TammyBaldwin0,hdtf_visomaster_teams,0.036179305069152644
T5C_step3500,587,WDA_TerriSewell,hdtf_visomaster_teams,0.004207652715196203
T5C_step3500,588,WDA_XavierBecerra,hdtf_visomaster_teams,0.005024587659635279
T5C_step3500,589,WRA_AdamKinzinger2,hdtf_visomaster_teams,0.011770430530899257
T5C_step3500,590,WRA_AustinScott2,hdtf_visomaster_teams,0.022809343173615805
T5C_step3500,591,WRA_DaveCamp,hdtf_visomaster_teams,0.029992032599610353
T5C_step3500,592,WRA_FredUpton,hdtf_visomaster_teams,0.00829014016074522
T5C_step3500,593,WRA_JohnBoehner0,hdtf_visomaster_teams,-0.009096635186690427
T5C_step3500,594,WRA_JohnnyIsakson,hdtf_visomaster_teams,0.055457873029595595
T5C_step3500,595,WRA_KevinBrady3,hdtf_visomaster_teams,0.010128634485973103
T5C_step3500,596,WRA_MikeJohanns,hdtf_visomaster_teams,-0.0010820029625232793
T5C_step3500,597,WRA_MittRomney,hdtf_visomaster_teams,0.02375323190585074
T5C_step3500,598,WRA_OlympiaSnowe,hdtf_visomaster_teams,0.003754122439299787
T5C_step3500,599,WRA_PaulRyan1,hdtf_visomaster_teams,-0.004069720693597895
T5C_step3500,600,WRA_RandPaul1,hdtf_visomaster_teams,0.04115642006437063
T5C_step3500,601,WRA_RandPaul2,hdtf_visomaster_teams,0.046778380318272826
T5C_step3500,602,WRA_RichardShelby,hdtf_visomaster_teams,0.02732139716601159
T5C_step3500,603,WRA_RoyBlunt,hdtf_visomaster_teams,0.018926385275538166
T5C_step3500,604,WRA_ToddYoung,hdtf_visomaster_teams,0.012654751641714835
T5C_step3500,605,RD_Radio3,hdtf_visomaster_teams,0.014054907197400997
T5C_step3500,606,RD_Radio50,hdtf_visomaster_teams,0.0024581947102460047
T5C_step3500,607,WDA_BrianSchatz2,hdtf_visomaster_teams,0.002758200224545808
T5C_step3500,608,WDA_JackReed1,hdtf_visomaster_teams,0.0222899117890693
T5C_step3500,609,WDA_JackyRosen1,hdtf_visomaster_teams,-0.009917115662918493
T5C_step3500,610,WDA_JeanneShaheen1,hdtf_visomaster_teams,0.039392382102010015
T5C_step3500,611,WDA_JohnSarbanes0,hdtf_visomaster_teams,-0.008198603938962941
T5C_step3500,612,WDA_KatherineClark,hdtf_visomaster_teams,0.00584626245344161
T5C_step3500,613,WDA_MartinHeinrich,hdtf_visomaster_teams,0.026711060868017583
T5C_step3500,614,WDA_RonWyden0,hdtf_visomaster_teams,-0.0058339540455432815
T5C_step3500,615,WDA_SheldonWhitehouse0,hdtf_visomaster_teams,0.015201234073483361
T5C_step3500,616,WRA_DanNewhouse,hdtf_visomaster_teams,-0.003153602112557727
T5C_step3500,617,WRA_JuddGregg,hdtf_visomaster_teams,0.02615683196049272
T5C_step3500,618,WRA_MikeJohanns1,hdtf_visomaster_teams,0.0404863440529178
T5C_step3500,619,RD_Radio11,hdtf_visomaster_teams,-0.009006456197026792
T5C_step3500,620,RD_Radio18,hdtf_visomaster_teams,0.025386269754830687
T5C_step3500,621,RD_Radio22,hdtf_visomaster_teams,0.01326091516026734
T5C_step3500,622,RD_Radio25,hdtf_visomaster_teams,0.06114434900981808
T5C_step3500,623,RD_Radio54,hdtf_visomaster_teams,0.059434564845073534
T5C_step3500,624,WDA_AnnieKuster,hdtf_visomaster_teams,0.06782737041740368
T5C_step3500,625,WDA_EdMarkey1,hdtf_visomaster_teams,0.019413708951246483
T5C_step3500,626,WDA_MikeDoyle,hdtf_visomaster_teams,0.0107012085981498
T5C_step3500,627,WDA_TomCarper,hdtf_visomaster_teams,0.01296811453437857
T5C_step3500,628,WDA_TomPerez,hdtf_visomaster_teams,0.04571915551762737
T5C_step3500,629,WDA_VeronicaEscobar1,hdtf_visomaster_teams,0.0038616303527442422
T5C_step3500,630,WRA_JimInhofe,hdtf_visomaster_teams,0.0359323392774594
T5C_step3500,631,WRA_KristiNoem0,hdtf_visomaster_teams,-0.0024335060921813626
T5C_step3500,632,WRA_SaxbyChambliss,hdtf_visomaster_teams,-0.004348077052943496
T5C_step3500,633,RD_Radio32,hdtf_visomaster_teams,0.04133794911196291
T5C_step3500,634,WDA_AlexandriaOcasioCortez,hdtf_visomaster_teams,0.00940721175186458
T5C_step3500,635,WDA_DebHaaland,hdtf_visomaster_teams,-0.01059265721069449
T5C_step3500,636,WDA_SuzanDelBene,hdtf_visomaster_teams,0.01109078356556131
T5C_step3500,637,WDA_TedLieu,hdtf_visomaster_teams,0.009532125928821248
T5C_step3500,638,WRA_AustinScott0,hdtf_visomaster_teams,0.02479401435321399
T5C_step3500,639,WRA_BobCorker,hdtf_visomaster_teams,0.001063408891647653
T5C_step3500,640,WRA_CathyMcMorrisRodgers0,hdtf_visomaster_teams,0.037444297867285314
T5C_step3500,641,WRA_CathyMcMorrisRodgers2,hdtf_visomaster_teams,0.017510196637836067
T5C_step3500,642,WRA_JeffFlake,hdtf_visomaster_teams,0.05338599637096552
T5C_step3500,643,WRA_LynnJenkins,hdtf_visomaster_teams,0.023533811187844124
T5C_step3500,644,WRA_VickyHartzler,hdtf_visomaster_teams,0.04195368552108389
T5C_step3500,645,RD_Radio16,hdtf_visomaster_teams,0.06825388955542147
T5C_step3500,646,RD_Radio17,hdtf_visomaster_teams,0.005605170847922506
T5C_step3500,647,WDA_BarbaraLee0,hdtf_visomaster_teams,0.004393983318851737
T5C_step3500,648,WDA_BenRayLujn,hdtf_visomaster_teams,0.004773918136392454
T5C_step3500,649,WDA_BobCasey0,hdtf_visomaster_teams,0.007884925216872916
T5C_step3500,650,WDA_DebbieStabenow0,hdtf_visomaster_teams,0.013626571266015236
T5C_step3500,651,WDA_JanSchakowsky0,hdtf_visomaster_teams,-0.00674299971200078
T5C_step3500,652,WDA_JoeManchin,hdtf_visomaster_teams,0.044507124445664376
T5C_step3500,653,WDA_NancyPelosi1,hdtf_visomaster_teams,0.014536074063798017
T5C_step3500,654,WDA_SheldonWhitehouse1,hdtf_visomaster_teams,0.003220535809630858
T5C_step3500,655,WDA_WhipJimClyburn,hdtf_visomaster_teams,-0.00018563170808055807
T5C_step3500,656,WRA_AdamKinzinger1,hdtf_visomaster_teams,0.030177659170959645
T5C_step3500,657,WRA_SteveDaines0,hdtf_visomaster_teams,0.008820464006378197
T5C_step3500,658,RD_Radio1,hdtf_visomaster_teams,0.0007490519209359583
T5C_step3500,659,RD_Radio4,hdtf_visomaster_teams,-0.0037558568319594216
T5C_step3500,660,RD_Radio42,hdtf_visomaster_teams,0.04209864441075188
T5C_step3500,661,WDA_AndyLevin,hdtf_visomaster_teams,0.07441911251137401
T5C_step3500,662,WDA_BobMenendez,hdtf_visomaster_teams,0.03850321050905724
T5C_step3500,663,WDA_BradSchneider,hdtf_visomaster_teams,0.03557441443310257
T5C_step3500,664,WDA_ByronDorgan1,hdtf_visomaster_teams,0.014602933167057405
T5C_step3500,665,WDA_SherrodBrown1,hdtf_visomaster_teams,0.017112932275958188
T5C_step3500,666,WRA_AdamKinzinger0,hdtf_visomaster_teams,0.02024280279728493
T5C_step3500,667,WRA_JohnThune,hdtf_visomaster_teams,0.02207778200926138
T5C_step3500,668,WRA_LisaMurkowski0,hdtf_visomaster_teams,-0.004921603717140662
T5C_step3500,669,WRA_MitchDaniels1,hdtf_visomaster_teams,0.012308906486197122
T5C_step3500,670,WRA_SamBrownback,hdtf_visomaster_teams,0.015049800978237058
T5C_step3500,671,WDA_BarackObama,hdtf_visomaster_teams,-0.006120905955329705
T5C_step3500,672,WDA_DebbieStabenow1,hdtf_visomaster_teams,0.0014153574406927062
T5C_step3500,673,WDA_JanSchakowsky1,hdtf_visomaster_teams,-0.006399315528762237
T5C_step3500,674,WDA_JonTester1,hdtf_visomaster_teams,0.018333596185252193
T5C_step3500,675,WDA_KatieHill,hdtf_visomaster_teams,-0.006766410308069555
T5C_step3500,676,WDA_RichardBlumenthal,hdtf_visomaster_teams,0.010870069435230712
T5C_step3500,677,WRA_BobGoodlatte0,hdtf_visomaster_teams,0.00792450862803653
T5C_step3500,678,WRA_BobbySchilling,hdtf_visomaster_teams,0.02736462973239288
T5C_step3500,679,WRA_CandiceMiller0,hdtf_visomaster_teams,-0.00018904416281050572
T5C_step3500,680,WRA_JohnBoehner1,hdtf_visomaster_teams,-0.0010696916858267285
T5C_step3500,681,WRA_KellyAyotte,hdtf_visomaster_teams,0.019939156125839425
T5C_step3500,682,RD_Radio38,hdtf_visomaster_teams,0.009047904952901293
T5C_step3500,683,RD_Radio40,hdtf_visomaster_teams,0.04932829211511622
T5C_step3500,684,RD_Radio43,hdtf_visomaster_teams,0.0626815791090167
T5C_step3500,685,RD_Radio7,hdtf_visomaster_teams,0.044141336829746115
T5C_step3500,686,WDA_BettyMcCollum,hdtf_visomaster_teams,0.006018147360389803
T5C_step3500,687,WDA_ChrisVanHollen0,hdtf_visomaster_teams,0.010434412031004422
T5C_step3500,688,WDA_DianaDeGette0,hdtf_visomaster_teams,-0.0019514547720438607
T5C_step3500,689,WDA_DougJones,hdtf_visomaster_teams,0.008710919319714343
T5C_step3500,690,WDA_JamesClyburn,hdtf_visomaster_teams,0.030625971582665112
T5C_step3500,691,WDA_JoeNeguse,hdtf_visomaster_teams,0.005199084042817555
T5C_step3500,692,WDA_JohnYarmuth1,hdtf_visomaster_teams,0.007703366960627676
T5C_step3500,693,WDA_KimSchrier,hdtf_visomaster_teams,0.06797418790882612
T5C_step3500,694,WRA_CoryGardner1,hdtf_visomaster_teams,0.05222424635916847
T5C_step3500,695,RD_Radio13,hdtf_visomaster_teams,-0.0001225005363686563
T5C_step3500,696,RD_Radio18,hdtf_visomaster_teams,0.06712764545497676
T5C_step3500,697,RD_Radio20,hdtf_visomaster_teams,0.028461054387573105
T5C_step3500,698,RD_Radio23,hdtf_visomaster_teams,-0.0089578389865686
T5C_step3500,699,RD_Radio25,hdtf_visomaster_teams,0.008078080278741387
T5C_step3500,700,RD_Radio28,hdtf_visomaster_teams,0.016426425094358238
T5C_step3500,701,RD_Radio30,hdtf_visomaster_teams,0.038169704867564366
T5C_step3500,702,RD_Radio34,hdtf_visomaster_teams,0.006313745684158411
T5C_step3500,703,RD_Radio35,hdtf_visomaster_teams,0.08321571222817083
T5C_step3500,704,WDA_BennieThompson1,hdtf_visomaster_teams,0.004260132341541201
T5C_step3500,705,WDA_BillPascrell,hdtf_visomaster_teams,0.038138894048972125
T5C_step3500,706,WDA_BrianSchatz1,hdtf_visomaster_teams,-0.0046908246428689244
T5C_step3500,707,WDA_CarolynMaloney1,hdtf_visomaster_teams,-0.004149924629260212
T5C_step3500,708,WDA_ChrisVanHollen1,hdtf_visomaster_teams,0.020484957160923814
T5C_step3500,709,WDA_ChuckSchumer1,hdtf_visomaster_teams,0.0077906342248721255
T5C_step3500,710,WDA_ColinAllred,hdtf_visomaster_teams,-0.0025328627883079947
T5C_step3500,711,WDA_DianaDeGette1,hdtf_visomaster_teams,0.002694967701884214
T5C_step3500,712,WDA_HaleyStevens,hdtf_visomaster_teams,0.05046665934912095
T5C_step3500,713,WDA_JeffMerkley1,hdtf_visomaster_teams,0.020145259561880454
T5C_step3500,714,WDA_JoaquinCastro,hdtf_visomaster_teams,0.06046041335923706
T5C_step3500,715,WDA_LloydDoggett0,hdtf_visomaster_teams,0.004309063288542435
T5C_step3500,716,WDA_LloydDoggett1,hdtf_visomaster_teams,0.004973111222461744
T5C_step3500,717,WDA_LucilleRoybal-Allard,hdtf_visomaster_teams,0.004420260559416561
T5C_step3500,718,WDA_MattCartwright,hdtf_visomaster_teams,0.03519181399292569
T5C_step3500,719,WDA_RichardNeal0,hdtf_visomaster_teams,0.002128353886204506
T5C_step3500,720,WDA_RobinKelly,hdtf_visomaster_teams,0.01419989721651017
T5C_step3500,721,WDA_RonWyden1,hdtf_visomaster_teams,0.028516762602357124
T5C_step3500,722,WDA_TerriSewell,hdtf_visomaster_teams,-0.0033647512508921786
T5C_step3500,723,WDA_TomCarper,hdtf_visomaster_teams,0.004198215803053566
T5C_step3500,724,WDA_VeronicaEscobar0,hdtf_visomaster_teams,-0.020641088286766387
T5C_step3500,725,WRA_ChuckGrassley,hdtf_visomaster_teams,0.01196998468275361
T5C_step3500,726,WRA_DebFischer2,hdtf_visomaster_teams,0.03419391021854311
T5C_step3500,727,WRA_DuncanHunter,hdtf_visomaster_teams,0.014585073773768265
T5C_step3500,728,WRA_FredUpton,hdtf_visomaster_teams,-0.00034914248424242956
T5C_step3500,729,WRA_KevinBrady2,hdtf_visomaster_teams,0.0012007425309242764
T5C_step3500,730,WRA_KristiNoem0,hdtf_visomaster_teams,0.007972854660293802
T5C_step3500,731,WRA_LamarAlexander,hdtf_visomaster_teams,0.00958260170678604
T5C_step3500,732,WRA_MikeCrapo,hdtf_visomaster_teams,0.02121646023711818
T5C_step3500,733,WRA_PaulRyan0,hdtf_visomaster_teams,0.0039297985739949505
T5C_step3500,734,WRA_PeterRoskam1,hdtf_visomaster_teams,0.034469624952764955
T5C_step3500,735,WRA_ReneeEllmers,hdtf_visomaster_teams,0.011203606304723371
T5C_step3500,736,WRA_RoyBlunt,hdtf_visomaster_teams,0.012453627079337597
T5C_step3500,737,WRA_SteveScalise1,hdtf_visomaster_teams,0.0002973607720137871
T5C_step3500,738,RD_Radio12,hdtf_visomaster_teams,0.04124211036103445
T5C_step3500,739,RD_Radio43,hdtf_visomaster_teams,0.05582774819152348
T5C_step3500,740,RD_Radio7,hdtf_visomaster_teams,0.053305139078603216
T5C_step3500,741,WDA_AmyKlobuchar0,hdtf_visomaster_teams,0.025932017927456516
T5C_step3500,742,WDA_BettyMcCollum,hdtf_visomaster_teams,-0.014800034075399548
T5C_step3500,743,WDA_DianaDeGette0,hdtf_visomaster_teams,0.005169346137911408
T5C_step3500,744,WDA_EmanuelCleaver,hdtf_visomaster_teams,0.012313724111616822
T5C_step3500,745,WDA_JoeNeguse,hdtf_visomaster_teams,0.019372065468180384
T5C_step3500,746,WDA_NydiaVelzquez,hdtf_visomaster_teams,-0.0013147475724497749
T5C_step3500,747,WRA_AdamKinzinger2,hdtf_visomaster_teams,0.004463375675096054
T5C_step3500,748,WRA_DaveCamp,hdtf_visomaster_teams,0.05437581630600156
T5C_step3500,749,WRA_JohnBoehner0,hdtf_visomaster_teams,0.009537770225681225
T5C_step3500,750,WRA_KevinBrady3,hdtf_visomaster_teams,0.005243759481312414
T5C_step3500,751,WRA_RandPaul1,hdtf_visomaster_teams,0.019540696700605625
T5C_step3500,752,WRA_TomCotton,hdtf_visomaster_teams,0.013434071783478005
T5C_step3500,753,RD_Radio3,hdtf_visomaster_teams,-0.0014807856454926841
T5C_step3500,754,RD_Radio47,hdtf_visomaster_teams,-0.023091099387868914
T5C_step3500,755,RD_Radio50,hdtf_visomaster_teams,0.017141183932207534
T5C_step3500,756,WDA_DebHaaland,hdtf_visomaster_teams,0.014314234616275814
T5C_step3500,757,WDA_JackyRosen1,hdtf_visomaster_teams,-0.00847683291598493
T5C_step3500,758,WDA_JeanneShaheen1,hdtf_visomaster_teams,0.042006167317275425
T5C_step3500,759,WDA_JonTester0,hdtf_visomaster_teams,0.056297575223894905
T5C_step3500,760,WDA_MartinHeinrich,hdtf_visomaster_teams,0.05908287313676661
T5C_step3500,761,WDA_RonWyden0,hdtf_visomaster_teams,-0.00935508864010447
T5C_step3500,762,WDA_SuzanDelBene,hdtf_visomaster_teams,0.005811635575275134
T5C_step3500,763,WRA_CathyMcMorrisRodgers2,hdtf_visomaster_teams,-0.009513277776303663
T5C_step3500,764,WRA_DanNewhouse,hdtf_visomaster_teams,0.02305658983765864
T5C_step3500,765,WRA_JeffFlake,hdtf_visomaster_teams,0.019758986086796066
T5C_step3500,766,WRA_MikeJohanns1,hdtf_visomaster_teams,0.018050415955756106
T5C_step3500,767,RD_Radio2,hdtf_visomaster_teams,-0.0009505485606612755
T5C_step3500,768,WDA_AndyLevin,hdtf_visomaster_teams,0.012332794295269154
T5C_step3500,769,WDA_DickDurbin,hdtf_visomaster_teams,0.03173149068508502
T5C_step3500,770,WDA_DonaldMcEachin,hdtf_visomaster_teams,0.00666786754591823
T5C_step3500,771,WDA_DonnaShalala1,hdtf_visomaster_teams,-0.014801584847325185
T5C_step3500,772,WDA_HillaryClinton,hdtf_visomaster_teams,-0.0021132486428298014
T5C_step3500,773,WDA_JackReed1,hdtf_visomaster_teams,0.02279290622147283
T5C_step3500,774,WDA_JohnSarbanes0,hdtf_visomaster_teams,-0.00916770675588451
T5C_step3500,775,WDA_KatherineClark,hdtf_visomaster_teams,0.016493538447798713
T5C_step3500,776,WDA_MaggieHassan,hdtf_visomaster_teams,-0.004952739164637277
T5C_step3500,777,WDA_PattyMurray0,hdtf_visomaster_teams,0.012685045430676202
T5C_step3500,778,WDA_SeanCasten,hdtf_visomaster_teams,0.02408643695898247
T5C_step3500,779,WRA_TimScott,hdtf_visomaster_teams,0.03736583988502856
T5C_step3500,780,WRA_TomPrice,hdtf_visomaster_teams,-0.003653501873122369
T5C_step3500,781,RD_Radio10,hdtf_visomaster_teams,-0.013855410057283132
T5C_step3500,782,WDA_BarackObama,hdtf_visomaster_teams,0.00029162007398384274
T5C_step3500,783,WDA_JamesClyburn1,hdtf_visomaster_teams,0.0020163234350344976
T5C_step3500,784,WDA_JanSchakowsky1,hdtf_visomaster_teams,0.003330974733077304
T5C_step3500,785,WDA_JerryNadler,hdtf_visomaster_teams,0.019473311701577782
T5C_step3500,786,WDA_SeanPatrickMaloney,hdtf_visomaster_teams,0.016021301715345847
T5C_step3500,787,WDA_TammyBaldwin0,hdtf_visomaster_teams,0.014849778898191626
T5C_step3500,788,WDA_XavierBecerra,hdtf_visomaster_teams,0.0010885381738053531
T5C_step3500,789,WRA_BobGoodlatte0,hdtf_visomaster_teams,0.02687894973794133
T5C_step3500,790,WRA_BobbySchilling,hdtf_visomaster_teams,0.06288853677508122
T5C_step3500,791,WRA_CathyMcMorrisRodgers1,hdtf_visomaster_teams,0.00020267039804718837
T5C_step3500,792,WRA_KellyAyotte,hdtf_visomaster_teams,0.02545667240488521
T5C_step3500,793,WRA_PaulRyan1,hdtf_visomaster_teams,0.03846291469004791
T5C_step3500,794,WRA_ToddYoung,hdtf_visomaster_teams,0.023043922343422018
T5C_step3500,795,RD_Radio32,hdtf_visomaster_teams,0.05314642501725418
T5C_step3500,796,WDA_BenCardin1,hdtf_visomaster_teams,0.02168774288275064
T5C_step3500,797,WDA_ChrisMurphy0,hdtf_visomaster_teams,-0.007165462245826368
T5C_step3500,798,WDA_JamesClyburn,hdtf_visomaster_teams,0.019504854837106223
T5C_step3500,799,WDA_JoeCrowley1,hdtf_visomaster_teams,0.02817417128854758
T5C_step3500,800,WDA_NitaLowey,hdtf_visomaster_teams,4.68074007435339e-05
T5C_step3500,801,WDA_StephanieMurphy,hdtf_visomaster_teams,0.010959725350972643
T5C_step3500,802,WRA_AustinScott2,hdtf_visomaster_teams,0.02735042159682207
T5C_step3500,803,WRA_BobCorker,hdtf_visomaster_teams,-0.003338982961145585
T5C_step3500,804,WRA_CathyMcMorrisRodgers0,hdtf_visomaster_teams,0.023410700804746054
T5C_step3500,805,WRA_DianeBlack0,hdtf_visomaster_teams,-0.004839068373861735
T5C_step3500,806,WRA_JohnnyIsakson,hdtf_visomaster_teams,0.004662290643585052
T5C_step3500,807,WRA_JonKyl,hdtf_visomaster_teams,0.0210023141373925
T5C_step3500,808,WRA_LynnJenkins,hdtf_visomaster_teams,0.010958915831687632
T5C_step3500,809,WRA_RandPaul2,hdtf_visomaster_teams,0.010044186624716107
T5C_step3500,810,RD_Radio45,hdtf_visomaster_teams,0.020922493690933984
T5C_step3500,811,WDA_BobMenendez,hdtf_visomaster_teams,0.04996728451142406
T5C_step3500,812,WDA_CatherineCortezMasto,hdtf_visomaster_teams,0.00693018557720341
T5C_step3500,813,WDA_DebbieWassermanSchultz,hdtf_visomaster_teams,0.0008879935115115412
T5C_step3500,814,WDA_JohnSarbanes1,hdtf_visomaster_teams,0.01132361218207302
T5C_step3500,815,WDA_SherrodBrown1,hdtf_visomaster_teams,0.010089629143860013
T5C_step3500,816,WRA_AdamKinzinger0,hdtf_visomaster_teams,-0.00010864905080878139
T5C_step3500,817,WRA_CarlyFiorina0,hdtf_visomaster_teams,0.008591205429352204
T5C_step3500,818,WRA_DianeBlack1,hdtf_visomaster_teams,0.007162136977329998
T5C_step3500,819,WRA_GeoffDavis,hdtf_visomaster_teams,0.03371739715781571
T5C_step3500,820,WRA_JebHensarling2,hdtf_visomaster_teams,-0.0007046132830151162
T5C_step3500,821,WRA_LamarAlexander0,hdtf_visomaster_teams,0.0019528716107591736
T5C_step3500,822,WRA_RogerWicker1,hdtf_visomaster_teams,0.024951037501188073
T5C_step3500,823,WRA_SamBrownback,hdtf_visomaster_teams,0.0075705992119296925
T5C_step3500,824,RD_Radio11,hdtf_visomaster_teams,0.01599595371701063
T5C_step3500,825,RD_Radio19,hdtf_visomaster_teams,0.0007027498402227151
T5C_step3500,826,RD_Radio22,hdtf_visomaster_teams,0.02502469334483643
T5C_step3500,827,WDA_AnnieKuster,hdtf_visomaster_teams,0.06462606397510073
T5C_step3500,828,WDA_DianneFeinstein,hdtf_visomaster_teams,-0.008212047347089529
T5C_step3500,829,WDA_HakeemJeffries,hdtf_visomaster_teams,0.0732540202029111
T5C_step3500,830,WDA_HenryWaxman,hdtf_visomaster_teams,0.01958383476800024
T5C_step3500,831,WDA_JimmyGomez,hdtf_visomaster_teams,-0.004523370907883799
T5C_step3500,832,WDA_PattyMurray1,hdtf_visomaster_teams,-0.002414052871783906
T5C_step3500,833,WDA_TomPerez,hdtf_visomaster_teams,0.07938526132779278
T5C_step3500,834,WRA_MikeJohanns,hdtf_visomaster_teams,-0.0003847844568377161
T5C_step3500,835,WRA_OlympiaSnowe,hdtf_visomaster_teams,-0.003535436131135357
T5C_step3500,836,WRA_SaxbyChambliss,hdtf_visomaster_teams,0.01826769226754805
T5C_step3500,837,RD_Radio20,hdtf_visomaster_teams,0.013245257952548283
T5C_step3500,838,RD_Radio26,hdtf_visomaster_teams,0.008828045878832553
T5C_step3500,839,RD_Radio39,hdtf_visomaster_teams,0.045704763384948166
T5C_step3500,840,RD_Radio47,hdtf_visomaster_teams,0.0273905296348459
T5C_step3500,841,RD_Radio52,hdtf_visomaster_teams,-0.0007865765183568308
T5C_step3500,842,WDA_AdamSchiff,hdtf_visomaster_teams,0.04011391749520968
T5C_step3500,843,WDA_AdamSmith,hdtf_visomaster_teams,-0.004930874796798457
T5C_step3500,844,WDA_AmyKlobuchar1,hdtf_visomaster_teams,0.015341208890399466
T5C_step3500,845,WDA_BobCasey1,hdtf_visomaster_teams,0.0068394198859457285
T5C_step3500,846,WDA_BobbyScott,hdtf_visomaster_teams,-0.004874596451348783
T5C_step3500,847,WDA_DanKildee1,hdtf_visomaster_teams,0.011735087278116558
T5C_step3500,848,WDA_DickDurbin,hdtf_visomaster_teams,0.0003107431504372638
T5C_step3500,849,WDA_ElijahCummings,hdtf_visomaster_teams,-0.0005451855460762468
T5C_step3500,850,WDA_FrankPallone0,hdtf_visomaster_teams,0.021034836975491928
T5C_step3500,851,WDA_JackReed0,hdtf_visomaster_teams,0.019787449262149287
T5C_step3500,852,WDA_JeffMerkley1,hdtf_visomaster_teams,-0.004147397276292514
T5C_step3500,853,WDA_JonTester0,hdtf_visomaster_teams,0.02245682064068251
T5C_step3500,854,WDA_MaggieHassan,hdtf_visomaster_teams,-0.0076344449421372135
T5C_step3500,855,WDA_MarkWarner2,hdtf_visomaster_teams,0.004952972214892211
T5C_step3500,856,WDA_MichelleLujanGrisham,hdtf_visomaster_teams,0.03140259536934911
T5C_step3500,857,WDA_MichelleObama,hdtf_visomaster_teams,0.03623816727951135
T5C_step3500,858,WDA_NancyPelosi3,hdtf_visomaster_teams,-0.003871777814522954
T5C_step3500,859,WDA_PattyMurray0,hdtf_visomaster_teams,0.00641254416979543
T5C_step3500,860,WDA_RaulRuiz,hdtf_visomaster_teams,0.046294557276309045
T5C_step3500,861,WDA_RobinKelly,hdtf_visomaster_teams,-0.010861752023670323
T5C_step3500,862,WDA_SeanCasten,hdtf_visomaster_teams,0.023700572394859433
T5C_step3500,863,WDA_TerriSewell,hdtf_visomaster_teams,-0.0016978100139525393
T5C_step3500,864,WDA_TerriSewell1,hdtf_visomaster_teams,0.018459879735244912
T5C_step3500,865,WDA_TimWalz,hdtf_visomaster_teams,0.013038258081196595
T5C_step3500,866,WRA_AnnWagner,hdtf_visomaster_teams,0.00905990774394038
T5C_step3500,867,WRA_DanSullivan,hdtf_visomaster_teams,0.0030080453387882006
T5C_step3500,868,WRA_DebFischer1,hdtf_visomaster_teams,0.02182369677173532
T5C_step3500,869,WRA_DebFischer2,hdtf_visomaster_teams,0.014156005967473982
T5C_step3500,870,WRA_FredUpton,hdtf_visomaster_teams,0.02550495093530348
T5C_step3500,871,WRA_JaimeHerreraBeutler0,hdtf_visomaster_teams,0.04176078708665468
T5C_step3500,872,WRA_JoePitts,hdtf_visomaster_teams,0.004767457379189465
T5C_step3500,873,WRA_JohnBoozman,hdtf_visomaster_teams,0.022079873915211597
T5C_step3500,874,WRA_JohnHoeven,hdtf_visomaster_teams,0.03147400741675712
T5C_step3500,875,WRA_KristiNoem2,hdtf_visomaster_teams,0.005911648572592759
T5C_step3500,876,WRA_MarcoRubio,hdtf_visomaster_teams,-0.001415122852465955
T5C_step3500,877,WRA_RandPaul0,hdtf_visomaster_teams,-0.002872917276827267
T5C_step3500,878,WRA_TimScott,hdtf_visomaster_teams,0.020646360320785165
T5C_step3500,879,RD_Radio13,hdtf_visomaster_teams,0.0368276319335909
T5C_step3500,880,RD_Radio23,hdtf_visomaster_teams,0.010150816755031523
T5C_step3500,881,RD_Radio30,hdtf_visomaster_teams,0.026841190693608272
T5C_step3500,882,WDA_BennieThompson1,hdtf_visomaster_teams,0.010044959165769453
T5C_step3500,883,WDA_BillPascrell,hdtf_visomaster_teams,0.019869454193043114
T5C_step3500,884,WDA_BrianSchatz1,hdtf_visomaster_teams,0.014123779431340435
T5C_step3500,885,WDA_ColinAllred,hdtf_visomaster_teams,0.005220358572787852
T5C_step3500,886,WDA_HaleyStevens,hdtf_visomaster_teams,0.047459668921886966
T5C_step3500,887,WRA_ChuckGrassley,hdtf_visomaster_teams,0.011882294632866263
T5C_step3500,888,WRA_JohnBoehner1,hdtf_visomaster_teams,0.0014284392422506194
T5C_step3500,889,WRA_MikeCrapo,hdtf_visomaster_teams,0.026576327963426703
T5C_step3500,890,WRA_ReneeEllmers,hdtf_visomaster_teams,0.02276460394110471
T5C_step3500,891,WDA_BrianSchatz2,hdtf_visomaster_teams,0.007654255080398393
T5C_step3500,892,WDA_ChrisMurphy0,hdtf_visomaster_teams,0.017487665635445904
T5C_step3500,893,WDA_DebbieDingell0,hdtf_visomaster_teams,0.0076117985789567405
T5C_step3500,894,WDA_NydiaVelzquez,hdtf_visomaster_teams,0.0659743699247457
T5C_step3500,895,WRA_AdamKinzinger2,hdtf_visomaster_teams,0.014821508526155318
T5C_step3500,896,WRA_DaveCamp,hdtf_visomaster_teams,0.04535621606923043
T5C_step3500,897,WRA_JohnBoehner0,hdtf_visomaster_teams,-0.017712452836767853
T5C_step3500,898,WRA_KevinBrady2,hdtf_visomaster_teams,0.018662612175544414
T5C_step3500,899,WRA_KevinBrady3,hdtf_visomaster_teams,-0.002653653095779012
T5C_step3500,900,WRA_PeterRoskam1,hdtf_visomaster_teams,0.034759477743745895
T5C_step3500,901,RD_Radio12,hdtf_visomaster_teams,0.01412960367347331
T5C_step3500,902,RD_Radio19,hdtf_visomaster_teams,-0.003785838678441239
T5C_step3500,903,WDA_AmyKlobuchar0,hdtf_visomaster_teams,-0.008196283737002357
T5C_step3500,904,WDA_AndyKim,hdtf_visomaster_teams,0.042251741175404915
T5C_step3500,905,WDA_DianneFeinstein,hdtf_visomaster_teams,-0.0008024610559636818
T5C_step3500,906,WDA_EmanuelCleaver,hdtf_visomaster_teams,-0.009512419677340794
T5C_step3500,907,WDA_JimmyGomez,hdtf_visomaster_teams,-0.0025378391154801706
T5C_step3500,908,WDA_JoeCrowley0,hdtf_visomaster_teams,0.05774053650009947
T5C_step3500,909,WDA_LisaBluntRochester,hdtf_visomaster_teams,0.07008135725734715
T5C_step3500,910,WDA_MichaelBennet,hdtf_visomaster_teams,-0.0014274541571666767
T5C_step3500,911,WRA_MikeJohanns,hdtf_visomaster_teams,0.037748771966438416
T5C_step3500,912,WRA_RogerWicker0,hdtf_visomaster_teams,0.0025814410974342125
T5C_step3500,913,WRA_TomCotton,hdtf_visomaster_teams,0.0045464611739541765
T5C_step3500,914,RD_Radio18,hdtf_visomaster_teams,0.06874331087985794
T5C_step3500,915,RD_Radio25,hdtf_visomaster_teams,0.0057403411500736344
T5C_step3500,916,RD_Radio32,hdtf_visomaster_teams,0.05200173118566913
T5C_step3500,917,RD_Radio40,hdtf_visomaster_teams,0.008769450499575237
T5C_step3500,918,WDA_ChrisVanHollen0,hdtf_visomaster_teams,0.011595702279983355
T5C_step3500,919,WDA_DougJones,hdtf_visomaster_teams,0.014910158978012695
T5C_step3500,920,WDA_JohnYarmuth1,hdtf_visomaster_teams,-5.12688238065058e-06
T5C_step3500,921,WDA_MarciaFudge,hdtf_visomaster_teams,0.03751582906494699
T5C_step3500,922,WDA_TomCarper,hdtf_visomaster_teams,0.006668605914238378
T5C_step3500,923,WRA_BobCorker,hdtf_visomaster_teams,-0.0027987460381394785
T5C_step3500,924,WRA_CathyMcMorrisRodgers0,hdtf_visomaster_teams,0.03509658214201647
T5C_step3500,925,WRA_JonKyl,hdtf_visomaster_teams,0.01656073272111365
T5C_step3500,926,WRA_KristiNoem0,hdtf_visomaster_teams,0.008204754073420906
T5C_step3500,927,WRA_LynnJenkins,hdtf_visomaster_teams,-0.0009688885955432464
T5C_step3500,928,RD_Radio10,hdtf_visomaster_teams,0.005352951378867057
T5C_step3500,929,WDA_BarackObama,hdtf_visomaster_teams,0.012133529335353855
T5C_step3500,930,WDA_JackReed1,hdtf_visomaster_teams,0.019554467948028315
T5C_step3500,931,WDA_JamesClyburn1,hdtf_visomaster_teams,0.0025755623048775884
T5C_step3500,932,WDA_JanSchakowsky1,hdtf_visomaster_teams,-0.006834140730770761
T5C_step3500,933,WDA_JerryNadler,hdtf_visomaster_teams,0.015424142087196753
T5C_step3500,934,WDA_JohnSarbanes0,hdtf_visomaster_teams,-0.007434771699267133
T5C_step3500,935,WDA_KatherineClark,hdtf_visomaster_teams,0.003928436393750965
T5C_step3500,936,WDA_SherrodBrown0,hdtf_visomaster_teams,0.003956484424269676
T5C_step3500,937,WRA_BobGoodlatte0,hdtf_visomaster_teams,0.013231204969778974
T5C_step3500,938,WRA_BobbySchilling,hdtf_visomaster_teams,0.03205842833456109
T5C_step3500,939,WRA_JuddGregg,hdtf_visomaster_teams,0.023014954673856947
T5C_step3500,940,WRA_KellyAyotte,hdtf_visomaster_teams,0.0181842934197611
T5C_step3500,941,WRA_ToddYoung,hdtf_visomaster_teams,-0.010535648894757929
T5C_step3500,942,RD_Radio1,hdtf_visomaster_teams,0.021874217891258124
T5C_step3500,943,RD_Radio28,hdtf_visomaster_teams,0.07333859677030159
T5C_step3500,944,RD_Radio4,hdtf_visomaster_teams,-0.0014510774151747703
T5C_step3500,945,WDA_BarbaraLee1,hdtf_visomaster_teams,-0.002219862715039959
T5C_step3500,946,WDA_BradSchneider,hdtf_visomaster_teams,0.04465976182421781
T5C_step3500,947,WDA_ByronDorgan1,hdtf_visomaster_teams,0.014221001547938103
T5C_step3500,948,WDA_ChrisCoons,hdtf_visomaster_teams,0.015186379832678827
T5C_step3500,949,WDA_ChuckSchumer1,hdtf_visomaster_teams,0.017193551863022925
T5C_step3500,950,WDA_LloydDoggett0,hdtf_visomaster_teams,0.0009051326101138771
T5C_step3500,951,WRA_MitchDaniels1,hdtf_visomaster_teams,0.011504330106121705
T5C_step3500,952,WRA_NanHayworth,hdtf_visomaster_teams,0.03252994528534785
T5C_step3500,953,WRA_RandPaul1,hdtf_visomaster_teams,0.03522400950592748
T5C_step3500,954,RD_Radio45,hdtf_visomaster_teams,-0.05259485217953859
T5C_step3500,955,RD_Radio54,hdtf_visomaster_teams,0.02346149228162067
T5C_step3500,956,WDA_BenCardin1,hdtf_visomaster_teams,0.0230688192685021
T5C_step3500,957,WDA_CatherineCortezMasto,hdtf_visomaster_teams,0.04001060295068826
T5C_step3500,958,WDA_EdMarkey1,hdtf_visomaster_teams,0.0263435480020209
T5C_step3500,959,WDA_MikeDoyle,hdtf_visomaster_teams,0.008882871583198575
T5C_step3500,960,WDA_VeronicaEscobar1,hdtf_visomaster_teams,0.003964651801807222
T5C_step3500,961,WRA_AustinScott2,hdtf_visomaster_teams,0.018969724045944915
T5C_step3500,962,WRA_DianeBlack0,hdtf_visomaster_teams,-0.006326002350250369
T5C_step3500,963,WRA_DianeBlack1,hdtf_visomaster_teams,0.0024789702656903643
T5C_step3500,964,WRA_JebHensarling0,hdtf_visomaster_teams,0.01928528847865272
T5C_step3500,965,WRA_JimInhofe,hdtf_visomaster_teams,0.0606178706037244
T5C_step3500,966,WRA_JohnnyIsakson,hdtf_visomaster_teams,0.008697570291893738
T5C_step3500,967,WRA_RogerWicker1,hdtf_visomaster_teams,0.002784800405413723
T5C_step3500,968,RD_Radio20,hdtf_visomaster_teams,0.008677529217324209
T5C_step3500,969,RD_Radio21,hdtf_visomaster_teams,-0.01431031610530412
T5C_step3500,970,RD_Radio29,hdtf_visomaster_teams,0.060060019235558794
T5C_step3500,971,RD_Radio36,hdtf_visomaster_teams,-0.0018770682195409934
T5C_step3500,972,RD_Radio5,hdtf_visomaster_teams,-0.0009630720747276644
T5C_step3500,973,RD_Radio53,hdtf_visomaster_teams,0.01870708334369468
T5C_step3500,974,WDA_AndyLevin,hdtf_visomaster_teams,0.08327883191033705
T5C_step3500,975,WDA_ChrisCoons1,hdtf_visomaster_teams,0.010000754724738443
T5C_step3500,976,WDA_ChrisVanHollen1,hdtf_visomaster_teams,0.02225078810019986
T5C_step3500,977,WDA_DebbieDingell1,hdtf_visomaster_teams,0.012574459669189094
T5C_step3500,978,WDA_DebbieStabenow1,hdtf_visomaster_teams,0.021878913086575746
T5C_step3500,979,WDA_EricSwalwell,hdtf_visomaster_teams,0.021719208820431952
T5C_step3500,980,WDA_JeffMerkley1,hdtf_visomaster_teams,0.022317740051402267
T5C_step3500,981,WDA_JoeKennedy,hdtf_visomaster_teams,0.0256208365038184
T5C_step3500,982,WDA_JonTester1,hdtf_visomaster_teams,0.0046679722660125265
T5C_step3500,983,WDA_KatieHill,hdtf_visomaster_teams,0.016337117597263966
T5C_step3500,984,WDA_KirstenGillibrand,hdtf_visomaster_teams,0.004265727735842418
T5C_step3500,985,WDA_LucyMcBath,hdtf_visomaster_teams,0.02457349000016225
T5C_step3500,986,WDA_MichelleLujanGrisham,hdtf_visomaster_teams,0.002789508499374511
T5C_step3500,987,WDA_MikeThompson0,hdtf_visomaster_teams,0.006269892178425289
T5C_step3500,988,WDA_NancyPelosi3,hdtf_visomaster_teams,-0.005364779143862599
T5C_step3500,989,WDA_RobinKelly,hdtf_visomaster_teams,0.02128933227438466
T5C_step3500,990,WDA_RonWyden1,hdtf_visomaster_teams,0.014055964918913645
T5C_step3500,991,WDA_StenyHoyer,hdtf_visomaster_teams,0.043985743957074205
T5C_step3500,992,WDA_ZoeLofgren,hdtf_visomaster_teams,0.009329809243664127
T5C_step3500,993,WRA_AnnMarieBuerkle,hdtf_visomaster_teams,-0.0034583998404583583
T5C_step3500,994,WRA_BillCassidy0,hdtf_visomaster_teams,0.015858511013757827
T5C_step3500,995,WRA_CarlyFiorina,hdtf_visomaster_teams,0.004760585032310201
T5C_step3500,996,WRA_CoryGardner,hdtf_visomaster_teams,0.04502564087387252
T5C_step3500,997,WRA_DavidVitter,hdtf_visomaster_teams,0.06335800377410611
T5C_step3500,998,WRA_DebFischer0,hdtf_visomaster_teams,0.05174734217195061
T5C_step3500,999,WRA_DebFischer2,hdtf_visomaster_teams,0.039709499282601146
T5C_step3500,1000,WRA_ErikPaulsen,hdtf_visomaster_teams,-0.0096863515152764
T5C_step3500,1001,WRA_GeorgeLeMieux,hdtf_visomaster_teams,0.017570383214612
T5C_step3500,1002,WRA_GregWalden1,hdtf_visomaster_teams,0.014546715408660893
T5C_step3500,1003,WRA_JimRisch,hdtf_visomaster_teams,-0.017861420166989272
T5C_step3500,1004,WRA_JoeHeck1,hdtf_visomaster_teams,0.02266447888856335
T5C_step3500,1005,WRA_JoniErnst1,hdtf_visomaster_teams,0.008434994279744437
T5C_step3500,1006,WRA_KevinBrady,hdtf_visomaster_teams,0.047957623080071295
T5C_step3500,1007,WRA_MarkwayneMullin,hdtf_visomaster_teams,0.0014064048832421027
T5C_step3500,1008,WRA_MichaelSteele,hdtf_visomaster_teams,0.010925300987132791
T5C_step3500,1009,WRA_MikeEnzi,hdtf_visomaster_teams,0.062093006429215086
T5C_step3500,1010,WRA_RogerWicker2,hdtf_visomaster_teams,0.00720664719222266
T5C_step3500,1011,RD_Radio28,hdtf_visomaster_teams,0.004569521244491615
T5C_step3500,1012,RD_Radio52,hdtf_visomaster_teams,0.013642404662988541
T5C_step3500,1013,RD_Radio54,hdtf_visomaster_teams,0.02346149228162067
T5C_step3500,1014,WDA_ChuckSchumer1,hdtf_visomaster_teams,0.008654559708089956
T5C_step3500,1015,WDA_RichardNeal0,hdtf_visomaster_teams,0.002837755100475562
T5C_step3500,1016,WDA_VeronicaEscobar1,hdtf_visomaster_teams,0.005723361659394931
T5C_step3500,1017,WRA_JimInhofe,hdtf_visomaster_teams,0.06563540177968505
T5C_step3500,1018,WRA_JohnBoozman,hdtf_visomaster_teams,0.025441694786078353
T5C_step3500,1019,WRA_JohnHoeven,hdtf_visomaster_teams,-0.0022082998906847433
T5C_step3500,1020,RD_Radio13,hdtf_visomaster_teams,0.0019648823664346633
T5C_step3500,1021,RD_Radio39,hdtf_visomaster_teams,0.0521604018569297
T5C_step3500,1022,WDA_BennieThompson1,hdtf_visomaster_teams,0.003291629420996312
T5C_step3500,1023,WDA_BillPascrell,hdtf_visomaster_teams,0.020794750441939167
T5C_step3500,1024,WDA_BrianSchatz1,hdtf_visomaster_teams,0.00602478117492463
T5C_step3500,1025,WDA_ColinAllred,hdtf_visomaster_teams,-0.013686599428040066
T5C_step3500,1026,WDA_DanKildee1,hdtf_visomaster_teams,-0.004405344270163774
T5C_step3500,1027,WDA_TimWalz,hdtf_visomaster_teams,-0.0023563636892109247
T5C_step3500,1028,WRA_ChuckGrassley,hdtf_visomaster_teams,0.012945846386702509
T5C_step3500,1029,WRA_JoePitts,hdtf_visomaster_teams,-0.003350485527228985
T5C_step3500,1030,WRA_LamarAlexander,hdtf_visomaster_teams,0.004977700103438105
T5C_step3500,1031,WRA_MikeCrapo,hdtf_visomaster_teams,0.024815612723672376
T5C_step3500,1032,WRA_ReneeEllmers,hdtf_visomaster_teams,0.02542178082213561
T5C_step3500,1033,WRA_RobPortman,hdtf_visomaster_teams,0.047172347649608926
T5C_step3500,1034,RD_Radio3,hdtf_visomaster_teams,0.010391758853035764
T5C_step3500,1035,RD_Radio40,hdtf_visomaster_teams,0.040029062196792836
T5C_step3500,1036,WDA_ChrisMurphy0,hdtf_visomaster_teams,0.012937384722149156
T5C_step3500,1037,WDA_ChrisVanHollen0,hdtf_visomaster_teams,0.00730379668626432
T5C_step3500,1038,WDA_DougJones,hdtf_visomaster_teams,0.01676687595513958
T5C_step3500,1039,WDA_JackyRosen1,hdtf_visomaster_teams,-0.0072634970141242875
T5C_step3500,1040,WDA_JeanneShaheen1,hdtf_visomaster_teams,0.043429282199264854
T5C_step3500,1041,WDA_JohnYarmuth1,hdtf_visomaster_teams,0.014429453760079487
T5C_step3500,1042,WDA_JonTester0,hdtf_visomaster_teams,0.012024800810259847
T5C_step3500,1043,WDA_MarciaFudge,hdtf_visomaster_teams,0.0334728936984667
T5C_step3500,1044,WDA_NitaLowey,hdtf_visomaster_teams,-0.0036942801696240174
T5C_step3500,1045,WDA_RonWyden0,hdtf_visomaster_teams,0.024804408630733497
T5C_step3500,1046,WRA_RandPaul2,hdtf_visomaster_teams,0.014593575603909871
T5C_step3500,1047,RD_Radio23,hdtf_visomaster_teams,-0.016936281989174743
T5C_step3500,1048,RD_Radio26,hdtf_visomaster_teams,0.037107427103443454
T5C_step3500,1049,RD_Radio30,hdtf_visomaster_teams,0.03878897517641884
T5C_step3500,1050,WDA_AmyKlobuchar1,hdtf_visomaster_teams,-0.00038318010931753495
T5C_step3500,1051,WDA_BobCasey1,hdtf_visomaster_teams,0.005112858981374529
T5C_step3500,1052,WDA_CarolynMaloney1,hdtf_visomaster_teams,0.013483648998368236
T5C_step3500,1053,WDA_HaleyStevens,hdtf_visomaster_teams,0.05206519707129835
T5C_step3500,1054,WDA_MarkWarner2,hdtf_visomaster_teams,-0.004314539564295535
T5C_step3500,1055,WDA_MattCartwright,hdtf_visomaster_teams,0.04260965290552363
T5C_step3500,1056,WDA_MichelleObama,hdtf_visomaster_teams,0.014524179744353735
T5C_step3500,1057,WDA_TerriSewell1,hdtf_visomaster_teams,0.011542700953612536
T5C_step3500,1058,WRA_AnnWagner,hdtf_visomaster_teams,0.03441932044439852
T5C_step3500,1059,RD_Radio35,hdtf_visomaster_teams,0.013848446285266078
T5C_step3500,1060,WDA_AdamSchiff,hdtf_visomaster_teams,0.05444598702943619
T5C_step3500,1061,WDA_BobbyScott,hdtf_visomaster_teams,-0.01986099365644389
T5C_step3500,1062,WDA_DianaDeGette1,hdtf_visomaster_teams,-0.006301080846478759
T5C_step3500,1063,WDA_RaulRuiz,hdtf_visomaster_teams,0.023807324808582934
T5C_step3500,1064,WDA_SeanPatrickMaloney,hdtf_visomaster_teams,0.014907328425809507
T5C_step3500,1065,WDA_TammyBaldwin0,hdtf_visomaster_teams,0.033412946734156214
T5C_step3500,1066,WDA_VeronicaEscobar0,hdtf_visomaster_teams,0.04898816506920571
T5C_step3500,1067,WRA_JaimeHerreraBeutler0,hdtf_visomaster_teams,0.04874501507803092
T5C_step3500,1068,WRA_KristiNoem2,hdtf_visomaster_teams,0.03261050656304892
T5C_step3500,1069,WRA_PaulRyan0,hdtf_visomaster_teams,0.0019262922529117389
T5C_step3500,1070,WRA_RandPaul1,hdtf_visomaster_teams,0.02317769709643303
T5C_step3500,1071,RD_Radio10,hdtf_visomaster_teams,-0.006083207561287037
T5C_step3500,1072,RD_Radio18,hdtf_visomaster_teams,0.014609142361834358
T5C_step3500,1073,RD_Radio25,hdtf_visomaster_teams,0.0695397665706232
T5C_step3500,1074,RD_Radio34,hdtf_visomaster_teams,0.011179722773383378
T5C_step3500,1075,WDA_BenCardin1,hdtf_visomaster_teams,0.015698801390395593
T5C_step3500,1076,WDA_JamesClyburn1,hdtf_visomaster_teams,0.01608548122443268
T5C_step3500,1077,WDA_SherrodBrown0,hdtf_visomaster_teams,-0.04599383921670909
T5C_step3500,1078,WDA_StephanieMurphy,hdtf_visomaster_teams,0.014572053264470848
T5C_step3500,1079,WDA_TomCarper,hdtf_visomaster_teams,0.013267376086322228
T5C_step3500,1080,WRA_AustinScott2,hdtf_visomaster_teams,0.03454007643326479
T5C_step3500,1081,WRA_KristiNoem0,hdtf_visomaster_teams,0.009092931270525935
T5C_step3500,1082,WRA_ToddYoung,hdtf_visomaster_teams,0.013071983284842537
T5C_step3500,1083,WDA_AdamSmith,hdtf_visomaster_teams,0.016895360095510854
T5C_step3500,1084,WDA_DebbieDingell0,hdtf_visomaster_teams,0.02036861401579476
T5C_step3500,1085,WDA_DickDurbin,hdtf_visomaster_teams,0.002375237864807058
T5C_step3500,1086,WDA_JackReed0,hdtf_visomaster_teams,0.01645907180121412
T5C_step3500,1087,WDA_MaggieHassan,hdtf_visomaster_teams,0.006206455725678364
T5C_step3500,1088,WDA_PattyMurray0,hdtf_visomaster_teams,0.03704404509946148
T5C_step3500,1089,WDA_SeanCasten,hdtf_visomaster_teams,0.020695234023248833
T5C_step3500,1090,WRA_JohnThune,hdtf_visomaster_teams,0.010640059191100663
T5C_step3500,1091,WRA_LisaMurkowski0,hdtf_visomaster_teams,0.0059513632509846795
T5C_step3500,1092,WRA_SteveScalise0,hdtf_visomaster_teams,0.011900742515224369
T5C_step3500,1093,WRA_TimScott,hdtf_visomaster_teams,0.01207561744108406
T5C_step3500,1094,322,quickclips_visomaster_teams,0.10589833832040567
T5C_step3500,1095,3265,quickclips_visomaster_teams,0.03363392557900321
T5C_step3500,1096,3741,quickclips_visomaster_teams,0.05401670739081385
T5C_step3500,1097,4109,quickclips_visomaster_teams,0.04009354199036741
T5C_step3500,1098,4308,quickclips_visomaster_teams,0.01562589365563661
T5C_step3500,1099,5328,quickclips_visomaster_teams,0.018564010559204983
T5C_step3500,1100,5865,quickclips_visomaster_teams,-0.07651227074091912
T5C_step3500,1101,7504,quickclips_visomaster_teams,0.023902822564621153
T5C_step3500,1102,7866,quickclips_visomaster_teams,0.06623502345091961
T5C_step3500,1103,7989,quickclips_visomaster_teams,0.0008268405822087588
T5C_step3500,1104,1066,quickclips_visomaster_teams,-0.00436019067431387
T5C_step3500,1105,1259,quickclips_visomaster_teams,0.01265503667271749
T5C_step3500,1106,1758,quickclips_visomaster_teams,0.014030831358494795
T5C_step3500,1107,4072,quickclips_visomaster_teams,0.028069573770386276
T5C_step3500,1108,4736,quickclips_visomaster_teams,0.023518556399864367
T5C_step3500,1109,6051,quickclips_visomaster_teams,0.06268389247316984
T5C_step3500,1110,6468,quickclips_visomaster_teams,-0.012326963963908743
T5C_step3500,1111,7276,quickclips_visomaster_teams,-0.00586675913840729
T5C_step3500,1112,9400,quickclips_visomaster_teams,0.025047065203966896
T5C_step3500,1113,9402,quickclips_visomaster_teams,0.04284974814173162
T5C_step3500,1114,1078,quickclips_visomaster_teams,0.03370187704775748
T5C_step3500,1115,1187,quickclips_visomaster_teams,0.03756846000077221
T5C_step3500,1116,2319,quickclips_visomaster_teams,0.025227030436378677
T5C_step3500,1117,2354,quickclips_visomaster_teams,-0.027726381708116792
T5C_step3500,1118,2586,quickclips_visomaster_teams,0.011526584863696612
T5C_step3500,1119,3304,quickclips_visomaster_teams,0.02305122079081068
T5C_step3500,1120,3826,quickclips_visomaster_teams,0.012434734879483784
T5C_step3500,1121,7601,quickclips_visomaster_teams,0.02961498390070494
T5C_step3500,1122,8137,quickclips_visomaster_teams,0.006451397645897564
T5C_step3500,1123,8200,quickclips_visomaster_teams,0.028587286726718928
T5C_step3500,1124,1981,quickclips_visomaster_teams,-0.007679857747033972
T5C_step3500,1125,2582,quickclips_visomaster_teams,0.008212277462304522
T5C_step3500,1126,41,quickclips_visomaster_teams,0.04257964395092982
T5C_step3500,1127,4209,quickclips_visomaster_teams,0.04592536095671372
T5C_step3500,1128,6406,quickclips_visomaster_teams,-0.030655500754734513
T5C_step3500,1129,647,quickclips_visomaster_teams,0.02672367578242985
T5C_step3500,1130,7035,quickclips_visomaster_teams,0.012313249553443137
T5C_step3500,1131,8982,quickclips_visomaster_teams,0.0053504268980995385
T5C_step3500,1132,unknown_gSq1CUXNUN4,quickclips_visomaster_teams,0.019644264017052347
T5C_step3500,1133,1262,quickclips_visomaster_teams,0.023529458541958967
T5C_step3500,1134,1728,quickclips_visomaster_teams,0.03583859671236972
T5C_step3500,1135,2197,quickclips_visomaster_teams,0.036026439448091134
T5C_step3500,1136,5225,quickclips_visomaster_teams,0.03171605849951611
T5C_step3500,1137,5562,quickclips_visomaster_teams,0.008973065410063007
T5C_step3500,1138,5664,quickclips_visomaster_teams,-0.014815312238622223
T5C_step3500,1139,7926,quickclips_visomaster_teams,-0.017077964534598963
T5C_step3500,1140,7948,quickclips_visomaster_teams,0.014400005201613511
T5C_step3500,1141,8816,quickclips_visomaster_teams,0.025292081158224372
T5C_step3500,1142,129,quickclips_visomaster_teams,0.01184200409472946
T5C_step3500,1143,3718,quickclips_visomaster_teams,0.059365623921817406
T5C_step3500,1144,4610,quickclips_visomaster_teams,0.0005739381592141882
T5C_step3500,1145,4639,quickclips_visomaster_teams,0.019363337494336743
T5C_step3500,1146,488,quickclips_visomaster_teams,0.016098514768531344
T5C_step3500,1147,5258,quickclips_visomaster_teams,0.045665315995446404
T5C_step3500,1148,5434,quickclips_visomaster_teams,0.0213666666987839
T5C_step3500,1149,7216,quickclips_visomaster_teams,0.025193418939953482
T5C_step3500,1150,8701,quickclips_visomaster_teams,0.011977147865351574
T5C_step3500,1151,183,quickclips_visomaster_teams,0.0331500709568658
T5C_step3500,1152,2156,quickclips_visomaster_teams,0.05543997102166667
T5C_step3500,1153,2322,quickclips_visomaster_teams,0.007987987056803305
T5C_step3500,1154,4892,quickclips_visomaster_teams,0.005880215256574395
T5C_step3500,1155,6025,quickclips_visomaster_teams,-0.003530265633008133
T5C_step3500,1156,unknown_fvRDBpEliEU,quickclips_visomaster_teams,0.04644697868869185
T5C_step3500,1157,unknown_n82ncUKxIqA,quickclips_visomaster_teams,0.018213821116675816
T5C_step3500,1158,183,quickclips_visomaster_teams,0.03358572437221134
T5C_step3500,1159,2156,quickclips_visomaster_teams,0.06220339436920452
T5C_step3500,1160,2322,quickclips_visomaster_teams,0.004427557100491796
T5C_step3500,1161,4892,quickclips_visomaster_teams,-0.015929385388509704
T5C_step3500,1162,6025,quickclips_visomaster_teams,0.004556337283452563
T5C_step3500,1163,unknown_fvRDBpEliEU,quickclips_visomaster_teams,0.03181375300251249
T5C_step3500,1164,unknown_n82ncUKxIqA,quickclips_visomaster_teams,0.008015959481177577
T5C_step3500,1165,322,quickclips_visomaster_teams,0.09530082047140953
T5C_step3500,1166,3265,quickclips_visomaster_teams,0.023648141980840653
T5C_step3500,1167,4109,quickclips_visomaster_teams,0.050887496858890366
T5C_step3500,1168,4308,quickclips_visomaster_teams,0.014134141924166656
T5C_step3500,1169,5328,quickclips_visomaster_teams,0.02534485327824772
T5C_step3500,1170,5865,quickclips_visomaster_teams,-0.0735410747575876
T5C_step3500,1171,7504,quickclips_visomaster_teams,0.03524205396871475
T5C_step3500,1172,7866,quickclips_visomaster_teams,0.05365742726877149
T5C_step3500,1173,7989,quickclips_visomaster_teams,0.024199238352404007
T5C_step3500,1174,1066,quickclips_visomaster_teams,0.016262928082551965
T5C_step3500,1175,1259,quickclips_visomaster_teams,0.022004619353048423
T5C_step3500,1176,4072,quickclips_visomaster_teams,0.018189847898275473
T5C_step3500,1177,4736,quickclips_visomaster_teams,0.0455679885209455
T5C_step3500,1178,6051,quickclips_visomaster_teams,0.03757345154588382
T5C_step3500,1179,6468,quickclips_visomaster_teams,-0.0009382198171354649
T5C_step3500,1180,7276,quickclips_visomaster_teams,-0.008848373080855728
T5C_step3500,1181,9400,quickclips_visomaster_teams,0.0322661583311847
T5C_step3500,1182,9402,quickclips_visomaster_teams,0.031093325692611605
T5C_step3500,1183,1078,quickclips_visomaster_teams,0.022148615050290036
T5C_step3500,1184,1187,quickclips_visomaster_teams,0.04989977883363656
T5C_step3500,1185,2319,quickclips_visomaster_teams,0.03260549183691048
T5C_step3500,1186,2354,quickclips_visomaster_teams,-0.015834720161354645
T5C_step3500,1187,2586,quickclips_visomaster_teams,0.010233890946284544
T5C_step3500,1188,3304,quickclips_visomaster_teams,0.031203304504900112
T5C_step3500,1189,3741,quickclips_visomaster_teams,0.06602181180430217
T5C_step3500,1190,3826,quickclips_visomaster_teams,-0.026620934983143458
T5C_step3500,1191,7601,quickclips_visomaster_teams,0.03994532605484972
T5C_step3500,1192,8137,quickclips_visomaster_teams,0.028538118394781334
T5C_step3500,1193,1981,quickclips_visomaster_teams,-0.004474138991867696
T5C_step3500,1194,2582,quickclips_visomaster_teams,0.0186243272754787
T5C_step3500,1195,41,quickclips_visomaster_teams,0.05796114983856673
T5C_step3500,1196,4209,quickclips_visomaster_teams,0.038635333977684067
T5C_step3500,1197,6406,quickclips_visomaster_teams,-0.06756444321667197
T5C_step3500,1198,647,quickclips_visomaster_teams,0.026698227169918237
T5C_step3500,1199,7035,quickclips_visomaster_teams,-0.027941123072455956
T5C_step3500,1200,8982,quickclips_visomaster_teams,0.01097759021570403
T5C_step3500,1201,9325,quickclips_visomaster_teams,0.03668082691779034
T5C_step3500,1202,unknown_gSq1CUXNUN4,quickclips_visomaster_teams,-0.008489440111195653
T5C_step3500,1203,1262,quickclips_visomaster_teams,0.03493167914113689
T5C_step3500,1204,1728,quickclips_visomaster_teams,0.05137276961168247
T5C_step3500,1205,2197,quickclips_visomaster_teams,0.03359409333868758
T5C_step3500,1206,5225,quickclips_visomaster_teams,0.054727872936752894
T5C_step3500,1207,5562,quickclips_visomaster_teams,0.021226775990644726
T5C_step3500,1208,5664,quickclips_visomaster_teams,0.005181854472234959
T5C_step3500,1209,7926,quickclips_visomaster_teams,-0.020905063209818067
T5C_step3500,1210,7948,quickclips_visomaster_teams,0.029527872190832152
T5C_step3500,1211,8200,quickclips_visomaster_teams,0.006097400842270806
T5C_step3500,1212,8816,quickclips_visomaster_teams,0.05026002294853595
T5C_step3500,1213,129,quickclips_visomaster_teams,0.004150059403684082
T5C_step3500,1214,3718,quickclips_visomaster_teams,0.06137365612991484
T5C_step3500,1215,4610,quickclips_visomaster_teams,0.015844662001148507
T5C_step3500,1216,4639,quickclips_visomaster_teams,0.020742954325251268
T5C_step3500,1217,488,quickclips_visomaster_teams,0.004359467409210503
T5C_step3500,1218,5258,quickclips_visomaster_teams,0.030144424203495602
T5C_step3500,1219,5434,quickclips_visomaster_teams,0.018247228506907586
T5C_step3500,1220,7216,quickclips_visomaster_teams,0.023478037287148566
T5C_step3500,1221,8701,quickclips_visomaster_teams,0.0070730118478715305
T5C_step3500,1222,1805,quickclips_visomaster_teams,0.003846287103633642
T5C_step3500,1223,182,quickclips_visomaster_teams,0.0020351323252095314
T5C_step3500,1224,1857,quickclips_visomaster_teams,0.013735105489263565
T5C_step3500,1225,2738,quickclips_visomaster_teams,0.012740154209402405
T5C_step3500,1226,4355,quickclips_visomaster_teams,0.02111267800525271
T5C_step3500,1227,4393,quickclips_visomaster_teams,0.051993085627287994
T5C_step3500,1228,5278,quickclips_visomaster_teams,-0.00300239144019414
T5C_step3500,1229,7629,quickclips_visomaster_teams,-0.018506506130823046
T5C_step3500,1230,7807,quickclips_visomaster_teams,-0.014361898886455109
T5C_step3500,1231,7855,quickclips_visomaster_teams,0.025304219914783314
T5C_step3500,1232,1417,quickclips_visomaster_teams,0.014240474584392761
T5C_step3500,1233,1711,quickclips_visomaster_teams,0.010466242425033146
T5C_step3500,1234,350,quickclips_visomaster_teams,0.01934727697588832
T5C_step3500,1235,5164,quickclips_visomaster_teams,0.015775667534977736
T5C_step3500,1236,598,quickclips_visomaster_teams,-0.00551536066956047
T5C_step3500,1237,6840,quickclips_visomaster_teams,0.02005074108078746
T5C_step3500,1238,7412,quickclips_visomaster_teams,0.03310445446809766
T5C_step3500,1239,7816,quickclips_visomaster_teams,-0.01570237360443386
T5C_step3500,1240,7913,quickclips_visomaster_teams,0.016424240256048824
T5C_step3500,1241,unknown_EimALxvXMQ0,quickclips_visomaster_teams,0.018659944480055982
T5C_step3500,1242,1758,quickclips_visomaster_teams,0.009031419753155991
T5C_step3500,1243,195,quickclips_visomaster_teams,0.018299297667091236
T5C_step3500,1244,2449,quickclips_visomaster_teams,-0.038276261380374016
T5C_step3500,1245,5707,quickclips_visomaster_teams,0.012427032857148067
T5C_step3500,1246,5778,quickclips_visomaster_teams,-0.0006376003896326754
T5C_step3500,1247,6038,quickclips_visomaster_teams,0.03935354637810596
T5C_step3500,1248,6598,quickclips_visomaster_teams,0.025657682102657238
T5C_step3500,1249,81,quickclips_visomaster_teams,0.008369173699605978
T5C_step3500,1250,9384,quickclips_visomaster_teams,0.04165336514725558
T5C_step3500,1251,9398,quickclips_visomaster_teams,0.014692088759083068
T5C_step3500,1252,1057,quickclips_visomaster_teams,-0.0008041908241181979
T5C_step3500,1253,1366,quickclips_visomaster_teams,0.026846943848757458
T5C_step3500,1254,3052,quickclips_visomaster_teams,0.029259753046571066
T5C_step3500,1255,3719,quickclips_visomaster_teams,0.004011748292426873
T5C_step3500,1256,5247,quickclips_visomaster_teams,-0.0002532042189468918
T5C_step3500,1257,7316,quickclips_visomaster_teams,0.012148516871539554
T5C_step3500,1258,7910,quickclips_visomaster_teams,0.014241040952899041
T5C_step3500,1259,8230,quickclips_visomaster_teams,0.017982974206211543
T5C_step3500,1260,1662,quickclips_visomaster_teams,0.016010307347492075
T5C_step3500,1261,2050,quickclips_visomaster_teams,0.015714715251222117
T5C_step3500,1262,2606,quickclips_visomaster_teams,0.004652800564134236
T5C_step3500,1263,5614,quickclips_visomaster_teams,0.04802956122326598
T5C_step3500,1264,5737,quickclips_visomaster_teams,-0.004186865049429767
T5C_step3500,1265,6461,quickclips_visomaster_teams,0.03482440723245267
T5C_step3500,1266,6476,quickclips_visomaster_teams,0.011629291535477372
T5C_step3500,1267,6844,quickclips_visomaster_teams,0.02063957640257802
T5C_step3500,1268,8176,quickclips_visomaster_teams,0.02505851630933916
T5C_step3500,1269,1513,quickclips_visomaster_teams,0.022470498600490593
T5C_step3500,1270,1607,quickclips_visomaster_teams,0.0015063619636748998
T5C_step3500,1271,2198,quickclips_visomaster_teams,0.05067120554758934
T5C_step3500,1272,3951,quickclips_visomaster_teams,0.010111889368365748
T5C_step3500,1273,4068,quickclips_visomaster_teams,0.04610933982437243
T5C_step3500,1274,4090,quickclips_visomaster_teams,-0.009705212077135386
T5C_step3500,1275,4754,quickclips_visomaster_teams,0.026773277672030072
T5C_step3500,1276,6842,quickclips_visomaster_teams,0.01602926960332944
T5C_step3500,1277,6868,quickclips_visomaster_teams,0.005720907635056961
T5C_step3500,1278,1426,quickclips_visomaster_teams,-0.006609011266580587
T5C_step3500,1279,1733,quickclips_visomaster_teams,0.0417236092577754
T5C_step3500,1280,2133,quickclips_visomaster_teams,0.0034717003644179944
T5C_step3500,1281,2884,quickclips_visomaster_teams,-0.001320613488483579
T5C_step3500,1282,415,quickclips_visomaster_teams,-0.00795852927429114
T5C_step3500,1283,4934,quickclips_visomaster_teams,-0.022750698044754412
T5C_step3500,1284,6259,quickclips_visomaster_teams,0.036020876754210986
T5C_step3500,1285,786,quickclips_visomaster_teams,-0.009300863051627136
T5C_step3500,1286,1426,quickclips_visomaster_teams,-0.04436483542705921
T5C_step3500,1287,156,quickclips_visomaster_teams,0.008498780689883282
T5C_step3500,1288,1733,quickclips_visomaster_teams,0.02646280202874151
T5C_step3500,1289,2133,quickclips_visomaster_teams,0.0010131705407110947
T5C_step3500,1290,2884,quickclips_visomaster_teams,0.013051879019157414
T5C_step3500,1291,415,quickclips_visomaster_teams,-0.010555457428498772
T5C_step3500,1292,4934,quickclips_visomaster_teams,-0.010288218594887856
T5C_step3500,1293,6259,quickclips_visomaster_teams,0.04000414608948763
T5C_step3500,1294,786,quickclips_visomaster_teams,-0.004663797321388531
T5C_step3500,1295,1805,quickclips_visomaster_teams,-4.091366853634527e-05
T5C_step3500,1296,182,quickclips_visomaster_teams,0.007163296883454712
T5C_step3500,1297,1857,quickclips_visomaster_teams,0.0158292155344732
T5C_step3500,1298,2738,quickclips_visomaster_teams,0.03266340230057256
T5C_step3500,1299,4393,quickclips_visomaster_teams,0.07161071212607899
T5C_step3500,1300,5278,quickclips_visomaster_teams,0.014962023029941224
T5C_step3500,1301,7629,quickclips_visomaster_teams,-0.023091769699641725
T5C_step3500,1302,7807,quickclips_visomaster_teams,0.012148004634178092
T5C_step3500,1303,7855,quickclips_visomaster_teams,0.024940532363290822
T5C_step3500,1304,1711,quickclips_visomaster_teams,0.02858788547900374
T5C_step3500,1305,350,quickclips_visomaster_teams,0.02521575377271053
T5C_step3500,1306,5164,quickclips_visomaster_teams,0.004475098771124538
T5C_step3500,1307,598,quickclips_visomaster_teams,-0.002665555344677914
T5C_step3500,1308,6840,quickclips_visomaster_teams,0.01579407730177683
T5C_step3500,1309,7412,quickclips_visomaster_teams,0.015830753814800032
T5C_step3500,1310,7816,quickclips_visomaster_teams,-5.4894969371483034e-05
T5C_step3500,1311,7913,quickclips_visomaster_teams,0.009657888419635068
T5C_step3500,1312,unknown_EimALxvXMQ0,quickclips_visomaster_teams,-0.0023226877537691516
T5C_step3500,1313,195,quickclips_visomaster_teams,0.016175838367386022
T5C_step3500,1314,2449,quickclips_visomaster_teams,-0.044479844730753594
T5C_step3500,1315,4355,quickclips_visomaster_teams,0.028683774673501562
T5C_step3500,1316,5707,quickclips_visomaster_teams,-0.005389281080434148
T5C_step3500,1317,5778,quickclips_visomaster_teams,-0.005847018070841732
T5C_step3500,1318,6038,quickclips_visomaster_teams,0.0312711392385603
T5C_step3500,1319,6598,quickclips_visomaster_teams,0.024299502403547953
T5C_step3500,1320,81,quickclips_visomaster_teams,-0.010293314400858813
T5C_step3500,1321,9384,quickclips_visomaster_teams,0.03412055707835973
T5C_step3500,1322,9398,quickclips_visomaster_teams,0.015146354185689515
T5C_step3500,1323,1057,quickclips_visomaster_teams,0.0059086325390685784
T5C_step3500,1324,1366,quickclips_visomaster_teams,0.034879885409208465
T5C_step3500,1325,1417,quickclips_visomaster_teams,0.016533759280914183
T5C_step3500,1326,3052,quickclips_visomaster_teams,0.028734456375902703
T5C_step3500,1327,3719,quickclips_visomaster_teams,0.011936570257539013
T5C_step3500,1328,5247,quickclips_visomaster_teams,-0.00024224287135933553
T5C_step3500,1329,7316,quickclips_visomaster_teams,-0.011811073670554591
T5C_step3500,1330,7910,quickclips_visomaster_teams,0.01964911575136469
T5C_step3500,1331,8230,quickclips_visomaster_teams,0.012102999629488478
T5C_step3500,1332,1662,quickclips_visomaster_teams,0.007832511813938068
T5C_step3500,1333,2050,quickclips_visomaster_teams,0.0003664623650018058
T5C_step3500,1334,2606,quickclips_visomaster_teams,-0.004951043949193805
T5C_step3500,1335,5614,quickclips_visomaster_teams,0.04803855035347243
T5C_step3500,1336,5737,quickclips_visomaster_teams,0.002405931501514944
T5C_step3500,1337,6461,quickclips_visomaster_teams,0.03223405881952864
T5C_step3500,1338,6476,quickclips_visomaster_teams,-0.015020423783054375
T5C_step3500,1339,6844,quickclips_visomaster_teams,-0.007072544621745209
T5C_step3500,1340,8176,quickclips_visomaster_teams,0.0010656097114056916
T5C_step3500,1341,9325,quickclips_visomaster_teams,0.010766185608924787
T5C_step3500,1342,1513,quickclips_visomaster_teams,0.025946932784766126
T5C_step3500,1343,1607,quickclips_visomaster_teams,0.029362573251444982
T5C_step3500,1344,2198,quickclips_visomaster_teams,0.04659075754525878
T5C_step3500,1345,3951,quickclips_visomaster_teams,-0.00137756924445054
T5C_step3500,1346,4068,quickclips_visomaster_teams,0.0461116010877252
T5C_step3500,1347,4090,quickclips_visomaster_teams,-0.025894475071069838
T5C_step3500,1348,4754,quickclips_visomaster_teams,0.033263305351746125
T5C_step3500,1349,6842,quickclips_visomaster_teams,-0.0016649750521029686
T5C_step3500,1350,6868,quickclips_visomaster_teams,-0.010989783478480583
T5C_step3500,1351,2295,quickclips_visomaster_teams,-0.006677589390177249
T5C_step3500,1352,2580,quickclips_visomaster_teams,0.011233187746691783
T5C_step3500,1353,5379,quickclips_visomaster_teams,0.011430986680273269
T5C_step3500,1354,5495,quickclips_visomaster_teams,-0.0002838288494287633
T5C_step3500,1355,6218,quickclips_visomaster_teams,-0.009251095982998767
T5C_step3500,1356,6725,quickclips_visomaster_teams,0.007324332226303278
T5C_step3500,1357,6731,quickclips_visomaster_teams,0.05553989862777381
T5C_step3500,1358,8460,quickclips_visomaster_teams,0.04318213352660261
T5C_step3500,1359,unknown_iow5V3Qlvwo,quickclips_visomaster_teams,0.04041395926437734
T5C_step3500,1360,1949,quickclips_visomaster_teams,-0.013105193410475828
T5C_step3500,1361,2827,quickclips_visomaster_teams,0.003087199822119608
T5C_step3500,1362,5634,quickclips_visomaster_teams,0.017801197906212797
T5C_step3500,1363,6200,quickclips_visomaster_teams,-0.0067893969570669375
T5C_step3500,1364,6250,quickclips_visomaster_teams,0.024286702884867794
T5C_step3500,1365,8064,quickclips_visomaster_teams,-0.013685544398671127
T5C_step3500,1366,8278,quickclips_visomaster_teams,0.0249686480667599
T5C_step3500,1367,8753,quickclips_visomaster_teams,0.020181675022927243
T5C_step3500,1368,unknown_VAPgP3ONJVo,quickclips_visomaster_teams,0.012416214166623547
T5C_step3500,1369,1554,quickclips_visomaster_teams,0.014974968779594582
T5C_step3500,1370,1916,quickclips_visomaster_teams,0.015596848304333773
T5C_step3500,1371,2004,quickclips_visomaster_teams,0.0001720412934692432
T5C_step3500,1372,5176,quickclips_visomaster_teams,0.0341521458814536
T5C_step3500,1373,5270,quickclips_visomaster_teams,-0.005810801736276413
T5C_step3500,1374,5370,quickclips_visomaster_teams,0.009109580008909553
T5C_step3500,1375,5731,quickclips_visomaster_teams,0.0529943703813223
T5C_step3500,1376,6378,quickclips_visomaster_teams,-0.016137038651320712
T5C_step3500,1377,2153,quickclips_visomaster_teams,0.053100450200316035
T5C_step3500,1378,3209,quickclips_visomaster_teams,0.02484902355778247
T5C_step3500,1379,4846,quickclips_visomaster_teams,0.06829972422393564
T5C_step3500,1380,5179,quickclips_visomaster_teams,-0.005838745356444798
T5C_step3500,1381,5233,quickclips_visomaster_teams,-0.028076788481157244
T5C_step3500,1382,563,quickclips_visomaster_teams,-0.009214852135022595
T5C_step3500,1383,5784,quickclips_visomaster_teams,0.020376042456852976
T5C_step3500,1384,7333,quickclips_visomaster_teams,0.010212141592540497
T5C_step3500,1385,8285,quickclips_visomaster_teams,0.036675868693244684
T5C_step3500,1386,1164,quickclips_visomaster_teams,0.01039698528615516
T5C_step3500,1387,164,quickclips_visomaster_teams,-0.01014109722983874
T5C_step3500,1388,1902,quickclips_visomaster_teams,-0.03264967581243114
T5C_step3500,1389,3433,quickclips_visomaster_teams,0.008413550286841346
T5C_step3500,1390,4438,quickclips_visomaster_teams,0.02037327572734108
T5C_step3500,1391,7764,quickclips_visomaster_teams,0.009235423761872724
T5C_step3500,1392,7772,quickclips_visomaster_teams,0.015176531609396294
T5C_step3500,1393,8617,quickclips_visomaster_teams,0.05879267165076527
T5C_step3500,1394,1647,quickclips_visomaster_teams,0.014813918244302329
T5C_step3500,1395,1699,quickclips_visomaster_teams,0.0298676914006836
T5C_step3500,1396,181,quickclips_visomaster_teams,-0.058024055090020295
T5C_step3500,1397,2633,quickclips_visomaster_teams,-0.011093149700650496
T5C_step3500,1398,5071,quickclips_visomaster_teams,-0.010563833892086608
T5C_step3500,1399,530,quickclips_visomaster_teams,0.040882934216291425
T5C_step3500,1400,5354,quickclips_visomaster_teams,0.0013257986535786526
T5C_step3500,1401,684,quickclips_visomaster_teams,0.019411798902530288
T5C_step3500,1402,7780,quickclips_visomaster_teams,0.027546908866060475
T5C_step3500,1403,4722,quickclips_visomaster_teams,0.00024170976800467255
T5C_step3500,1404,5581,quickclips_visomaster_teams,0.04304594649909837
T5C_step3500,1405,5827,quickclips_visomaster_teams,0.040835199972572914
T5C_step3500,1406,6009,quickclips_visomaster_teams,0.09500359291966057
T5C_step3500,1407,6819,quickclips_visomaster_teams,0.009546777899590372
T5C_step3500,1408,7425,quickclips_visomaster_teams,0.007491237572501433
T5C_step3500,1409,7522,quickclips_visomaster_teams,0.025351596556728303
T5C_step3500,1410,7605,quickclips_visomaster_teams,-0.004909180465709288
T5C_step3500,1411,8206,quickclips_visomaster_teams,0.06670554182150921
T5C_step3500,1412,2051,quickclips_visomaster_teams,0.038654471389455686
T5C_step3500,1413,4722,quickclips_visomaster_teams,-0.025621178660174517
T5C_step3500,1414,5827,quickclips_visomaster_teams,0.0332001598471969
T5C_step3500,1415,6009,quickclips_visomaster_teams,0.07851508433649575
T5C_step3500,1416,6819,quickclips_visomaster_teams,-0.0503222441712525
T5C_step3500,1417,7425,quickclips_visomaster_teams,0.02282673674792202
T5C_step3500,1418,7522,quickclips_visomaster_teams,0.01992368122157448
T5C_step3500,1419,7605,quickclips_visomaster_teams,-0.005627284600244156
T5C_step3500,1420,8206,quickclips_visomaster_teams,0.012918879263300657
T5C_step3500,1421,2295,quickclips_visomaster_teams,0.0010464381661014063
T5C_step3500,1422,2580,quickclips_visomaster_teams,0.010013289076399383
T5C_step3500,1423,5379,quickclips_visomaster_teams,0.026332217685748546
T5C_step3500,1424,5495,quickclips_visomaster_teams,0.01877413790430954
T5C_step3500,1425,5581,quickclips_visomaster_teams,0.059065400928831543
T5C_step3500,1426,6218,quickclips_visomaster_teams,0.00823391307378863
T5C_step3500,1427,6725,quickclips_visomaster_teams,0.012272305199631222
T5C_step3500,1428,6731,quickclips_visomaster_teams,0.05001936750729576
T5C_step3500,1429,8460,quickclips_visomaster_teams,0.03154758808281867
T5C_step3500,1430,unknown_iow5V3Qlvwo,quickclips_visomaster_teams,0.03356597063017423
T5C_step3500,1431,1949,quickclips_visomaster_teams,0.011087709476434135
T5C_step3500,1432,2827,quickclips_visomaster_teams,0.0060356366515922945
T5C_step3500,1433,5634,quickclips_visomaster_teams,0.011553388515570471
T5C_step3500,1434,6200,quickclips_visomaster_teams,0.0008254770526134581
T5C_step3500,1435,6250,quickclips_visomaster_teams,0.013150936952327668
T5C_step3500,1436,8064,quickclips_visomaster_teams,-0.007288605182295121
T5C_step3500,1437,8278,quickclips_visomaster_teams,-0.006799898862562773
T5C_step3500,1438,8753,quickclips_visomaster_teams,0.0030981444287887516
T5C_step3500,1439,unknown_VAPgP3ONJVo,quickclips_visomaster_teams,0.013942051356627084
T5C_step3500,1440,1554,quickclips_visomaster_teams,0.022121427616741976
T5C_step3500,1441,2004,quickclips_visomaster_teams,0.01172029609835148
T5C_step3500,1442,5176,quickclips_visomaster_teams,0.014807076033036057
T5C_step3500,1443,5270,quickclips_visomaster_teams,-0.00359784395256163
T5C_step3500,1444,5370,quickclips_visomaster_teams,0.013861765463353598
T5C_step3500,1445,5731,quickclips_visomaster_teams,0.05880604020378033
T5C_step3500,1446,6378,quickclips_visomaster_teams,-0.009827799815109374
T5C_step3500,1447,unknown_SS14c1PW_90,quickclips_visomaster_teams,-0.007732375968470932
T5C_step3500,1448,2153,quickclips_visomaster_teams,0.043544635462087186
T5C_step3500,1449,3209,quickclips_visomaster_teams,0.02375465410471015
T5C_step3500,1450,4846,quickclips_visomaster_teams,0.06759715445534914
T5C_step3500,1451,5179,quickclips_visomaster_teams,-0.007433308767042249
T5C_step3500,1452,5233,quickclips_visomaster_teams,-0.050021817889698
T5C_step3500,1453,563,quickclips_visomaster_teams,0.00025004971168672476
T5C_step3500,1454,5784,quickclips_visomaster_teams,0.01839958054669536
T5C_step3500,1455,7333,quickclips_visomaster_teams,0.013481479179597116
T5C_step3500,1456,8285,quickclips_visomaster_teams,0.03040304476909164
T5C_step3500,1457,1164,quickclips_visomaster_teams,0.004634949151169986
T5C_step3500,1458,164,quickclips_visomaster_teams,-0.029074187757497025
T5C_step3500,1459,3433,quickclips_visomaster_teams,0.0008680667717801752
T5C_step3500,1460,4438,quickclips_visomaster_teams,0.029064459635340777
T5C_step3500,1461,5459,quickclips_visomaster_teams,-0.0026358469647171
T5C_step3500,1462,7764,quickclips_visomaster_teams,-0.004650702184028426
T5C_step3500,1463,7772,quickclips_visomaster_teams,0.013777728361421163
T5C_step3500,1464,8617,quickclips_visomaster_teams,0.049932903248093144
T5C_step3500,1465,1647,quickclips_visomaster_teams,0.010389228503007455
T5C_step3500,1466,181,quickclips_visomaster_teams,-0.03200905702703789
T5C_step3500,1467,2633,quickclips_visomaster_teams,-0.0027480519558232587
T5C_step3500,1468,5071,quickclips_visomaster_teams,-0.002751506229507792
T5C_step3500,1469,530,quickclips_visomaster_teams,0.0038450307382194284
T5C_step3500,1470,5354,quickclips_visomaster_teams,-0.015384159633167188
T5C_step3500,1471,684,quickclips_visomaster_teams,0.022042099106774744
T5C_step3500,1472,7780,quickclips_visomaster_teams,0.01893553907516942
T5C_step3500,1473,1900,quickclips_visomaster_teams,0.04451913823637044
T5C_step3500,1474,1962,quickclips_visomaster_teams,0.00986724726325533
T5C_step3500,1475,3226,quickclips_visomaster_teams,0.007654492673660827
T5C_step3500,1476,4219,quickclips_visomaster_teams,0.028438309174359834
T5C_step3500,1477,5584,quickclips_visomaster_teams,0.0005037879465470273
T5C_step3500,1478,5897,quickclips_visomaster_teams,0.02426267096577225
T5C_step3500,1479,8241,quickclips_visomaster_teams,-0.014995832313971218
T5C_step3500,1480,9068,quickclips_visomaster_teams,0.05088012945223887
T5C_step3500,1481,unknown_x1Efv_wF5LE,quickclips_visomaster_teams,0.0057883563443751
T5C_step3500,1482,178,quickclips_visomaster_teams,0.02105160415192988
T5C_step3500,1483,2904,quickclips_visomaster_teams,0.03223749407222889
T5C_step3500,1484,3884,quickclips_visomaster_teams,0.01703509050611801
T5C_step3500,1485,4368,quickclips_visomaster_teams,0.03903377274377673
T5C_step3500,1486,4435,quickclips_visomaster_teams,-0.004911018310670155
T5C_step3500,1487,5093,quickclips_visomaster_teams,0.03732602016695176
T5C_step3500,1488,6387,quickclips_visomaster_teams,0.03528201289617238
T5C_step3500,1489,7938,quickclips_visomaster_teams,0.011784424128206265
T5C_step3500,1490,8228,quickclips_visomaster_teams,0.018994695831257236
T5C_step3500,1491,1064,quickclips_visomaster_teams,0.009276172508593165
T5C_step3500,1492,1261,quickclips_visomaster_teams,0.018259398532387304
T5C_step3500,1493,2255,quickclips_visomaster_teams,-0.01970724218640203
T5C_step3500,1494,4088,quickclips_visomaster_teams,0.029920262593438586
T5C_step3500,1495,4695,quickclips_visomaster_teams,0.022596748679991226
T5C_step3500,1496,6420,quickclips_visomaster_teams,0.03220830592395121
T5C_step3500,1497,6521,quickclips_visomaster_teams,0.00522345552172794
T5C_step3500,1498,unknown_VSqUVGCrOhk,quickclips_visomaster_teams,-0.01574756507480568
T5C_step3500,1499,1212,quickclips_visomaster_teams,-0.019037041300026196
T5C_step3500,1500,1558,quickclips_visomaster_teams,0.006431199057004811
T5C_step3500,1501,3834,quickclips_visomaster_teams,0.018947340299710895
T5C_step3500,1502,4596,quickclips_visomaster_teams,0.018703671336991277
T5C_step3500,1503,4978,quickclips_visomaster_teams,0.006316250569743553
T5C_step3500,1504,4985,quickclips_visomaster_teams,0.01822346477515259
T5C_step3500,1505,5618,quickclips_visomaster_teams,0.004038424602228016
T5C_step3500,1506,6052,quickclips_visomaster_teams,0.027680903542753463
T5C_step3500,1507,8242,quickclips_visomaster_teams,0.028620916558818325
T5C_step3500,1508,9202,quickclips_visomaster_teams,0.013281747260518059
T5C_step3500,1509,1860,quickclips_visomaster_teams,-0.004587264705687466
T5C_step3500,1510,2204,quickclips_visomaster_teams,3.742796231239517e-05
T5C_step3500,1511,4418,quickclips_visomaster_teams,-0.004398213512331833
T5C_step3500,1512,5792,quickclips_visomaster_teams,-0.030069224299953123
T5C_step3500,1513,6278,quickclips_visomaster_teams,-0.026834029889594206
T5C_step3500,1514,8430,quickclips_visomaster_teams,0.023539963030598653
T5C_step3500,1515,9089,quickclips_visomaster_teams,0.0011096290873175499
T5C_step3500,1516,9345,quickclips_visomaster_teams,0.010802925773753162
T5C_step3500,1517,9409,quickclips_visomaster_teams,-0.019501524837450886
T5C_step3500,1518,unknown_3SNSZSaonnk,quickclips_visomaster_teams,0.0033131152509908637
T5C_step3500,1519,1199,quickclips_visomaster_teams,0.03636368103681328
T5C_step3500,1520,2273,quickclips_visomaster_teams,0.0002666467316036333
T5C_step3500,1521,248,quickclips_visomaster_teams,-0.009344052064249339
T5C_step3500,1522,280,quickclips_visomaster_teams,0.025563229129565705
T5C_step3500,1523,403,quickclips_visomaster_teams,0.03770088664116657
T5C_step3500,1524,6306,quickclips_visomaster_teams,-0.011549927111363222
T5C_step3500,1525,65,quickclips_visomaster_teams,0.050884755147606105
T5C_step3500,1526,9246,quickclips_visomaster_teams,0.0332042909555562
T5C_step3500,1527,170,quickclips_visomaster_teams,-0.0031222710205599524
T5C_step3500,1528,4424,quickclips_visomaster_teams,-0.02709509599280048
T5C_step3500,1529,4897,quickclips_visomaster_teams,0.0014679815838272098
T5C_step3500,1530,6817,quickclips_visomaster_teams,0.036941273546870476
T5C_step3500,1531,7799,quickclips_visomaster_teams,0.04000943911987673
T5C_step3500,1532,7981,quickclips_visomaster_teams,0.01447762640625007
T5C_step3500,1533,1185,quickclips_visomaster_teams,0.025403518947905577
T5C_step3500,1534,170,quickclips_visomaster_teams,-0.0004198035698462915
T5C_step3500,1535,4424,quickclips_visomaster_teams,0.0033810983336151597
T5C_step3500,1536,4897,quickclips_visomaster_teams,0.010052829666466366
T5C_step3500,1537,6817,quickclips_visomaster_teams,0.05312523800540673
T5C_step3500,1538,7799,quickclips_visomaster_teams,0.007228565460147419
T5C_step3500,1539,7981,quickclips_visomaster_teams,0.009060051677020401
T5C_step3500,1540,8006,quickclips_visomaster_teams,0.021867626532463564
T5C_step3500,1541,9197,quickclips_visomaster_teams,0.015227533295800715
T5C_step3500,1542,1900,quickclips_visomaster_teams,0.00400566473140046
T5C_step3500,1543,1962,quickclips_visomaster_teams,0.02643581036418508
T5C_step3500,1544,3226,quickclips_visomaster_teams,0.004156665149884982
T5C_step3500,1545,4219,quickclips_visomaster_teams,0.011190999337973993
T5C_step3500,1546,5584,quickclips_visomaster_teams,0.003516377495187821
T5C_step3500,1547,5897,quickclips_visomaster_teams,0.017454049666828533
T5C_step3500,1548,8241,quickclips_visomaster_teams,-0.018662329039780205
T5C_step3500,1549,9068,quickclips_visomaster_teams,0.02693075206261211
T5C_step3500,1550,unknown_x1Efv_wF5LE,quickclips_visomaster_teams,0.002713109328672067
T5C_step3500,1551,178,quickclips_visomaster_teams,0.023937822112607733
T5C_step3500,1552,2904,quickclips_visomaster_teams,0.023312672420827733
T5C_step3500,1553,3884,quickclips_visomaster_teams,0.028192284838764424
T5C_step3500,1554,4368,quickclips_visomaster_teams,0.008207433228929768
T5C_step3500,1555,4435,quickclips_visomaster_teams,-0.01645016537006342
T5C_step3500,1556,5093,quickclips_visomaster_teams,0.04466329578088326
T5C_step3500,1557,6387,quickclips_visomaster_teams,-0.018540883807816107
T5C_step3500,1558,7938,quickclips_visomaster_teams,0.03939348135011174
T5C_step3500,1559,8228,quickclips_visomaster_teams,-0.012995174202864708
T5C_step3500,1560,1064,quickclips_visomaster_teams,0.004851898377886881
T5C_step3500,1561,1261,quickclips_visomaster_teams,0.036538535382791025
T5C_step3500,1562,2255,quickclips_visomaster_teams,0.010059670831584796
T5C_step3500,1563,4088,quickclips_visomaster_teams,0.027120288062797503
T5C_step3500,1564,4695,quickclips_visomaster_teams,0.021588231043276538
T5C_step3500,1565,6420,quickclips_visomaster_teams,0.04769060162314713
T5C_step3500,1566,unknown_VSqUVGCrOhk,quickclips_visomaster_teams,0.013193435907241624
T5C_step3500,1567,1212,quickclips_visomaster_teams,0.003391130323182232
T5C_step3500,1568,1558,quickclips_visomaster_teams,0.013191247643133407
T5C_step3500,1569,3834,quickclips_visomaster_teams,0.021505060497040842
T5C_step3500,1570,4596,quickclips_visomaster_teams,0.024336764010546966
T5C_step3500,1571,4978,quickclips_visomaster_teams,0.003414262964292139
T5C_step3500,1572,4985,quickclips_visomaster_teams,0.012432181641746108
T5C_step3500,1573,6052,quickclips_visomaster_teams,0.04688673791227639
T5C_step3500,1574,8242,quickclips_visomaster_teams,0.020792705914883365
T5C_step3500,1575,9202,quickclips_visomaster_teams,0.029218291865433885
T5C_step3500,1576,1860,quickclips_visomaster_teams,0.008671050438806664
T5C_step3500,1577,2204,quickclips_visomaster_teams,0.01901048691961274
T5C_step3500,1578,4418,quickclips_visomaster_teams,-0.03964056793765971
T5C_step3500,1579,5792,quickclips_visomaster_teams,0.0065465685852284855
T5C_step3500,1580,8430,quickclips_visomaster_teams,0.041693987836227915
T5C_step3500,1581,9089,quickclips_visomaster_teams,0.003340466520482751
T5C_step3500,1582,9345,quickclips_visomaster_teams,-0.01972948929276695
T5C_step3500,1583,9409,quickclips_visomaster_teams,-0.014151107309438509
T5C_step3500,1584,unknown_3SNSZSaonnk,quickclips_visomaster_teams,0.010848739891456006
T5C_step3500,1585,1199,quickclips_visomaster_teams,0.021446526977664835
T5C_step3500,1586,2273,quickclips_visomaster_teams,0.0009942691430169701
T5C_step3500,1587,248,quickclips_visomaster_teams,-0.021194540945332647
T5C_step3500,1588,280,quickclips_visomaster_teams,0.016047445030399798
T5C_step3500,1589,403,quickclips_visomaster_teams,0.02805853828288485
T5C_step3500,1590,5618,quickclips_visomaster_teams,-0.01358059999400913
T5C_step3500,1591,6306,quickclips_visomaster_teams,0.012043453514560471
T5C_step3500,1592,65,quickclips_visomaster_teams,0.049373746401689594
T5C_step3500,1593,jy9gOzticS8,quickclips_visomaster_teams,0.009243676784608586
T5C_step3500,1594,wqNu6pNRAR4,quickclips_visomaster_teams,0.03476271439915731
T5C_step3500,1595,139JznBeH-8,quickclips_visomaster_teams,0.026093445424401705
T5C_step3500,1596,Vw3T_2O5kIo,quickclips_visomaster_teams,-0.0033767802265339524
T5C_step3500,1597,cmkZwuidcRI,quickclips_visomaster_teams,0.03765629689928432
T5C_step3500,1598,aSHfTCdZRrQ,quickclips_visomaster_teams,-0.023006627032383417
T5C_step3500,1599,pDiQ5W6CIM4,quickclips_visomaster_teams,0.025971645447119045
T5C_step3500,1600,wE_pVFZTK9g,quickclips_visomaster_teams,0.007076522215455511
T5C_step3500,1601,eI3eK87etAk,quickclips_visomaster_teams,0.018202028941794755
T5C_step3500,1602,HJgyiVgLVwY,quickclips_visomaster_teams,0.012211532212871608
T5C_step3500,1603,GIgRsGvOEI8,quickclips_visomaster_teams,0.01009849230822897
T5C_step3500,1604,T3cY113SlTI,quickclips_visomaster_teams,0.0018001403629525179
T5C_step3500,1605,Mbd6Vl7UmBI,quickclips_visomaster_teams,-0.03008806518072147
T5C_step3500,1606,KxyceG1IkGY,quickclips_visomaster_teams,0.03748391225194858
T5C_step3500,1607,8Bwgk9qYpaA,quickclips_visomaster_teams,0.009331998060052731
T5C_step3500,1608,7tPaTyy1zgM,quickclips_visomaster_teams,0.0008451425855042893
T5C_step3500,1609,6Nc9oXEDfAc,quickclips_visomaster_teams,-0.008594599677901044
T5C_step3500,1610,BjVqQCT5rRg,quickclips_visomaster_teams,0.014803021285256386
T5C_step3500,1611,hFTQ0oxSaVM,quickclips_visomaster_teams,0.016651264631461306
T5C_step3500,1612,Bz9sTBNHfgw,quickclips_visomaster_teams,-0.011577356531981331
T5C_step3500,1613,Ab2oTYPzZdE,quickclips_visomaster_teams,0.007271946536711638
T5C_step3500,1614,MqGBNwyqUxw,quickclips_visomaster_teams,-0.012975013795438667
T5C_step3500,1615,U4q9COX1_vU,quickclips_visomaster_teams,0.04941246483815954
T5C_step3500,1616,KfVo1ibgDJ8,quickclips_visomaster_teams,0.061313118177022174
T5C_step3500,1617,cvxqafWT7RY,quickclips_visomaster_teams,-0.13239715528366294
T5C_step3500,1618,Pl0mNynQBeM,quickclips_visomaster_teams,-0.04489268888300493
T5C_step3500,1619,PS_oFG9W0fw,quickclips_visomaster_teams,0.03719263355173952
T5C_step3500,1620,nUpQLN9Ot1g,quickclips_visomaster_teams,0.021342967755864757
T5C_step3500,1621,-QR1vtnCEUY,quickclips_visomaster_teams,0.026668271987876094
T5C_step3500,1622,Pl0mNynQBeM,quickclips_visomaster_teams,-0.016136181081684697
T5C_step3500,1623,PS_oFG9W0fw,quickclips_visomaster_teams,0.03672069134608907
T5C_step3500,1624,nUpQLN9Ot1g,quickclips_visomaster_teams,0.0062003884021395545
T5C_step3500,1625,-QR1vtnCEUY,quickclips_visomaster_teams,0.029112514316894864
T5C_step3500,1626,jy9gOzticS8,quickclips_visomaster_teams,0.017520995407921954
T5C_step3500,1627,wqNu6pNRAR4,quickclips_visomaster_teams,0.044667367590658945
T5C_step3500,1628,Vw3T_2O5kIo,quickclips_visomaster_teams,0.04930269705370469
T5C_step3500,1629,cmkZwuidcRI,quickclips_visomaster_teams,0.04789553211739903
T5C_step3500,1630,aSHfTCdZRrQ,quickclips_visomaster_teams,0.002860845553871453
T5C_step3500,1631,fLhcspXD78Y,quickclips_visomaster_teams,0.004675292744263891
T5C_step3500,1632,pDiQ5W6CIM4,quickclips_visomaster_teams,0.034198496197640434
T5C_step3500,1633,eI3eK87etAk,quickclips_visomaster_teams,0.022212557894037345
T5C_step3500,1634,GIgRsGvOEI8,quickclips_visomaster_teams,0.020855680397992474
T5C_step3500,1635,139JznBeH-8,quickclips_visomaster_teams,0.05646444520309339
T5C_step3500,1636,T3cY113SlTI,quickclips_visomaster_teams,-0.02850709006030081
T5C_step3500,1637,Mbd6Vl7UmBI,quickclips_visomaster_teams,-0.07543579506363302
T5C_step3500,1638,KxyceG1IkGY,quickclips_visomaster_teams,0.009785677252423993
T5C_step3500,1639,8Bwgk9qYpaA,quickclips_visomaster_teams,0.005504008653063559
T5C_step3500,1640,7tPaTyy1zgM,quickclips_visomaster_teams,-0.014759076801687412
T5C_step3500,1641,6Nc9oXEDfAc,quickclips_visomaster_teams,0.000459991063031971
T5C_step3500,1642,CO_QH6qk550,quickclips_visomaster_teams,0.0030500093220215563
T5C_step3500,1643,HJgyiVgLVwY,quickclips_visomaster_teams,-0.003055466576754288
T5C_step3500,1644,BjVqQCT5rRg,quickclips_visomaster_teams,0.03244711364821047
T5C_step3500,1645,hFTQ0oxSaVM,quickclips_visomaster_teams,0.024839840415757333
T5C_step3500,1646,Bz9sTBNHfgw,quickclips_visomaster_teams,-0.010941191129848789
T5C_step3500,1647,ny7faOdFbeE,quickclips_visomaster_teams,-0.0016300991052546135
T5C_step3500,1648,MqGBNwyqUxw,quickclips_visomaster_teams,0.0011893247120705738
T5C_step3500,1649,U4q9COX1_vU,quickclips_visomaster_teams,0.03244122726343015
T5C_step3500,1650,KfVo1ibgDJ8,quickclips_visomaster_teams,0.04811480080741072
T5C_step3500,1651,cvxqafWT7RY,quickclips_visomaster_teams,-0.007719786804892211
T5C_step3500,1652,Lz4anX7bKd4,quickclips_visomaster_teams,-0.03775735115149087
T5C_step3500,1653,r297MmAo_ao,quickclips_visomaster_teams,0.015327614845944328
T5C_step3500,1654,Xw0_SNuN1eE,quickclips_visomaster_teams,-0.005219802645415373
T5C_step3500,1655,XRA3N9wyN6I,quickclips_visomaster_teams,0.016540793444822652
T5C_step3500,1656,FPm0ugLloe8,quickclips_visomaster_teams,-0.0065220854456023766
T5C_step3500,1657,TWxmnQDQwPA,quickclips_visomaster_teams,-0.017707438984135983
T5C_step3500,1658,fFHDc6R1mgo,quickclips_visomaster_teams,0.01826858587375194
T5C_step3500,1659,TfqXiNpJl98,quickclips_visomaster_teams,0.01449248833957447
T5C_step3500,1660,3vTKjvIcsPU,quickclips_visomaster_teams,0.03485260544300024
T5C_step3500,1661,KkCXMQ4Vl-E,quickclips_visomaster_teams,-0.003214379561316756
T5C_step3500,1662,Jrd6POciCBI,quickclips_visomaster_teams,-0.11444255676343336
T5C_step3500,1663,pKimBAKQbzY,quickclips_visomaster_teams,0.04538056921280455
T5C_step3500,1664,_HrtWwT5CsY,quickclips_visomaster_teams,-0.01677335502227506
T5C_step3500,1665,wE_pVFZTK9g,quickclips_visomaster_teams,0.005101311079792085
T5C_step3500,1666,2c1gN-g3YDo,quickclips_visomaster_teams,0.01567830502980947
T5C_step3500,1667,LBb8Rqa29cQ,quickclips_visomaster_teams,0.0034354287961909386
T5C_step3500,1668,WPOH_MsASyI,quickclips_visomaster_teams,0.04721500946476826
T5C_step3500,1669,r7JQRKps8Jk,quickclips_visomaster_teams,0.015475798169299306
T5C_step3500,1670,BSe2iwALvio,quickclips_visomaster_teams,0.014537028980914541
T5C_step3500,1671,ahXM2GAv_gs,quickclips_visomaster_teams,0.023200966214910614
T5C_step3500,1672,i_IH09XTPDQ,quickclips_visomaster_teams,0.05735844464853865
T5C_step3500,1673,IKHUqeniNtE,quickclips_visomaster_teams,0.0008314085598112354
T5C_step3500,1674,nr8SVuBO02E,quickclips_visomaster_teams,0.024659702774667794
T5C_step3500,1675,vQkRvYJTi_Y,quickclips_visomaster_teams,0.01516270619086867
T5C_step3500,1676,PH43PCc0ADA,quickclips_visomaster_teams,0.015946838497644823
T5C_step3500,1677,P79ugKVKqiU,quickclips_visomaster_teams,0.019933856632735523
T5C_step3500,1678,knKnIVIx08I,quickclips_visomaster_teams,-0.04402947959990292
T5C_step3500,1679,7nob6GOFW2M,quickclips_visomaster_teams,0.017000623260428796
T5C_step3500,1680,wiyQQOg9COg,quickclips_visomaster_teams,0.029712109640941075
T5C_step3500,1681,Yq138Fn-F9E,quickclips_visomaster_teams,0.03554486612403264
T5C_step3500,1682,knKnIVIx08I,quickclips_visomaster_teams,-0.029554844763500357
T5C_step3500,1683,7nob6GOFW2M,quickclips_visomaster_teams,0.006235314692290538
T5C_step3500,1684,wiyQQOg9COg,quickclips_visomaster_teams,0.030023877926348648
T5C_step3500,1685,Yq138Fn-F9E,quickclips_visomaster_teams,0.03396371680631592
T5C_step3500,1686,Lz4anX7bKd4,quickclips_visomaster_teams,-0.055882344801267234
T5C_step3500,1687,7vbiLARZJtk,quickclips_visomaster_teams,-0.03369980887474634
T5C_step3500,1688,r297MmAo_ao,quickclips_visomaster_teams,0.021884582526062506
T5C_step3500,1689,Xw0_SNuN1eE,quickclips_visomaster_teams,-0.006322637814809827
T5C_step3500,1690,FPm0ugLloe8,quickclips_visomaster_teams,-0.0012271594430710644
T5C_step3500,1691,fFHDc6R1mgo,quickclips_visomaster_teams,0.012827944883274354
T5C_step3500,1692,TfqXiNpJl98,quickclips_visomaster_teams,0.010063508104009477
T5C_step3500,1693,3vTKjvIcsPU,quickclips_visomaster_teams,0.03485020332113407
T5C_step3500,1694,KkCXMQ4Vl-E,quickclips_visomaster_teams,-0.14016345246607737
T5C_step3500,1695,Jrd6POciCBI,quickclips_visomaster_teams,-0.0905826478870122
T5C_step3500,1696,pKimBAKQbzY,quickclips_visomaster_teams,0.044349606437793065
T5C_step3500,1697,_HrtWwT5CsY,quickclips_visomaster_teams,0.0024351314069395065
T5C_step3500,1698,XRA3N9wyN6I,quickclips_visomaster_teams,0.00251315369781628
T5C_step3500,1699,2c1gN-g3YDo,quickclips_visomaster_teams,0.0273454782460456
T5C_step3500,1700,TWxmnQDQwPA,quickclips_visomaster_teams,-0.007378696816165775
T5C_step3500,1701,LBb8Rqa29cQ,quickclips_visomaster_teams,0.002190084699764913
T5C_step3500,1702,WPOH_MsASyI,quickclips_visomaster_teams,0.06477044213930518
T5C_step3500,1703,r7JQRKps8Jk,quickclips_visomaster_teams,0.007223442554934451
T5C_step3500,1704,BSe2iwALvio,quickclips_visomaster_teams,0.010980907987385923
T5C_step3500,1705,ahXM2GAv_gs,quickclips_visomaster_teams,0.004013783915226079
T5C_step3500,1706,i_IH09XTPDQ,quickclips_visomaster_teams,0.06388973007407006
T5C_step3500,1707,CO_QH6qk550,quickclips_visomaster_teams,0.012916829120182601
T5C_step3500,1708,IKHUqeniNtE,quickclips_visomaster_teams,0.004890926669284271
T5C_step3500,1709,nr8SVuBO02E,quickclips_visomaster_teams,0.03740081051997757
T5C_step3500,1710,vQkRvYJTi_Y,quickclips_visomaster_teams,0.0024837787613645364
T5C_step3500,1711,PH43PCc0ADA,quickclips_visomaster_teams,-0.015256245673995625
T5C_step3500,1712,P79ugKVKqiU,quickclips_visomaster_teams,0.019771514359878443
T5C_step3500,1713,LtE9DQnNZRw,quickclips_visomaster_teams,0.0030733727619491856
T5C_step3500,1714,GrGYgitDaUY,quickclips_visomaster_teams,0.06836309881716185
T5C_step3500,1715,oAPYM1_dAtY,quickclips_visomaster_teams,0.005014038197268851
T5C_step3500,1716,Q6N6HEl3Y3U,quickclips_visomaster_teams,0.00593253902739433
T5C_step3500,1717,ujHmvxpFWzs,quickclips_visomaster_teams,0.03459044174401931
T5C_step3500,1718,h6SMszFMa8M,quickclips_visomaster_teams,-0.010922910258037384
T5C_step3500,1719,CsuXDLbRlgQ,quickclips_visomaster_teams,-0.01236142186195757
T5C_step3500,1720,6QN-rwcl7dg,quickclips_visomaster_teams,0.010513243182350002
T5C_step3500,1721,E1lAH0_Ifng,quickclips_visomaster_teams,0.04915423566894565
T5C_step3500,1722,JFJ9BBacnls,quickclips_visomaster_teams,0.021406698064487095
T5C_step3500,1723,dtJVDWFrVME,quickclips_visomaster_teams,0.009015099450292885
T5C_step3500,1724,vQ2e_o5Zf8w,quickclips_visomaster_teams,0.039717694342168264
T5C_step3500,1725,oUCQH11m-yY,quickclips_visomaster_teams,0.011491157300584847
T5C_step3500,1726,J_1PEVB2nyc,quickclips_visomaster_teams,0.008519465781008042
T5C_step3500,1727,dQvGUSmzWD0,quickclips_visomaster_teams,-0.023659210592542168
T5C_step3500,1728,vwr57bqqI9g,quickclips_visomaster_teams,-0.03265670286647254
T5C_step3500,1729,K6KEksIuIq8,quickclips_visomaster_teams,0.010376421626032008
T5C_step3500,1730,a_GL0K3yo4s,quickclips_visomaster_teams,-0.03564431683393554
T5C_step3500,1731,7sZ2VsPDw8U,quickclips_visomaster_teams,-0.00017453792741080852
T5C_step3500,1732,mw0LGzIKvoo,quickclips_visomaster_teams,0.004763144815538828
T5C_step3500,1733,ncgEECML7ng,quickclips_visomaster_teams,0.012850759780289454
T5C_step3500,1734,jm4E3PYAIy4,quickclips_visomaster_teams,0.05185321496879686
T5C_step3500,1735,IkN6eM3acc4,quickclips_visomaster_teams,0.049369485228708335
T5C_step3500,1736,WoOUbinKeF0,quickclips_visomaster_teams,-0.005163946831748165
T5C_step3500,1737,6zy9pysDdME,quickclips_visomaster_teams,0.049808727701502804
T5C_step3500,1738,JfGfktwGCao,quickclips_visomaster_teams,0.023682486226242607
T5C_step3500,1739,V-FB9fZtdAk,quickclips_visomaster_teams,-0.03374058378722025
T5C_step3500,1740,fQCBzW_T1TY,quickclips_visomaster_teams,0.005999341924591816
T5C_step3500,1741,6zy9pysDdME,quickclips_visomaster_teams,0.04123533882492534
T5C_step3500,1742,JfGfktwGCao,quickclips_visomaster_teams,0.03685645931325661
T5C_step3500,1743,V-FB9fZtdAk,quickclips_visomaster_teams,-0.05048276619836502
T5C_step3500,1744,LtE9DQnNZRw,quickclips_visomaster_teams,0.004250592886968799
T5C_step3500,1745,GrGYgitDaUY,quickclips_visomaster_teams,0.05837147847517965
T5C_step3500,1746,Q6N6HEl3Y3U,quickclips_visomaster_teams,0.020157194842740436
T5C_step3500,1747,ujHmvxpFWzs,quickclips_visomaster_teams,0.03564085035693344
T5C_step3500,1748,oAPYM1_dAtY,quickclips_visomaster_teams,-0.0004505774601100635
T5C_step3500,1749,h6SMszFMa8M,quickclips_visomaster_teams,0.04881860134305383
T5C_step3500,1750,CsuXDLbRlgQ,quickclips_visomaster_teams,-0.03340026333392493
T5C_step3500,1751,6QN-rwcl7dg,quickclips_visomaster_teams,-0.02369740797916303
T5C_step3500,1752,E1lAH0_Ifng,quickclips_visomaster_teams,0.04961001337851244
T5C_step3500,1753,JFJ9BBacnls,quickclips_visomaster_teams,0.023866469099615997
T5C_step3500,1754,dtJVDWFrVME,quickclips_visomaster_teams,0.015338968055783882
T5C_step3500,1755,vQ2e_o5Zf8w,quickclips_visomaster_teams,0.03537432273816632
T5C_step3500,1756,oUCQH11m-yY,quickclips_visomaster_teams,0.009985298511144085
T5C_step3500,1757,J_1PEVB2nyc,quickclips_visomaster_teams,0.007333453072345603
T5C_step3500,1758,dQvGUSmzWD0,quickclips_visomaster_teams,-0.0019186164529178089
T5C_step3500,1759,vwr57bqqI9g,quickclips_visomaster_teams,-0.03836853812802138
T5C_step3500,1760,K6KEksIuIq8,quickclips_visomaster_teams,0.006666572261909284
T5C_step3500,1761,a_GL0K3yo4s,quickclips_visomaster_teams,-0.03211842032574806
T5C_step3500,1762,7sZ2VsPDw8U,quickclips_visomaster_teams,0.001724961521757361
T5C_step3500,1763,mw0LGzIKvoo,quickclips_visomaster_teams,0.030972049894536675
T5C_step3500,1764,ncgEECML7ng,quickclips_visomaster_teams,0.025051473876424396
T5C_step3500,1765,jm4E3PYAIy4,quickclips_visomaster_teams,0.03557462884688588
T5C_step3500,1766,IkN6eM3acc4,quickclips_visomaster_teams,0.0475011246476276
T5C_step3500,1767,WoOUbinKeF0,quickclips_visomaster_teams,0.005138962974315977
T5C_step3500,1768,4Zsh1MdoKiE,quickclips_visomaster_teams,0.05813591489635887
T5C_step3500,1769,86sBla6aOuU,quickclips_visomaster_teams,-0.033433192019176466
T5C_step3500,1770,cKBLEyNbbjQ,quickclips_visomaster_teams,-0.000868953665298584
T5C_step3500,1771,KOKpwJ8qcQI,quickclips_visomaster_teams,-0.011584145700380633
T5C_step3500,1772,8Yomhcg2pf4,quickclips_visomaster_teams,-0.013038840876210333
T5C_step3500,1773,_--vXPVmaqQ,quickclips_visomaster_teams,0.07591463360065324
T5C_step3500,1774,LBb8Rqa29cQ_scene067,quickclips_visomaster_teams,-0.006285456967014217
T5C_step3500,1775,LqtVslFhIw0,quickclips_visomaster_teams,-0.0381076306369494
T5C_step3500,1776,TPDgjwIGN9Y,quickclips_visomaster_teams,0.038131399641031634
T5C_step3500,1777,ZPT-nU4A8eE,quickclips_visomaster_teams,-0.012476067910941652
T5C_step3500,1778,TQo9NNYl1DY,quickclips_visomaster_teams,0.01959641354118229
T5C_step3500,1779,LcmG49--mDM,quickclips_visomaster_teams,0.015208657586689066
T5C_step3500,1780,z9TUMru19U4,quickclips_visomaster_teams,0.010955250274562185
T5C_step3500,1781,h8JE5rzZ9Bg,quickclips_visomaster_teams,0.04925455539380712
T5C_step3500,1782,rpHDeLcLrRI,quickclips_visomaster_teams,-0.006966219187991734
T5C_step3500,1783,AYLVZdWafTQ,quickclips_visomaster_teams,0.014083570565538151
T5C_step3500,1784,G1DEbEqPYWs,quickclips_visomaster_teams,0.052695216794560185
T5C_step3500,1785,JVnprg2SVxA,quickclips_visomaster_teams,0.010748211954850328
T5C_step3500,1786,LTbJAth-vNo,quickclips_visomaster_teams,-0.0019124457195885004
T5C_step3500,1787,UfjanzTGEhA,quickclips_visomaster_teams,0.0006762218189126888
T5C_step3500,1788,49r9VxBt2Nc,quickclips_visomaster_teams,0.024956674738097935
T5C_step3500,1789,jf5z5YsGbQY,quickclips_visomaster_teams,-0.0003659870015242945
T5C_step3500,1790,0Hn3GMnjzAM,quickclips_visomaster_teams,0.0336275697743484
T5C_step3500,1791,bypw_xjirNk,quickclips_visomaster_teams,-0.010974949494143092
T5C_step3500,1792,WUWamwmwgtg,quickclips_visomaster_teams,0.014351587416595538
T5C_step3500,1793,_kyB9qF5JrQ,quickclips_visomaster_teams,0.018815178840801305
T5C_step3500,1794,6rzWZmvtrA8,quickclips_visomaster_teams,0.0161507384355201
T5C_step3500,1795,XKpXrD3SMsg,quickclips_visomaster_teams,0.013921288097927332
T5C_step3500,1796,WUWamwmwgtg,quickclips_visomaster_teams,0.05607263011519382
T5C_step3500,1797,_kyB9qF5JrQ,quickclips_visomaster_teams,0.006352115678813705
T5C_step3500,1798,6rzWZmvtrA8,quickclips_visomaster_teams,0.008058261170752087
T5C_step3500,1799,XKpXrD3SMsg,quickclips_visomaster_teams,0.025410759671057725
T5C_step3500,1800,4Zsh1MdoKiE,quickclips_visomaster_teams,0.046106032812877305
T5C_step3500,1801,zoV8oxh_Ap0,quickclips_visomaster_teams,0.015000089170219479
T5C_step3500,1802,86sBla6aOuU,quickclips_visomaster_teams,-0.029793795529916543
T5C_step3500,1803,cKBLEyNbbjQ,quickclips_visomaster_teams,0.015021341782401637
T5C_step3500,1804,KOKpwJ8qcQI,quickclips_visomaster_teams,-0.022333562684904586
T5C_step3500,1805,8Yomhcg2pf4,quickclips_visomaster_teams,-0.0025176980430435805
T5C_step3500,1806,_--vXPVmaqQ,quickclips_visomaster_teams,0.03803491564167728
T5C_step3500,1807,LBb8Rqa29cQ_scene067,quickclips_visomaster_teams,-0.005963936941547309
T5C_step3500,1808,caVBqnDm_7s,quickclips_visomaster_teams,0.03122230321147761
T5C_step3500,1809,LqtVslFhIw0,quickclips_visomaster_teams,-0.028666643743082247
T5C_step3500,1810,TPDgjwIGN9Y,quickclips_visomaster_teams,0.036004783290753344
T5C_step3500,1811,ZPT-nU4A8eE,quickclips_visomaster_teams,-0.008470364152173513
T5C_step3500,1812,vm_UDFbu3LY,quickclips_visomaster_teams,0.011946711468602737
T5C_step3500,1813,z9TUMru19U4,quickclips_visomaster_teams,0.01177154518275188
T5C_step3500,1814,h8JE5rzZ9Bg,quickclips_visomaster_teams,0.03810554943909374
T5C_step3500,1815,rpHDeLcLrRI,quickclips_visomaster_teams,0.007638168087762241
T5C_step3500,1816,AYLVZdWafTQ,quickclips_visomaster_teams,0.0032556853906448337
T5C_step3500,1817,G1DEbEqPYWs,quickclips_visomaster_teams,0.030515931704277903
T5C_step3500,1818,JVnprg2SVxA,quickclips_visomaster_teams,-0.001853857438672146
T5C_step3500,1819,LTbJAth-vNo,quickclips_visomaster_teams,0.01353339971106271
T5C_step3500,1820,UfjanzTGEhA,quickclips_visomaster_teams,-0.010752280837374978
T5C_step3500,1821,LcmG49--mDM,quickclips_visomaster_teams,0.022184406945207503
T5C_step3500,1822,49r9VxBt2Nc,quickclips_visomaster_teams,0.027253248177178436
T5C_step3500,1823,jf5z5YsGbQY,quickclips_visomaster_teams,0.03059386162612888
T5C_step3500,1824,0Hn3GMnjzAM,quickclips_visomaster_teams,0.01843126640253709
T5C_step3500,1825,bypw_xjirNk,quickclips_visomaster_teams,-0.008883167537915928
