sample_id,policy_action,policy_label,policy_lane,decision_reason,selection_group,selection_seed,swap_model,tier,identity_delta,original_video_name,in_cropped_bucket,in_frames_bucket,in_teams_pair_complete
visomaster_CSCS_00000,ignore,,,teams_pair_complete_cscs_excluded,,,CSCS,MINIMAL,0.127900,trimmed_cropped_JULz1dezu-s.mp4,True,True,True
visomaster_CSCS_00001,ignore,,,teams_pair_complete_cscs_excluded,,,CSCS,MODERATE,0.222200,trimmed_cropped_DSayPAb8-b8.mp4,True,True,True
visomaster_CSCS_00002,ignore,,,teams_pair_complete_cscs_excluded,,,CSCS,MINIMAL,0.096900,trimmed_cropped_9t94RN40L_s.mp4,True,True,True
visomaster_CSCS_00003,ignore,,,teams_pair_complete_cscs_excluded,,,CSCS,MINIMAL,0.096500,trimmed_cropped_WAbRtMCb4I0.mp4,True,True,True
visomaster_CSCS_00004,ignore,,,teams_pair_complete_cscs_excluded,,,CSCS,MODERATE,0.151900,trimmed_cropped_KuNZGuT40Ic.mp4,True,True,True
visomaster_CSCS_00005,ignore,,,teams_pair_complete_cscs_excluded,,,CSCS,MINIMAL,0.123200,trimmed_cropped_-Hncgh4lHIo.mp4,True,True,True
visomaster_CSCS_00006,ignore,,,teams_pair_complete_cscs_excluded,,,CSCS,MODERATE,0.177500,trimmed_cropped_YyHazZTal0k.mp4,True,True,True
visomaster_CSCS_00007,ignore,,,teams_pair_complete_cscs_excluded,,,CSCS,MINIMAL,0.066500,trimmed_cropped_CSMrieEnaZ4.mp4,True,True,True
visomaster_CSCS_00008,ignore,,,teams_pair_complete_cscs_excluded,,,CSCS,MODERATE,0.166000,trimmed_cropped_L8BH1Fn_yWs.mp4,True,True,True
visomaster_CSCS_00009,ignore,,,teams_pair_complete_cscs_excluded,,,CSCS,MODERATE,0.154000,trimmed_cropped_bBg-PjjUFO8.mp4,True,True,True
visomaster_CSCS_00010,ignore,,,teams_pair_complete_cscs_excluded,,,CSCS,MODERATE,0.186400,trimmed_cropped_e8f1ZoYg8O8.mp4,True,True,True
visomaster_CSCS_00011,ignore,,,teams_pair_complete_cscs_excluded,,,CSCS,MINIMAL,0.099100,trimmed_cropped_WNZtrw7wMEQ.mp4,True,True,True
visomaster_CSCS_00012,ignore,,,teams_pair_complete_cscs_excluded,,,CSCS,STRONG,0.446300,trimmed_cropped_d_36ke5uXMk.mp4,True,True,True
visomaster_CSCS_00013,ignore,,,teams_pair_complete_cscs_excluded,,,CSCS,MINIMAL,0.134300,trimmed_cropped_OsUzw_UitmQ.mp4,True,True,True
visomaster_CSCS_00014,ignore,,,teams_pair_complete_cscs_excluded,,,CSCS,MODERATE,0.195700,trimmed_cropped_gGpI7qdJm6w.mp4,True,True,True
visomaster_CSCS_00015,ignore,,,teams_pair_complete_cscs_excluded,,,CSCS,MODERATE,0.169800,trimmed_cropped_R47tX-ql_Is.mp4,True,True,True
visomaster_CSCS_00016,ignore,,,cscs_excluded,,,CSCS,MINIMAL,0.027200,trimmed_cropped_wfMHHJKWJE0.mp4,True,True,False
visomaster_CSCS_00017,ignore,,,teams_pair_complete_cscs_excluded,,,CSCS,MINIMAL,0.087500,trimmed_cropped_rXw6zSnJBj4.mp4,True,True,True
visomaster_CSCS_00018,ignore,,,teams_pair_complete_cscs_excluded,,,CSCS,STRONG,0.425500,trimmed_cropped_itz0UnIikgs.mp4,True,True,True
visomaster_CSCS_00019,ignore,,,teams_pair_complete_cscs_excluded,,,CSCS,MINIMAL,0.139200,trimmed_cropped_HaLL-ZDHQ2A.mp4,True,True,True
visomaster_CSCS_00020,ignore,,,teams_pair_complete_cscs_excluded,,,CSCS,MINIMAL,0.113800,trimmed_cropped_i6_k0GPPO1c.mp4,True,True,True
visomaster_CSCS_00021,ignore,,,teams_pair_complete_cscs_excluded,,,CSCS,MODERATE,0.237900,trimmed_cropped_KKGgsHwCKlA.mp4,True,True,True
visomaster_CSCS_00022,ignore,,,teams_pair_complete_cscs_excluded,,,CSCS,STRONG,0.314800,trimmed_cropped_B73vyNzizM8.mp4,True,True,True
visomaster_CSCS_00023,ignore,,,teams_pair_complete_cscs_excluded,,,CSCS,MODERATE,0.202700,trimmed_cropped_RvkYb-zS38c.mp4,True,True,True
visomaster_CSCS_00024,ignore,,,teams_pair_complete_cscs_excluded,,,CSCS,MINIMAL,0.104100,trimmed_cropped_QKVwiNv_Nxg.mp4,True,True,True
visomaster_CSCS_00025,ignore,,,teams_pair_complete_cscs_excluded,,,CSCS,STRONG,0.381200,trimmed_cropped_hZBIUKr1GNo.mp4,True,True,True
visomaster_CSCS_00026,ignore,,,teams_pair_complete_cscs_excluded,,,CSCS,MINIMAL,0.096600,trimmed_cropped_qAqZ9YRL8Fc.mp4,True,True,True
visomaster_CSCS_00027,ignore,,,cscs_excluded,,,CSCS,STRONG,0.707400,trimmed_cropped_fUKKJfQynEE.mp4,True,True,False
visomaster_CSCS_00028,ignore,,,teams_pair_complete_cscs_excluded,,,CSCS,MODERATE,0.183100,trimmed_cropped_osg5hWljYlE.mp4,True,True,True
visomaster_CSCS_00029,ignore,,,teams_pair_complete_cscs_excluded,,,CSCS,MINIMAL,0.133300,trimmed_cropped_1LicIBkIOBs.mp4,True,True,True
visomaster_CSCS_00030,ignore,,,teams_pair_complete_cscs_excluded,,,CSCS,MODERATE,0.165200,trimmed_cropped_WLTw_Uk_IdE.mp4,True,True,True
visomaster_CSCS_00031,ignore,,,teams_pair_complete_cscs_excluded,,,CSCS,MODERATE,0.203000,trimmed_8ZWBqyuAxDw.mp4,True,True,True
visomaster_CSCS_00032,ignore,,,teams_pair_complete_cscs_excluded,,,CSCS,MODERATE,0.245200,trimmed_cropped_9139YOZLSys.mp4,True,True,True
visomaster_CSCS_00033,ignore,,,teams_pair_complete_cscs_excluded,,,CSCS,MINIMAL,0.135900,trimmed_cropped_ZSPwG1udOYg.mp4,True,True,True
visomaster_CSCS_00034,ignore,,,teams_pair_complete_cscs_excluded,,,CSCS,MODERATE,0.211900,trimmed_cropped_XTsHoJVfCXw.mp4,True,True,True
visomaster_CSCS_00035,ignore,,,teams_pair_complete_cscs_excluded,,,CSCS,MINIMAL,0.107200,trimmed_a6RujPPl85s.mp4,True,True,True
visomaster_CSCS_00036,ignore,,,cscs_excluded,,,CSCS,MINIMAL,0.104400,trimmed_cropped_4xX74oyPQF0.mp4,True,True,False
visomaster_CSCS_00037,ignore,,,cscs_excluded,,,CSCS,STRONG,0.420600,trimmed_cropped_OHnEWajZF_A.mp4,True,True,False
visomaster_CSCS_00038,ignore,,,cscs_excluded,,,CSCS,MINIMAL,0.134800,trimmed_cropped_QgcwZ3NX9Z8.mp4,True,True,False
visomaster_CSCS_00039,ignore,,,cscs_excluded,,,CSCS,MINIMAL,0.098600,trimmed_cropped_qMDAJhBhY0Q.mp4,True,True,False
visomaster_CSCS_00040,ignore,,,cscs_excluded,,,CSCS,MINIMAL,0.132600,trimmed_cropped_C1QXQzXJJUU.mp4,True,True,False
visomaster_CSCS_00041,ignore,,,cscs_excluded,,,CSCS,MINIMAL,0.147900,trimmed_cropped_goreks4apFg.mp4,True,True,False
visomaster_CSCS_00042,ignore,,,cscs_excluded,,,CSCS,MODERATE,0.175400,trimmed_cropped_I13Jh0V2s9A.mp4,True,True,False
visomaster_CSCS_00043,ignore,,,cscs_excluded,,,CSCS,STRONG,0.574200,trimmed_cropped_LDiQIjMxkAU.mp4,True,True,False
visomaster_CSCS_00044,ignore,,,cscs_excluded,,,CSCS,STRONG,0.465300,trimmed_cropped_aRYkFj3B4s4.mp4,True,True,False
visomaster_CSCS_00045,ignore,,,cscs_excluded,,,CSCS,MODERATE,0.183500,trimmed_cropped_U3d2e650zJQ.mp4,True,True,False
visomaster_CSCS_00046,ignore,,,cscs_excluded,,,CSCS,MINIMAL,0.124300,trimmed_cropped_0MDxZ2LDANA.mp4,True,True,False
visomaster_CSCS_00047,ignore,,,cscs_excluded,,,CSCS,MINIMAL,0.050200,trimmed_cropped_wrO6nB_az1E.mp4,True,True,False
visomaster_CSCS_00048,ignore,,,cscs_excluded,,,CSCS,MODERATE,0.232100,trimmed_cropped_tj8ffmhCpg0.mp4,True,True,False
visomaster_CSCS_00049,ignore,,,cscs_excluded,,,CSCS,MINIMAL,0.096400,trimmed_cropped_f-Km2TA_Dyg.mp4,True,True,False
visomaster_CSCS_00050,ignore,,,cscs_excluded,,,CSCS,MODERATE,0.234500,trimmed_cropped_U4XrHw5FZ1g.mp4,True,True,False
visomaster_CSCS_00051,ignore,,,cscs_excluded,,,CSCS,MINIMAL,0.079200,trimmed_cropped_C1QXQzXJJUU.mp4,True,True,False
visomaster_CSCS_00052,ignore,,,cscs_excluded,,,CSCS,STRONG,0.400000,trimmed_cropped_iaEKiO9QCSw.mp4,True,True,False
visomaster_CSCS_00053,ignore,,,cscs_excluded,,,CSCS,MINIMAL,0.026400,trimmed_cropped_xkfw2NKV6bY.mp4,True,True,False
visomaster_CSCS_00054,ignore,,,cscs_excluded,,,CSCS,MINIMAL,0.076200,trimmed_cropped_Ci-dtOFHPhU.mp4,True,True,False
visomaster_CSCS_00055,ignore,,,cscs_excluded,,,CSCS,MINIMAL,0.079500,trimmed_cropped_o22pEErv11I.mp4,True,True,False
visomaster_CSCS_00056,ignore,,,cscs_excluded,,,CSCS,MINIMAL,0.079400,trimmed_cropped_2tP0nUW8QHM.mp4,True,True,False
visomaster_CSCS_00057,ignore,,,cscs_excluded,,,CSCS,MODERATE,0.190900,trimmed_cropped_03ZmPDnyhvE.mp4,True,True,False
visomaster_CSCS_00058,ignore,,,cscs_excluded,,,CSCS,MODERATE,0.237600,trimmed_cropped_UplNLYorayY.mp4,True,True,False
visomaster_CSCS_00059,ignore,,,cscs_excluded,,,CSCS,MODERATE,0.150300,trimmed_cropped_cKporSxcOAQ.mp4,True,True,False
visomaster_CSCS_00060,ignore,,,cscs_excluded,,,CSCS,MINIMAL,0.056000,trimmed_cropped_vuh3kZIlDk8.mp4,True,True,False
visomaster_CSCS_00061,ignore,,,cscs_excluded,,,CSCS,MINIMAL,0.092400,trimmed_cropped_33pf80DmjGQ.mp4,True,True,False
visomaster_CSCS_00062,ignore,,,cscs_excluded,,,CSCS,MINIMAL,0.131100,trimmed_cropped_lmJplE6Dg2E.mp4,True,True,False
visomaster_CSCS_00063,ignore,,,cscs_excluded,,,CSCS,MINIMAL,0.117800,trimmed_cropped_mdBtatj3la0.mp4,True,True,False
visomaster_CSCS_00064,ignore,,,cscs_excluded,,,CSCS,MINIMAL,0.132300,trimmed_cropped_ulklNIVhhMc.mp4,True,True,False
visomaster_CSCS_00065,ignore,,,cscs_excluded,,,CSCS,MINIMAL,0.064100,trimmed_cropped_Bi1KnKXLcGE.mp4,True,True,False
visomaster_CSCS_00066,ignore,,,cscs_excluded,,,CSCS,MINIMAL,0.080600,65oA2iU3qeM.mp4,True,True,False
visomaster_CSCS_00067,ignore,,,cscs_excluded,,,CSCS,MODERATE,0.249000,trimmed_cropped_SmPVZSz69Iw.mp4,True,True,False
visomaster_CSCS_00068,ignore,,,cscs_excluded,,,CSCS,MODERATE,0.183500,trimmed_cropped_4X6sMrdacnU.mp4,True,True,False
visomaster_CSCS_00069,ignore,,,cscs_excluded,,,CSCS,MINIMAL,0.121900,trimmed_cropped_e4jXbeeJI-w.mp4,True,True,False
visomaster_CSCS_00070,ignore,,,cscs_excluded,,,CSCS,STRONG,0.470700,trimmed_cropped_JyfkpH6902c.mp4,True,True,False
visomaster_CSCS_00071,ignore,,,cscs_excluded,,,CSCS,MODERATE,0.177500,trimmed_cropped_y84pdovMEyk.mp4,True,True,False
visomaster_CSCS_00072,ignore,,,cscs_excluded,,,CSCS,MODERATE,0.269300,trimmed_cropped_kBPwSfODvZ0.mp4,True,True,False
visomaster_CSCS_00073,ignore,,,cscs_excluded,,,CSCS,STRONG,0.351200,trimmed_cropped_Gmt3DH3NshI.mp4,True,True,False
visomaster_CSCS_00074,ignore,,,cscs_excluded,,,CSCS,MINIMAL,0.057900,trimmed_cropped_EztUw-VDnZs.mp4,True,True,False
visomaster_CSCS_00075,ignore,,,cscs_excluded,,,CSCS,MINIMAL,0.143600,trimmed_cropped_VHVlu47I8XA.mp4,True,True,False
visomaster_CSCS_00076,ignore,,,cscs_excluded,,,CSCS,MODERATE,0.204100,trimmed_cropped_Wh860Ds08HE.mp4,True,True,False
visomaster_CSCS_00077,ignore,,,cscs_excluded,,,CSCS,MODERATE,0.270900,trimmed_cropped_kqlWNh34N1A.mp4,True,True,False
visomaster_CSCS_00078,ignore,,,cscs_excluded,,,CSCS,MINIMAL,0.140200,trimmed_cropped_terjr04_TGw.mp4,True,True,False
visomaster_CSCS_00079,ignore,,,cscs_excluded,,,CSCS,MINIMAL,0.037300,trimmed_cropped_WEk2v1GQyG8.mp4,True,True,False
visomaster_CSCS_00080,ignore,,,cscs_excluded,,,CSCS,MINIMAL,0.080000,trimmed_cropped_q4U8QVx7nWU.mp4,True,True,False
visomaster_CSCS_00081,ignore,,,cscs_excluded,,,CSCS,STRONG,0.394000,trimmed_cropped_st4XxXB07ng.mp4,True,True,False
visomaster_CSCS_00082,ignore,,,cscs_excluded,,,CSCS,STRONG,0.410500,trimmed_cropped_1g7UzSoPEvs.mp4,True,True,False
visomaster_CSCS_00083,ignore,,,cscs_excluded,,,CSCS,MINIMAL,0.074600,trimmed_cropped_jflyjt6gXNY.mp4,True,True,False
visomaster_CSCS_00084,ignore,,,cscs_excluded,,,CSCS,STRONG,0.524200,trimmed_cropped_m3tQAgg44sE.mp4,True,True,False
visomaster_CSCS_00085,ignore,,,cscs_excluded,,,CSCS,MINIMAL,0.110800,trimmed_cropped_Fz7yUewFniY.mp4,True,True,False
visomaster_CSCS_00086,ignore,,,cscs_excluded,,,CSCS,MINIMAL,0.052000,trimmed_cropped_r7Pu_2SzLyA.mp4,True,True,False
visomaster_CSCS_00087,ignore,,,cscs_excluded,,,CSCS,STRONG,0.442900,trimmed_cropped_SAAAO2J7QNQ.mp4,True,True,False
visomaster_CSCS_00088,ignore,,,cscs_excluded,,,CSCS,MODERATE,0.283000,trimmed_cropped_sjkwFp2amkQ.mp4,True,True,False
visomaster_CSCS_00089,ignore,,,cscs_excluded,,,CSCS,MODERATE,0.165100,trimmed_cropped_XkuPnaAHCUw.mp4,True,True,False
visomaster_CSCS_00090,ignore,,,cscs_excluded,,,CSCS,MINIMAL,0.072700,trimmed_cropped_RFnFy2KMj7I.mp4,True,True,False
visomaster_CSCS_00091,ignore,,,cscs_excluded,,,CSCS,MODERATE,0.172700,trimmed_cropped_fx-J7KQo1TA.mp4,True,True,False
visomaster_CSCS_00092,ignore,,,cscs_excluded,,,CSCS,MODERATE,0.246700,trimmed_cropped_kE2c64Rf938.mp4,True,True,False
visomaster_CSCS_00093,ignore,,,cscs_excluded,,,CSCS,MODERATE,0.249700,trimmed_cropped_ixEt4V5Lw3s.mp4,True,True,False
visomaster_CSCS_00094,ignore,,,cscs_excluded,,,CSCS,MINIMAL,0.132200,trimmed_cropped_TrmYeIAsWZI.mp4,True,True,False
visomaster_CSCS_00095,ignore,,,cscs_excluded,,,CSCS,MINIMAL,0.041900,trimmed_cropped_hEvqj0h6RGY.mp4,True,True,False
visomaster_CSCS_00096,ignore,,,cscs_excluded,,,CSCS,MINIMAL,0.094200,trimmed_cropped_AB7ghsrCd1E.mp4,True,True,False
visomaster_CSCS_00097,ignore,,,cscs_excluded,,,CSCS,MINIMAL,0.106300,trimmed_cropped_GdBmLsglesM.mp4,True,True,False
visomaster_CSCS_00098,ignore,,,cscs_excluded,,,CSCS,MINIMAL,0.074000,trimmed_cropped_0RttyrfstH0.mp4,True,True,False
visomaster_CSCS_00099,ignore,,,cscs_excluded,,,CSCS,MINIMAL,0.138000,trimmed_cropped_CTeeNtZ0vcg.mp4,True,True,False
visomaster_CSCS_00100,ignore,,,cscs_excluded,,,CSCS,MINIMAL,0.104400,trimmed_cropped_SaoRywmNxhg.mp4,True,True,False
visomaster_CSCS_00101,ignore,,,cscs_excluded,,,CSCS,MODERATE,0.249700,trimmed_cropped_l9ZqXlHl65g.mp4,True,True,False
visomaster_CSCS_00102,ignore,,,cscs_excluded,,,CSCS,STRONG,0.529600,trimmed_cropped_zUN_-L2num0.mp4,True,True,False
visomaster_CSCS_00103,ignore,,,cscs_excluded,,,CSCS,MODERATE,0.286000,trimmed_cropped_uxsJVliymkc.mp4,True,True,False
visomaster_CSCS_00104,ignore,,,cscs_excluded,,,CSCS,MINIMAL,0.086000,trimmed_cropped_lky9DikmPLU.mp4,True,True,False
visomaster_CSCS_00105,ignore,,,cscs_excluded,,,CSCS,STRONG,0.606900,trimmed_cropped_CGZf2qO-lWw.mp4,True,True,False
visomaster_CSCS_00106,ignore,,,cscs_excluded,,,CSCS,MINIMAL,0.026100,trimmed_cropped_aJXM_1PR0zo.mp4,True,True,False
visomaster_CSCS_00107,ignore,,,cscs_excluded,,,CSCS,MODERATE,0.226300,trimmed_cropped_9wE832NYYco.mp4,True,True,False
visomaster_CSCS_00108,ignore,,,cscs_excluded,,,CSCS,MINIMAL,0.082100,trimmed_cropped_Nytr82hMMW0.mp4,True,True,False
visomaster_CSCS_00109,ignore,,,cscs_excluded,,,CSCS,MINIMAL,0.121200,trimmed_cropped_OGz6G7VBEKs.mp4,True,True,False
visomaster_CSCS_00110,ignore,,,cscs_excluded,,,CSCS,MODERATE,0.189900,trimmed_cropped_Mvz26zFEpqg.mp4,True,True,False
visomaster_CSCS_00111,ignore,,,cscs_excluded,,,CSCS,STRONG,0.330700,trimmed_cropped_NZvy6nEGTFI.mp4,True,True,False
visomaster_CSCS_00112,ignore,,,cscs_excluded,,,CSCS,MODERATE,0.190300,trimmed_cropped_lwRkhqHhh14.mp4,True,True,False
visomaster_CSCS_00113,ignore,,,cscs_excluded,,,CSCS,MINIMAL,0.046900,trimmed_cropped_S9JaejodqZo.mp4,True,True,False
visomaster_CSCS_00114,ignore,,,cscs_excluded,,,CSCS,MINIMAL,0.039100,trimmed_cropped_HotdEP45iY4.mp4,True,True,False
visomaster_CSCS_00115,ignore,,,cscs_excluded,,,CSCS,MINIMAL,0.099400,trimmed_cropped_oLFeiuDqIKU.mp4,True,True,False
visomaster_CSCS_00116,ignore,,,cscs_excluded,,,CSCS,MINIMAL,0.148500,trimmed_cropped_Xcd2baTMuM0.mp4,True,True,False
visomaster_CSCS_00117,ignore,,,cscs_excluded,,,CSCS,MODERATE,0.177600,trimmed_cropped_hhWLhx5gpRQ.mp4,True,True,False
visomaster_CSCS_00118,ignore,,,cscs_excluded,,,CSCS,STRONG,0.526900,trimmed_cropped_OGvkHmDF3vE.mp4,True,True,False
visomaster_CSCS_00119,ignore,,,cscs_excluded,,,CSCS,MODERATE,0.157500,trimmed_cropped_c38-elPbo64.mp4,True,True,False
visomaster_CSCS_00120,ignore,,,cscs_excluded,,,CSCS,MINIMAL,0.109300,trimmed_cropped_CSG9GIjd9Ig.mp4,True,True,False
visomaster_CSCS_00121,ignore,,,cscs_excluded,,,CSCS,MODERATE,0.279800,trimmed_cropped_piuIe123Hx8.mp4,True,True,False
visomaster_CSCS_00122,ignore,,,cscs_excluded,,,CSCS,MINIMAL,0.143700,trimmed_cropped_iOW2wyUqgRI.mp4,True,True,False
visomaster_CSCS_00123,ignore,,,cscs_excluded,,,CSCS,MODERATE,0.244600,trimmed_cropped_WRtpoKM9LFk.mp4,True,True,False
visomaster_CSCS_00124,ignore,,,cscs_excluded,,,CSCS,MODERATE,0.237800,trimmed_cropped_O9zU6n8GbRA.mp4,True,True,False
visomaster_CSCS_00125,ignore,,,cscs_excluded,,,CSCS,MINIMAL,0.060100,trimmed_cropped_OHL7CyKoHPE.mp4,True,True,False
visomaster_CSCS_00126,ignore,,,cscs_excluded,,,CSCS,MINIMAL,0.068200,trimmed_cropped_-48hHguMmWA.mp4,True,True,False
visomaster_CSCS_00127,ignore,,,cscs_excluded,,,CSCS,MINIMAL,0.059900,trimmed_cropped_0wa8AtTIhdA.mp4,True,True,False
visomaster_CSCS_00128,ignore,,,cscs_excluded,,,CSCS,MINIMAL,0.067900,trimmed_cropped_QXqWBozFXTU.mp4,True,True,False
visomaster_CSCS_00129,ignore,,,cscs_excluded,,,CSCS,MODERATE,0.234900,trimmed_cropped_ZCVpr0126dE.mp4,True,True,False
visomaster_CSCS_00130,ignore,,,cscs_excluded,,,CSCS,STRONG,0.897300,trimmed_cropped_EsXyes1kvWU.mp4,True,True,False
visomaster_CSCS_00131,ignore,,,cscs_excluded,,,CSCS,STRONG,0.340200,trimmed_cropped_LR99ntq-YlA.mp4,True,True,False
visomaster_CSCS_00132,ignore,,,cscs_excluded,,,CSCS,STRONG,0.562500,trimmed_cropped_jlqrKkqa_T0.mp4,True,True,False
visomaster_CSCS_00133,ignore,,,cscs_excluded,,,CSCS,MINIMAL,0.063800,trimmed_cropped_LoapEjn5DUM.mp4,True,True,False
visomaster_CSCS_00134,ignore,,,cscs_excluded,,,CSCS,MINIMAL,0.135100,trimmed_cropped_tM6Ueu_Cax8.mp4,True,True,False
visomaster_CSCS_00135,ignore,,,cscs_excluded,,,CSCS,MINIMAL,0.079900,trimmed_cropped_pK_mt5BXmT4.mp4,True,True,False
visomaster_CSCS_00136,ignore,,,cscs_excluded,,,CSCS,MODERATE,0.171400,trimmed_cropped_KTVv9e3NNxM.mp4,True,True,False
visomaster_CSCS_00137,ignore,,,cscs_excluded,,,CSCS,MINIMAL,0.087200,trimmed_cropped_4UmHjLqfmwI.mp4,True,True,False
visomaster_CSCS_00138,ignore,,,cscs_excluded,,,CSCS,MODERATE,0.279400,trimmed_cropped_P82-Ik8Bb8c.mp4,True,True,False
visomaster_CSCS_00139,ignore,,,cscs_excluded,,,CSCS,MINIMAL,0.081000,trimmed_cropped_-j73m_yQ_hM.mp4,True,True,False
visomaster_CSCS_00140,ignore,,,cscs_excluded,,,CSCS,MINIMAL,0.136100,trimmed_cropped_lPFYdMzXOUg.mp4,True,True,False
visomaster_CSCS_00141,ignore,,,cscs_excluded,,,CSCS,STRONG,0.814100,trimmed_cropped_f9JPsX-7WEQ.mp4,True,True,False
visomaster_CSCS_00142,ignore,,,cscs_excluded,,,CSCS,MINIMAL,0.120800,trimmed_cropped_goreks4apFg.mp4,True,True,False
visomaster_CSCS_00143,ignore,,,cscs_excluded,,,CSCS,MODERATE,0.172400,trimmed_cropped_h4-LpnLcEME.mp4,True,True,False
visomaster_CSCS_00144,ignore,,,cscs_excluded,,,CSCS,STRONG,0.472600,trimmed_cropped_hDUw3k837RA.mp4,True,True,False
visomaster_CSCS_00145,ignore,,,cscs_excluded,,,CSCS,MODERATE,0.281800,trimmed_cropped_zi4I71SYpDU.mp4,True,True,False
visomaster_CSCS_00146,ignore,,,cscs_excluded,,,CSCS,MODERATE,0.166800,trimmed_cropped_t_5LrfAqDC4.mp4,True,True,False
visomaster_CSCS_00147,ignore,,,cscs_excluded,,,CSCS,MINIMAL,0.098800,trimmed_cropped_UJWHfM4oStE.mp4,True,True,False
visomaster_CSCS_00148,ignore,,,cscs_excluded,,,CSCS,MODERATE,0.212600,trimmed_cropped_qh3yIfNhbBs.mp4,True,True,False
visomaster_CSCS_00149,ignore,,,cscs_excluded,,,CSCS,MINIMAL,0.115800,trimmed_cropped_iThTLTvskI0.mp4,True,True,False
visomaster_CSCS_00150,ignore,,,cscs_excluded,,,CSCS,MINIMAL,0.064100,trimmed_cropped_vpJxcnDrKvw.mp4,True,True,False
visomaster_CSCS_00151,ignore,,,cscs_excluded,,,CSCS,MINIMAL,0.067600,trimmed_cropped_iyd5zMJzpzQ.mp4,True,True,False
visomaster_CSCS_00152,ignore,,,cscs_excluded,,,CSCS,MINIMAL,0.059600,trimmed_cropped_kifHu7LeVuA.mp4,True,True,False
visomaster_CSCS_00153,ignore,,,cscs_excluded,,,CSCS,MINIMAL,0.137200,trimmed_cropped_YcZVtyi9EU0.mp4,True,True,False
visomaster_CSCS_00154,ignore,,,cscs_excluded,,,CSCS,MODERATE,0.167700,trimmed_cropped_aTA2JVDN7M8.mp4,True,True,False
visomaster_CSCS_00155,ignore,,,cscs_excluded,,,CSCS,STRONG,0.714000,trimmed_cropped_uqblPgBWQp8.mp4,True,True,False
visomaster_CSCS_00156,ignore,,,cscs_excluded,,,CSCS,STRONG,0.324700,trimmed_cropped_ZnUj4Z4PloA.mp4,True,True,False
visomaster_CSCS_00157,ignore,,,cscs_excluded,,,CSCS,MINIMAL,0.138000,trimmed_cropped_8bZj5qre_oQ.mp4,True,True,False
visomaster_CSCS_00158,ignore,,,cscs_excluded,,,CSCS,MINIMAL,0.113700,trimmed_cropped_0GmDytHPA-w.mp4,True,True,False
visomaster_CSCS_00159,ignore,,,cscs_excluded,,,CSCS,MINIMAL,0.100000,trimmed_cropped_v8BVzJgcrBI.mp4,True,True,False
visomaster_CSCS_00160,ignore,,,cscs_excluded,,,CSCS,MINIMAL,0.073200,trimmed_cropped_Jz6-0u-ClHM.mp4,True,True,False
visomaster_CSCS_00161,ignore,,,cscs_excluded,,,CSCS,MODERATE,0.162200,trimmed_cropped_kZgDGY8nutg.mp4,True,True,False
visomaster_CSCS_00162,ignore,,,cscs_excluded,,,CSCS,MINIMAL,0.097700,trimmed_cropped_GmHWoMm1AuQ.mp4,True,True,False
visomaster_CSCS_00163,ignore,,,cscs_excluded,,,CSCS,MODERATE,0.190700,trimmed_cropped_-2Ya3Lf5XSk.mp4,True,True,False
visomaster_CSCS_00164,ignore,,,cscs_excluded,,,CSCS,MINIMAL,0.095400,trimmed_cropped_rl_ppsr2WB8.mp4,True,True,False
visomaster_CSCS_00165,ignore,,,cscs_excluded,,,CSCS,MINIMAL,0.041500,trimmed_cropped_XNZ1-l_w4fs.mp4,True,True,False
visomaster_CSCS_00166,ignore,,,cscs_excluded,,,CSCS,MODERATE,0.153900,trimmed_cropped_9E93tvfG93c.mp4,True,True,False
visomaster_CSCS_00167,ignore,,,cscs_excluded,,,CSCS,STRONG,0.477400,trimmed_cropped_jvTvWTIRS-U.mp4,True,True,False
visomaster_CSCS_00168,ignore,,,cscs_excluded,,,CSCS,STRONG,0.327200,trimmed_cropped_zGOkywmNZfE.mp4,True,True,False
visomaster_CSCS_00169,ignore,,,cscs_excluded,,,CSCS,MODERATE,0.242400,trimmed_cropped_1vt9RoYBynQ.mp4,True,True,False
visomaster_CSCS_00170,ignore,,,cscs_excluded,,,CSCS,MINIMAL,0.095700,trimmed_cropped_2dUAjrwd-8I.mp4,True,True,False
visomaster_CSCS_00171,ignore,,,cscs_excluded,,,CSCS,MINIMAL,0.071900,trimmed_cropped_zI8Alz3L9CA.mp4,True,True,False
visomaster_CSCS_00172,ignore,,,cscs_excluded,,,CSCS,MINIMAL,0.121300,trimmed_cropped_vxTm3at6xFg.mp4,True,True,False
visomaster_CSCS_00173,ignore,,,cscs_excluded,,,CSCS,MINIMAL,0.103000,trimmed_cropped_Az6Uy7p3kas.mp4,True,True,False
visomaster_CSCS_00174,ignore,,,cscs_excluded,,,CSCS,MINIMAL,0.015000,trimmed_cropped_jD-vHkiBJng.mp4,True,True,False
visomaster_CSCS_00175,ignore,,,cscs_excluded,,,CSCS,MINIMAL,0.082700,trimmed_cropped_0cVOx_CHMNQ.mp4,True,True,False
visomaster_CSCS_00176,ignore,,,cscs_excluded,,,CSCS,MINIMAL,0.123500,trimmed_cropped_AXwLaVRxA3s.mp4,True,True,False
visomaster_CSCS_00177,ignore,,,cscs_excluded,,,CSCS,MINIMAL,0.026700,trimmed_cropped_H15lVTJhXn8.mp4,True,True,False
visomaster_CSCS_00178,ignore,,,cscs_excluded,,,CSCS,MINIMAL,0.049100,trimmed_cropped_pCVNTUDClZE.mp4,True,True,False
visomaster_CSCS_00179,ignore,,,cscs_excluded,,,CSCS,MODERATE,0.167400,trimmed_cropped_F6dPAV082hE.mp4,True,True,False
visomaster_CSCS_00180,ignore,,,cscs_excluded,,,CSCS,MINIMAL,0.040000,trimmed_cropped_axy4_o4On40.mp4,True,True,False
visomaster_CSCS_00181,ignore,,,cscs_excluded,,,CSCS,MODERATE,0.168700,trimmed_zSllZJgGlEs.mp4,True,True,False
visomaster_CSCS_00182,ignore,,,cscs_excluded,,,CSCS,MODERATE,0.261300,trimmed_cropped_MjTzASNJ6u0.mp4,True,True,False
visomaster_CSCS_00183,ignore,,,cscs_excluded,,,CSCS,STRONG,0.321500,trimmed_cropped_-n8FP7Ncq8A.mp4,True,True,False
visomaster_CSCS_00184,ignore,,,cscs_excluded,,,CSCS,MODERATE,0.187400,trimmed_cropped_ISS9nJ58kCM.mp4,True,True,False
visomaster_CSCS_00185,ignore,,,cscs_excluded,,,CSCS,STRONG,0.472400,trimmed_cropped_80e1QiFZtnc.mp4,True,True,False
visomaster_CSCS_00186,ignore,,,cscs_excluded,,,CSCS,MINIMAL,0.144300,trimmed_cropped_nFGEH7WpgV8.mp4,True,True,False
visomaster_CSCS_00187,ignore,,,cscs_excluded,,,CSCS,MODERATE,0.291000,trimmed_cropped_2Eowr47O8cQ.mp4,True,True,False
visomaster_CSCS_00188,ignore,,,cscs_excluded,,,CSCS,MODERATE,0.267200,trimmed_cropped_uJDiD4BsYi4.mp4,True,True,False
visomaster_CSCS_00189,ignore,,,cscs_excluded,,,CSCS,STRONG,0.465700,trimmed_cropped_JauV5k-pE2k.mp4,True,True,False
visomaster_CSCS_00190,ignore,,,cscs_excluded,,,CSCS,MINIMAL,0.136900,trimmed_cropped_-Hncgh4lHIo.mp4,True,True,False
visomaster_CSCS_00191,ignore,,,cscs_excluded,,,CSCS,MINIMAL,0.141600,trimmed_cropped_sVzHzP8ZysA.mp4,True,True,False
visomaster_CSCS_00192,ignore,,,cscs_excluded,,,CSCS,MINIMAL,0.120200,trimmed_cropped_yHm63SsmVII.mp4,True,True,False
visomaster_CSCS_00193,ignore,,,cscs_excluded,,,CSCS,MINIMAL,0.141600,trimmed_cropped_dP0afDbv2O8.mp4,True,True,False
visomaster_CSCS_00194,ignore,,,cscs_excluded,,,CSCS,MINIMAL,0.034100,trimmed_cropped_R47tX-ql_Is.mp4,True,True,False
visomaster_CSCS_00195,ignore,,,cscs_excluded,,,CSCS,MODERATE,0.215400,trimmed_cropped_9wJY59NWNz8.mp4,True,True,False
visomaster_CSCS_00196,ignore,,,cscs_excluded,,,CSCS,MINIMAL,0.138600,trimmed_cropped_txUZT4VqSig.mp4,True,True,False
visomaster_CSCS_00197,ignore,,,cscs_excluded,,,CSCS,STRONG,0.496500,trimmed_cropped_vOcUn4wFnuQ.mp4,True,True,False
visomaster_CSCS_00198,ignore,,,cscs_excluded,,,CSCS,MODERATE,0.206300,trimmed_cropped_RGivIydoUsk.mp4,True,True,False
visomaster_CSCS_00199,ignore,,,cscs_excluded,,,CSCS,MODERATE,0.157800,trimmed_cropped_j3m0yD_ieWo.mp4,True,True,False
visomaster_CSCS_00200,ignore,,,cscs_excluded,,,CSCS,MODERATE,0.168800,trimmed_cropped_wVWf784EEcY.mp4,True,True,False
visomaster_CSCS_00201,ignore,,,cscs_excluded,,,CSCS,MINIMAL,0.060500,trimmed_cropped_Rt9Z7pzlVuc.mp4,True,True,False
visomaster_CSCS_00202,ignore,,,cscs_excluded,,,CSCS,MINIMAL,0.032000,trimmed_cropped_fZnXFVOyGpQ.mp4,True,True,False
visomaster_CSCS_00203,ignore,,,cscs_excluded,,,CSCS,STRONG,0.570500,trimmed_cropped_R7310Vcdxg4.mp4,True,True,False
visomaster_CSCS_00204,ignore,,,cscs_excluded,,,CSCS,MINIMAL,0.037200,trimmed_cropped_BorLo4YPWtk.mp4,True,True,False
visomaster_CSCS_00205,ignore,,,cscs_excluded,,,CSCS,MINIMAL,0.074900,trimmed_cropped_8bZj5qre_oQ.mp4,True,True,False
visomaster_CSCS_00206,ignore,,,cscs_excluded,,,CSCS,MINIMAL,0.077400,trimmed_cropped_JkmY20onHmg.mp4,True,True,False
visomaster_CSCS_00207,ignore,,,cscs_excluded,,,CSCS,STRONG,0.327400,trimmed_8ZWBqyuAxDw.mp4,True,True,False
visomaster_CSCS_00208,ignore,,,cscs_excluded,,,CSCS,MINIMAL,0.130200,trimmed_cropped_cKporSxcOAQ.mp4,True,True,False
visomaster_CSCS_00209,ignore,,,cscs_excluded,,,CSCS,STRONG,0.481000,trimmed_cropped_YhVTy0U7B2Y.mp4,True,True,False
visomaster_CSCS_00210,ignore,,,cscs_excluded,,,CSCS,MODERATE,0.231300,trimmed_cropped_RBtGD7uud_A.mp4,True,True,False
visomaster_CSCS_00211,ignore,,,cscs_excluded,,,CSCS,MODERATE,0.240400,trimmed_cropped_nOk3n3NEjjA.mp4,True,True,False
visomaster_CSCS_00212,ignore,,,cscs_excluded,,,CSCS,MODERATE,0.186900,trimmed_cropped_HX7NxdkEXf4.mp4,True,True,False
visomaster_CSCS_00213,ignore,,,cscs_excluded,,,CSCS,STRONG,0.317300,trimmed_cropped_M4lM-qQPNIw.mp4,True,True,False
visomaster_CSCS_00214,ignore,,,cscs_excluded,,,CSCS,MINIMAL,0.071500,trimmed_cropped_z4tZpxF7j1E.mp4,True,True,False
visomaster_CSCS_00215,ignore,,,cscs_excluded,,,CSCS,MINIMAL,0.109700,trimmed_cropped_Ne3uPnVVBoI.mp4,True,True,False
visomaster_CSCS_00216,ignore,,,cscs_excluded,,,CSCS,MINIMAL,0.052200,trimmed_cropped_4BpPtjKpJZM.mp4,True,True,False
visomaster_CSCS_00217,ignore,,,cscs_excluded,,,CSCS,STRONG,0.726300,trimmed_cropped_O6-vkGwhHRc.mp4,True,True,False
visomaster_CSCS_00218,ignore,,,cscs_excluded,,,CSCS,MODERATE,0.219900,trimmed_cropped__NT5OPJuHoE.mp4,True,True,False
visomaster_CSCS_00219,ignore,,,cscs_excluded,,,CSCS,MODERATE,0.167600,trimmed_cropped_NbcW5r_6FOI.mp4,True,True,False
visomaster_CSCS_00220,ignore,,,cscs_excluded,,,CSCS,MINIMAL,0.143200,trimmed_cropped_VCIqWfFSYM8.mp4,True,True,False
visomaster_CSCS_00221,ignore,,,cscs_excluded,,,CSCS,STRONG,0.320300,trimmed_cropped_2tK7YsUEA5o.mp4,True,True,False
visomaster_CSCS_00222,ignore,,,cscs_excluded,,,CSCS,MINIMAL,0.084900,trimmed_cropped_tdpe8cowW6Q.mp4,True,True,False
visomaster_CSCS_00223,ignore,,,cscs_excluded,,,CSCS,MINIMAL,0.107000,trimmed_cropped_hF7PO9z22eE.mp4,True,True,False
visomaster_CSCS_00224,ignore,,,cscs_excluded,,,CSCS,MINIMAL,0.120400,trimmed_cropped_zoEKDC0Vhno.mp4,True,True,False
visomaster_CSCS_00225,ignore,,,cscs_excluded,,,CSCS,MINIMAL,0.079500,trimmed_cropped_19qSLZyjfEI.mp4,True,True,False
visomaster_CSCS_00226,ignore,,,cscs_excluded,,,CSCS,MODERATE,0.284400,trimmed_cropped_m6itGA887rI.mp4,True,True,False
visomaster_CSCS_00227,ignore,,,cscs_excluded,,,CSCS,MINIMAL,0.109000,6PyvfB7QA6U.mp4,True,True,False
visomaster_CSCS_00228,ignore,,,cscs_excluded,,,CSCS,MINIMAL,0.127300,trimmed_cropped_iapE8apyCl0.mp4,True,True,False
visomaster_CSCS_00229,ignore,,,cscs_excluded,,,CSCS,STRONG,0.592500,trimmed_cropped_C8XPLz3f3yw.mp4,True,True,False
visomaster_CSCS_00230,ignore,,,cscs_excluded,,,CSCS,MINIMAL,0.076400,trimmed_cropped_Yh-yAVESYoQ.mp4,True,True,False
visomaster_CSCS_00231,ignore,,,cscs_excluded,,,CSCS,STRONG,0.450900,trimmed_cropped_dfu97Uungj4.mp4,True,True,False
visomaster_CSCS_00232,ignore,,,cscs_excluded,,,CSCS,MINIMAL,0.096700,trimmed_cropped_ftPvQJGbgCI.mp4,True,True,False
visomaster_CSCS_00233,ignore,,,cscs_excluded,,,CSCS,MODERATE,0.244600,trimmed_cropped_VY-V8MrKGfA.mp4,True,True,False
visomaster_CSCS_00234,ignore,,,cscs_excluded,,,CSCS,STRONG,0.441400,trimmed_cropped__-WZK8H1eGs.mp4,True,True,False
visomaster_CSCS_00235,ignore,,,cscs_excluded,,,CSCS,MODERATE,0.262900,trimmed_cropped_QY4e7Fq42Y0.mp4,True,True,False
visomaster_CSCS_00236,ignore,,,cscs_excluded,,,CSCS,MODERATE,0.161800,trimmed_cropped_6wueNOr0TLQ.mp4,True,True,False
visomaster_CSCS_00237,ignore,,,cscs_excluded,,,CSCS,MODERATE,0.186700,trimmed_cropped_2O6tnoqw0xQ.mp4,True,True,False
visomaster_CSCS_00238,ignore,,,cscs_excluded,,,CSCS,MINIMAL,0.097700,trimmed_cropped_hUngKjk11qI.mp4,True,True,False
visomaster_CSCS_00239,ignore,,,cscs_excluded,,,CSCS,MINIMAL,0.100600,trimmed_cropped_E3fLb5lCRXU.mp4,True,True,False
visomaster_CSCS_00240,ignore,,,cscs_excluded,,,CSCS,MINIMAL,0.130900,trimmed_cropped_Fh0iWB1eXRc.mp4,True,True,False
visomaster_CSCS_00241,ignore,,,cscs_excluded,,,CSCS,MINIMAL,0.113300,trimmed_cropped_DmSkXP8Fh9A.mp4,True,True,False
visomaster_CSCS_00242,ignore,,,cscs_excluded,,,CSCS,MINIMAL,0.115200,trimmed_cropped_z19r9THJIlc.mp4,True,True,False
visomaster_CSCS_00243,ignore,,,cscs_excluded,,,CSCS,STRONG,0.512700,trimmed_cropped_FgVHRsl3B0g.mp4,True,True,False
visomaster_CSCS_00244,ignore,,,cscs_excluded,,,CSCS,MODERATE,0.157900,trimmed_cropped_biMtQ_pdHZg.mp4,True,True,False
visomaster_CSCS_00245,ignore,,,cscs_excluded,,,CSCS,MINIMAL,0.112500,trimmed_cropped_Chypjp4z1dg.mp4,True,True,False
visomaster_CSCS_00246,ignore,,,cscs_excluded,,,CSCS,MODERATE,0.219800,trimmed_cropped_cjFIuKwA3oo.mp4,True,True,False
visomaster_CSCS_00247,ignore,,,cscs_excluded,,,CSCS,MINIMAL,0.043800,trimmed_cropped_NestwAQFj7Y.mp4,True,True,False
visomaster_CSCS_00248,ignore,,,cscs_excluded,,,CSCS,MINIMAL,0.104400,trimmed_cropped_cdY_QGh7gAM.mp4,True,True,False
visomaster_CSCS_00249,ignore,,,cscs_excluded,,,CSCS,MINIMAL,0.116500,trimmed_cropped_zoEKDC0Vhno.mp4,True,True,False
visomaster_CSCS_00250,ignore,,,cscs_excluded,,,CSCS,MODERATE,0.167400,trimmed_cropped_hgDI-OyDZuc.mp4,True,True,False
visomaster_CSCS_00251,ignore,,,cscs_excluded,,,CSCS,STRONG,0.370000,trimmed_cropped_gUT4YvRTXeo.mp4,True,True,False
visomaster_CSCS_00252,ignore,,,cscs_excluded,,,CSCS,STRONG,0.666100,trimmed_cropped_Mt_5OWRfwGo.mp4,True,True,False
visomaster_CSCS_00253,ignore,,,cscs_excluded,,,CSCS,MODERATE,0.153800,trimmed_cropped_InV9_TJQSZs.mp4,True,True,False
visomaster_CSCS_00254,ignore,,,cscs_excluded,,,CSCS,STRONG,0.654100,trimmed_cropped_9-bT06lSk8E.mp4,True,True,False
visomaster_CSCS_00255,ignore,,,cscs_excluded,,,CSCS,STRONG,0.706800,trimmed_cropped_VCIqWfFSYM8.mp4,True,True,False
visomaster_CSCS_00256,ignore,,,cscs_excluded,,,CSCS,MINIMAL,0.079800,trimmed_cropped_Hu6a6-mVYbY.mp4,True,True,False
visomaster_CSCS_00257,ignore,,,cscs_excluded,,,CSCS,MINIMAL,0.069500,trimmed_cropped_EoxD3-5Rl18.mp4,True,True,False
visomaster_CSCS_00258,ignore,,,cscs_excluded,,,CSCS,STRONG,0.841900,trimmed_cropped_3zfyZzDGGqE.mp4,True,True,False
visomaster_CSCS_00259,ignore,,,cscs_excluded,,,CSCS,MINIMAL,0.097200,trimmed_cropped_lHAy0-WCxOY.mp4,True,True,False
visomaster_CSCS_00260,ignore,,,cscs_excluded,,,CSCS,STRONG,0.630400,trimmed_cropped_7whKArd2EKo.mp4,True,True,False
visomaster_CSCS_00261,ignore,,,cscs_excluded,,,CSCS,MODERATE,0.223800,trimmed_cropped_0IDzY_WzaiA.mp4,True,True,False
visomaster_CSCS_00262,ignore,,,cscs_excluded,,,CSCS,MINIMAL,0.141500,trimmed_cropped_U4pfuGC_VMk.mp4,True,True,False
visomaster_CSCS_00263,ignore,,,cscs_excluded,,,CSCS,MINIMAL,0.141200,1CyWy95uEb0.mp4,True,True,False
visomaster_CSCS_00264,ignore,,,cscs_excluded,,,CSCS,MINIMAL,0.089900,trimmed_cropped_HdrBAWKSwgM.mp4,True,True,False
visomaster_CSCS_00265,ignore,,,cscs_excluded,,,CSCS,STRONG,0.687900,trimmed_cropped_TEizOMhSs3Q.mp4,True,True,False
visomaster_CSCS_00266,ignore,,,cscs_excluded,,,CSCS,MINIMAL,0.060200,trimmed_cropped_VlXIRkYAw3g.mp4,True,True,False
visomaster_CSCS_00267,ignore,,,cscs_excluded,,,CSCS,MINIMAL,0.088600,trimmed_cropped_d33svhNkeEk.mp4,True,True,False
visomaster_CSCS_00268,ignore,,,cscs_excluded,,,CSCS,STRONG,0.482500,trimmed_cropped_Gmt3DH3NshI.mp4,True,True,False
visomaster_CSCS_00269,ignore,,,cscs_excluded,,,CSCS,MODERATE,0.252000,trimmed_cropped_2hJ9cALSI0k.mp4,True,True,False
visomaster_CSCS_00270,ignore,,,cscs_excluded,,,CSCS,MINIMAL,0.111900,trimmed_zSllZJgGlEs.mp4,True,True,False
visomaster_CSCS_00271,ignore,,,cscs_excluded,,,CSCS,STRONG,0.562600,trimmed_cropped_T8opucP3PRo.mp4,True,True,False
visomaster_CSCS_00272,ignore,,,cscs_excluded,,,CSCS,MINIMAL,0.083000,trimmed_cropped_V4wishm-G_s.mp4,True,True,False
visomaster_CSCS_00273,ignore,,,cscs_excluded,,,CSCS,MINIMAL,0.090500,trimmed_cropped_3E8wf_ma7Mc.mp4,True,True,False
visomaster_CSCS_00274,ignore,,,cscs_excluded,,,CSCS,STRONG,0.305000,trimmed_cropped_blfmMer7JYg.mp4,True,True,False
visomaster_CSCS_00275,ignore,,,cscs_excluded,,,CSCS,MODERATE,0.162300,trimmed_cropped_FcLIQmHTaPc.mp4,True,True,False
visomaster_CSCS_00276,ignore,,,cscs_excluded,,,CSCS,MODERATE,0.256800,trimmed_cropped_ikIrFYcPX8E.mp4,True,True,False
visomaster_CSCS_00277,ignore,,,cscs_excluded,,,CSCS,MINIMAL,0.100700,trimmed_cropped_8RP9zZJa1KI.mp4,True,True,False
visomaster_CSCS_00278,ignore,,,cscs_excluded,,,CSCS,STRONG,0.347900,trimmed_cropped_2mVwJV2tpcc.mp4,True,True,False
visomaster_CSCS_00279,ignore,,,cscs_excluded,,,CSCS,MINIMAL,0.116600,trimmed_cropped_4PuTn4JutZA.mp4,True,True,False
visomaster_CSCS_00280,ignore,,,cscs_excluded,,,CSCS,MINIMAL,0.078000,trimmed_cropped_GWZlWVeOp7A.mp4,True,True,False
visomaster_CSCS_00281,ignore,,,cscs_excluded,,,CSCS,MODERATE,0.237400,trimmed_cropped_i0Md64tSKIQ.mp4,True,True,False
visomaster_CSCS_00282,ignore,,,cscs_excluded,,,CSCS,MINIMAL,0.077800,trimmed_cropped_-qAZWIOnBB0.mp4,True,True,False
visomaster_CSCS_00283,ignore,,,cscs_excluded,,,CSCS,STRONG,0.746500,trimmed_cropped_Nytr82hMMW0.mp4,True,True,False
visomaster_CSCS_00284,ignore,,,cscs_excluded,,,CSCS,MINIMAL,0.078500,trimmed_cropped_H-QxgMQs9ug.mp4,True,True,False
visomaster_CSCS_00285,ignore,,,cscs_excluded,,,CSCS,MODERATE,0.273400,trimmed_cropped_qcvaxVSEglc.mp4,True,True,False
visomaster_CSCS_00286,ignore,,,cscs_excluded,,,CSCS,STRONG,0.446400,trimmed_cropped_Bl2fW9rC9CI.mp4,True,True,False
visomaster_CSCS_00287,ignore,,,cscs_excluded,,,CSCS,MODERATE,0.151500,trimmed_cropped_wS2f8kXg18Q.mp4,True,True,False
visomaster_CSCS_00288,ignore,,,cscs_excluded,,,CSCS,MODERATE,0.168600,trimmed_cropped_30HcaoV-PJE.mp4,True,True,False
visomaster_CSCS_00289,ignore,,,cscs_excluded,,,CSCS,MINIMAL,0.105600,trimmed_cropped_PBLbBuVeFUM.mp4,True,True,False
visomaster_CSCS_00290,ignore,,,cscs_excluded,,,CSCS,MINIMAL,0.078400,trimmed_cropped_7FkvHWb0LSc.mp4,True,True,False
visomaster_CSCS_00291,ignore,,,cscs_excluded,,,CSCS,STRONG,0.551300,trimmed_cropped_-qAZWIOnBB0.mp4,True,True,False
visomaster_CSCS_00292,ignore,,,cscs_excluded,,,CSCS,MODERATE,0.180400,trimmed_cropped_I2SA-bTERR4.mp4,True,True,False
visomaster_CSCS_00293,ignore,,,cscs_excluded,,,CSCS,MODERATE,0.224300,trimmed_cropped_6cGps9HOyuY.mp4,True,True,False
visomaster_CSCS_00294,ignore,,,cscs_excluded,,,CSCS,MODERATE,0.241000,trimmed_cropped_3vUkZheWCCI.mp4,True,True,False
visomaster_CSCS_00295,ignore,,,cscs_excluded,,,CSCS,MODERATE,0.228000,trimmed_cropped_SS3TDcKN9wo.mp4,True,True,False
visomaster_CSCS_00296,ignore,,,cscs_excluded,,,CSCS,MINIMAL,0.090300,trimmed_cropped_pwq_6cnqduw.mp4,True,True,False
visomaster_CSCS_00297,ignore,,,cscs_excluded,,,CSCS,MODERATE,0.166500,trimmed_cropped_Chypjp4z1dg.mp4,True,True,False
visomaster_CSCS_00298,ignore,,,cscs_excluded,,,CSCS,MINIMAL,0.115200,trimmed_cropped_S_BtvKMW_xY.mp4,True,True,False
visomaster_CSCS_00299,ignore,,,cscs_excluded,,,CSCS,MODERATE,0.201400,trimmed_cropped_TP89twjw-wo.mp4,True,True,False
visomaster_CSCS_00300,ignore,,,cscs_excluded,,,CSCS,STRONG,0.664500,trimmed_cropped_TeyJDLCcJbU.mp4,True,True,False
visomaster_CSCS_00301,ignore,,,cscs_excluded,,,CSCS,STRONG,0.320200,trimmed_cropped_cT6o2Sma4Qo.mp4,True,True,False
visomaster_CSCS_00302,ignore,,,cscs_excluded,,,CSCS,STRONG,0.713700,trimmed_cropped_-n8FP7Ncq8A.mp4,True,True,False
visomaster_CSCS_00303,ignore,,,cscs_excluded,,,CSCS,MINIMAL,0.058400,trimmed_cropped_GhZj0giR9To.mp4,True,True,False
visomaster_CSCS_00304,ignore,,,cscs_excluded,,,CSCS,STRONG,0.314600,trimmed_cropped_wpOCcrlHYjQ.mp4,True,True,False
visomaster_CSCS_00305,ignore,,,cscs_excluded,,,CSCS,MINIMAL,0.022000,trimmed_cropped_eiLYmFybX2c.mp4,True,True,False
visomaster_CSCS_00306,ignore,,,cscs_excluded,,,CSCS,MINIMAL,0.136000,trimmed_cropped_Z6ZsqyOAEU0.mp4,True,True,False
visomaster_CSCS_00307,ignore,,,cscs_excluded,,,CSCS,MINIMAL,0.092600,trimmed_cropped_auGFtzfRIjQ.mp4,True,True,False
visomaster_CSCS_00308,ignore,,,cscs_excluded,,,CSCS,MODERATE,0.287400,trimmed_cropped_-n8FP7Ncq8A.mp4,True,True,False
visomaster_CSCS_00309,ignore,,,cscs_excluded,,,CSCS,MINIMAL,0.054500,trimmed_cropped_Kg60JBwBMw4.mp4,True,True,False
visomaster_CSCS_00310,ignore,,,cscs_excluded,,,CSCS,STRONG,0.385200,trimmed_cropped_bAAWYiFHqGU.mp4,True,True,False
visomaster_CSCS_00311,ignore,,,cscs_excluded,,,CSCS,MINIMAL,0.089100,trimmed_cropped_TrnPZnRCL8w.mp4,True,True,False
visomaster_CSCS_00312,ignore,,,cscs_excluded,,,CSCS,MODERATE,0.241500,trimmed_cropped_KYZcVgSI0cw.mp4,True,True,False
visomaster_CSCS_00313,ignore,,,cscs_excluded,,,CSCS,STRONG,0.602100,trimmed_cropped_IlyFQTNUQfw.mp4,True,True,False
visomaster_CSCS_00314,ignore,,,cscs_excluded,,,CSCS,MINIMAL,0.061500,trimmed_cropped_0DdlfUWfckw.mp4,True,True,False
visomaster_CSCS_00315,ignore,,,cscs_excluded,,,CSCS,MINIMAL,0.064800,trimmed_cropped_Ic3E7rqHMoc.mp4,True,True,False
visomaster_CSCS_00316,ignore,,,cscs_excluded,,,CSCS,MINIMAL,0.123100,trimmed_cropped_OOzlDBR4RTY.mp4,True,True,False
visomaster_CSCS_00317,ignore,,,cscs_excluded,,,CSCS,MINIMAL,0.079900,trimmed_cropped_7XgOvIKX6z8.mp4,True,True,False
visomaster_CSCS_00318,ignore,,,cscs_excluded,,,CSCS,STRONG,0.650200,trimmed_cropped_L2dtMJpMp2o.mp4,True,True,False
visomaster_CSCS_00319,ignore,,,cscs_excluded,,,CSCS,MODERATE,0.242500,trimmed_cropped_oqLUQEK5iHg.mp4,True,True,False
visomaster_CSCS_00320,ignore,,,cscs_excluded,,,CSCS,MODERATE,0.247800,trimmed_cropped_zH83OY8tQWQ.mp4,True,True,False
visomaster_CSCS_00321,ignore,,,cscs_excluded,,,CSCS,STRONG,0.508600,trimmed_cropped_llL50ZAQlxk.mp4,True,True,False
visomaster_CSCS_00322,ignore,,,cscs_excluded,,,CSCS,MINIMAL,0.033000,trimmed_cropped_l-zAGGPRp28.mp4,True,True,False
visomaster_CSCS_00323,ignore,,,cscs_excluded,,,CSCS,STRONG,0.414700,trimmed_cropped_YHCN_ryuT-o.mp4,True,True,False
visomaster_CSCS_00324,ignore,,,cscs_excluded,,,CSCS,MINIMAL,0.077200,trimmed_cropped_Oq-OD00zpXs.mp4,True,True,False
visomaster_CSCS_00325,ignore,,,cscs_excluded,,,CSCS,STRONG,0.720900,trimmed_cropped_Xzi3fQlORW0.mp4,True,True,False
visomaster_CSCS_00326,ignore,,,cscs_excluded,,,CSCS,MINIMAL,0.083000,trimmed_cropped_FXChs2FRBSc.mp4,True,True,False
visomaster_CSCS_00327,ignore,,,cscs_excluded,,,CSCS,MODERATE,0.173800,trimmed_cropped_a0qmZC4xJLY.mp4,True,True,False
visomaster_CSCS_00328,ignore,,,cscs_excluded,,,CSCS,STRONG,0.401600,trimmed_cropped_iBVqls4-LK4.mp4,True,True,False
visomaster_CSCS_00329,ignore,,,cscs_excluded,,,CSCS,MINIMAL,0.075700,trimmed_cropped_8OZhwSCp_Z8.mp4,True,True,False
visomaster_CSCS_00330,ignore,,,cscs_excluded,,,CSCS,MINIMAL,0.067900,trimmed_cropped_X2tLGpQ3sQU.mp4,True,True,False
visomaster_CSCS_00331,ignore,,,cscs_excluded,,,CSCS,MODERATE,0.258000,trimmed_cropped_XtKPE5YRQb4.mp4,True,True,False
visomaster_CSCS_00332,ignore,,,cscs_excluded,,,CSCS,STRONG,0.611400,trimmed_cropped_dxXKDAnSMeM.mp4,True,True,False
visomaster_CSCS_00333,ignore,,,cscs_excluded,,,CSCS,MODERATE,0.152100,trimmed_cropped_-ix25049wvg.mp4,True,True,False
visomaster_CSCS_00334,ignore,,,cscs_excluded,,,CSCS,MINIMAL,0.119600,trimmed_cropped_OrNRLT3sm94.mp4,True,True,False
visomaster_CSCS_00335,ignore,,,cscs_excluded,,,CSCS,MODERATE,0.237300,trimmed_cropped_bSovRz-9k-M.mp4,True,True,False
visomaster_CSCS_00336,ignore,,,cscs_excluded,,,CSCS,STRONG,0.685200,trimmed_cropped_XrUXvd9FV9o.mp4,True,True,False
visomaster_CSCS_00337,ignore,,,cscs_excluded,,,CSCS,MINIMAL,0.104900,trimmed_cropped_54UQfZXWYzk.mp4,True,True,False
visomaster_CSCS_00338,ignore,,,cscs_excluded,,,CSCS,STRONG,0.705300,trimmed_cropped_NfQY1ritEd0.mp4,True,True,False
visomaster_CSCS_00339,ignore,,,cscs_excluded,,,CSCS,MINIMAL,0.094700,trimmed_cropped_VzQt0UbHf64.mp4,True,True,False
visomaster_CSCS_00340,ignore,,,cscs_excluded,,,CSCS,MINIMAL,0.114500,trimmed_cropped_Rwm01uSIHoU.mp4,True,True,False
visomaster_CSCS_00341,ignore,,,cscs_excluded,,,CSCS,MINIMAL,0.101300,trimmed_cropped_bP4YOxP--vg.mp4,True,True,False
visomaster_CSCS_00342,ignore,,,cscs_excluded,,,CSCS,MINIMAL,0.032600,trimmed_cropped_iapE8apyCl0.mp4,True,True,False
visomaster_CSCS_00343,ignore,,,cscs_excluded,,,CSCS,STRONG,0.625800,trimmed_cropped_2yi04nrGhHc.mp4,True,True,False
visomaster_CSCS_00344,ignore,,,cscs_excluded,,,CSCS,STRONG,0.419900,trimmed_cropped_o8L2bKNwcZ8.mp4,True,True,False
visomaster_CSCS_00345,ignore,,,cscs_excluded,,,CSCS,MINIMAL,0.117500,trimmed_cropped_NBp3rV-WAk0.mp4,True,True,False
visomaster_CSCS_00346,ignore,,,cscs_excluded,,,CSCS,STRONG,0.408900,trimmed_cropped_5dEXIOiAsaw.mp4,True,True,False
visomaster_CSCS_00347,ignore,,,cscs_excluded,,,CSCS,MINIMAL,0.071800,trimmed_cropped_iDh7KwSuo1I.mp4,True,True,False
visomaster_CSCS_00348,ignore,,,cscs_excluded,,,CSCS,MINIMAL,0.122300,trimmed_cropped_Kbcwn8Tow-E.mp4,True,True,False
visomaster_CSCS_00349,ignore,,,cscs_excluded,,,CSCS,MINIMAL,0.059900,trimmed_cropped_bOfy2ry5ZT4.mp4,True,True,False
visomaster_CSCS_00350,ignore,,,cscs_excluded,,,CSCS,MINIMAL,0.053700,trimmed_cropped_54yj1UL1KtE.mp4,True,True,False
visomaster_CSCS_00351,ignore,,,cscs_excluded,,,CSCS,MODERATE,0.224200,trimmed_cropped_R9gkG4RfiGw.mp4,True,True,False
visomaster_CSCS_00352,ignore,,,cscs_excluded,,,CSCS,MINIMAL,0.090700,trimmed_cropped_Xvmkz0x_mBw.mp4,True,True,False
visomaster_CSCS_00353,ignore,,,cscs_excluded,,,CSCS,MODERATE,0.271600,trimmed_cropped_dnG49N6r798.mp4,True,True,False
visomaster_CSCS_00354,ignore,,,cscs_excluded,,,CSCS,STRONG,0.328700,trimmed_cropped_vVygI1tWWBY.mp4,True,True,False
visomaster_CSCS_00355,ignore,,,cscs_excluded,,,CSCS,STRONG,0.314600,trimmed_cropped_xDU1lDedruw.mp4,True,True,False
visomaster_CSCS_00356,ignore,,,cscs_excluded,,,CSCS,MINIMAL,0.139100,trimmed_cropped_-Kj3weN6Kw8.mp4,True,True,False
visomaster_CSCS_00357,ignore,,,cscs_excluded,,,CSCS,STRONG,0.486900,trimmed_cropped_8N9lHStavVg.mp4,True,True,False
visomaster_CSCS_00358,ignore,,,cscs_excluded,,,CSCS,MINIMAL,0.054700,trimmed_cropped_kZgDGY8nutg.mp4,True,True,False
visomaster_CSCS_00359,ignore,,,cscs_excluded,,,CSCS,MINIMAL,0.089900,trimmed_cropped_zEdTCm4yums.mp4,True,True,False
visomaster_CSCS_00360,ignore,,,cscs_excluded,,,CSCS,STRONG,0.416300,trimmed_cropped_Mv94GralSJI.mp4,True,True,False
visomaster_CSCS_00361,ignore,,,cscs_excluded,,,CSCS,MINIMAL,0.088700,trimmed_cropped_E2GtvigNPX8.mp4,True,True,False
visomaster_CSCS_00362,ignore,,,cscs_excluded,,,CSCS,MODERATE,0.292500,trimmed_cropped_6mwBWLolw-4.mp4,True,True,False
visomaster_CSCS_00363,ignore,,,cscs_excluded,,,CSCS,MINIMAL,0.113700,trimmed_cropped_q4U8QVx7nWU.mp4,True,True,False
visomaster_CSCS_00364,ignore,,,cscs_excluded,,,CSCS,MINIMAL,0.076000,trimmed_cropped_wVvNmBW5kgs.mp4,True,True,False
visomaster_CSCS_00365,ignore,,,cscs_excluded,,,CSCS,MINIMAL,0.081300,trimmed_cropped_6Q3pic34dmg.mp4,True,True,False
visomaster_CSCS_00366,ignore,,,cscs_excluded,,,CSCS,MINIMAL,0.063200,trimmed_cropped_grhHJHhTUOo.mp4,True,True,False
visomaster_CSCS_00367,ignore,,,cscs_excluded,,,CSCS,MINIMAL,0.077300,trimmed_cropped_Ed_hvevjEok.mp4,True,True,False
visomaster_CSCS_00368,ignore,,,cscs_excluded,,,CSCS,STRONG,0.561900,trimmed_cropped_uKJoQlpC_s4.mp4,True,True,False
visomaster_CSCS_00369,ignore,,,cscs_excluded,,,CSCS,MINIMAL,0.062500,trimmed_cropped_809AyVkGJBc.mp4,True,True,False
visomaster_CSCS_00370,ignore,,,cscs_excluded,,,CSCS,MODERATE,0.167500,trimmed_cropped_ZE4eVW7cEXU.mp4,True,True,False
visomaster_CSCS_00371,ignore,,,cscs_excluded,,,CSCS,MINIMAL,0.121800,trimmed_cropped_QNp1qMcRqh8.mp4,True,True,False
visomaster_CSCS_00372,ignore,,,cscs_excluded,,,CSCS,MODERATE,0.162100,trimmed_cropped_KpeMVokcG-g.mp4,True,True,False
visomaster_CSCS_00373,ignore,,,cscs_excluded,,,CSCS,MINIMAL,0.071500,trimmed_cropped_DGtZiCyDE2k.mp4,True,True,False
visomaster_CSCS_00374,ignore,,,cscs_excluded,,,CSCS,MINIMAL,0.106500,trimmed_cropped_gkSNVNxOTU4.mp4,True,True,False
visomaster_CSCS_00375,ignore,,,cscs_excluded,,,CSCS,MINIMAL,0.055600,trimmed_cropped_GEcgPcx9IK0.mp4,True,True,False
visomaster_CSCS_00376,ignore,,,cscs_excluded,,,CSCS,MODERATE,0.212600,trimmed_cropped_dt-o0ESr7O8.mp4,True,True,False
visomaster_CSCS_00377,ignore,,,cscs_excluded,,,CSCS,MINIMAL,0.111800,trimmed_cropped_ExWw3T8bvD4.mp4,True,True,False
visomaster_CSCS_00378,ignore,,,cscs_excluded,,,CSCS,STRONG,0.541900,trimmed_cropped_TBP-avfvXHA.mp4,True,True,False
visomaster_CSCS_00379,ignore,,,cscs_excluded,,,CSCS,MINIMAL,0.140000,trimmed_cropped_OGz6G7VBEKs.mp4,True,True,False
visomaster_CSCS_00380,ignore,,,cscs_excluded,,,CSCS,MODERATE,0.188500,trimmed_C0_G4zFmXtc.mp4,True,True,False
visomaster_CSCS_00381,ignore,,,cscs_excluded,,,CSCS,STRONG,0.446900,trimmed_cropped_LQ9YS4rPuhc.mp4,True,True,False
visomaster_CSCS_00382,ignore,,,cscs_excluded,,,CSCS,MINIMAL,0.127500,trimmed_cropped_2B2-33RYHhY.mp4,True,True,False
visomaster_CSCS_00383,ignore,,,cscs_excluded,,,CSCS,MINIMAL,0.081500,trimmed_cropped_tLpK65pWepA.mp4,True,True,False
visomaster_CSCS_00384,ignore,,,cscs_excluded,,,CSCS,STRONG,0.364700,trimmed_cropped_7dHKNklE1_c.mp4,True,True,False
visomaster_CSCS_00385,ignore,,,cscs_excluded,,,CSCS,MINIMAL,0.067100,trimmed_cropped_zGeTxghlP-w.mp4,True,True,False
visomaster_CSCS_00386,ignore,,,cscs_excluded,,,CSCS,MINIMAL,0.062400,trimmed_cropped_HjLIJbPMxgI.mp4,True,True,False
visomaster_CSCS_00387,ignore,,,cscs_excluded,,,CSCS,MODERATE,0.234800,trimmed_cropped_EMGWiPTuw_E.mp4,True,True,False
visomaster_CSCS_00388,ignore,,,cscs_excluded,,,CSCS,MODERATE,0.207800,trimmed_cropped_ZbbN9cC2VcU.mp4,True,True,False
visomaster_CSCS_00389,ignore,,,cscs_excluded,,,CSCS,MINIMAL,0.089500,trimmed_cropped_JULz1dezu-s.mp4,True,True,False
visomaster_CSCS_00390,ignore,,,cscs_excluded,,,CSCS,STRONG,0.570200,trimmed_cropped_XYBqjhk-YNY.mp4,True,True,False
visomaster_CSCS_00391,ignore,,,cscs_excluded,,,CSCS,STRONG,0.320900,trimmed_cropped_uM5UNy3ebKA.mp4,True,True,False
visomaster_CSCS_00392,ignore,,,cscs_excluded,,,CSCS,MINIMAL,0.129500,trimmed_cropped_4PSTvG5Xbxs.mp4,True,True,False
visomaster_CSCS_00393,ignore,,,cscs_excluded,,,CSCS,MINIMAL,0.058300,trimmed_cropped_5Lplxd1fDsw.mp4,True,True,False
visomaster_CSCS_00394,ignore,,,cscs_excluded,,,CSCS,STRONG,0.834100,trimmed_cropped__9TH7O_T3w8.mp4,True,True,False
visomaster_CSCS_00395,ignore,,,cscs_excluded,,,CSCS,MINIMAL,0.131200,trimmed_cropped_dlIhwydXKZ4.mp4,True,True,False
visomaster_CSCS_00396,ignore,,,cscs_excluded,,,CSCS,STRONG,0.714800,trimmed_cropped_kmRuH6iAGP0.mp4,True,True,False
visomaster_CSCS_00397,ignore,,,cscs_excluded,,,CSCS,MINIMAL,0.132600,trimmed_cropped_6lK5kYb-JNg.mp4,True,True,False
visomaster_CSCS_00398,ignore,,,cscs_excluded,,,CSCS,STRONG,0.875800,trimmed_cropped_qA93x3Kg9RY.mp4,True,True,False
visomaster_CSCS_00399,ignore,,,cscs_excluded,,,CSCS,STRONG,0.972000,trimmed_cropped_9jrgrGD_Mqc.mp4,True,True,False
visomaster_CSCS_00400,ignore,,,cscs_excluded,,,CSCS,STRONG,0.652100,trimmed_cropped_VWm8lfiwsR8.mp4,True,True,False
visomaster_CSCS_00401,ignore,,,cscs_excluded,,,CSCS,STRONG,0.347600,trimmed_cropped_9N_6ELmLO2c.mp4,True,True,False
visomaster_CSCS_00402,ignore,,,cscs_excluded,,,CSCS,MODERATE,0.234300,trimmed_cropped_0IDzY_WzaiA.mp4,True,True,False
visomaster_CSCS_00403,ignore,,,cscs_excluded,,,CSCS,MINIMAL,0.059100,trimmed_cropped_B-tmYVon7-U.mp4,True,True,False
visomaster_CSCS_00404,ignore,,,cscs_excluded,,,CSCS,MODERATE,0.252100,trimmed_cropped_Ob_I3n7Bo4M.mp4,True,True,False
visomaster_CSCS_00405,ignore,,,cscs_excluded,,,CSCS,MODERATE,0.157600,trimmed_jn3DBzr--Ok.mp4,True,True,False
visomaster_CSCS_00406,ignore,,,cscs_excluded,,,CSCS,STRONG,0.513200,trimmed_cropped_2Jr9G4yiLVk.mp4,True,True,False
visomaster_CSCS_00407,ignore,,,cscs_excluded,,,CSCS,MODERATE,0.206500,trimmed_cropped_uu22kCXuaVU.mp4,True,True,False
visomaster_CSCS_00408,ignore,,,cscs_excluded,,,CSCS,MINIMAL,0.086000,trimmed_cropped_9E93tvfG93c.mp4,True,True,False
visomaster_CSCS_00409,ignore,,,cscs_excluded,,,CSCS,MINIMAL,0.084700,trimmed_cropped_6de0iXXGC40.mp4,True,True,False
visomaster_CSCS_00410,ignore,,,cscs_excluded,,,CSCS,STRONG,0.638800,trimmed_cropped_768vzrczXnE.mp4,True,True,False
visomaster_CSCS_00411,ignore,,,cscs_excluded,,,CSCS,STRONG,0.511800,2A15PqMe-Gg.mp4,True,True,False
visomaster_CSCS_00412,ignore,,,cscs_excluded,,,CSCS,MODERATE,0.248900,trimmed_cropped_i7lTcGkDHYI.mp4,True,True,False
visomaster_CSCS_00413,ignore,,,cscs_excluded,,,CSCS,MODERATE,0.242600,trimmed_cropped_c1CkXk9R3ZQ.mp4,True,True,False
visomaster_CSCS_00414,ignore,,,cscs_excluded,,,CSCS,MODERATE,0.175000,trimmed_cropped_QghNTHC-ju4.mp4,True,True,False
visomaster_CSCS_00415,ignore,,,cscs_excluded,,,CSCS,MINIMAL,0.068000,trimmed_cropped_I64CQp6z0Pk.mp4,True,True,False
visomaster_CSCS_00416,ignore,,,cscs_excluded,,,CSCS,STRONG,0.546300,trimmed_cropped_kqlWNh34N1A.mp4,True,True,False
visomaster_CSCS_00417,ignore,,,missing_tier_metadata_companion,,,CSCS,,,,True,False,False
visomaster_CSCS_00418,ignore,,,cscs_excluded,,,CSCS,MINIMAL,0.049700,trimmed_cropped_VzQt0UbHf64.mp4,True,True,False
visomaster_CSCS_00419,ignore,,,cscs_excluded,,,CSCS,MINIMAL,0.119100,trimmed_cropped_eAiZVjksz1k.mp4,True,True,False
visomaster_CSCS_00420,ignore,,,cscs_excluded,,,CSCS,MODERATE,0.297800,trimmed_cropped_RqhfijDF23w.mp4,True,True,False
visomaster_CSCS_00421,ignore,,,cscs_excluded,,,CSCS,STRONG,0.547800,trimmed_cropped_w-5IGJjv2Ds.mp4,True,True,False
visomaster_CSCS_00422,ignore,,,cscs_excluded,,,CSCS,STRONG,0.437100,trimmed_cropped_s_qYz3qOf5A.mp4,True,True,False
visomaster_CSCS_00423,ignore,,,cscs_excluded,,,CSCS,MODERATE,0.251600,trimmed_cropped_K6aff_OwSeU.mp4,True,True,False
visomaster_CSCS_00424,ignore,,,cscs_excluded,,,CSCS,STRONG,0.726900,trimmed_cropped_kk4bYhsvLF8.mp4,True,True,False
visomaster_CSCS_00425,ignore,,,cscs_excluded,,,CSCS,MINIMAL,0.076200,trimmed_cropped_NestwAQFj7Y.mp4,True,True,False
visomaster_CSCS_00426,ignore,,,cscs_excluded,,,CSCS,MINIMAL,0.127500,trimmed_cropped_leGz2o1kNAs.mp4,True,True,False
visomaster_CSCS_00427,ignore,,,cscs_excluded,,,CSCS,MINIMAL,0.043400,trimmed_cropped_Kj8zS4DGr4s.mp4,True,True,False
visomaster_CSCS_00428,ignore,,,cscs_excluded,,,CSCS,MODERATE,0.251700,trimmed_cropped_-_mco6wBPts.mp4,True,True,False
visomaster_CSCS_00429,ignore,,,cscs_excluded,,,CSCS,MODERATE,0.291100,trimmed_cropped_mhrlfMfvCrU.mp4,True,True,False
visomaster_CSCS_00430,ignore,,,cscs_excluded,,,CSCS,STRONG,0.588500,trimmed_cropped_AhepvzhN8-g.mp4,True,True,False
visomaster_CSCS_00431,ignore,,,cscs_excluded,,,CSCS,STRONG,0.444400,trimmed_cropped_LWSMKVpyXAU.mp4,True,True,False
visomaster_CSCS_00432,ignore,,,cscs_excluded,,,CSCS,MINIMAL,0.109600,trimmed_cropped_ButRfdD8WpI.mp4,True,True,False
visomaster_CSCS_00433,ignore,,,cscs_excluded,,,CSCS,STRONG,0.590300,trimmed_cropped_WTzTPBtmLd4.mp4,True,True,False
visomaster_CSCS_00434,ignore,,,cscs_excluded,,,CSCS,MINIMAL,0.096000,trimmed_cropped_YcZVtyi9EU0.mp4,True,True,False
visomaster_CSCS_00435,ignore,,,cscs_excluded,,,CSCS,MINIMAL,0.117200,trimmed_cropped_E6Jsz59ikpk.mp4,True,True,False
visomaster_CSCS_00436,ignore,,,cscs_excluded,,,CSCS,STRONG,0.719800,trimmed_cropped_p7oGGSwUFwM.mp4,True,True,False
visomaster_CSCS_00437,ignore,,,cscs_excluded,,,CSCS,MODERATE,0.214600,trimmed_cropped_VoOTI1QRWbQ.mp4,True,True,False
visomaster_CSCS_00438,ignore,,,cscs_excluded,,,CSCS,MODERATE,0.194800,trimmed_cropped_kLDW4U1ApVs.mp4,True,True,False
visomaster_CSCS_00439,ignore,,,cscs_excluded,,,CSCS,MODERATE,0.184400,trimmed_cropped_ZNkZms8ObK8.mp4,True,True,False
visomaster_CSCS_00440,ignore,,,cscs_excluded,,,CSCS,MINIMAL,0.081200,trimmed_cropped_IW6-K_30uc8.mp4,True,True,False
visomaster_CSCS_00441,ignore,,,cscs_excluded,,,CSCS,MINIMAL,0.100300,trimmed_cropped_rsLK1riLvDc.mp4,True,True,False
visomaster_CSCS_00442,ignore,,,cscs_excluded,,,CSCS,MODERATE,0.164900,trimmed_cropped_R1-UCozjWpM.mp4,True,True,False
visomaster_CSCS_00443,ignore,,,cscs_excluded,,,CSCS,MINIMAL,0.086100,trimmed_cropped_zUN_-L2num0.mp4,True,True,False
visomaster_CSCS_00444,ignore,,,cscs_excluded,,,CSCS,STRONG,0.588900,trimmed_cropped_y6PmS7yJu8k.mp4,True,True,False
visomaster_CSCS_00445,ignore,,,cscs_excluded,,,CSCS,MODERATE,0.201100,trimmed_cropped_jpQMySbRTVk.mp4,True,True,False
visomaster_CSCS_00446,ignore,,,cscs_excluded,,,CSCS,STRONG,0.751300,trimmed_cropped_KdfpiRiG9W8.mp4,True,True,False
visomaster_CSCS_00447,ignore,,,cscs_excluded,,,CSCS,MODERATE,0.281400,trimmed_cropped_gs9J5aijoYg.mp4,True,True,False
visomaster_CSCS_00448,ignore,,,cscs_excluded,,,CSCS,MODERATE,0.274700,trimmed_cropped_0Wp-Dwyxj6g.mp4,True,True,False
visomaster_CSCS_00449,ignore,,,cscs_excluded,,,CSCS,MINIMAL,0.091500,trimmed_Vot504zylt0.mp4,True,True,False
visomaster_CSCS_00450,ignore,,,cscs_excluded,,,CSCS,MINIMAL,0.120200,trimmed_cropped_r0ivNrADxQw.mp4,True,True,False
visomaster_CSCS_00451,ignore,,,cscs_excluded,,,CSCS,MINIMAL,0.081400,trimmed_cropped_wOuzSD--fig.mp4,True,True,False
visomaster_CSCS_00452,ignore,,,cscs_excluded,,,CSCS,STRONG,0.377400,trimmed_cropped_IUM0BMGQPRE.mp4,True,True,False
visomaster_CSCS_00453,ignore,,,cscs_excluded,,,CSCS,MINIMAL,0.098400,trimmed_cropped_dcNrB6_psVk.mp4,True,True,False
visomaster_CSCS_00454,ignore,,,cscs_excluded,,,CSCS,MODERATE,0.190400,trimmed_cropped_iULXEYfNh6A.mp4,True,True,False
visomaster_CSCS_00455,ignore,,,cscs_excluded,,,CSCS,MINIMAL,0.084900,trimmed_cropped_QVRJaLhM5YA.mp4,True,True,False
visomaster_CSCS_00456,ignore,,,cscs_excluded,,,CSCS,STRONG,0.474500,trimmed_cropped_1msQJv99bKo.mp4,True,True,False
visomaster_CSCS_00457,ignore,,,cscs_excluded,,,CSCS,MINIMAL,0.069400,trimmed_cropped_c38-elPbo64.mp4,True,True,False
visomaster_CSCS_00458,ignore,,,cscs_excluded,,,CSCS,STRONG,0.458000,trimmed_cropped_O0Bvr-mUaYA.mp4,True,True,False
visomaster_CSCS_00459,ignore,,,cscs_excluded,,,CSCS,STRONG,0.347000,trimmed_cropped_SJVC7AXCmTk.mp4,True,True,False
visomaster_CSCS_00460,ignore,,,cscs_excluded,,,CSCS,MODERATE,0.239600,trimmed_cropped_FHiN0OPr-5g.mp4,True,True,False
visomaster_CSCS_00461,ignore,,,cscs_excluded,,,CSCS,MINIMAL,0.060600,trimmed_cropped_dmzsUdF2IVo.mp4,True,True,False
visomaster_CSCS_00462,ignore,,,cscs_excluded,,,CSCS,MINIMAL,0.051100,trimmed_cropped_3dST1Babv-w.mp4,True,True,False
visomaster_CSCS_00463,ignore,,,cscs_excluded,,,CSCS,STRONG,0.635200,trimmed_cropped_kioUqzoF0MQ.mp4,True,True,False
visomaster_CSCS_00464,ignore,,,cscs_excluded,,,CSCS,STRONG,0.367300,trimmed_cropped_nD1oxq1CgQ4.mp4,True,True,False
visomaster_CSCS_00465,ignore,,,cscs_excluded,,,CSCS,MODERATE,0.239700,trimmed_cropped_wsw-xUTFElo.mp4,True,True,False
visomaster_CSCS_00466,ignore,,,cscs_excluded,,,CSCS,STRONG,0.695700,trimmed_cropped_-sNiuQ5Jw38.mp4,True,True,False
visomaster_CSCS_00467,ignore,,,cscs_excluded,,,CSCS,STRONG,0.344500,trimmed_cropped_P4zqlmHzDGM.mp4,True,True,False
visomaster_CSCS_00468,ignore,,,cscs_excluded,,,CSCS,MODERATE,0.155700,trimmed_cropped_TEizOMhSs3Q.mp4,True,True,False
visomaster_CSCS_00469,ignore,,,cscs_excluded,,,CSCS,MODERATE,0.197000,trimmed_cropped_m1IEaKG-ZL0.mp4,True,True,False
visomaster_CSCS_00470,ignore,,,cscs_excluded,,,CSCS,MODERATE,0.284200,trimmed_cropped_eDK3ao3hQ6Y.mp4,True,True,False
visomaster_CSCS_00471,ignore,,,cscs_excluded,,,CSCS,STRONG,0.740700,trimmed_cropped_Q1EbWeHgETI.mp4,True,True,False
visomaster_CSCS_00472,ignore,,,cscs_excluded,,,CSCS,MINIMAL,0.088300,trimmed_cropped_ReURkNf0LPQ.mp4,True,True,False
visomaster_CSCS_00473,ignore,,,cscs_excluded,,,CSCS,STRONG,0.383700,trimmed_cropped_uLJXNcnf5Io.mp4,True,True,False
visomaster_CSCS_00474,ignore,,,cscs_excluded,,,CSCS,STRONG,0.340100,trimmed_cropped_t6uqDGfpJTw.mp4,True,True,False
visomaster_CSCS_00475,ignore,,,cscs_excluded,,,CSCS,MODERATE,0.231600,trimmed_cropped_Xl86SS0FHF4.mp4,True,True,False
visomaster_CSCS_00476,ignore,,,cscs_excluded,,,CSCS,MODERATE,0.201400,trimmed_cropped_njhbu7G5EDM.mp4,True,True,False
visomaster_CSCS_00477,ignore,,,cscs_excluded,,,CSCS,MINIMAL,0.087900,trimmed_cropped_VlXIRkYAw3g.mp4,True,True,False
visomaster_CSCS_00478,ignore,,,cscs_excluded,,,CSCS,STRONG,0.444800,trimmed_cropped_CSn1wyQCFVU.mp4,True,True,False
visomaster_CSCS_00479,ignore,,,cscs_excluded,,,CSCS,STRONG,0.327200,trimmed_cropped_f548aJDSwDA.mp4,True,True,False
visomaster_CSCS_00480,ignore,,,cscs_excluded,,,CSCS,MINIMAL,0.086900,trimmed_cropped_-zQUr2zpDyU.mp4,True,True,False
visomaster_CSCS_00481,ignore,,,cscs_excluded,,,CSCS,STRONG,0.552600,trimmed_cropped_WCjYo2y9QTI.mp4,True,True,False
visomaster_CSCS_00482,ignore,,,cscs_excluded,,,CSCS,STRONG,0.397600,trimmed_cropped_Qt5MHedN_mo.mp4,True,True,False
visomaster_CSCS_00483,ignore,,,cscs_excluded,,,CSCS,STRONG,0.630000,trimmed_cropped_k_CUVqOWaR4.mp4,True,True,False
visomaster_CSCS_00484,ignore,,,cscs_excluded,,,CSCS,MINIMAL,0.053800,trimmed_cropped_cdGbiLuzEVI.mp4,True,True,False
visomaster_CSCS_00485,ignore,,,cscs_excluded,,,CSCS,STRONG,0.308800,trimmed_cropped_ypKwMUWSUt4.mp4,True,True,False
visomaster_CSCS_00486,ignore,,,cscs_excluded,,,CSCS,STRONG,0.562400,trimmed_cropped_aZ1_rzsZexc.mp4,True,True,False
visomaster_CSCS_00487,ignore,,,cscs_excluded,,,CSCS,MINIMAL,0.054700,trimmed_cropped_JVo4bFqidu8.mp4,True,True,False
visomaster_CSCS_00488,ignore,,,cscs_excluded,,,CSCS,MINIMAL,0.046400,trimmed_cropped_sjkwFp2amkQ.mp4,True,True,False
visomaster_CSCS_00489,ignore,,,cscs_excluded,,,CSCS,MINIMAL,0.039800,trimmed_cropped_U92ekiLjLng.mp4,True,True,False
visomaster_CSCS_00490,ignore,,,cscs_excluded,,,CSCS,MINIMAL,0.062800,trimmed_cropped_Xzi3fQlORW0.mp4,True,True,False
visomaster_CSCS_00491,ignore,,,cscs_excluded,,,CSCS,MODERATE,0.266800,trimmed_cropped_Y7NXupl_IjY.mp4,True,True,False
visomaster_CSCS_00492,ignore,,,cscs_excluded,,,CSCS,MINIMAL,0.064700,trimmed_cropped_fkBGdBc6MFA.mp4,True,True,False
visomaster_CSCS_00493,ignore,,,cscs_excluded,,,CSCS,MINIMAL,0.088700,trimmed_cropped_VbkYBPb1AjM.mp4,True,True,False
visomaster_CSCS_00494,ignore,,,cscs_excluded,,,CSCS,STRONG,0.620500,trimmed_cropped_-JjOwqS4HUQ.mp4,True,True,False
visomaster_CSCS_00495,ignore,,,cscs_excluded,,,CSCS,MODERATE,0.150800,trimmed_cropped_jkVRqOQMDZ4.mp4,True,True,False
visomaster_CSCS_00496,ignore,,,cscs_excluded,,,CSCS,STRONG,0.675100,trimmed_cropped_9snXwcW3QrI.mp4,True,True,False
visomaster_CSCS_00497,ignore,,,cscs_excluded,,,CSCS,MINIMAL,0.128100,trimmed_cropped_KA7ml7vxbE4.mp4,True,True,False
visomaster_CSCS_00498,ignore,,,cscs_excluded,,,CSCS,STRONG,0.398100,trimmed_cropped_waTJyQKUUOk.mp4,True,True,False
visomaster_CSCS_00499,ignore,,,cscs_excluded,,,CSCS,MINIMAL,0.081400,trimmed_cropped_nW95zgM_PcY.mp4,True,True,False
visomaster_CSCS_00500,ignore,,,cscs_excluded,,,CSCS,MODERATE,0.247500,trimmed_cropped_sWJ7RbHAyOY.mp4,True,True,False
visomaster_CSCS_00501,ignore,,,cscs_excluded,,,CSCS,MODERATE,0.154500,trimmed_cropped_3O8T27MMA9Y.mp4,True,True,False
visomaster_CSCS_00502,ignore,,,cscs_excluded,,,CSCS,MODERATE,0.177400,trimmed_cropped_8HNmZRxlyEk.mp4,True,True,False
visomaster_CSCS_00503,ignore,,,cscs_excluded,,,CSCS,STRONG,0.728200,trimmed_cropped_-1muVDMvY4c.mp4,True,True,False
visomaster_CSCS_00504,ignore,,,cscs_excluded,,,CSCS,MINIMAL,0.075200,trimmed_cropped_AC80JfVJnGI.mp4,True,True,False
visomaster_CSCS_00505,ignore,,,cscs_excluded,,,CSCS,STRONG,0.412200,trimmed_cropped_ALSOhWi6Oe4.mp4,True,True,False
visomaster_CSCS_00506,ignore,,,cscs_excluded,,,CSCS,MODERATE,0.243900,trimmed_cropped_20g9fscVaqM.mp4,True,True,False
visomaster_CSCS_00507,ignore,,,cscs_excluded,,,CSCS,MODERATE,0.186800,trimmed_cropped_Ypd2Wr_VwsU.mp4,True,True,False
visomaster_CSCS_00508,ignore,,,cscs_excluded,,,CSCS,MODERATE,0.251900,trimmed_cropped_JyfkpH6902c.mp4,True,True,False
visomaster_CSCS_00509,ignore,,,cscs_excluded,,,CSCS,MODERATE,0.237400,trimmed_cropped_qWUNgLLQ6yk.mp4,True,True,False
visomaster_CSCS_00510,ignore,,,cscs_excluded,,,CSCS,MINIMAL,0.052900,trimmed_cropped_JR9T7xEAkyg.mp4,True,True,False
visomaster_CSCS_00511,ignore,,,cscs_excluded,,,CSCS,MINIMAL,0.062400,trimmed_cropped_-HYSYbHx-zM.mp4,True,True,False
visomaster_CSCS_00512,ignore,,,cscs_excluded,,,CSCS,MINIMAL,0.057700,trimmed_cropped_Qt24fyPymVM.mp4,True,True,False
visomaster_CSCS_00513,ignore,,,cscs_excluded,,,CSCS,MINIMAL,0.063900,trimmed_cropped_Pl8OlkkwRpc.mp4,True,True,False
visomaster_CSCS_00514,ignore,,,cscs_excluded,,,CSCS,MINIMAL,0.131500,trimmed_cropped_CpTJmHyy00s.mp4,True,True,False
visomaster_CSCS_00515,ignore,,,cscs_excluded,,,CSCS,MINIMAL,0.058600,trimmed_cropped_xbC-xAsuWCs.mp4,True,True,False
visomaster_CSCS_00516,ignore,,,cscs_excluded,,,CSCS,STRONG,0.819600,trimmed_cropped_w6ne8s62x2o.mp4,True,True,False
visomaster_CSCS_00517,ignore,,,cscs_excluded,,,CSCS,MINIMAL,0.116500,trimmed_cropped_HqjtSyXaVno.mp4,True,True,False
visomaster_CSCS_00518,ignore,,,cscs_excluded,,,CSCS,MODERATE,0.281300,trimmed_cropped_mpHSRYRxA5o.mp4,True,True,False
visomaster_CSCS_00519,ignore,,,cscs_excluded,,,CSCS,MODERATE,0.171000,trimmed_cropped_k_CUVqOWaR4.mp4,True,True,False
visomaster_CSCS_00520,ignore,,,cscs_excluded,,,CSCS,MINIMAL,0.088000,trimmed_cropped_cxSOhz5x9ws.mp4,True,True,False
visomaster_CSCS_00521,ignore,,,cscs_excluded,,,CSCS,MINIMAL,0.082900,trimmed_cropped_-j73m_yQ_hM.mp4,True,True,False
visomaster_CSCS_00522,ignore,,,cscs_excluded,,,CSCS,STRONG,0.394300,trimmed_cropped_dWjpEi1tF3M.mp4,True,True,False
visomaster_CSCS_00523,ignore,,,cscs_excluded,,,CSCS,MINIMAL,0.142300,trimmed_cropped_vrmZje5DqTw.mp4,True,True,False
visomaster_CSCS_00524,ignore,,,cscs_excluded,,,CSCS,MINIMAL,0.078700,trimmed_cropped_4eXOK3DtX7k.mp4,True,True,False
visomaster_CSCS_00525,ignore,,,cscs_excluded,,,CSCS,MODERATE,0.261000,trimmed_cropped_HUlJ2XFgeoQ.mp4,True,True,False
visomaster_CSCS_00526,ignore,,,cscs_excluded,,,CSCS,MODERATE,0.242900,trimmed_cropped_ng-Z20jam0I.mp4,True,True,False
visomaster_CSCS_00527,ignore,,,cscs_excluded,,,CSCS,MODERATE,0.179300,trimmed_cropped_yMMXqiMNaYI.mp4,True,True,False
visomaster_CSCS_00528,ignore,,,cscs_excluded,,,CSCS,MINIMAL,0.137700,trimmed_cropped_8XDRoglubcI.mp4,True,True,False
visomaster_CSCS_00529,ignore,,,cscs_excluded,,,CSCS,MODERATE,0.159200,trimmed_cropped_F8ZTxPoeT4o.mp4,True,True,False
visomaster_CSCS_00530,ignore,,,cscs_excluded,,,CSCS,STRONG,0.733200,trimmed_cropped_0a4dS7OJqz0.mp4,True,True,False
visomaster_CSCS_00531,ignore,,,cscs_excluded,,,CSCS,MINIMAL,0.121100,trimmed_cropped_rLiiw0Ufyig.mp4,True,True,False
visomaster_CSCS_00532,ignore,,,cscs_excluded,,,CSCS,MINIMAL,0.026300,trimmed_cropped_LB8CAywLWgM.mp4,True,True,False
visomaster_CSCS_00533,ignore,,,cscs_excluded,,,CSCS,MINIMAL,0.148000,trimmed_cropped_gzlUujhvDNs.mp4,True,True,False
visomaster_CSCS_00534,ignore,,,cscs_excluded,,,CSCS,MINIMAL,0.069300,trimmed_cropped_-wiIK8A2EFk.mp4,True,True,False
visomaster_CSCS_00535,ignore,,,cscs_excluded,,,CSCS,MINIMAL,0.062900,trimmed_cropped_xbC-xAsuWCs.mp4,True,True,False
visomaster_CSCS_00536,ignore,,,cscs_excluded,,,CSCS,MINIMAL,0.052800,trimmed_cropped_wDhymtOXgpk.mp4,True,True,False
visomaster_CSCS_00537,ignore,,,cscs_excluded,,,CSCS,MINIMAL,0.110300,trimmed_cropped_btpUTIM5Fa4.mp4,True,True,False
visomaster_CSCS_00538,ignore,,,cscs_excluded,,,CSCS,STRONG,0.330700,trimmed_cropped_zYSoOi87NJg.mp4,True,True,False
visomaster_CSCS_00539,ignore,,,cscs_excluded,,,CSCS,MINIMAL,0.026200,trimmed_cropped_3O8T27MMA9Y.mp4,True,True,False
visomaster_CSCS_00540,ignore,,,cscs_excluded,,,CSCS,STRONG,0.582500,trimmed_cropped_doH_dF6cCVk.mp4,True,True,False
visomaster_CSCS_00541,ignore,,,cscs_excluded,,,CSCS,STRONG,0.445700,trimmed_cropped_p5fzHhQGPIQ.mp4,True,True,False
visomaster_CSCS_00542,ignore,,,cscs_excluded,,,CSCS,STRONG,1.036700,trimmed_cropped_0PT91KUut80.mp4,True,True,False
visomaster_CSCS_00543,ignore,,,cscs_excluded,,,CSCS,MODERATE,0.152300,trimmed_cropped_NoJbCwYO2qM.mp4,True,True,False
visomaster_CSCS_00544,ignore,,,cscs_excluded,,,CSCS,MINIMAL,0.079400,trimmed_cropped_TP89twjw-wo.mp4,True,True,False
visomaster_CSCS_00545,ignore,,,cscs_excluded,,,CSCS,MINIMAL,0.101100,trimmed_cropped_ZJrc2qSSYqQ.mp4,True,True,False
visomaster_CSCS_00546,ignore,,,cscs_excluded,,,CSCS,MODERATE,0.198700,trimmed_cropped_ZbbN9cC2VcU.mp4,True,True,False
visomaster_CSCS_00547,ignore,,,cscs_excluded,,,CSCS,MINIMAL,0.099600,trimmed_cropped_NHlGELZa8EU.mp4,True,True,False
visomaster_CSCS_00548,ignore,,,cscs_excluded,,,CSCS,MODERATE,0.220900,trimmed_cropped_giuGu1AaOlc.mp4,True,True,False
visomaster_CSCS_00549,ignore,,,cscs_excluded,,,CSCS,STRONG,0.364100,trimmed_cropped_DpKQbSHpVvk.mp4,True,True,False
visomaster_CSCS_00550,ignore,,,cscs_excluded,,,CSCS,STRONG,0.420800,trimmed_cropped_u7QkDgtuYf4.mp4,True,True,False
visomaster_CSCS_00551,ignore,,,cscs_excluded,,,CSCS,STRONG,0.333900,trimmed_aaLIYjRHka8.mp4,True,True,False
visomaster_CSCS_00552,ignore,,,cscs_excluded,,,CSCS,STRONG,0.707400,trimmed_cropped_gcKT1viynFE.mp4,True,True,False
visomaster_CSCS_00553,ignore,,,cscs_excluded,,,CSCS,STRONG,0.586000,trimmed_cropped_vuh3kZIlDk8.mp4,True,True,False
visomaster_CSCS_00554,ignore,,,cscs_excluded,,,CSCS,STRONG,0.317500,trimmed_cropped_0pvJumil0-c.mp4,True,True,False
visomaster_CSCS_00555,ignore,,,cscs_excluded,,,CSCS,STRONG,0.479400,trimmed_cropped_eS0P4GM4zdA.mp4,True,True,False
visomaster_CSCS_00556,ignore,,,cscs_excluded,,,CSCS,MINIMAL,0.056400,trimmed_cropped_0uxk1VXVMCI.mp4,True,True,False
visomaster_CSCS_00557,ignore,,,cscs_excluded,,,CSCS,MODERATE,0.221400,trimmed_cropped_j3m0yD_ieWo.mp4,True,True,False
visomaster_CSCS_00558,ignore,,,cscs_excluded,,,CSCS,MINIMAL,0.063600,trimmed_cropped_7jglFoWqfV4.mp4,True,True,False
visomaster_CSCS_00559,ignore,,,cscs_excluded,,,CSCS,MODERATE,0.226700,trimmed_cropped__E7L7QNLzRM.mp4,True,True,False
visomaster_CSCS_00560,ignore,,,cscs_excluded,,,CSCS,MINIMAL,0.079300,trimmed_cropped_vpJxcnDrKvw.mp4,True,True,False
visomaster_CSCS_00561,ignore,,,cscs_excluded,,,CSCS,MODERATE,0.167400,trimmed_cropped_nru8LyIOAVQ.mp4,True,True,False
visomaster_CSCS_00562,ignore,,,cscs_excluded,,,CSCS,STRONG,0.309200,trimmed_cropped_-8ovbcp2b8Q.mp4,True,True,False
visomaster_CSCS_00563,ignore,,,cscs_excluded,,,CSCS,MINIMAL,0.091500,trimmed_cropped_5tLMOXihP9k.mp4,True,True,False
visomaster_CSCS_00564,ignore,,,cscs_excluded,,,CSCS,MODERATE,0.236200,trimmed_cropped_4w1gFv01BdM.mp4,True,True,False
visomaster_CSCS_00565,ignore,,,cscs_excluded,,,CSCS,MINIMAL,0.096600,trimmed_cropped_ETKp2NrRpx8.mp4,True,True,False
visomaster_CSCS_00566,ignore,,,cscs_excluded,,,CSCS,MINIMAL,0.039800,trimmed_cropped_TQyRjs787-I.mp4,True,True,False
visomaster_CSCS_00567,ignore,,,cscs_excluded,,,CSCS,STRONG,0.410800,trimmed_cropped_-wPRt9T-Q_c.mp4,True,True,False
visomaster_CSCS_00568,ignore,,,cscs_excluded,,,CSCS,MODERATE,0.269800,trimmed_cropped_LkjNtyQBQ3Y.mp4,True,True,False
visomaster_CSCS_00569,ignore,,,cscs_excluded,,,CSCS,MINIMAL,0.098500,trimmed_cropped_Ak6JTENwtSs.mp4,True,True,False
visomaster_CSCS_00570,ignore,,,cscs_excluded,,,CSCS,MINIMAL,0.058300,trimmed_cropped_WgWFKoBB6KE.mp4,True,True,False
visomaster_CSCS_00571,ignore,,,cscs_excluded,,,CSCS,MINIMAL,0.057300,trimmed_cropped_cY-ABQ0hmhc.mp4,True,True,False
visomaster_CSCS_00572,ignore,,,cscs_excluded,,,CSCS,STRONG,0.695700,trimmed_cropped_7YSm-0p5TJs.mp4,True,True,False
visomaster_CSCS_00573,ignore,,,cscs_excluded,,,CSCS,MODERATE,0.161400,trimmed_cropped_MKIl4lnUZhg.mp4,True,True,False
visomaster_CSCS_00574,ignore,,,cscs_excluded,,,CSCS,MODERATE,0.160300,trimmed_cropped_DFzN9WOL8zQ.mp4,True,True,False
visomaster_CSCS_00575,ignore,,,cscs_excluded,,,CSCS,STRONG,0.471800,trimmed_cropped_PFJmckWpWB0.mp4,True,True,False
visomaster_CSCS_00576,ignore,,,cscs_excluded,,,CSCS,MODERATE,0.205000,trimmed_cropped_U4XrHw5FZ1g.mp4,True,True,False
visomaster_CSCS_00577,ignore,,,cscs_excluded,,,CSCS,MINIMAL,0.066000,trimmed_cropped_WAbRtMCb4I0.mp4,True,True,False
visomaster_CSCS_00578,ignore,,,cscs_excluded,,,CSCS,STRONG,0.378200,trimmed_cropped_JSuIa6e60dE.mp4,True,True,False
visomaster_CSCS_00579,ignore,,,cscs_excluded,,,CSCS,MINIMAL,0.090500,trimmed_cropped_pgY6f97VRjM.mp4,True,True,False
visomaster_CSCS_00580,ignore,,,cscs_excluded,,,CSCS,STRONG,0.325800,trimmed_cropped_PA33oZn3Gy4.mp4,True,True,False
visomaster_CSCS_00581,ignore,,,cscs_excluded,,,CSCS,MINIMAL,0.134300,trimmed_cropped_ElYNSRzULyg.mp4,True,True,False
visomaster_CSCS_00582,ignore,,,cscs_excluded,,,CSCS,STRONG,0.813400,trimmed_cropped_30xZT_dTaDU.mp4,True,True,False
visomaster_CSCS_00583,ignore,,,cscs_excluded,,,CSCS,MINIMAL,0.080700,trimmed_cropped_L7iM4Xe3KLk.mp4,True,True,False
visomaster_CSCS_00584,ignore,,,cscs_excluded,,,CSCS,STRONG,0.506500,trimmed_cropped_VIh6XAIzlEo.mp4,True,True,False
visomaster_CSCS_00585,ignore,,,cscs_excluded,,,CSCS,MODERATE,0.285300,trimmed_cropped_WL6yK5Y52xk.mp4,True,True,False
visomaster_CSCS_00586,ignore,,,cscs_excluded,,,CSCS,MINIMAL,0.051400,trimmed_cropped_6geSrlbQr50.mp4,True,True,False
visomaster_CSCS_00587,ignore,,,cscs_excluded,,,CSCS,STRONG,0.357100,trimmed_cropped_A55W84OVqyQ.mp4,True,True,False
visomaster_CSCS_00588,ignore,,,cscs_excluded,,,CSCS,MINIMAL,0.091700,trimmed_cropped_U3d1PQKuBFE.mp4,True,True,False
visomaster_CSCS_00589,ignore,,,cscs_excluded,,,CSCS,MINIMAL,0.080700,trimmed_cropped_l_jcZZCvtRw.mp4,True,True,False
visomaster_CSCS_00590,ignore,,,cscs_excluded,,,CSCS,MODERATE,0.167600,trimmed_cropped_mhrlfMfvCrU.mp4,True,True,False
visomaster_CSCS_00591,ignore,,,cscs_excluded,,,CSCS,MINIMAL,0.143200,trimmed_cropped_iD90rz_sAqg.mp4,True,True,False
visomaster_CSCS_00592,ignore,,,cscs_excluded,,,CSCS,MINIMAL,0.080800,trimmed_cropped_s0t0mTy9roc.mp4,True,True,False
visomaster_CSCS_00593,ignore,,,cscs_excluded,,,CSCS,MODERATE,0.277800,trimmed_cropped_R2ZAIzXvFS8.mp4,True,True,False
visomaster_CSCS_00594,ignore,,,cscs_excluded,,,CSCS,STRONG,0.431100,trimmed_8ZWBqyuAxDw.mp4,True,True,False
visomaster_CSCS_00595,ignore,,,cscs_excluded,,,CSCS,MINIMAL,0.072300,65oA2iU3qeM.mp4,True,True,False
visomaster_CSCS_00596,ignore,,,cscs_excluded,,,CSCS,STRONG,0.435200,trimmed_cropped_3P2WVtnDPoQ.mp4,True,True,False
visomaster_CSCS_00597,ignore,,,cscs_excluded,,,CSCS,STRONG,0.628200,trimmed_cropped_G9520bs3QOg.mp4,True,True,False
visomaster_CSCS_00598,ignore,,,cscs_excluded,,,CSCS,MODERATE,0.163600,trimmed_cropped_jODe8YNlNNI.mp4,True,True,False
visomaster_CSCS_00599,ignore,,,cscs_excluded,,,CSCS,MINIMAL,0.142600,trimmed_cropped_y1DAGGGa9W8.mp4,True,True,False
visomaster_CSCS_00600,ignore,,,cscs_excluded,,,CSCS,MINIMAL,0.062600,trimmed_cropped_-iFpxlhWawE.mp4,True,True,False
visomaster_CSCS_00601,ignore,,,cscs_excluded,,,CSCS,MINIMAL,0.068600,trimmed_cropped_B73vyNzizM8.mp4,True,True,False
visomaster_GhostFace-v1_02000,keep,visomaster hints (teams),teams_pair_complete,retain_as_weak_signal_after_teams,,,GhostFace-v1,STRONG,0.350700,trimmed_cropped_9FyH3PU5A14.mp4,True,True,True
visomaster_GhostFace-v1_02001,keep,visomaster hints (teams),teams_pair_complete,retain_as_weak_signal_after_teams,,,GhostFace-v1,MODERATE,0.177700,trimmed_cropped_8_LhNQURCsY.mp4,True,True,True
visomaster_GhostFace-v1_02002,keep,visomaster hints (teams),teams_pair_complete,retain_as_weak_signal_after_teams,,,GhostFace-v1,MODERATE,0.246900,trimmed_cropped_55Z6OFlVBAI.mp4,True,True,True
visomaster_GhostFace-v1_02003,keep,visomaster hints (teams),teams_pair_complete,retain_as_weak_signal_after_teams,,,GhostFace-v1,MINIMAL,0.144400,trimmed_cropped_Y2AmeCHF8Sg.mp4,True,True,True
visomaster_GhostFace-v1_02004,keep,visomaster hints (teams),teams_pair_complete,retain_as_weak_signal_after_teams,,,GhostFace-v1,MODERATE,0.165400,07Tqy_2ptn8.mp4,True,True,True
visomaster_GhostFace-v1_02005,keep,visomaster hints (teams),teams_pair_complete,retain_as_weak_signal_after_teams,,,GhostFace-v1,MODERATE,0.265800,trimmed_cropped_g8Lp-6yj3G4.mp4,True,True,True
visomaster_GhostFace-v1_02006,keep,visomaster hints (teams),teams_pair_complete,retain_as_weak_signal_after_teams,,,GhostFace-v1,MINIMAL,0.097900,trimmed_cropped_taTugElSgpI.mp4,True,True,True
visomaster_GhostFace-v1_02007,keep,visomaster hints (teams),teams_pair_complete,retain_as_weak_signal_after_teams,,,GhostFace-v1,MODERATE,0.150100,trimmed_cropped_zJrxjkHi2b4.mp4,True,True,True
visomaster_GhostFace-v1_02008,keep,visomaster hints (teams),teams_pair_complete,retain_as_weak_signal_after_teams,,,GhostFace-v1,MODERATE,0.221500,trimmed_cropped_6klARcsmh4c.mp4,True,True,True
visomaster_GhostFace-v1_02009,keep,visomaster hints (teams),teams_pair_complete,retain_as_weak_signal_after_teams,,,GhostFace-v1,MINIMAL,0.112900,trimmed_cropped_RN_k5CNA5_A.mp4,True,True,True
visomaster_GhostFace-v1_02010,keep,visomaster hints (teams),teams_pair_complete,retain_as_weak_signal_after_teams,,,GhostFace-v1,MODERATE,0.167500,trimmed_cropped_YyHazZTal0k.mp4,True,True,True
visomaster_GhostFace-v1_02011,keep,visomaster hints (teams),teams_pair_complete,retain_as_weak_signal_after_teams,,,GhostFace-v1,MODERATE,0.155500,trimmed_cropped_itvjGf7tnZA.mp4,True,True,True
visomaster_GhostFace-v1_02012,keep,visomaster hints (teams),teams_pair_complete,retain_as_weak_signal_after_teams,,,GhostFace-v1,MINIMAL,0.097200,trimmed_cropped_VLzi9LeWuPk.mp4,True,True,True
visomaster_GhostFace-v1_02013,keep,visomaster hints (teams),teams_pair_complete,retain_as_weak_signal_after_teams,,,GhostFace-v1,MODERATE,0.186700,trimmed_cropped_WVRmG0ljLh8.mp4,True,True,True
visomaster_GhostFace-v1_02014,keep,visomaster hints (teams),teams_pair_complete,retain_as_weak_signal_after_teams,,,GhostFace-v1,MINIMAL,0.108200,trimmed_cropped_CSG9GIjd9Ig.mp4,True,True,True
visomaster_GhostFace-v1_02015,keep,visomaster hints (teams),teams_pair_complete,retain_as_weak_signal_after_teams,,,GhostFace-v1,MODERATE,0.211200,trimmed_cropped_tRwuqom9AJo.mp4,True,True,True
visomaster_GhostFace-v1_02016,keep,visomaster hints (teams),teams_pair_complete,retain_as_weak_signal_after_teams,,,GhostFace-v1,MODERATE,0.151000,trimmed_cropped_z4tZpxF7j1E.mp4,True,True,True
visomaster_GhostFace-v1_02017,keep,visomaster hints (teams),teams_pair_complete,retain_as_weak_signal_after_teams,,,GhostFace-v1,MODERATE,0.191600,trimmed_cropped_fExAt688_j8.mp4,True,True,True
visomaster_GhostFace-v1_02018,keep,visomaster hints (teams),teams_pair_complete,retain_as_weak_signal_after_teams,,,GhostFace-v1,MINIMAL,0.144100,trimmed_cropped_l49QKeA6cPk.mp4,True,True,True
visomaster_GhostFace-v1_02019,keep,visomaster hints (teams),teams_pair_complete,retain_as_weak_signal_after_teams,,,GhostFace-v1,MINIMAL,0.126300,trimmed_cropped_ajiH4baqP1Y.mp4,True,True,True
visomaster_GhostFace-v1_02020,keep,visomaster hints (teams),teams_pair_complete,retain_as_weak_signal_after_teams,,,GhostFace-v1,MODERATE,0.155900,trimmed_cropped_tgEXWZzYPf4.mp4,True,True,True
visomaster_GhostFace-v1_02021,keep,visomaster hints (teams),teams_pair_complete,retain_as_weak_signal_after_teams,,,GhostFace-v1,MODERATE,0.225300,trimmed_cropped_12bCFjAfpL8.mp4,True,True,True
visomaster_GhostFace-v1_02022,keep,visomaster hints (teams),teams_pair_complete,retain_as_weak_signal_after_teams,,,GhostFace-v1,MODERATE,0.163900,trimmed_cropped_R47tX-ql_Is.mp4,True,True,True
visomaster_GhostFace-v1_02023,keep,visomaster hints (teams),teams_pair_complete,retain_as_weak_signal_after_teams,,,GhostFace-v1,MINIMAL,0.145500,trimmed_cropped_i48gO4_Iw3s.mp4,True,True,True
visomaster_GhostFace-v1_02024,keep,visomaster hints (teams),teams_pair_complete,retain_as_weak_signal_after_teams,,,GhostFace-v1,MODERATE,0.240000,trimmed_cropped_xIfL1fj-BnI.mp4,True,True,True
visomaster_GhostFace-v1_02025,keep,visomaster hints (teams),teams_pair_complete,retain_as_weak_signal_after_teams,,,GhostFace-v1,MINIMAL,0.131000,trimmed_cropped_HcmLORLzAHo.mp4,True,True,True
visomaster_GhostFace-v1_02026,keep,visomaster hints (teams),teams_pair_complete,retain_as_weak_signal_after_teams,,,GhostFace-v1,STRONG,0.365700,trimmed_cropped_zOxjFwCylOs.mp4,True,True,True
visomaster_GhostFace-v1_02027,keep,visomaster hints (teams),teams_pair_complete,retain_as_weak_signal_after_teams,,,GhostFace-v1,MINIMAL,0.143700,trimmed_cropped_nze1rb71MoE.mp4,True,True,True
visomaster_GhostFace-v1_02028,keep,visomaster hints (teams),teams_pair_complete,retain_as_weak_signal_after_teams,,,GhostFace-v1,MINIMAL,0.106900,trimmed_cropped_HQH88jCYeT8.mp4,True,True,True
visomaster_GhostFace-v1_02029,keep,visomaster hints (teams),teams_pair_complete,retain_as_weak_signal_after_teams,,,GhostFace-v1,MODERATE,0.172000,trimmed_cropped_qAPIbZH6fjg.mp4,True,True,True
visomaster_GhostFace-v1_02030,keep,visomaster hints (teams),teams_pair_complete,retain_as_weak_signal_after_teams,,,GhostFace-v1,MODERATE,0.206800,trimmed_cropped_3anKbTM8-Ag.mp4,True,True,True
visomaster_GhostFace-v1_02031,keep,visomaster hints (teams),teams_pair_complete,retain_as_weak_signal_after_teams,,,GhostFace-v1,MINIMAL,0.099100,trimmed_cropped_-oN-4UQUIoI.mp4,True,True,True
visomaster_GhostFace-v1_02032,keep,visomaster hints (teams),teams_pair_complete,retain_as_weak_signal_after_teams,,,GhostFace-v1,MODERATE,0.177100,trimmed_cropped_1LitdoIAJ0k.mp4,True,True,True
visomaster_GhostFace-v1_02033,keep,visomaster hints (teams),teams_pair_complete,retain_as_weak_signal_after_teams,,,GhostFace-v1,STRONG,0.320300,trimmed_cropped_sSIyjsMrJj0.mp4,True,True,True
visomaster_GhostFace-v1_02034,keep,visomaster hints (teams),teams_pair_complete,retain_as_weak_signal_after_teams,,,GhostFace-v1,MODERATE,0.165500,trimmed_cropped_C9sYgqRtZGg.mp4,True,True,True
visomaster_GhostFace-v1_02035,keep,visomaster hints (teams),teams_pair_complete,retain_as_weak_signal_after_teams,,,GhostFace-v1,STRONG,0.326200,trimmed_cropped_GFa4iEuFpU4.mp4,True,True,True
visomaster_GhostFace-v1_02036,ignore,,,minimal_tier_excluded,,,GhostFace-v1,MINIMAL,0.123400,trimmed_cropped_cyMHSVlOStg.mp4,True,True,False
visomaster_GhostFace-v1_02037,keep,visomaster hints,baseline_cropped,retain_as_weak_signal_baseline_subset,GhostFace-v1|STRONG,20260417,GhostFace-v1,STRONG,0.304500,trimmed_cropped_qWx-yOjdjus.mp4,True,True,False
visomaster_GhostFace-v1_02038,ignore,,,not_selected_in_deterministic_random_subset,,,GhostFace-v1,MODERATE,0.162200,trimmed_cropped_xkgLCdB2rd0.mp4,True,True,False
visomaster_GhostFace-v1_02039,ignore,,,not_selected_in_deterministic_random_subset,,,GhostFace-v1,MODERATE,0.176200,trimmed_cropped_b2IYNZu6SpY.mp4,True,True,False
visomaster_GhostFace-v1_02040,ignore,,,minimal_tier_excluded,,,GhostFace-v1,MINIMAL,0.116800,trimmed_cropped_nb1Mqg557K4.mp4,True,True,False
visomaster_GhostFace-v1_02041,ignore,,,not_selected_in_deterministic_random_subset,,,GhostFace-v1,MODERATE,0.272400,trimmed_cropped_Mv94GralSJI.mp4,True,True,False
visomaster_GhostFace-v1_02042,keep,visomaster hints,baseline_cropped,retain_as_weak_signal_baseline_subset,GhostFace-v1|STRONG,20260417,GhostFace-v1,STRONG,0.336200,trimmed_cropped_qWx-yOjdjus.mp4,True,True,False
visomaster_GhostFace-v1_02043,keep,visomaster hints,baseline_cropped,retain_as_weak_signal_baseline_subset,GhostFace-v1|MODERATE,20260417,GhostFace-v1,MODERATE,0.217100,trimmed_cropped_ylOx4tKZAHQ.mp4,True,True,False
visomaster_GhostFace-v1_02044,keep,visomaster hints,baseline_cropped,retain_as_weak_signal_baseline_subset,GhostFace-v1|MODERATE,20260417,GhostFace-v1,MODERATE,0.206000,trimmed_cropped_UFt8KAafukI.mp4,True,True,False
visomaster_GhostFace-v1_02045,ignore,,,minimal_tier_excluded,,,GhostFace-v1,MINIMAL,0.138700,trimmed_cropped_n2Jw9AZy8_M.mp4,True,True,False
visomaster_GhostFace-v1_02046,ignore,,,not_selected_in_deterministic_random_subset,,,GhostFace-v1,MODERATE,0.246200,trimmed_cropped_4NN5kSko0Qo.mp4,True,True,False
visomaster_GhostFace-v1_02047,ignore,,,not_selected_in_deterministic_random_subset,,,GhostFace-v1,MODERATE,0.160200,trimmed_cropped_7DfktnTLI1o.mp4,True,True,False
visomaster_GhostFace-v1_02048,ignore,,,minimal_tier_excluded,,,GhostFace-v1,MINIMAL,0.137800,trimmed_cropped_DiCTJftEv-4.mp4,True,True,False
visomaster_GhostFace-v1_02049,ignore,,,not_selected_in_deterministic_random_subset,,,GhostFace-v1,MODERATE,0.202300,trimmed_cropped_cPxk4O-XoTg.mp4,True,True,False
visomaster_GhostFace-v1_02050,ignore,,,minimal_tier_excluded,,,GhostFace-v1,MINIMAL,0.129600,trimmed_cropped__5-CA1PUiZE.mp4,True,True,False
visomaster_GhostFace-v1_02051,ignore,,,not_selected_in_deterministic_random_subset,,,GhostFace-v1,MODERATE,0.271800,trimmed_cropped_9139YOZLSys.mp4,True,True,False
visomaster_GhostFace-v1_02052,ignore,,,not_selected_in_deterministic_random_subset,,,GhostFace-v1,STRONG,0.391900,trimmed_cropped_R1-UCozjWpM.mp4,True,True,False
visomaster_GhostFace-v1_02053,ignore,,,minimal_tier_excluded,,,GhostFace-v1,MINIMAL,0.085300,trimmed_cropped_K61hy9Vjw1I.mp4,True,True,False
visomaster_GhostFace-v1_02054,ignore,,,minimal_tier_excluded,,,GhostFace-v1,MINIMAL,0.083400,trimmed_cropped_3kjvY5tyI2o.mp4,True,True,False
visomaster_GhostFace-v1_02055,ignore,,,minimal_tier_excluded,,,GhostFace-v1,MINIMAL,0.126100,trimmed_cropped_1KNh1yTqIkc.mp4,True,True,False
visomaster_GhostFace-v1_02056,keep,visomaster hints,baseline_cropped,retain_as_weak_signal_baseline_subset,GhostFace-v1|MODERATE,20260417,GhostFace-v1,MODERATE,0.161700,trimmed_cropped_2KyAYE6DhII.mp4,True,True,False
visomaster_GhostFace-v1_02057,keep,visomaster hints,baseline_cropped,retain_as_weak_signal_baseline_subset,GhostFace-v1|MODERATE,20260417,GhostFace-v1,MODERATE,0.228900,trimmed_cropped_DSayPAb8-b8.mp4,True,True,False
visomaster_GhostFace-v1_02058,ignore,,,minimal_tier_excluded,,,GhostFace-v1,MINIMAL,0.103900,trimmed_cropped_FmyiAOj1yvU.mp4,True,True,False
visomaster_GhostFace-v1_02059,ignore,,,not_selected_in_deterministic_random_subset,,,GhostFace-v1,MODERATE,0.162700,trimmed_cropped_DYYgZavzzHY.mp4,True,True,False
visomaster_GhostFace-v1_02060,ignore,,,not_selected_in_deterministic_random_subset,,,GhostFace-v1,MODERATE,0.213100,trimmed_cropped_0VseXekwVVM.mp4,True,True,False
visomaster_GhostFace-v1_02061,ignore,,,minimal_tier_excluded,,,GhostFace-v1,MINIMAL,0.133700,trimmed_cropped_sZNXaEjEURA.mp4,True,True,False
visomaster_GhostFace-v1_02062,ignore,,,not_selected_in_deterministic_random_subset,,,GhostFace-v1,MODERATE,0.154200,trimmed_cropped_XAtPaqwxB9s.mp4,True,True,False
visomaster_GhostFace-v1_02063,ignore,,,not_selected_in_deterministic_random_subset,,,GhostFace-v1,MODERATE,0.202300,trimmed_cropped_8AiefSZWjzo.mp4,True,True,False
visomaster_GhostFace-v1_02064,ignore,,,minimal_tier_excluded,,,GhostFace-v1,MINIMAL,0.079000,trimmed_cropped_BZpzzYLxyUc.mp4,True,True,False
visomaster_GhostFace-v1_02065,ignore,,,not_selected_in_deterministic_random_subset,,,GhostFace-v1,MODERATE,0.254200,trimmed_cropped_WEwsuU5XpSk.mp4,True,True,False
visomaster_GhostFace-v1_02066,ignore,,,minimal_tier_excluded,,,GhostFace-v1,MINIMAL,0.074000,trimmed_cropped_zd9xGTQ3HgA.mp4,True,True,False
visomaster_GhostFace-v1_02067,ignore,,,not_selected_in_deterministic_random_subset,,,GhostFace-v1,MODERATE,0.163700,trimmed_cropped_K7_xY2IZVFI.mp4,True,True,False
visomaster_GhostFace-v1_02068,ignore,,,not_selected_in_deterministic_random_subset,,,GhostFace-v1,MODERATE,0.151700,trimmed_cropped_gkSNVNxOTU4.mp4,True,True,False
visomaster_GhostFace-v1_02069,ignore,,,not_selected_in_deterministic_random_subset,,,GhostFace-v1,MODERATE,0.216200,trimmed_cropped_wMpzdhyZNn0.mp4,True,True,False
visomaster_GhostFace-v1_02070,keep,visomaster hints,baseline_cropped,retain_as_weak_signal_baseline_subset,GhostFace-v1|STRONG,20260417,GhostFace-v1,STRONG,0.415600,trimmed_cropped_AEBJDDrY0iw.mp4,True,True,False
visomaster_GhostFace-v1_02071,ignore,,,not_selected_in_deterministic_random_subset,,,GhostFace-v1,MODERATE,0.214100,trimmed_cropped_OmjJlPQgKeE.mp4,True,True,False
visomaster_GhostFace-v1_02072,ignore,,,minimal_tier_excluded,,,GhostFace-v1,MINIMAL,0.103400,trimmed_cropped_Xmv6BNtPz5Y.mp4,True,True,False
visomaster_GhostFace-v1_02073,keep,visomaster hints,baseline_cropped,retain_as_weak_signal_baseline_subset,GhostFace-v1|STRONG,20260417,GhostFace-v1,STRONG,0.309600,trimmed_cropped_XRP6k1ovsdQ.mp4,True,True,False
visomaster_GhostFace-v1_02074,ignore,,,not_selected_in_deterministic_random_subset,,,GhostFace-v1,MODERATE,0.155600,trimmed_cropped_KA7ml7vxbE4.mp4,True,True,False
visomaster_GhostFace-v1_02075,keep,visomaster hints,baseline_cropped,retain_as_weak_signal_baseline_subset,GhostFace-v1|STRONG,20260417,GhostFace-v1,STRONG,0.335900,trimmed_cropped_z19r9THJIlc.mp4,True,True,False
visomaster_GhostFace-v1_02076,ignore,,,not_selected_in_deterministic_random_subset,,,GhostFace-v1,MODERATE,0.197800,trimmed_cropped_pUrxA2UPODo.mp4,True,True,False
visomaster_GhostFace-v1_02077,ignore,,,not_selected_in_deterministic_random_subset,,,GhostFace-v1,MODERATE,0.214100,trimmed_cropped_KS-pdZy1cfQ.mp4,True,True,False
visomaster_GhostFace-v1_02078,ignore,,,not_selected_in_deterministic_random_subset,,,GhostFace-v1,MODERATE,0.211300,trimmed_cropped_a_uFsdgVXBE.mp4,True,True,False
visomaster_GhostFace-v1_02079,ignore,,,minimal_tier_excluded,,,GhostFace-v1,MINIMAL,0.115200,trimmed_cropped_ntJIYWgNaow.mp4,True,True,False
visomaster_GhostFace-v1_02080,ignore,,,minimal_tier_excluded,,,GhostFace-v1,MINIMAL,0.114500,trimmed_cropped_a0qmZC4xJLY.mp4,True,True,False
visomaster_GhostFace-v1_02081,ignore,,,not_selected_in_deterministic_random_subset,,,GhostFace-v1,MODERATE,0.243600,trimmed_cropped_rUwnuC0qQyA.mp4,True,True,False
visomaster_GhostFace-v1_02082,ignore,,,not_selected_in_deterministic_random_subset,,,GhostFace-v1,MODERATE,0.281400,trimmed_cropped_l7bx97SiLhg.mp4,True,True,False
visomaster_GhostFace-v1_02083,ignore,,,not_selected_in_deterministic_random_subset,,,GhostFace-v1,MODERATE,0.179300,trimmed_cropped_-Cahz854_k8.mp4,True,True,False
visomaster_GhostFace-v1_02084,ignore,,,not_selected_in_deterministic_random_subset,,,GhostFace-v1,MODERATE,0.212200,trimmed_cropped_XVpLWUlgWHs.mp4,True,True,False
visomaster_GhostFace-v1_02085,ignore,,,not_selected_in_deterministic_random_subset,,,GhostFace-v1,MODERATE,0.222600,trimmed_cropped_7rcuKaQZre0.mp4,True,True,False
visomaster_GhostFace-v1_02086,ignore,,,not_selected_in_deterministic_random_subset,,,GhostFace-v1,STRONG,0.353600,trimmed_cropped_f-_E3twC-QI.mp4,True,True,False
visomaster_GhostFace-v1_02087,ignore,,,minimal_tier_excluded,,,GhostFace-v1,MINIMAL,0.125000,trimmed_cropped_NPr5ewcVshM.mp4,True,True,False
visomaster_GhostFace-v1_02088,ignore,,,minimal_tier_excluded,,,GhostFace-v1,MINIMAL,0.113600,trimmed_cropped_WHeTgM2fGH8.mp4,True,True,False
visomaster_GhostFace-v1_02089,ignore,,,not_selected_in_deterministic_random_subset,,,GhostFace-v1,MODERATE,0.162000,trimmed_cropped_ZCBaQpEq1U8.mp4,True,True,False
visomaster_GhostFace-v1_02090,ignore,,,not_selected_in_deterministic_random_subset,,,GhostFace-v1,MODERATE,0.151300,trimmed_cropped_pkn91Ahh0c0.mp4,True,True,False
visomaster_GhostFace-v1_02091,ignore,,,not_selected_in_deterministic_random_subset,,,GhostFace-v1,MODERATE,0.294100,trimmed_cropped_ixAwiPk1vg0.mp4,True,True,False
visomaster_GhostFace-v1_02092,ignore,,,minimal_tier_excluded,,,GhostFace-v1,MINIMAL,0.137800,trimmed_cropped_ftPvQJGbgCI.mp4,True,True,False
visomaster_GhostFace-v1_02093,ignore,,,minimal_tier_excluded,,,GhostFace-v1,MINIMAL,0.139900,trimmed_cropped_x2yV3M7DeYI.mp4,True,True,False
visomaster_GhostFace-v1_02094,ignore,,,not_selected_in_deterministic_random_subset,,,GhostFace-v1,MODERATE,0.194100,trimmed_cropped_J3r-M7ukKeY.mp4,True,True,False
visomaster_GhostFace-v1_02095,ignore,,,not_selected_in_deterministic_random_subset,,,GhostFace-v1,MODERATE,0.287000,trimmed_cropped_0PUgH-0IE30.mp4,True,True,False
visomaster_GhostFace-v1_02096,ignore,,,minimal_tier_excluded,,,GhostFace-v1,MINIMAL,0.078100,trimmed_cropped_Hev20Ec-oe8.mp4,True,True,False
visomaster_GhostFace-v1_02097,ignore,,,not_selected_in_deterministic_random_subset,,,GhostFace-v1,MODERATE,0.177200,trimmed_cropped_iyOLmhF0EQo.mp4,True,True,False
visomaster_GhostFace-v1_02098,ignore,,,minimal_tier_excluded,,,GhostFace-v1,MINIMAL,0.090500,trimmed_cropped_sR5V8Pk_Ozc.mp4,True,True,False
visomaster_GhostFace-v1_02099,ignore,,,minimal_tier_excluded,,,GhostFace-v1,MINIMAL,0.097500,trimmed_cropped_xBQBcCSZ6rs.mp4,True,True,False
visomaster_GhostFace-v1_02100,keep,visomaster hints,baseline_cropped,retain_as_weak_signal_baseline_subset,GhostFace-v1|MODERATE,20260417,GhostFace-v1,MODERATE,0.165200,trimmed_cropped_d33svhNkeEk.mp4,True,True,False
visomaster_GhostFace-v1_02101,ignore,,,not_selected_in_deterministic_random_subset,,,GhostFace-v1,MODERATE,0.209900,trimmed_cropped_3mchL4Sshls.mp4,True,True,False
visomaster_GhostFace-v1_02102,ignore,,,minimal_tier_excluded,,,GhostFace-v1,MINIMAL,0.095700,trimmed_cropped_QmV5lV98i2s.mp4,True,True,False
visomaster_GhostFace-v1_02103,keep,visomaster hints,baseline_cropped,retain_as_weak_signal_baseline_subset,GhostFace-v1|STRONG,20260417,GhostFace-v1,STRONG,0.469100,trimmed_cropped_3465QbFfM3w.mp4,True,True,False
visomaster_GhostFace-v1_02104,ignore,,,not_selected_in_deterministic_random_subset,,,GhostFace-v1,MODERATE,0.231600,trimmed_cropped_iJIGPdEKk3k.mp4,True,True,False
visomaster_GhostFace-v1_02105,ignore,,,not_selected_in_deterministic_random_subset,,,GhostFace-v1,MODERATE,0.273400,trimmed_cropped_0RttyrfstH0.mp4,True,True,False
visomaster_GhostFace-v1_02106,ignore,,,minimal_tier_excluded,,,GhostFace-v1,MINIMAL,0.135700,trimmed_cropped_V7W4ci6FTts.mp4,True,True,False
visomaster_GhostFace-v1_02107,ignore,,,minimal_tier_excluded,,,GhostFace-v1,MINIMAL,0.127500,trimmed_cropped_cyFJgk-Q_R8.mp4,True,True,False
visomaster_GhostFace-v1_02108,ignore,,,minimal_tier_excluded,,,GhostFace-v1,MINIMAL,0.058900,trimmed_cropped_gl4QE96Lx_U.mp4,True,True,False
visomaster_GhostFace-v1_02109,ignore,,,not_selected_in_deterministic_random_subset,,,GhostFace-v1,STRONG,0.367600,trimmed_cropped_wrEUw0H7G_w.mp4,True,True,False
visomaster_GhostFace-v1_02110,keep,visomaster hints,baseline_cropped,retain_as_weak_signal_baseline_subset,GhostFace-v1|MODERATE,20260417,GhostFace-v1,MODERATE,0.150400,trimmed_cropped_FRo0ebp4dGA.mp4,True,True,False
visomaster_GhostFace-v1_02111,ignore,,,not_selected_in_deterministic_random_subset,,,GhostFace-v1,MODERATE,0.233400,trimmed_cropped_mVy02_BEweg.mp4,True,True,False
visomaster_GhostFace-v1_02112,ignore,,,not_selected_in_deterministic_random_subset,,,GhostFace-v1,MODERATE,0.156300,trimmed_cropped_Dr_3nXbPB_A.mp4,True,True,False
visomaster_GhostFace-v1_02113,keep,visomaster hints,baseline_cropped,retain_as_weak_signal_baseline_subset,GhostFace-v1|MODERATE,20260417,GhostFace-v1,MODERATE,0.206900,trimmed_cropped_-ADaLBo8crA.mp4,True,True,False
visomaster_GhostFace-v1_02114,ignore,,,not_selected_in_deterministic_random_subset,,,GhostFace-v1,MODERATE,0.228900,trimmed_cropped_-ix25049wvg.mp4,True,True,False
visomaster_GhostFace-v1_02115,ignore,,,not_selected_in_deterministic_random_subset,,,GhostFace-v1,MODERATE,0.160600,trimmed_cropped_c78GnlSHKvM.mp4,True,True,False
visomaster_GhostFace-v1_02116,ignore,,,not_selected_in_deterministic_random_subset,,,GhostFace-v1,MODERATE,0.213700,trimmed_cropped_hiIcwt88o94.mp4,True,True,False
visomaster_GhostFace-v1_02117,keep,visomaster hints,baseline_cropped,retain_as_weak_signal_baseline_subset,GhostFace-v1|MODERATE,20260417,GhostFace-v1,MODERATE,0.249900,trimmed_cropped_oghCh-KYIRo.mp4,True,True,False
visomaster_GhostFace-v1_02118,ignore,,,minimal_tier_excluded,,,GhostFace-v1,MINIMAL,0.130200,trimmed_cropped_ReURkNf0LPQ.mp4,True,True,False
visomaster_GhostFace-v1_02119,ignore,,,minimal_tier_excluded,,,GhostFace-v1,MINIMAL,0.130900,trimmed_cropped_zLpGLJv4Zd8.mp4,True,True,False
visomaster_GhostFace-v1_02120,ignore,,,minimal_tier_excluded,,,GhostFace-v1,MINIMAL,0.147900,-3KxXzj8YU4.mp4,True,True,False
visomaster_GhostFace-v1_02121,ignore,,,not_selected_in_deterministic_random_subset,,,GhostFace-v1,MODERATE,0.231900,trimmed_cropped_0KJR4-NP0kA.mp4,True,True,False
visomaster_GhostFace-v1_02122,ignore,,,not_selected_in_deterministic_random_subset,,,GhostFace-v1,MODERATE,0.213500,trimmed_cropped_sgT6c3Ab7OU.mp4,True,True,False
visomaster_GhostFace-v1_02123,ignore,,,not_selected_in_deterministic_random_subset,,,GhostFace-v1,MODERATE,0.181400,trimmed_cropped_eGnAnNzmnkg.mp4,True,True,False
visomaster_GhostFace-v1_02124,ignore,,,not_selected_in_deterministic_random_subset,,,GhostFace-v1,MODERATE,0.185400,trimmed_cropped_O-U6H_xGRoM.mp4,True,True,False
visomaster_GhostFace-v1_02125,ignore,,,not_selected_in_deterministic_random_subset,,,GhostFace-v1,MODERATE,0.233000,trimmed_cropped_IBpVX19LX_4.mp4,True,True,False
visomaster_GhostFace-v1_02126,ignore,,,not_selected_in_deterministic_random_subset,,,GhostFace-v1,MODERATE,0.272900,trimmed_cropped_KNxhIbDUguI.mp4,True,True,False
visomaster_GhostFace-v1_02127,keep,visomaster hints,baseline_cropped,retain_as_weak_signal_baseline_subset,GhostFace-v1|MODERATE,20260417,GhostFace-v1,MODERATE,0.151900,trimmed_cropped_fm6sXVicbRw.mp4,True,True,False
visomaster_GhostFace-v1_02128,keep,visomaster hints,baseline_cropped,retain_as_weak_signal_baseline_subset,GhostFace-v1|MODERATE,20260417,GhostFace-v1,MODERATE,0.178000,trimmed_cropped_lSfBEjMoLhw.mp4,True,True,False
visomaster_GhostFace-v1_02129,ignore,,,not_selected_in_deterministic_random_subset,,,GhostFace-v1,MODERATE,0.250600,trimmed_cropped_qeMVxNHM9uc.mp4,True,True,False
visomaster_GhostFace-v1_02130,ignore,,,minimal_tier_excluded,,,GhostFace-v1,MINIMAL,0.124700,trimmed_cropped_IW6-K_30uc8.mp4,True,True,False
visomaster_GhostFace-v1_02131,ignore,,,not_selected_in_deterministic_random_subset,,,GhostFace-v1,MODERATE,0.229200,trimmed_cropped_YhVTy0U7B2Y.mp4,True,True,False
visomaster_GhostFace-v1_02132,ignore,,,not_selected_in_deterministic_random_subset,,,GhostFace-v1,MODERATE,0.159100,trimmed_cropped_OMo2B4ILzik.mp4,True,True,False
visomaster_GhostFace-v1_02133,ignore,,,minimal_tier_excluded,,,GhostFace-v1,MINIMAL,0.092800,trimmed_cropped_2hJ9cALSI0k.mp4,True,True,False
visomaster_GhostFace-v1_02134,ignore,,,minimal_tier_excluded,,,GhostFace-v1,MINIMAL,0.110800,trimmed_cropped_QXqWBozFXTU.mp4,True,True,False
visomaster_GhostFace-v1_02135,keep,visomaster hints,baseline_cropped,retain_as_weak_signal_baseline_subset,GhostFace-v1|MODERATE,20260417,GhostFace-v1,MODERATE,0.160800,trimmed_cropped_NKrhl7caPLg.mp4,True,True,False
visomaster_GhostFace-v1_02136,ignore,,,not_selected_in_deterministic_random_subset,,,GhostFace-v1,MODERATE,0.179800,trimmed_cropped__ZNMacAazOY.mp4,True,True,False
visomaster_GhostFace-v1_02137,ignore,,,minimal_tier_excluded,,,GhostFace-v1,MINIMAL,0.103000,trimmed_cropped_0MDxZ2LDANA.mp4,True,True,False
visomaster_GhostFace-v1_02138,ignore,,,minimal_tier_excluded,,,GhostFace-v1,MINIMAL,0.129800,trimmed_cropped_ProR0K6Rii0.mp4,True,True,False
visomaster_GhostFace-v1_02139,ignore,,,minimal_tier_excluded,,,GhostFace-v1,MINIMAL,0.149900,trimmed_cropped_jgxqT4rDpXo.mp4,True,True,False
visomaster_GhostFace-v1_02140,ignore,,,minimal_tier_excluded,,,GhostFace-v1,MINIMAL,0.110800,trimmed_cropped_MmhCg2Ueigw.mp4,True,True,False
visomaster_GhostFace-v1_02141,keep,visomaster hints,baseline_cropped,retain_as_weak_signal_baseline_subset,GhostFace-v1|STRONG,20260417,GhostFace-v1,STRONG,0.337600,trimmed_cropped_4MtcLph61Wk.mp4,True,True,False
visomaster_GhostFace-v1_02142,ignore,,,not_selected_in_deterministic_random_subset,,,GhostFace-v1,MODERATE,0.207000,trimmed_cropped_u-1kXmlSbJ0.mp4,True,True,False
visomaster_GhostFace-v1_02143,ignore,,,minimal_tier_excluded,,,GhostFace-v1,MINIMAL,0.130500,trimmed_cropped_yaQQPkH5_1U.mp4,True,True,False
visomaster_GhostFace-v1_02144,ignore,,,not_selected_in_deterministic_random_subset,,,GhostFace-v1,MODERATE,0.261400,trimmed_cropped_iCYA2zyF9t0.mp4,True,True,False
visomaster_GhostFace-v1_02145,ignore,,,minimal_tier_excluded,,,GhostFace-v1,MINIMAL,0.119400,trimmed_cropped_pUrxA2UPODo.mp4,True,True,False
visomaster_GhostFace-v1_02146,ignore,,,minimal_tier_excluded,,,GhostFace-v1,MINIMAL,0.135100,trimmed_cropped_b8Cc-27P9Ts.mp4,True,True,False
visomaster_GhostFace-v1_02147,keep,visomaster hints,baseline_cropped,retain_as_weak_signal_baseline_subset,GhostFace-v1|STRONG,20260417,GhostFace-v1,STRONG,0.355100,trimmed_cropped_0Wp-Dwyxj6g.mp4,True,True,False
visomaster_GhostFace-v1_02148,ignore,,,minimal_tier_excluded,,,GhostFace-v1,MINIMAL,0.122100,trimmed_cropped_wrO6nB_az1E.mp4,True,True,False
visomaster_GhostFace-v1_02149,ignore,,,not_selected_in_deterministic_random_subset,,,GhostFace-v1,MODERATE,0.279400,trimmed_cropped_wS2f8kXg18Q.mp4,True,True,False
visomaster_GhostFace-v1_02150,ignore,,,minimal_tier_excluded,,,GhostFace-v1,MINIMAL,0.140100,trimmed_cropped_9TXMjQnDY18.mp4,True,True,False
visomaster_GhostFace-v1_02151,ignore,,,not_selected_in_deterministic_random_subset,,,GhostFace-v1,MODERATE,0.199500,trimmed_cropped_iNmvOxC4srs.mp4,True,True,False
visomaster_GhostFace-v1_02152,ignore,,,minimal_tier_excluded,,,GhostFace-v1,MINIMAL,0.145900,trimmed_cropped_3mchL4Sshls.mp4,True,True,False
visomaster_GhostFace-v1_02153,ignore,,,not_selected_in_deterministic_random_subset,,,GhostFace-v1,MODERATE,0.204500,trimmed_cropped_9luo2gAmXy4.mp4,True,True,False
visomaster_GhostFace-v1_02154,ignore,,,not_selected_in_deterministic_random_subset,,,GhostFace-v1,MODERATE,0.158000,trimmed_cropped_YhYW85zivx8.mp4,True,True,False
visomaster_GhostFace-v1_02155,ignore,,,not_selected_in_deterministic_random_subset,,,GhostFace-v1,MODERATE,0.171800,trimmed_cropped_OHnEWajZF_A.mp4,True,True,False
visomaster_GhostFace-v1_02156,keep,visomaster hints,baseline_cropped,retain_as_weak_signal_baseline_subset,GhostFace-v1|MODERATE,20260417,GhostFace-v1,MODERATE,0.156900,trimmed_cropped_408cjMZRFvA.mp4,True,True,False
visomaster_GhostFace-v1_02157,ignore,,,not_selected_in_deterministic_random_subset,,,GhostFace-v1,STRONG,0.368700,trimmed_cropped_1g7UzSoPEvs.mp4,True,True,False
visomaster_GhostFace-v1_02158,ignore,,,not_selected_in_deterministic_random_subset,,,GhostFace-v1,MODERATE,0.238600,trimmed_cropped_0kBusijs0Og.mp4,True,True,False
visomaster_GhostFace-v1_02159,ignore,,,not_selected_in_deterministic_random_subset,,,GhostFace-v1,MODERATE,0.256300,trimmed_cropped_4O_oWmeFLUw.mp4,True,True,False
visomaster_GhostFace-v1_02160,ignore,,,not_selected_in_deterministic_random_subset,,,GhostFace-v1,MODERATE,0.188700,trimmed_cropped_Grfu2EVAuKY.mp4,True,True,False
visomaster_GhostFace-v1_02161,keep,visomaster hints,baseline_cropped,retain_as_weak_signal_baseline_subset,GhostFace-v1|MODERATE,20260417,GhostFace-v1,MODERATE,0.233800,trimmed_cropped_YBey0RUkPJM.mp4,True,True,False
visomaster_GhostFace-v1_02162,keep,visomaster hints,baseline_cropped,retain_as_weak_signal_baseline_subset,GhostFace-v1|STRONG,20260417,GhostFace-v1,STRONG,0.402300,trimmed_cropped_giuGu1AaOlc.mp4,True,True,False
visomaster_GhostFace-v1_02163,ignore,,,not_selected_in_deterministic_random_subset,,,GhostFace-v1,MODERATE,0.151500,trimmed_cropped__brmH6X2b7Y.mp4,True,True,False
visomaster_GhostFace-v1_02164,ignore,,,not_selected_in_deterministic_random_subset,,,GhostFace-v1,MODERATE,0.166400,trimmed_cropped_3lgsbVXKLW4.mp4,True,True,False
visomaster_GhostFace-v1_02165,keep,visomaster hints,baseline_cropped,retain_as_weak_signal_baseline_subset,GhostFace-v1|STRONG,20260417,GhostFace-v1,STRONG,0.319100,trimmed_cropped_mVy02_BEweg.mp4,True,True,False
visomaster_GhostFace-v1_02166,ignore,,,not_selected_in_deterministic_random_subset,,,GhostFace-v1,MODERATE,0.196600,trimmed_cropped_0jF9muftcLw.mp4,True,True,False
visomaster_GhostFace-v1_02167,ignore,,,minimal_tier_excluded,,,GhostFace-v1,MINIMAL,0.132500,trimmed_cropped_6wueNOr0TLQ.mp4,True,True,False
visomaster_GhostFace-v1_02168,ignore,,,not_selected_in_deterministic_random_subset,,,GhostFace-v1,MODERATE,0.183500,trimmed_cropped_F1MratUEVYQ.mp4,True,True,False
visomaster_GhostFace-v1_02169,ignore,,,not_selected_in_deterministic_random_subset,,,GhostFace-v1,MODERATE,0.290000,trimmed_cropped_FyOuum08H-I.mp4,True,True,False
visomaster_GhostFace-v1_02170,ignore,,,minimal_tier_excluded,,,GhostFace-v1,MINIMAL,0.086600,trimmed_cropped_TulOMsXazyY.mp4,True,True,False
visomaster_GhostFace-v1_02171,ignore,,,not_selected_in_deterministic_random_subset,,,GhostFace-v1,MODERATE,0.247200,trimmed_cropped_xF7MCmz0z14.mp4,True,True,False
visomaster_GhostFace-v1_02172,ignore,,,not_selected_in_deterministic_random_subset,,,GhostFace-v1,MODERATE,0.151300,trimmed_cropped_-HYSYbHx-zM.mp4,True,True,False
visomaster_GhostFace-v1_02173,ignore,,,not_selected_in_deterministic_random_subset,,,GhostFace-v1,MODERATE,0.186500,trimmed_cropped_5zlzdQe7nig.mp4,True,True,False
visomaster_GhostFace-v1_02174,ignore,,,not_selected_in_deterministic_random_subset,,,GhostFace-v1,MODERATE,0.173200,trimmed_cropped_sJr40szLOFE.mp4,True,True,False
visomaster_GhostFace-v1_02175,ignore,,,minimal_tier_excluded,,,GhostFace-v1,MINIMAL,0.109400,trimmed_cropped_OGvkv0NGus8.mp4,True,True,False
visomaster_GhostFace-v1_02176,ignore,,,not_selected_in_deterministic_random_subset,,,GhostFace-v1,MODERATE,0.269000,trimmed_cropped_xF7MCmz0z14.mp4,True,True,False
visomaster_GhostFace-v1_02177,ignore,,,not_selected_in_deterministic_random_subset,,,GhostFace-v1,MODERATE,0.200000,trimmed_cropped_P1ebXdmNYV4.mp4,True,True,False
visomaster_GhostFace-v1_02178,ignore,,,not_selected_in_deterministic_random_subset,,,GhostFace-v1,MODERATE,0.157000,trimmed_cropped_MKwTiefXDh0.mp4,True,True,False
visomaster_GhostFace-v1_02179,ignore,,,minimal_tier_excluded,,,GhostFace-v1,MINIMAL,0.134600,trimmed_cropped_jxcW9Fz1HxA.mp4,True,True,False
visomaster_GhostFace-v1_02180,keep,visomaster hints,baseline_cropped,retain_as_weak_signal_baseline_subset,GhostFace-v1|STRONG,20260417,GhostFace-v1,STRONG,0.362200,trimmed_cropped_2Jr9G4yiLVk.mp4,True,True,False
visomaster_GhostFace-v1_02181,ignore,,,not_selected_in_deterministic_random_subset,,,GhostFace-v1,MODERATE,0.195200,trimmed_cropped_tRwuqom9AJo.mp4,True,True,False
visomaster_GhostFace-v1_02182,ignore,,,minimal_tier_excluded,,,GhostFace-v1,MINIMAL,0.118600,trimmed_cropped_HS6G4ZKZHSs.mp4,True,True,False
visomaster_GhostFace-v1_02183,ignore,,,minimal_tier_excluded,,,GhostFace-v1,MINIMAL,0.089000,trimmed_cropped_Bc6pMhjmD8g.mp4,True,True,False
visomaster_GhostFace-v1_02184,keep,visomaster hints,baseline_cropped,retain_as_weak_signal_baseline_subset,GhostFace-v1|MODERATE,20260417,GhostFace-v1,MODERATE,0.240900,trimmed_cropped_19i9AvZNGZ0.mp4,True,True,False
visomaster_GhostFace-v1_02185,ignore,,,not_selected_in_deterministic_random_subset,,,GhostFace-v1,MODERATE,0.231400,trimmed_cropped_ssxX0kNNVQQ.mp4,True,True,False
visomaster_GhostFace-v1_02186,ignore,,,minimal_tier_excluded,,,GhostFace-v1,MINIMAL,0.101800,trimmed_cropped_sZNXaEjEURA.mp4,True,True,False
visomaster_GhostFace-v1_02187,ignore,,,minimal_tier_excluded,,,GhostFace-v1,MINIMAL,0.138500,trimmed_cropped_dN8tO2QxTiM.mp4,True,True,False
visomaster_GhostFace-v1_02188,ignore,,,not_selected_in_deterministic_random_subset,,,GhostFace-v1,MODERATE,0.236600,trimmed_cropped_VlXIRkYAw3g.mp4,True,True,False
visomaster_GhostFace-v1_02189,keep,visomaster hints,baseline_cropped,retain_as_weak_signal_baseline_subset,GhostFace-v1|STRONG,20260417,GhostFace-v1,STRONG,0.362900,trimmed_cropped_O-mDJL-KCdQ.mp4,True,True,False
visomaster_GhostFace-v1_02190,ignore,,,not_selected_in_deterministic_random_subset,,,GhostFace-v1,MODERATE,0.212400,trimmed_cropped_KecVKUB4pWM.mp4,True,True,False
visomaster_GhostFace-v1_02191,ignore,,,not_selected_in_deterministic_random_subset,,,GhostFace-v1,MODERATE,0.151900,trimmed_cropped_NestwAQFj7Y.mp4,True,True,False
visomaster_GhostFace-v1_02192,ignore,,,not_selected_in_deterministic_random_subset,,,GhostFace-v1,MODERATE,0.175300,trimmed_cropped_cYE1pbzvuIM.mp4,True,True,False
visomaster_GhostFace-v1_02193,ignore,,,not_selected_in_deterministic_random_subset,,,GhostFace-v1,MODERATE,0.155100,trimmed_cropped_6wueNOr0TLQ.mp4,True,True,False
visomaster_GhostFace-v1_02194,ignore,,,not_selected_in_deterministic_random_subset,,,GhostFace-v1,MODERATE,0.155500,trimmed_cropped_Sim72HHuhYs.mp4,True,True,False
visomaster_GhostFace-v1_02195,ignore,,,minimal_tier_excluded,,,GhostFace-v1,MINIMAL,0.147300,trimmed_cropped_LB8CAywLWgM.mp4,True,True,False
visomaster_GhostFace-v1_02196,ignore,,,minimal_tier_excluded,,,GhostFace-v1,MINIMAL,0.131100,trimmed_cropped_-nu4ZrqLkhw.mp4,True,True,False
visomaster_GhostFace-v1_02197,keep,visomaster hints,baseline_cropped,retain_as_weak_signal_baseline_subset,GhostFace-v1|MODERATE,20260417,GhostFace-v1,MODERATE,0.235600,trimmed_cropped_Az4DMuX-4O8.mp4,True,True,False
visomaster_GhostFace-v1_02198,ignore,,,not_selected_in_deterministic_random_subset,,,GhostFace-v1,MODERATE,0.264400,trimmed_cropped_ugUliqq7wBk.mp4,True,True,False
visomaster_GhostFace-v1_02199,ignore,,,minimal_tier_excluded,,,GhostFace-v1,MINIMAL,0.129700,trimmed_cropped_9luo2gAmXy4.mp4,True,True,False
visomaster_GhostFace-v1_02200,keep,visomaster hints,baseline_cropped,retain_as_weak_signal_baseline_subset,GhostFace-v1|MODERATE,20260417,GhostFace-v1,MODERATE,0.264200,trimmed_cropped_LuGL-BPxa_I.mp4,True,True,False
visomaster_GhostFace-v1_02201,ignore,,,not_selected_in_deterministic_random_subset,,,GhostFace-v1,MODERATE,0.178500,trimmed_cropped_zDH7_WHuQlA.mp4,True,True,False
visomaster_GhostFace-v1_02202,ignore,,,minimal_tier_excluded,,,GhostFace-v1,MINIMAL,0.071200,trimmed_cropped_05xavHWsXaE.mp4,True,True,False
visomaster_GhostFace-v1_02203,ignore,,,minimal_tier_excluded,,,GhostFace-v1,MINIMAL,0.134800,trimmed_cropped_lJom33llb_0.mp4,True,True,False
visomaster_GhostFace-v1_02204,ignore,,,minimal_tier_excluded,,,GhostFace-v1,MINIMAL,0.094200,trimmed_cropped_Wo6azffrANI.mp4,True,True,False
visomaster_GhostFace-v1_02205,keep,visomaster hints,baseline_cropped,retain_as_weak_signal_baseline_subset,GhostFace-v1|STRONG,20260417,GhostFace-v1,STRONG,0.357100,trimmed_cropped_5VujhDCap-k.mp4,True,True,False
visomaster_GhostFace-v1_02206,keep,visomaster hints,baseline_cropped,retain_as_weak_signal_baseline_subset,GhostFace-v1|MODERATE,20260417,GhostFace-v1,MODERATE,0.179000,trimmed_cropped_9K5zm8II18A.mp4,True,True,False
visomaster_GhostFace-v1_02207,ignore,,,not_selected_in_deterministic_random_subset,,,GhostFace-v1,MODERATE,0.197600,trimmed_cropped_cxSOhz5x9ws.mp4,True,True,False
visomaster_GhostFace-v1_02208,ignore,,,not_selected_in_deterministic_random_subset,,,GhostFace-v1,MODERATE,0.251300,trimmed_cropped_TejzyeDdXDo.mp4,True,True,False
visomaster_GhostFace-v1_02209,ignore,,,minimal_tier_excluded,,,GhostFace-v1,MINIMAL,0.132400,trimmed_cropped_KsBP6hTEP30.mp4,True,True,False
visomaster_GhostFace-v1_02210,ignore,,,minimal_tier_excluded,,,GhostFace-v1,MINIMAL,0.086600,trimmed_cropped_2KyAYE6DhII.mp4,True,True,False
visomaster_GhostFace-v1_02211,keep,visomaster hints,baseline_cropped,retain_as_weak_signal_baseline_subset,GhostFace-v1|MODERATE,20260417,GhostFace-v1,MODERATE,0.252000,trimmed_cropped_1K_MgAfeZkk.mp4,True,True,False
visomaster_GhostFace-v1_02212,ignore,,,not_selected_in_deterministic_random_subset,,,GhostFace-v1,MODERATE,0.185800,trimmed_cropped_g8QncCx3N1Q.mp4,True,True,False
visomaster_GhostFace-v1_02213,ignore,,,not_selected_in_deterministic_random_subset,,,GhostFace-v1,MODERATE,0.276600,trimmed_cropped_oXBg-lY_APA.mp4,True,True,False
visomaster_GhostFace-v1_02214,ignore,,,minimal_tier_excluded,,,GhostFace-v1,MINIMAL,0.116100,trimmed_cropped_qypgWId-5eM.mp4,True,True,False
visomaster_GhostFace-v1_02215,ignore,,,not_selected_in_deterministic_random_subset,,,GhostFace-v1,STRONG,0.337100,trimmed_cropped_goreks4apFg.mp4,True,True,False
visomaster_GhostFace-v1_02216,ignore,,,not_selected_in_deterministic_random_subset,,,GhostFace-v1,MODERATE,0.192600,trimmed_cropped_kBgAdSgqqfg.mp4,True,True,False
visomaster_GhostFace-v1_02217,ignore,,,not_selected_in_deterministic_random_subset,,,GhostFace-v1,MODERATE,0.260400,trimmed_cropped_l4rn6s00E7I.mp4,True,True,False
visomaster_GhostFace-v1_02218,ignore,,,not_selected_in_deterministic_random_subset,,,GhostFace-v1,MODERATE,0.226900,trimmed_cropped_k9KGSvsaIps.mp4,True,True,False
visomaster_GhostFace-v1_02219,keep,visomaster hints,baseline_cropped,retain_as_weak_signal_baseline_subset,GhostFace-v1|MODERATE,20260417,GhostFace-v1,MODERATE,0.229900,trimmed_cropped_tH8_iZ_MYUA.mp4,True,True,False
visomaster_GhostFace-v1_02220,ignore,,,minimal_tier_excluded,,,GhostFace-v1,MINIMAL,0.148100,trimmed_cropped_pIG3bdDj1ps.mp4,True,True,False
visomaster_GhostFace-v1_02221,ignore,,,minimal_tier_excluded,,,GhostFace-v1,MINIMAL,0.114000,trimmed_cropped_Q7elkyuwTnY.mp4,True,True,False
visomaster_GhostFace-v1_02222,ignore,,,minimal_tier_excluded,,,GhostFace-v1,MINIMAL,0.110500,trimmed_cropped_GHRWFWBi_KI.mp4,True,True,False
visomaster_GhostFace-v1_02223,ignore,,,minimal_tier_excluded,,,GhostFace-v1,MINIMAL,0.112500,trimmed_cropped_1WwtHLfekFs.mp4,True,True,False
visomaster_GhostFace-v1_02224,keep,visomaster hints,baseline_cropped,retain_as_weak_signal_baseline_subset,GhostFace-v1|MODERATE,20260417,GhostFace-v1,MODERATE,0.274100,trimmed_cropped_Fbkx8J1suTw.mp4,True,True,False
visomaster_GhostFace-v1_02225,keep,visomaster hints,baseline_cropped,retain_as_weak_signal_baseline_subset,GhostFace-v1|MODERATE,20260417,GhostFace-v1,MODERATE,0.163900,trimmed_cropped_QBq0OMRQfvA.mp4,True,True,False
visomaster_GhostFace-v1_02226,ignore,,,minimal_tier_excluded,,,GhostFace-v1,MINIMAL,0.140500,trimmed_6rHVE4i-N9g.mp4,True,True,False
visomaster_GhostFace-v1_02227,ignore,,,not_selected_in_deterministic_random_subset,,,GhostFace-v1,MODERATE,0.246200,trimmed_cropped_GEbHXLHCNWw.mp4,True,True,False
visomaster_GhostFace-v1_02228,ignore,,,not_selected_in_deterministic_random_subset,,,GhostFace-v1,MODERATE,0.254900,trimmed_cropped_Pzn6EC8d8Vc.mp4,True,True,False
visomaster_GhostFace-v1_02229,ignore,,,not_selected_in_deterministic_random_subset,,,GhostFace-v1,MODERATE,0.235800,trimmed_cropped_8N9lHStavVg.mp4,True,True,False
visomaster_GhostFace-v1_02230,ignore,,,not_selected_in_deterministic_random_subset,,,GhostFace-v1,MODERATE,0.168600,trimmed_cropped_l4rn6s00E7I.mp4,True,True,False
visomaster_GhostFace-v1_02231,keep,visomaster hints,baseline_cropped,retain_as_weak_signal_baseline_subset,GhostFace-v1|STRONG,20260417,GhostFace-v1,STRONG,0.377400,trimmed_cropped_O-mDJL-KCdQ.mp4,True,True,False
visomaster_GhostFace-v1_02232,ignore,,,minimal_tier_excluded,,,GhostFace-v1,MINIMAL,0.143200,trimmed_cropped_H-QxgMQs9ug.mp4,True,True,False
visomaster_GhostFace-v1_02233,ignore,,,not_selected_in_deterministic_random_subset,,,GhostFace-v1,MODERATE,0.285500,trimmed_cropped_qh3yIfNhbBs.mp4,True,True,False
visomaster_GhostFace-v1_02234,ignore,,,not_selected_in_deterministic_random_subset,,,GhostFace-v1,MODERATE,0.192100,trimmed_cropped_b5lqNDYeQbk.mp4,True,True,False
visomaster_GhostFace-v1_02235,ignore,,,not_selected_in_deterministic_random_subset,,,GhostFace-v1,MODERATE,0.264200,trimmed_cropped_ylOx4tKZAHQ.mp4,True,True,False
visomaster_GhostFace-v1_02236,ignore,,,not_selected_in_deterministic_random_subset,,,GhostFace-v1,MODERATE,0.156300,trimmed_cropped_YZiq5EZs4sg.mp4,True,True,False
visomaster_GhostFace-v1_02237,keep,visomaster hints,baseline_cropped,retain_as_weak_signal_baseline_subset,GhostFace-v1|STRONG,20260417,GhostFace-v1,STRONG,0.324200,trimmed_cropped_6n0bSyxJhCs.mp4,True,True,False
visomaster_GhostFace-v1_02238,ignore,,,not_selected_in_deterministic_random_subset,,,GhostFace-v1,MODERATE,0.165100,trimmed_cropped_hDUw3k837RA.mp4,True,True,False
visomaster_GhostFace-v1_02239,ignore,,,not_selected_in_deterministic_random_subset,,,GhostFace-v1,MODERATE,0.165200,trimmed_cropped_KTVv9e3NNxM.mp4,True,True,False
visomaster_GhostFace-v1_02240,ignore,,,minimal_tier_excluded,,,GhostFace-v1,MINIMAL,0.149600,trimmed_cropped_jx7zwWRmQ_I.mp4,True,True,False
visomaster_GhostFace-v1_02241,ignore,,,minimal_tier_excluded,,,GhostFace-v1,MINIMAL,0.123900,trimmed_cropped_0nB7M-ZGNz0.mp4,True,True,False
visomaster_GhostFace-v1_02242,ignore,,,not_selected_in_deterministic_random_subset,,,GhostFace-v1,MODERATE,0.273400,trimmed_cropped_R99yaHPuLm0.mp4,True,True,False
visomaster_GhostFace-v1_02243,ignore,,,minimal_tier_excluded,,,GhostFace-v1,MINIMAL,0.106500,trimmed_cropped_msBsePPQgMA.mp4,True,True,False
visomaster_GhostFace-v1_02244,ignore,,,minimal_tier_excluded,,,GhostFace-v1,MINIMAL,0.111600,trimmed_cropped_sdsgNrqqmwk.mp4,True,True,False
visomaster_GhostFace-v1_02245,ignore,,,not_selected_in_deterministic_random_subset,,,GhostFace-v1,MODERATE,0.276800,trimmed_cropped_ZwMkzMhR3kQ.mp4,True,True,False
visomaster_GhostFace-v1_02246,keep,visomaster hints,baseline_cropped,retain_as_weak_signal_baseline_subset,GhostFace-v1|STRONG,20260417,GhostFace-v1,STRONG,0.317300,trimmed_cropped_KpeMVokcG-g.mp4,True,True,False
visomaster_GhostFace-v1_02247,ignore,,,not_selected_in_deterministic_random_subset,,,GhostFace-v1,MODERATE,0.200300,trimmed_cropped_6h3Ni6mH4PI.mp4,True,True,False
visomaster_GhostFace-v1_02248,ignore,,,not_selected_in_deterministic_random_subset,,,GhostFace-v1,MODERATE,0.227400,trimmed_cropped_NiHwrxrk_Kk.mp4,True,True,False
visomaster_GhostFace-v1_02249,ignore,,,minimal_tier_excluded,,,GhostFace-v1,MINIMAL,0.117600,trimmed_cropped_Y5sjOnuAHVg.mp4,True,True,False
visomaster_GhostFace-v1_02250,keep,visomaster hints,baseline_cropped,retain_as_weak_signal_baseline_subset,GhostFace-v1|MODERATE,20260417,GhostFace-v1,MODERATE,0.224600,trimmed_cropped_DemlPAogJnk.mp4,True,True,False
visomaster_GhostFace-v1_02251,ignore,,,not_selected_in_deterministic_random_subset,,,GhostFace-v1,MODERATE,0.152500,trimmed_cropped_5YFxxwBO-mo.mp4,True,True,False
visomaster_GhostFace-v1_02252,keep,visomaster hints,baseline_cropped,retain_as_weak_signal_baseline_subset,GhostFace-v1|MODERATE,20260417,GhostFace-v1,MODERATE,0.187100,trimmed_cropped_VlXIRkYAw3g.mp4,True,True,False
visomaster_GhostFace-v1_02253,ignore,,,minimal_tier_excluded,,,GhostFace-v1,MINIMAL,0.140800,trimmed_cropped_dX3IdUCT158.mp4,True,True,False
visomaster_GhostFace-v1_02254,keep,visomaster hints,baseline_cropped,retain_as_weak_signal_baseline_subset,GhostFace-v1|MODERATE,20260417,GhostFace-v1,MODERATE,0.190800,trimmed_cropped_6WM2u9iWrFw.mp4,True,True,False
visomaster_GhostFace-v1_02255,keep,visomaster hints,baseline_cropped,retain_as_weak_signal_baseline_subset,GhostFace-v1|STRONG,20260417,GhostFace-v1,STRONG,0.322600,trimmed_cropped_uYr5kgAFygQ.mp4,True,True,False
visomaster_GhostFace-v1_02256,ignore,,,not_selected_in_deterministic_random_subset,,,GhostFace-v1,MODERATE,0.187700,trimmed_cropped_ztVi1haAPyU.mp4,True,True,False
visomaster_GhostFace-v1_02257,keep,visomaster hints,baseline_cropped,retain_as_weak_signal_baseline_subset,GhostFace-v1|STRONG,20260417,GhostFace-v1,STRONG,0.325900,trimmed_cropped_34V1bVLf6-k.mp4,True,True,False
visomaster_GhostFace-v1_02258,ignore,,,not_selected_in_deterministic_random_subset,,,GhostFace-v1,MODERATE,0.153700,trimmed_cropped_W11krdGbdI8.mp4,True,True,False
visomaster_GhostFace-v1_02259,keep,visomaster hints,baseline_cropped,retain_as_weak_signal_baseline_subset,GhostFace-v1|STRONG,20260417,GhostFace-v1,STRONG,0.455000,trimmed_cropped_OiCagmxgA64.mp4,True,True,False
visomaster_GhostFace-v1_02260,ignore,,,minimal_tier_excluded,,,GhostFace-v1,MINIMAL,0.125700,trimmed_cropped_Xl86SS0FHF4.mp4,True,True,False
visomaster_GhostFace-v1_02261,ignore,,,minimal_tier_excluded,,,GhostFace-v1,MINIMAL,0.144100,trimmed_cropped_FWf2UOw0DlM.mp4,True,True,False
visomaster_GhostFace-v1_02262,ignore,,,not_selected_in_deterministic_random_subset,,,GhostFace-v1,MODERATE,0.260700,trimmed_cropped_pisIw3m5aOg.mp4,True,True,False
visomaster_GhostFace-v1_02263,ignore,,,not_selected_in_deterministic_random_subset,,,GhostFace-v1,MODERATE,0.160300,trimmed_cropped_wqQ8uy7mLAk.mp4,True,True,False
visomaster_GhostFace-v1_02264,ignore,,,not_selected_in_deterministic_random_subset,,,GhostFace-v1,MODERATE,0.185000,trimmed_cropped_I1nbfll-JtE.mp4,True,True,False
visomaster_GhostFace-v1_02265,keep,visomaster hints,baseline_cropped,retain_as_weak_signal_baseline_subset,GhostFace-v1|STRONG,20260417,GhostFace-v1,STRONG,0.331000,trimmed_cropped_86yue9qDxZk.mp4,True,True,False
visomaster_GhostFace-v1_02266,ignore,,,minimal_tier_excluded,,,GhostFace-v1,MINIMAL,0.123600,trimmed_cropped_fTSLnMC2arM.mp4,True,True,False
visomaster_GhostFace-v1_02267,ignore,,,minimal_tier_excluded,,,GhostFace-v1,MINIMAL,0.116300,trimmed_cropped_jVfYyaULuL0.mp4,True,True,False
visomaster_GhostFace-v1_02268,ignore,,,minimal_tier_excluded,,,GhostFace-v1,MINIMAL,0.113900,trimmed_cropped_6W5GI2BKRMU.mp4,True,True,False
visomaster_GhostFace-v1_02269,keep,visomaster hints,baseline_cropped,retain_as_weak_signal_baseline_subset,GhostFace-v1|STRONG,20260417,GhostFace-v1,STRONG,0.332700,trimmed_cropped_2q-35ReQ04E.mp4,True,True,False
visomaster_GhostFace-v1_02270,ignore,,,not_selected_in_deterministic_random_subset,,,GhostFace-v1,MODERATE,0.155800,trimmed_cropped_h9tDeNMxeIE.mp4,True,True,False
visomaster_GhostFace-v1_02271,ignore,,,not_selected_in_deterministic_random_subset,,,GhostFace-v1,MODERATE,0.201800,trimmed_cropped_NestwAQFj7Y.mp4,True,True,False
visomaster_GhostFace-v1_02272,ignore,,,minimal_tier_excluded,,,GhostFace-v1,MINIMAL,0.090200,trimmed_cropped_QUDkUIuga5A.mp4,True,True,False
visomaster_GhostFace-v1_02273,ignore,,,not_selected_in_deterministic_random_subset,,,GhostFace-v1,MODERATE,0.195400,trimmed_cropped_iX-M5ljw7R8.mp4,True,True,False
visomaster_GhostFace-v1_02274,ignore,,,not_selected_in_deterministic_random_subset,,,GhostFace-v1,STRONG,0.337000,trimmed_cropped_NHlGELZa8EU.mp4,True,True,False
visomaster_GhostFace-v1_02275,ignore,,,not_selected_in_deterministic_random_subset,,,GhostFace-v1,MODERATE,0.201600,trimmed_cropped_7eM1Dajo79U.mp4,True,True,False
visomaster_GhostFace-v1_02276,ignore,,,not_selected_in_deterministic_random_subset,,,GhostFace-v1,MODERATE,0.220000,trimmed_cropped_9wJY59NWNz8.mp4,True,True,False
visomaster_GhostFace-v1_02277,ignore,,,minimal_tier_excluded,,,GhostFace-v1,MINIMAL,0.128200,trimmed_cropped_lVwurevHcIo.mp4,True,True,False
visomaster_GhostFace-v1_02278,ignore,,,minimal_tier_excluded,,,GhostFace-v1,MINIMAL,0.134700,trimmed_cropped_7XgOvIKX6z8.mp4,True,True,False
visomaster_GhostFace-v1_02279,ignore,,,not_selected_in_deterministic_random_subset,,,GhostFace-v1,MODERATE,0.214100,trimmed_cropped_-2BLGQ1Zci8.mp4,True,True,False
visomaster_GhostFace-v1_02280,ignore,,,not_selected_in_deterministic_random_subset,,,GhostFace-v1,MODERATE,0.165900,trimmed_cropped_JRMFsZXVwZg.mp4,True,True,False
visomaster_GhostFace-v1_02281,ignore,,,not_selected_in_deterministic_random_subset,,,GhostFace-v1,MODERATE,0.208500,trimmed_cropped_oXxSq5bS_lg.mp4,True,True,False
visomaster_GhostFace-v1_02282,ignore,,,minimal_tier_excluded,,,GhostFace-v1,MINIMAL,0.124000,trimmed_cropped_jvDKqiZ2_xM.mp4,True,True,False
visomaster_GhostFace-v1_02283,ignore,,,not_selected_in_deterministic_random_subset,,,GhostFace-v1,MODERATE,0.223000,trimmed_cropped_ylS3SMfsa9g.mp4,True,True,False
visomaster_GhostFace-v1_02284,keep,visomaster hints,baseline_cropped,retain_as_weak_signal_baseline_subset,GhostFace-v1|STRONG,20260417,GhostFace-v1,STRONG,0.342300,trimmed_cropped_KZd7HzsYVMI.mp4,True,True,False
visomaster_GhostFace-v1_02285,ignore,,,not_selected_in_deterministic_random_subset,,,GhostFace-v1,MODERATE,0.295100,trimmed_cropped_QBujO3gJQmM.mp4,True,True,False
visomaster_GhostFace-v1_02286,ignore,,,minimal_tier_excluded,,,GhostFace-v1,MINIMAL,0.145800,trimmed_cropped_Xn0-QYZWUko.mp4,True,True,False
visomaster_GhostFace-v1_02287,ignore,,,not_selected_in_deterministic_random_subset,,,GhostFace-v1,MODERATE,0.160200,trimmed_cropped_Rt9Z7pzlVuc.mp4,True,True,False
visomaster_GhostFace-v1_02288,ignore,,,not_selected_in_deterministic_random_subset,,,GhostFace-v1,MODERATE,0.229200,trimmed_cropped_enQKHryv2v0.mp4,True,True,False
visomaster_GhostFace-v1_02289,ignore,,,minimal_tier_excluded,,,GhostFace-v1,MINIMAL,0.136100,trimmed_cropped_VM7796nL5cg.mp4,True,True,False
visomaster_GhostFace-v1_02290,ignore,,,minimal_tier_excluded,,,GhostFace-v1,MINIMAL,0.137200,trimmed_cropped_OmjJlPQgKeE.mp4,True,True,False
visomaster_GhostFace-v1_02291,keep,visomaster hints,baseline_cropped,retain_as_weak_signal_baseline_subset,GhostFace-v1|MODERATE,20260417,GhostFace-v1,MODERATE,0.163200,trimmed_cropped_NiHwrxrk_Kk.mp4,True,True,False
visomaster_GhostFace-v1_02292,ignore,,,not_selected_in_deterministic_random_subset,,,GhostFace-v1,MODERATE,0.265300,trimmed_cropped_VkKcTltzg58.mp4,True,True,False
visomaster_GhostFace-v1_02293,ignore,,,not_selected_in_deterministic_random_subset,,,GhostFace-v1,MODERATE,0.164000,trimmed_cropped_D7Ya2ZT-Bv8.mp4,True,True,False
visomaster_GhostFace-v1_02294,ignore,,,not_selected_in_deterministic_random_subset,,,GhostFace-v1,MODERATE,0.228200,trimmed_cropped_AHrwj4ZrMQU.mp4,True,True,False
visomaster_GhostFace-v1_02295,ignore,,,minimal_tier_excluded,,,GhostFace-v1,MINIMAL,0.136700,trimmed_cropped_FAgS8acbiMI.mp4,True,True,False
visomaster_GhostFace-v1_02296,ignore,,,not_selected_in_deterministic_random_subset,,,GhostFace-v1,MODERATE,0.174300,trimmed_cropped_eQm_RzsWLQ0.mp4,True,True,False
visomaster_GhostFace-v1_02297,ignore,,,not_selected_in_deterministic_random_subset,,,GhostFace-v1,MODERATE,0.244100,trimmed_cropped_Q7RBWBHDQMU.mp4,True,True,False
visomaster_GhostFace-v1_02298,keep,visomaster hints,baseline_cropped,retain_as_weak_signal_baseline_subset,GhostFace-v1|MODERATE,20260417,GhostFace-v1,MODERATE,0.174000,trimmed_cropped_mREMh9_fjeQ.mp4,True,True,False
visomaster_GhostFace-v1_02299,ignore,,,not_selected_in_deterministic_random_subset,,,GhostFace-v1,MODERATE,0.210000,trimmed_cropped_vI3vkJBvEoY.mp4,True,True,False
visomaster_GhostFace-v1_02300,ignore,,,not_selected_in_deterministic_random_subset,,,GhostFace-v1,MODERATE,0.230000,trimmed_cropped_PB0GlO-abvQ.mp4,True,True,False
visomaster_GhostFace-v1_02301,ignore,,,not_selected_in_deterministic_random_subset,,,GhostFace-v1,MODERATE,0.165800,trimmed_cropped_1LicIBkIOBs.mp4,True,True,False
visomaster_GhostFace-v1_02302,ignore,,,minimal_tier_excluded,,,GhostFace-v1,MINIMAL,0.089800,trimmed_cropped_r38eVLQ4MQ0.mp4,True,True,False
visomaster_GhostFace-v1_02303,ignore,,,not_selected_in_deterministic_random_subset,,,GhostFace-v1,MODERATE,0.219300,trimmed_cropped_1VmN-9YYnEM.mp4,True,True,False
visomaster_GhostFace-v1_02304,ignore,,,not_selected_in_deterministic_random_subset,,,GhostFace-v1,MODERATE,0.267500,trimmed_cropped_mMe4RIeHPRU.mp4,True,True,False
visomaster_GhostFace-v1_02305,ignore,,,not_selected_in_deterministic_random_subset,,,GhostFace-v1,MODERATE,0.173900,trimmed_cropped__LaxjSkz1i0.mp4,True,True,False
visomaster_GhostFace-v1_02306,ignore,,,not_selected_in_deterministic_random_subset,,,GhostFace-v1,MODERATE,0.259900,trimmed_cropped_4WCx-RHTdnI.mp4,True,True,False
visomaster_GhostFace-v1_02307,keep,visomaster hints,baseline_cropped,retain_as_weak_signal_baseline_subset,GhostFace-v1|MODERATE,20260417,GhostFace-v1,MODERATE,0.151300,trimmed_cropped_WM5vCkyd_g8.mp4,True,True,False
visomaster_GhostFace-v1_02308,ignore,,,minimal_tier_excluded,,,GhostFace-v1,MINIMAL,0.147700,trimmed_cropped_URU6v_b1FXo.mp4,True,True,False
visomaster_GhostFace-v1_02309,ignore,,,minimal_tier_excluded,,,GhostFace-v1,MINIMAL,0.104200,trimmed_cropped_IeGvgQa4cKk.mp4,True,True,False
visomaster_GhostFace-v1_02310,ignore,,,not_selected_in_deterministic_random_subset,,,GhostFace-v1,MODERATE,0.212700,trimmed_cropped_ACXsZ23sm_8.mp4,True,True,False
visomaster_GhostFace-v1_02311,ignore,,,minimal_tier_excluded,,,GhostFace-v1,MINIMAL,0.072200,trimmed_cropped_LpsNkPVBTGM.mp4,True,True,False
visomaster_GhostFace-v1_02312,ignore,,,minimal_tier_excluded,,,GhostFace-v1,MINIMAL,0.099100,trimmed_cropped_zjUdtK6ukqY.mp4,True,True,False
visomaster_GhostFace-v1_02313,ignore,,,not_selected_in_deterministic_random_subset,,,GhostFace-v1,MODERATE,0.226300,trimmed_cropped_HJAk_nKE6AU.mp4,True,True,False
visomaster_GhostFace-v1_02314,ignore,,,not_selected_in_deterministic_random_subset,,,GhostFace-v1,MODERATE,0.185400,trimmed_cropped_Jz6-0u-ClHM.mp4,True,True,False
visomaster_GhostFace-v1_02315,keep,visomaster hints,baseline_cropped,retain_as_weak_signal_baseline_subset,GhostFace-v1|STRONG,20260417,GhostFace-v1,STRONG,0.400700,trimmed_cropped_9E93tvfG93c.mp4,True,True,False
visomaster_GhostFace-v1_02316,keep,visomaster hints,baseline_cropped,retain_as_weak_signal_baseline_subset,GhostFace-v1|MODERATE,20260417,GhostFace-v1,MODERATE,0.290100,trimmed_cropped_S_pb2KzIDK0.mp4,True,True,False
visomaster_GhostFace-v1_02317,ignore,,,minimal_tier_excluded,,,GhostFace-v1,MINIMAL,0.148400,trimmed_cropped_cPxk4O-XoTg.mp4,True,True,False
visomaster_GhostFace-v1_02318,ignore,,,not_selected_in_deterministic_random_subset,,,GhostFace-v1,MODERATE,0.155700,trimmed_cropped_SVxqOlfoBEk.mp4,True,True,False
visomaster_GhostFace-v1_02319,ignore,,,not_selected_in_deterministic_random_subset,,,GhostFace-v1,MODERATE,0.187300,trimmed_cropped_gcKT1viynFE.mp4,True,True,False
visomaster_GhostFace-v1_02320,keep,visomaster hints,baseline_cropped,retain_as_weak_signal_baseline_subset,GhostFace-v1|STRONG,20260417,GhostFace-v1,STRONG,0.318100,trimmed_cropped_8-yIyq5E-bo.mp4,True,True,False
visomaster_GhostFace-v1_02321,ignore,,,not_selected_in_deterministic_random_subset,,,GhostFace-v1,MODERATE,0.228100,trimmed_cropped_u6AJ2JcdJ7I.mp4,True,True,False
visomaster_GhostFace-v1_02322,ignore,,,not_selected_in_deterministic_random_subset,,,GhostFace-v1,MODERATE,0.157500,trimmed_cropped_35g7IB8kjOI.mp4,True,True,False
visomaster_GhostFace-v1_02323,ignore,,,not_selected_in_deterministic_random_subset,,,GhostFace-v1,MODERATE,0.173100,trimmed_cropped_Mt9wrQEMFMc.mp4,True,True,False
visomaster_GhostFace-v1_02324,keep,visomaster hints,baseline_cropped,retain_as_weak_signal_baseline_subset,GhostFace-v1|STRONG,20260417,GhostFace-v1,STRONG,0.561700,trimmed_cropped__H2oSIg5ZdI.mp4,True,True,False
visomaster_GhostFace-v1_02325,ignore,,,minimal_tier_excluded,,,GhostFace-v1,MINIMAL,0.142000,trimmed_cropped_hUngKjk11qI.mp4,True,True,False
visomaster_GhostFace-v1_02326,ignore,,,not_selected_in_deterministic_random_subset,,,GhostFace-v1,MODERATE,0.259900,trimmed_cropped_WEwsuU5XpSk.mp4,True,True,False
visomaster_GhostFace-v1_02327,ignore,,,minimal_tier_excluded,,,GhostFace-v1,MINIMAL,0.068000,trimmed_cropped_B-GeV07nnb4.mp4,True,True,False
visomaster_GhostFace-v1_02328,ignore,,,not_selected_in_deterministic_random_subset,,,GhostFace-v1,MODERATE,0.225600,trimmed_cropped_gylK28rb37Y.mp4,True,True,False
visomaster_GhostFace-v1_02329,ignore,,,not_selected_in_deterministic_random_subset,,,GhostFace-v1,MODERATE,0.181400,trimmed_cropped_NiJu8fPjHLE.mp4,True,True,False
visomaster_GhostFace-v1_02330,ignore,,,minimal_tier_excluded,,,GhostFace-v1,MINIMAL,0.093600,trimmed_cropped_HepSmBnDL2g.mp4,True,True,False
visomaster_GhostFace-v1_02331,ignore,,,not_selected_in_deterministic_random_subset,,,GhostFace-v1,MODERATE,0.201900,trimmed_cropped_iBxpOQX2WxM.mp4,True,True,False
visomaster_GhostFace-v1_02332,ignore,,,not_selected_in_deterministic_random_subset,,,GhostFace-v1,MODERATE,0.223800,trimmed_cropped_0d--14ZJXrc.mp4,True,True,False
visomaster_GhostFace-v1_02333,ignore,,,not_selected_in_deterministic_random_subset,,,GhostFace-v1,MODERATE,0.159300,trimmed_cropped_AX2Ja5zifKk.mp4,True,True,False
visomaster_GhostFace-v1_02334,ignore,,,minimal_tier_excluded,,,GhostFace-v1,MINIMAL,0.131400,trimmed_cropped_9OQvIg4vfdM.mp4,True,True,False
visomaster_GhostFace-v1_02335,ignore,,,minimal_tier_excluded,,,GhostFace-v1,MINIMAL,0.115800,8ZWBqyuAxDw.mp4,True,True,False
visomaster_GhostFace-v1_02336,ignore,,,not_selected_in_deterministic_random_subset,,,GhostFace-v1,MODERATE,0.182500,trimmed_cropped_N1eSapg4ZGc.mp4,True,True,False
visomaster_GhostFace-v1_02337,ignore,,,minimal_tier_excluded,,,GhostFace-v1,MINIMAL,0.105900,trimmed_cropped_pgY6f97VRjM.mp4,True,True,False
visomaster_GhostFace-v1_02338,ignore,,,not_selected_in_deterministic_random_subset,,,GhostFace-v1,MODERATE,0.188700,trimmed_cropped_cLWv_cxYN3k.mp4,True,True,False
visomaster_GhostFace-v1_02339,ignore,,,not_selected_in_deterministic_random_subset,,,GhostFace-v1,MODERATE,0.196500,trimmed_cropped_mT3CnIpf1_M.mp4,True,True,False
visomaster_GhostFace-v1_02340,ignore,,,not_selected_in_deterministic_random_subset,,,GhostFace-v1,MODERATE,0.159400,trimmed_cropped_JbKYFEJGp-E.mp4,True,True,False
visomaster_GhostFace-v1_02341,ignore,,,not_selected_in_deterministic_random_subset,,,GhostFace-v1,MODERATE,0.292900,trimmed_cropped_t0RDgHOst6I.mp4,True,True,False
visomaster_GhostFace-v1_02342,ignore,,,not_selected_in_deterministic_random_subset,,,GhostFace-v1,MODERATE,0.187000,trimmed_cropped_I5Mpv5T3ehI.mp4,True,True,False
visomaster_GhostFace-v1_02343,ignore,,,not_selected_in_deterministic_random_subset,,,GhostFace-v1,MODERATE,0.173700,trimmed_cropped_DFzN9WOL8zQ.mp4,True,True,False
visomaster_GhostFace-v1_02344,ignore,,,not_selected_in_deterministic_random_subset,,,GhostFace-v1,MODERATE,0.232100,trimmed_cropped_Y2AmeCHF8Sg.mp4,True,True,False
visomaster_GhostFace-v1_02345,ignore,,,minimal_tier_excluded,,,GhostFace-v1,MINIMAL,0.120500,trimmed_cropped_V3E2P1l6E6I.mp4,True,True,False
visomaster_GhostFace-v1_02346,ignore,,,minimal_tier_excluded,,,GhostFace-v1,MINIMAL,0.094900,trimmed_cropped_zLWxMbfxGMc.mp4,True,True,False
visomaster_GhostFace-v1_02347,ignore,,,not_selected_in_deterministic_random_subset,,,GhostFace-v1,MODERATE,0.167700,trimmed_cropped_xOAdQgURASE.mp4,True,True,False
visomaster_GhostFace-v1_02348,ignore,,,not_selected_in_deterministic_random_subset,,,GhostFace-v1,MODERATE,0.221500,trimmed_cropped_0aFK-IP5Xfg.mp4,True,True,False
visomaster_GhostFace-v1_02349,ignore,,,not_selected_in_deterministic_random_subset,,,GhostFace-v1,MODERATE,0.199100,trimmed_cropped_Pf_PAsuGNKs.mp4,True,True,False
visomaster_GhostFace-v1_02350,keep,visomaster hints,baseline_cropped,retain_as_weak_signal_baseline_subset,GhostFace-v1|STRONG,20260417,GhostFace-v1,STRONG,0.303400,trimmed_cropped_7jglFoWqfV4.mp4,True,True,False
visomaster_GhostFace-v1_02351,ignore,,,not_selected_in_deterministic_random_subset,,,GhostFace-v1,MODERATE,0.200900,trimmed_cropped_pLl0Hph9nbk.mp4,True,True,False
visomaster_GhostFace-v1_02352,ignore,,,minimal_tier_excluded,,,GhostFace-v1,MINIMAL,0.097200,trimmed_cropped_v-ZBHBu6x6M.mp4,True,True,False
visomaster_GhostFace-v1_02353,ignore,,,not_selected_in_deterministic_random_subset,,,GhostFace-v1,MODERATE,0.199500,trimmed_cropped_4PuTn4JutZA.mp4,True,True,False
visomaster_GhostFace-v1_02354,ignore,,,minimal_tier_excluded,,,GhostFace-v1,MINIMAL,0.108800,trimmed_cropped_yamC5PkcvTo.mp4,True,True,False
visomaster_GhostFace-v1_02355,ignore,,,not_selected_in_deterministic_random_subset,,,GhostFace-v1,MODERATE,0.155300,trimmed_cropped_Ai0QK0GhRWM.mp4,True,True,False
visomaster_GhostFace-v1_02356,ignore,,,not_selected_in_deterministic_random_subset,,,GhostFace-v1,STRONG,0.359300,trimmed_cropped_6rJIXA3aChw.mp4,True,True,False
visomaster_GhostFace-v1_02357,ignore,,,not_selected_in_deterministic_random_subset,,,GhostFace-v1,MODERATE,0.196000,trimmed_cropped_NtnjLvodjtM.mp4,True,True,False
visomaster_GhostFace-v1_02358,ignore,,,minimal_tier_excluded,,,GhostFace-v1,MINIMAL,0.130100,trimmed_cropped_nvH06GcLeMI.mp4,True,True,False
visomaster_GhostFace-v1_02359,keep,visomaster hints,baseline_cropped,retain_as_weak_signal_baseline_subset,GhostFace-v1|STRONG,20260417,GhostFace-v1,STRONG,0.345600,trimmed_cropped_Z71rgFK3lgk.mp4,True,True,False
visomaster_GhostFace-v1_02360,ignore,,,not_selected_in_deterministic_random_subset,,,GhostFace-v1,MODERATE,0.258600,trimmed_cropped_5wWwelqp7_k.mp4,True,True,False
visomaster_GhostFace-v1_02361,ignore,,,not_selected_in_deterministic_random_subset,,,GhostFace-v1,MODERATE,0.173600,trimmed_cropped_Ioi4jaV9kek.mp4,True,True,False
visomaster_GhostFace-v1_02362,ignore,,,minimal_tier_excluded,,,GhostFace-v1,MINIMAL,0.096600,trimmed_cropped_zdNkCw-w2S8.mp4,True,True,False
visomaster_GhostFace-v1_02363,ignore,,,not_selected_in_deterministic_random_subset,,,GhostFace-v1,MODERATE,0.254000,trimmed_cropped_geq27fCp9-w.mp4,True,True,False
visomaster_GhostFace-v1_02364,ignore,,,not_selected_in_deterministic_random_subset,,,GhostFace-v1,MODERATE,0.234600,trimmed_C0_G4zFmXtc.mp4,True,True,False
visomaster_GhostFace-v1_02365,ignore,,,minimal_tier_excluded,,,GhostFace-v1,MINIMAL,0.098800,trimmed_cropped_9FJGoajcwLE.mp4,True,True,False
visomaster_GhostFace-v1_02366,ignore,,,minimal_tier_excluded,,,GhostFace-v1,MINIMAL,0.134600,trimmed_cropped_nqBskO4fr7k.mp4,True,True,False
visomaster_GhostFace-v1_02367,keep,visomaster hints,baseline_cropped,retain_as_weak_signal_baseline_subset,GhostFace-v1|MODERATE,20260417,GhostFace-v1,MODERATE,0.154400,trimmed_cropped_lPFYdMzXOUg.mp4,True,True,False
visomaster_GhostFace-v1_02368,ignore,,,not_selected_in_deterministic_random_subset,,,GhostFace-v1,MODERATE,0.210300,trimmed_cropped_SZyJCsuDtq4.mp4,True,True,False
visomaster_GhostFace-v1_02369,ignore,,,minimal_tier_excluded,,,GhostFace-v1,MINIMAL,0.120100,trimmed_cropped_8bFeUHDYiyg.mp4,True,True,False
visomaster_GhostFace-v1_02370,ignore,,,not_selected_in_deterministic_random_subset,,,GhostFace-v1,MODERATE,0.273600,trimmed_cropped_jZDbEme6iyo.mp4,True,True,False
visomaster_GhostFace-v1_02371,ignore,,,not_selected_in_deterministic_random_subset,,,GhostFace-v1,MODERATE,0.284500,trimmed_cropped_VVm8tQPLG-8.mp4,True,True,False
visomaster_GhostFace-v1_02372,ignore,,,not_selected_in_deterministic_random_subset,,,GhostFace-v1,MODERATE,0.163900,trimmed_cropped_0J1e7GBJD2U.mp4,True,True,False
visomaster_GhostFace-v1_02373,ignore,,,not_selected_in_deterministic_random_subset,,,GhostFace-v1,MODERATE,0.248200,trimmed_cropped_rTTk0VUbe7A.mp4,True,True,False
visomaster_GhostFace-v1_02374,ignore,,,not_selected_in_deterministic_random_subset,,,GhostFace-v1,MODERATE,0.218300,trimmed_cropped_ILJPjW5-_sc.mp4,True,True,False
visomaster_GhostFace-v1_02375,ignore,,,not_selected_in_deterministic_random_subset,,,GhostFace-v1,MODERATE,0.268900,trimmed_cropped_Xzi3fQlORW0.mp4,True,True,False
visomaster_GhostFace-v1_02376,ignore,,,minimal_tier_excluded,,,GhostFace-v1,MINIMAL,0.109900,trimmed_cropped_KtroK0q87xU.mp4,True,True,False
visomaster_GhostFace-v1_02377,keep,visomaster hints,baseline_cropped,retain_as_weak_signal_baseline_subset,GhostFace-v1|MODERATE,20260417,GhostFace-v1,MODERATE,0.205100,trimmed_cropped_We-TJn6B12A.mp4,True,True,False
visomaster_GhostFace-v1_02378,keep,visomaster hints,baseline_cropped,retain_as_weak_signal_baseline_subset,GhostFace-v1|MODERATE,20260417,GhostFace-v1,MODERATE,0.299600,trimmed_cropped_iBxpOQX2WxM.mp4,True,True,False
visomaster_GhostFace-v1_02379,ignore,,,minimal_tier_excluded,,,GhostFace-v1,MINIMAL,0.101200,trimmed_cropped_LXm09YS-3BQ.mp4,True,True,False
visomaster_GhostFace-v1_02380,ignore,,,not_selected_in_deterministic_random_subset,,,GhostFace-v1,MODERATE,0.185300,trimmed_cropped_y1pgP00AXWE.mp4,True,True,False
visomaster_GhostFace-v1_02381,ignore,,,not_selected_in_deterministic_random_subset,,,GhostFace-v1,MODERATE,0.174500,trimmed_cropped_faiNGpmxYT0.mp4,True,True,False
visomaster_GhostFace-v1_02382,ignore,,,minimal_tier_excluded,,,GhostFace-v1,MINIMAL,0.113400,trimmed_cropped_xPPU19zzu9M.mp4,True,True,False
visomaster_GhostFace-v1_02383,ignore,,,not_selected_in_deterministic_random_subset,,,GhostFace-v1,MODERATE,0.263100,trimmed_cropped_ZnUj4Z4PloA.mp4,True,True,False
visomaster_GhostFace-v1_02384,ignore,,,not_selected_in_deterministic_random_subset,,,GhostFace-v1,MODERATE,0.154500,trimmed_cropped_k9KGSvsaIps.mp4,True,True,False
visomaster_GhostFace-v1_02385,ignore,,,not_selected_in_deterministic_random_subset,,,GhostFace-v1,MODERATE,0.228000,trimmed_cropped_R8Q3ce3ANfI.mp4,True,True,False
visomaster_GhostFace-v1_02386,ignore,,,not_selected_in_deterministic_random_subset,,,GhostFace-v1,MODERATE,0.199100,trimmed_cropped_i7lTcGkDHYI.mp4,True,True,False
visomaster_GhostFace-v1_02387,ignore,,,not_selected_in_deterministic_random_subset,,,GhostFace-v1,MODERATE,0.208200,trimmed_cropped_qAqZ9YRL8Fc.mp4,True,True,False
visomaster_GhostFace-v1_02388,ignore,,,not_selected_in_deterministic_random_subset,,,GhostFace-v1,MODERATE,0.152900,trimmed_cropped_3G2P1eSf0Wc.mp4,True,True,False
visomaster_GhostFace-v1_02389,ignore,,,minimal_tier_excluded,,,GhostFace-v1,MINIMAL,0.095700,trimmed_cropped_Ioi4jaV9kek.mp4,True,True,False
visomaster_GhostFace-v1_02390,ignore,,,not_selected_in_deterministic_random_subset,,,GhostFace-v1,MODERATE,0.154500,trimmed_cropped_GQW2SjBFB3c.mp4,True,True,False
visomaster_GhostFace-v1_02391,ignore,,,not_selected_in_deterministic_random_subset,,,GhostFace-v1,MODERATE,0.158300,trimmed_cropped_eXfapMk8Flk.mp4,True,True,False
visomaster_GhostFace-v1_02392,keep,visomaster hints,baseline_cropped,retain_as_weak_signal_baseline_subset,GhostFace-v1|MODERATE,20260417,GhostFace-v1,MODERATE,0.225000,trimmed_cropped_cGv2HANqVA4.mp4,True,True,False
visomaster_GhostFace-v1_02393,keep,visomaster hints,baseline_cropped,retain_as_weak_signal_baseline_subset,GhostFace-v1|MODERATE,20260417,GhostFace-v1,MODERATE,0.181500,trimmed_cropped_FtGyXvolQAA.mp4,True,True,False
visomaster_GhostFace-v1_02394,keep,visomaster hints,baseline_cropped,retain_as_weak_signal_baseline_subset,GhostFace-v1|STRONG,20260417,GhostFace-v1,STRONG,0.347800,trimmed_cropped_R1-UCozjWpM.mp4,True,True,False
visomaster_GhostFace-v1_02395,ignore,,,not_selected_in_deterministic_random_subset,,,GhostFace-v1,MODERATE,0.182000,trimmed_cropped_pUrxA2UPODo.mp4,True,True,False
visomaster_GhostFace-v1_02396,keep,visomaster hints,baseline_cropped,retain_as_weak_signal_baseline_subset,GhostFace-v1|STRONG,20260417,GhostFace-v1,STRONG,0.360100,trimmed_cropped_6QWnu5s6S7E.mp4,True,True,False
visomaster_GhostFace-v1_02397,ignore,,,minimal_tier_excluded,,,GhostFace-v1,MINIMAL,0.100800,trimmed_cropped_kuTmha9XMc4.mp4,True,True,False
visomaster_GhostFace-v1_02398,ignore,,,minimal_tier_excluded,,,GhostFace-v1,MINIMAL,0.127700,trimmed_cropped_Nj6yk1dz31g.mp4,True,True,False
visomaster_GhostFace-v1_02399,ignore,,,minimal_tier_excluded,,,GhostFace-v1,MINIMAL,0.148900,trimmed_cropped_w6iAo5xfpkM.mp4,True,True,False
visomaster_GhostFace-v1_02400,ignore,,,not_selected_in_deterministic_random_subset,,,GhostFace-v1,MODERATE,0.269000,trimmed_cropped_nGus-GgmXD0.mp4,True,True,False
visomaster_GhostFace-v1_02401,ignore,,,minimal_tier_excluded,,,GhostFace-v1,MINIMAL,0.140600,trimmed_cropped_qcg7uyxomSc.mp4,True,True,False
visomaster_GhostFace-v1_02402,ignore,,,not_selected_in_deterministic_random_subset,,,GhostFace-v1,MODERATE,0.173800,trimmed_cropped__NT5OPJuHoE.mp4,True,True,False
visomaster_GhostFace-v1_02403,ignore,,,not_selected_in_deterministic_random_subset,,,GhostFace-v1,MODERATE,0.175800,trimmed_cropped_h4ZLuk_X8u0.mp4,True,True,False
visomaster_GhostFace-v1_02404,ignore,,,not_selected_in_deterministic_random_subset,,,GhostFace-v1,MODERATE,0.189600,trimmed_cropped_kuTmha9XMc4.mp4,True,True,False
visomaster_GhostFace-v1_02405,ignore,,,not_selected_in_deterministic_random_subset,,,GhostFace-v1,MODERATE,0.286800,trimmed_cropped_B_1DUmeH07w.mp4,True,True,False
visomaster_GhostFace-v1_02406,keep,visomaster hints,baseline_cropped,retain_as_weak_signal_baseline_subset,GhostFace-v1|STRONG,20260417,GhostFace-v1,STRONG,0.325600,trimmed_cropped_GP9p-xdK4Dk.mp4,True,True,False
visomaster_GhostFace-v1_02407,ignore,,,not_selected_in_deterministic_random_subset,,,GhostFace-v1,MODERATE,0.278700,trimmed_cropped_kLDW4U1ApVs.mp4,True,True,False
visomaster_GhostFace-v1_02408,ignore,,,not_selected_in_deterministic_random_subset,,,GhostFace-v1,MODERATE,0.154400,trimmed_cropped_o22pEErv11I.mp4,True,True,False
visomaster_GhostFace-v1_02409,ignore,,,not_selected_in_deterministic_random_subset,,,GhostFace-v1,MODERATE,0.192900,trimmed_cropped_9zwk11m22xI.mp4,True,True,False
visomaster_GhostFace-v1_02410,ignore,,,minimal_tier_excluded,,,GhostFace-v1,MINIMAL,0.134400,trimmed_cropped_rPhFWdOYZ7w.mp4,True,True,False
visomaster_GhostFace-v1_02411,ignore,,,minimal_tier_excluded,,,GhostFace-v1,MINIMAL,0.131900,trimmed_cropped_MMr9gQ6W3MM.mp4,True,True,False
visomaster_GhostFace-v1_02412,ignore,,,minimal_tier_excluded,,,GhostFace-v1,MINIMAL,0.145000,trimmed_cropped_wfuQnGA9izE.mp4,True,True,False
visomaster_GhostFace-v1_02413,ignore,,,not_selected_in_deterministic_random_subset,,,GhostFace-v1,MODERATE,0.164500,trimmed_cropped_osg5hWljYlE.mp4,True,True,False
visomaster_GhostFace-v1_02414,ignore,,,not_selected_in_deterministic_random_subset,,,GhostFace-v1,MODERATE,0.284200,trimmed_cropped_RqhfijDF23w.mp4,True,True,False
visomaster_GhostFace-v1_02415,ignore,,,minimal_tier_excluded,,,GhostFace-v1,MINIMAL,0.093100,trimmed_cropped_Cf9FniisIK4.mp4,True,True,False
visomaster_GhostFace-v1_02416,ignore,,,minimal_tier_excluded,,,GhostFace-v1,MINIMAL,0.125000,trimmed_cropped_a3L21MwPYUA.mp4,True,True,False
visomaster_GhostFace-v1_02417,keep,visomaster hints,baseline_cropped,retain_as_weak_signal_baseline_subset,GhostFace-v1|STRONG,20260417,GhostFace-v1,STRONG,0.316400,trimmed_cropped_ImmzOmjlhKQ.mp4,True,True,False
visomaster_GhostFace-v1_02418,ignore,,,not_selected_in_deterministic_random_subset,,,GhostFace-v1,MODERATE,0.270700,trimmed_cropped_Fh0iWB1eXRc.mp4,True,True,False
visomaster_GhostFace-v1_02419,ignore,,,not_selected_in_deterministic_random_subset,,,GhostFace-v1,MODERATE,0.203200,trimmed_cropped_L-ssYKoNkSs.mp4,True,True,False
visomaster_GhostFace-v1_02420,ignore,,,not_selected_in_deterministic_random_subset,,,GhostFace-v1,MODERATE,0.164900,trimmed_cropped_PpnLNtscAeo.mp4,True,True,False
visomaster_GhostFace-v1_02421,keep,visomaster hints,baseline_cropped,retain_as_weak_signal_baseline_subset,GhostFace-v1|STRONG,20260417,GhostFace-v1,STRONG,0.306000,trimmed_cropped_ZNzTjeyr78o.mp4,True,True,False
visomaster_GhostFace-v1_02422,ignore,,,minimal_tier_excluded,,,GhostFace-v1,MINIMAL,0.132400,trimmed_cropped_eDK3ao3hQ6Y.mp4,True,True,False
visomaster_GhostFace-v1_02423,ignore,,,minimal_tier_excluded,,,GhostFace-v1,MINIMAL,0.117800,trimmed_cropped_Yl3vvAtxt-Y.mp4,True,True,False
visomaster_GhostFace-v1_02424,ignore,,,not_selected_in_deterministic_random_subset,,,GhostFace-v1,MODERATE,0.206500,trimmed_cropped_BSdFdJGCv-4.mp4,True,True,False
visomaster_GhostFace-v1_02425,ignore,,,not_selected_in_deterministic_random_subset,,,GhostFace-v1,MODERATE,0.215200,trimmed_cropped_K61hy9Vjw1I.mp4,True,True,False
visomaster_GhostFace-v1_02426,ignore,,,minimal_tier_excluded,,,GhostFace-v1,MINIMAL,0.082500,trimmed_cropped_JNsr0su9Dz8.mp4,True,True,False
visomaster_GhostFace-v1_02427,ignore,,,not_selected_in_deterministic_random_subset,,,GhostFace-v1,MODERATE,0.260100,trimmed_cropped_a5xND9ApVrc.mp4,True,True,False
visomaster_GhostFace-v1_02428,ignore,,,minimal_tier_excluded,,,GhostFace-v1,MINIMAL,0.112800,trimmed_cropped_T6W8g7GCkuU.mp4,True,True,False
visomaster_GhostFace-v1_02429,ignore,,,not_selected_in_deterministic_random_subset,,,GhostFace-v1,MODERATE,0.274000,trimmed_cropped_7rYeSDHS0U0.mp4,True,True,False
visomaster_GhostFace-v1_02430,ignore,,,minimal_tier_excluded,,,GhostFace-v1,MINIMAL,0.131300,trimmed_cropped_TfbEwfYjKl4.mp4,True,True,False
visomaster_GhostFace-v1_02431,keep,visomaster hints,baseline_cropped,retain_as_weak_signal_baseline_subset,GhostFace-v1|STRONG,20260417,GhostFace-v1,STRONG,0.317100,trimmed_cropped_mlSEMALO8f0.mp4,True,True,False
visomaster_GhostFace-v1_02432,keep,visomaster hints,baseline_cropped,retain_as_weak_signal_baseline_subset,GhostFace-v1|STRONG,20260417,GhostFace-v1,STRONG,0.305400,trimmed_cropped_mNarelgpCwM.mp4,True,True,False
visomaster_GhostFace-v1_02433,keep,visomaster hints,baseline_cropped,retain_as_weak_signal_baseline_subset,GhostFace-v1|STRONG,20260417,GhostFace-v1,STRONG,0.362300,trimmed_cropped_OUoINHcKCkw.mp4,True,True,False
visomaster_GhostFace-v1_02434,ignore,,,minimal_tier_excluded,,,GhostFace-v1,MINIMAL,0.124200,trimmed_cropped_z088igEeSkk.mp4,True,True,False
visomaster_GhostFace-v1_02435,ignore,,,not_selected_in_deterministic_random_subset,,,GhostFace-v1,MODERATE,0.236500,trimmed_cropped_WDPI_SpTRVg.mp4,True,True,False
visomaster_GhostFace-v1_02436,keep,visomaster hints,baseline_cropped,retain_as_weak_signal_baseline_subset,GhostFace-v1|STRONG,20260417,GhostFace-v1,STRONG,0.301500,trimmed_cropped_ab_TeXLwmd4.mp4,True,True,False
visomaster_GhostFace-v1_02437,ignore,,,not_selected_in_deterministic_random_subset,,,GhostFace-v1,MODERATE,0.211400,trimmed_cropped_3P2WVtnDPoQ.mp4,True,True,False
visomaster_GhostFace-v1_02438,ignore,,,not_selected_in_deterministic_random_subset,,,GhostFace-v1,MODERATE,0.270400,trimmed_cropped_fuuJMQDy9ME.mp4,True,True,False
visomaster_GhostFace-v1_02439,ignore,,,not_selected_in_deterministic_random_subset,,,GhostFace-v1,MODERATE,0.217300,trimmed_65oA2iU3qeM.mp4,True,True,False
visomaster_GhostFace-v1_02440,ignore,,,minimal_tier_excluded,,,GhostFace-v1,MINIMAL,0.123500,trimmed_cropped_BU3iL9XrHDM.mp4,True,True,False
visomaster_GhostFace-v1_02441,ignore,,,minimal_tier_excluded,,,GhostFace-v1,MINIMAL,0.139800,trimmed_cropped_fExAt688_j8.mp4,True,True,False
visomaster_GhostFace-v1_02442,ignore,,,minimal_tier_excluded,,,GhostFace-v1,MINIMAL,0.126800,trimmed_cropped_UplNLYorayY.mp4,True,True,False
visomaster_GhostFace-v1_02443,ignore,,,not_selected_in_deterministic_random_subset,,,GhostFace-v1,MODERATE,0.211800,trimmed_cropped_BYMAdJMTKFc.mp4,True,True,False
visomaster_GhostFace-v1_02444,ignore,,,not_selected_in_deterministic_random_subset,,,GhostFace-v1,MODERATE,0.206500,trimmed_cropped_Z6ZsqyOAEU0.mp4,True,True,False
visomaster_GhostFace-v1_02445,keep,visomaster hints,baseline_cropped,retain_as_weak_signal_baseline_subset,GhostFace-v1|STRONG,20260417,GhostFace-v1,STRONG,0.394900,trimmed_cropped_OicJLL_Kv_U.mp4,True,True,False
visomaster_GhostFace-v1_02446,ignore,,,not_selected_in_deterministic_random_subset,,,GhostFace-v1,MODERATE,0.235700,trimmed_cropped_esN0KaDm4Rk.mp4,True,True,False
visomaster_GhostFace-v1_02447,ignore,,,minimal_tier_excluded,,,GhostFace-v1,MINIMAL,0.089100,trimmed_cropped_WXiZi_Z0ZLQ.mp4,True,True,False
visomaster_GhostFace-v1_02448,ignore,,,not_selected_in_deterministic_random_subset,,,GhostFace-v1,MODERATE,0.257600,trimmed_cropped_oV7xJcZyZS4.mp4,True,True,False
visomaster_GhostFace-v1_02449,ignore,,,minimal_tier_excluded,,,GhostFace-v1,MINIMAL,0.125600,trimmed_cropped_wmNKHHWZPmw.mp4,True,True,False
visomaster_GhostFace-v1_02450,keep,visomaster hints,baseline_cropped,retain_as_weak_signal_baseline_subset,GhostFace-v1|MODERATE,20260417,GhostFace-v1,MODERATE,0.159500,trimmed_cropped_UKfEzh5cgMY.mp4,True,True,False
visomaster_GhostFace-v1_02451,keep,visomaster hints,baseline_cropped,retain_as_weak_signal_baseline_subset,GhostFace-v1|MODERATE,20260417,GhostFace-v1,MODERATE,0.171400,trimmed_cropped_Rt1QzgeuGzc.mp4,True,True,False
visomaster_GhostFace-v1_02452,ignore,,,not_selected_in_deterministic_random_subset,,,GhostFace-v1,STRONG,0.308400,trimmed_cropped_gJdur5oTdSY.mp4,True,True,False
visomaster_GhostFace-v1_02453,ignore,,,minimal_tier_excluded,,,GhostFace-v1,MINIMAL,0.148400,trimmed_cropped_j4ATjq0-4oE.mp4,True,True,False
visomaster_GhostFace-v1_02454,ignore,,,not_selected_in_deterministic_random_subset,,,GhostFace-v1,MODERATE,0.190800,trimmed_cropped_eXfapMk8Flk.mp4,True,True,False
visomaster_GhostFace-v1_02455,ignore,,,not_selected_in_deterministic_random_subset,,,GhostFace-v1,MODERATE,0.188700,trimmed_cropped_oPfalvF9cLo.mp4,True,True,False
visomaster_GhostFace-v1_02456,ignore,,,minimal_tier_excluded,,,GhostFace-v1,MINIMAL,0.141000,trimmed_cropped_rLIwjIPcJA0.mp4,True,True,False
visomaster_GhostFace-v1_02457,ignore,,,minimal_tier_excluded,,,GhostFace-v1,MINIMAL,0.118200,trimmed_cropped_RwDGon4jBjQ.mp4,True,True,False
visomaster_GhostFace-v1_02458,ignore,,,not_selected_in_deterministic_random_subset,,,GhostFace-v1,MODERATE,0.244100,trimmed_cropped_wAqydoz8HS0.mp4,True,True,False
visomaster_GhostFace-v1_02459,ignore,,,minimal_tier_excluded,,,GhostFace-v1,MINIMAL,0.117400,trimmed_cropped_nwEdMC-Lqr0.mp4,True,True,False
visomaster_GhostFace-v1_02460,ignore,,,minimal_tier_excluded,,,GhostFace-v1,MINIMAL,0.117700,trimmed_cropped_8fwTN7R-ROQ.mp4,True,True,False
visomaster_GhostFace-v1_02461,ignore,,,not_selected_in_deterministic_random_subset,,,GhostFace-v1,MODERATE,0.202000,trimmed_cropped_dPKVl5ZAdPA.mp4,True,True,False
visomaster_GhostFace-v1_02462,ignore,,,not_selected_in_deterministic_random_subset,,,GhostFace-v1,MODERATE,0.183500,trimmed_cropped_ztVi1haAPyU.mp4,True,True,False
visomaster_GhostFace-v1_02463,ignore,,,minimal_tier_excluded,,,GhostFace-v1,MINIMAL,0.146400,trimmed_cropped_vEjqkBLadzI.mp4,True,True,False
visomaster_GhostFace-v1_02464,ignore,,,not_selected_in_deterministic_random_subset,,,GhostFace-v1,MODERATE,0.213900,trimmed_cropped_E-lq2ErdlXY.mp4,True,True,False
visomaster_GhostFace-v1_02465,ignore,,,not_selected_in_deterministic_random_subset,,,GhostFace-v1,MODERATE,0.282200,trimmed_cropped_jepUSF0zsAY.mp4,True,True,False
visomaster_GhostFace-v1_02466,keep,visomaster hints,baseline_cropped,retain_as_weak_signal_baseline_subset,GhostFace-v1|MODERATE,20260417,GhostFace-v1,MODERATE,0.297500,trimmed_cropped_oQzcpUxaHYM.mp4,True,True,False
visomaster_GhostFace-v1_02467,keep,visomaster hints,baseline_cropped,retain_as_weak_signal_baseline_subset,GhostFace-v1|MODERATE,20260417,GhostFace-v1,MODERATE,0.208200,trimmed_cropped_d09A439yi_Q.mp4,True,True,False
visomaster_GhostFace-v1_02468,ignore,,,not_selected_in_deterministic_random_subset,,,GhostFace-v1,MODERATE,0.283500,trimmed_cropped_2Eowr47O8cQ.mp4,True,True,False
visomaster_GhostFace-v1_02469,keep,visomaster hints,baseline_cropped,retain_as_weak_signal_baseline_subset,GhostFace-v1|MODERATE,20260417,GhostFace-v1,MODERATE,0.180300,trimmed_cropped_4XkHggw_J7Y.mp4,True,True,False
visomaster_GhostFace-v1_02470,ignore,,,minimal_tier_excluded,,,GhostFace-v1,MINIMAL,0.133000,trimmed_cropped_448naPYDVpA.mp4,True,True,False
visomaster_GhostFace-v1_02471,ignore,,,not_selected_in_deterministic_random_subset,,,GhostFace-v1,MODERATE,0.226100,trimmed_cropped_WAbRtMCb4I0.mp4,True,True,False
visomaster_GhostFace-v1_02472,ignore,,,minimal_tier_excluded,,,GhostFace-v1,MINIMAL,0.120900,trimmed_cropped_xjuqlJbFgR4.mp4,True,True,False
visomaster_GhostFace-v1_02473,ignore,,,not_selected_in_deterministic_random_subset,,,GhostFace-v1,MODERATE,0.221700,trimmed_cropped_DDn68Mg-E94.mp4,True,True,False
visomaster_GhostFace-v1_02474,ignore,,,not_selected_in_deterministic_random_subset,,,GhostFace-v1,MODERATE,0.175000,trimmed_cropped_DYkuLpmDcww.mp4,True,True,False
visomaster_GhostFace-v1_02475,ignore,,,not_selected_in_deterministic_random_subset,,,GhostFace-v1,MODERATE,0.210600,trimmed_cropped_lx3t39gu7gk.mp4,True,True,False
visomaster_GhostFace-v1_02476,ignore,,,minimal_tier_excluded,,,GhostFace-v1,MINIMAL,0.149700,trimmed_cropped_eeH72xfodoE.mp4,True,True,False
visomaster_GhostFace-v1_02477,ignore,,,not_selected_in_deterministic_random_subset,,,GhostFace-v1,MODERATE,0.235000,trimmed_cropped_1nMjKd4Jjck.mp4,True,True,False
visomaster_GhostFace-v1_02478,keep,visomaster hints,baseline_cropped,retain_as_weak_signal_baseline_subset,GhostFace-v1|STRONG,20260417,GhostFace-v1,STRONG,0.321000,trimmed_cropped_wu3Ozfyb0As.mp4,True,True,False
visomaster_GhostFace-v1_02479,ignore,,,not_selected_in_deterministic_random_subset,,,GhostFace-v1,MODERATE,0.255200,trimmed_cropped_e8f1ZoYg8O8.mp4,True,True,False
visomaster_GhostFace-v1_02480,keep,visomaster hints,baseline_cropped,retain_as_weak_signal_baseline_subset,GhostFace-v1|MODERATE,20260417,GhostFace-v1,MODERATE,0.163000,trimmed_cropped_QVRJaLhM5YA.mp4,True,True,False
visomaster_GhostFace-v1_02481,ignore,,,minimal_tier_excluded,,,GhostFace-v1,MINIMAL,0.095400,trimmed_cropped_ijRmgW4ImQ0.mp4,True,True,False
visomaster_GhostFace-v1_02482,ignore,,,minimal_tier_excluded,,,GhostFace-v1,MINIMAL,0.094500,trimmed_cropped_9N_6ELmLO2c.mp4,True,True,False
visomaster_GhostFace-v1_02483,ignore,,,not_selected_in_deterministic_random_subset,,,GhostFace-v1,MODERATE,0.180400,trimmed_cropped_tGcZFskAH5Q.mp4,True,True,False
visomaster_GhostFace-v1_02484,keep,visomaster hints,baseline_cropped,retain_as_weak_signal_baseline_subset,GhostFace-v1|STRONG,20260417,GhostFace-v1,STRONG,0.356900,trimmed_cropped_BDhjtKRvIT8.mp4,True,True,False
visomaster_GhostFace-v1_02485,ignore,,,minimal_tier_excluded,,,GhostFace-v1,MINIMAL,0.117400,trimmed_cropped_xIfL1fj-BnI.mp4,True,True,False
visomaster_GhostFace-v1_02486,ignore,,,not_selected_in_deterministic_random_subset,,,GhostFace-v1,MODERATE,0.240500,trimmed_cropped_0KJR4-NP0kA.mp4,True,True,False
visomaster_GhostFace-v1_02487,ignore,,,minimal_tier_excluded,,,GhostFace-v1,MINIMAL,0.134000,trimmed_cropped__5p-OcteMlI.mp4,True,True,False
visomaster_GhostFace-v1_02488,ignore,,,not_selected_in_deterministic_random_subset,,,GhostFace-v1,MODERATE,0.151600,trimmed_cropped_9N_6ELmLO2c.mp4,True,True,False
visomaster_GhostFace-v1_02489,ignore,,,not_selected_in_deterministic_random_subset,,,GhostFace-v1,MODERATE,0.296300,trimmed_cropped_R2ZAIzXvFS8.mp4,True,True,False
visomaster_GhostFace-v1_02490,ignore,,,not_selected_in_deterministic_random_subset,,,GhostFace-v1,MODERATE,0.230000,trimmed_cropped_oy_lQykHUjM.mp4,True,True,False
visomaster_GhostFace-v1_02491,ignore,,,not_selected_in_deterministic_random_subset,,,GhostFace-v1,MODERATE,0.205400,trimmed_cropped_12bCFjAfpL8.mp4,True,True,False
visomaster_GhostFace-v1_02492,ignore,,,minimal_tier_excluded,,,GhostFace-v1,MINIMAL,0.145200,trimmed_cropped_--Tl7vxEsyw.mp4,True,True,False
visomaster_GhostFace-v1_02493,ignore,,,minimal_tier_excluded,,,GhostFace-v1,MINIMAL,0.121900,trimmed_cropped_miPMzHA0FoM.mp4,True,True,False
visomaster_GhostFace-v1_02494,ignore,,,not_selected_in_deterministic_random_subset,,,GhostFace-v1,MODERATE,0.150100,trimmed_cropped_Bj1kuOEb1Y8.mp4,True,True,False
visomaster_GhostFace-v1_02495,ignore,,,not_selected_in_deterministic_random_subset,,,GhostFace-v1,MODERATE,0.200000,trimmed_cropped__dTqCwQ65gM.mp4,True,True,False
visomaster_GhostFace-v1_02496,ignore,,,not_selected_in_deterministic_random_subset,,,GhostFace-v1,MODERATE,0.176200,trimmed_cropped_8iTJpbF6v7w.mp4,True,True,False
visomaster_GhostFace-v1_02497,ignore,,,not_selected_in_deterministic_random_subset,,,GhostFace-v1,MODERATE,0.222500,trimmed_cropped_NhOo9l3S1jI.mp4,True,True,False
visomaster_GhostFace-v1_02498,keep,visomaster hints,baseline_cropped,retain_as_weak_signal_baseline_subset,GhostFace-v1|MODERATE,20260417,GhostFace-v1,MODERATE,0.183200,trimmed_cropped_dTB75BxVs_k.mp4,True,True,False
visomaster_GhostFace-v1_02499,ignore,,,not_selected_in_deterministic_random_subset,,,GhostFace-v1,MODERATE,0.200500,trimmed_cropped_qAqZ9YRL8Fc.mp4,True,True,False
visomaster_GhostFace-v1_02500,ignore,,,not_selected_in_deterministic_random_subset,,,GhostFace-v1,MODERATE,0.220700,trimmed_cropped_OUAXNPjaaEc.mp4,True,True,False
visomaster_GhostFace-v1_02501,keep,visomaster hints,baseline_cropped,retain_as_weak_signal_baseline_subset,GhostFace-v1|STRONG,20260417,GhostFace-v1,STRONG,0.334100,trimmed_cropped_L5efC72r4PA.mp4,True,True,False
visomaster_GhostFace-v1_02502,ignore,,,minimal_tier_excluded,,,GhostFace-v1,MINIMAL,0.018400,trimmed_cropped_fAd7ivtl5zg.mp4,True,True,False
visomaster_GhostFace-v1_02503,ignore,,,minimal_tier_excluded,,,GhostFace-v1,MINIMAL,0.025300,trimmed_cropped_nze1rb71MoE.mp4,True,True,False
visomaster_GhostFace-v1_02504,ignore,,,minimal_tier_excluded,,,GhostFace-v1,MINIMAL,0.010900,trimmed_cropped_dCFvEYNwbXw.mp4,True,True,False
visomaster_GhostFace-v1_02505,ignore,,,minimal_tier_excluded,,,GhostFace-v1,MINIMAL,0.023100,trimmed_cropped_zLWxMbfxGMc.mp4,True,True,False
visomaster_GhostFace-v1_02506,ignore,,,minimal_tier_excluded,,,GhostFace-v1,MINIMAL,0.016300,trimmed_cropped_Xno1vWhjUEM.mp4,True,True,False
visomaster_GhostFace-v1_02507,ignore,,,minimal_tier_excluded,,,GhostFace-v1,MINIMAL,0.028400,trimmed_cropped_mmETl-wX0Ec.mp4,True,True,False
visomaster_GhostFace-v1_02508,ignore,,,minimal_tier_excluded,,,GhostFace-v1,MINIMAL,0.010000,trimmed_cropped_-9rGb7muhTI.mp4,True,True,False
visomaster_GhostFace-v1_02509,ignore,,,minimal_tier_excluded,,,GhostFace-v1,MINIMAL,0.029700,trimmed_cropped_QaGjQ33KVW0.mp4,True,True,False
visomaster_GhostFace-v1_02510,ignore,,,minimal_tier_excluded,,,GhostFace-v1,MINIMAL,0.009000,trimmed_cropped_QOB-JH2tZNI.mp4,True,True,False
visomaster_GhostFace-v1_02511,ignore,,,minimal_tier_excluded,,,GhostFace-v1,MINIMAL,0.014000,trimmed_cropped_81KhkfoSAVY.mp4,True,True,False
visomaster_GhostFace-v1_02512,ignore,,,minimal_tier_excluded,,,GhostFace-v1,MINIMAL,0.019200,trimmed_cropped_rmxnkfAOtTw.mp4,True,True,False
visomaster_GhostFace-v1_02513,ignore,,,minimal_tier_excluded,,,GhostFace-v1,MINIMAL,0.015800,trimmed_cropped_cWowFDmF_5E.mp4,True,True,False
visomaster_GhostFace-v1_02514,ignore,,,minimal_tier_excluded,,,GhostFace-v1,MINIMAL,0.034400,trimmed_cropped_3lm83UIJJm0.mp4,True,True,False
visomaster_GhostFace-v1_02515,ignore,,,minimal_tier_excluded,,,GhostFace-v1,MINIMAL,0.018200,trimmed_cropped_H1iPoa8s01Q.mp4,True,True,False
visomaster_GhostFace-v1_02516,ignore,,,minimal_tier_excluded,,,GhostFace-v1,MINIMAL,0.026500,trimmed_cropped_IMYWtB2QhJY.mp4,True,True,False
visomaster_GhostFace-v1_02517,ignore,,,minimal_tier_excluded,,,GhostFace-v1,MINIMAL,0.014100,trimmed_cropped_1IcGANZFS1Q.mp4,True,True,False
visomaster_GhostFace-v1_02518,ignore,,,minimal_tier_excluded,,,GhostFace-v1,MINIMAL,0.009600,trimmed_cropped_KdfpiRiG9W8.mp4,True,True,False
visomaster_GhostFace-v1_02519,ignore,,,minimal_tier_excluded,,,GhostFace-v1,MINIMAL,0.013200,trimmed_cropped_CStrhjEznIE.mp4,True,True,False
visomaster_GhostFace-v1_02520,ignore,,,minimal_tier_excluded,,,GhostFace-v1,MINIMAL,0.010800,trimmed_cropped_ZWxK9GqiJfY.mp4,True,True,False
visomaster_GhostFace-v1_02521,ignore,,,minimal_tier_excluded,,,GhostFace-v1,MINIMAL,0.031900,trimmed_cropped_doH_dF6cCVk.mp4,True,True,False
visomaster_GhostFace-v1_02522,ignore,,,minimal_tier_excluded,,,GhostFace-v1,MINIMAL,0.010000,trimmed_cropped_AC80JfVJnGI.mp4,True,True,False
visomaster_GhostFace-v1_02523,ignore,,,minimal_tier_excluded,,,GhostFace-v1,MINIMAL,0.033500,trimmed_cropped_w7IaSgTlvkk.mp4,True,True,False
visomaster_GhostFace-v1_02524,ignore,,,minimal_tier_excluded,,,GhostFace-v1,MINIMAL,0.023700,trimmed_cropped_WR4tINbSXp4.mp4,True,True,False
visomaster_GhostFace-v1_02525,ignore,,,minimal_tier_excluded,,,GhostFace-v1,MINIMAL,0.021000,trimmed_cropped_UMK2AgFC70U.mp4,True,True,False
visomaster_GhostFace-v1_02526,ignore,,,minimal_tier_excluded,,,GhostFace-v1,MINIMAL,0.019100,trimmed_cropped_UW5NP_MWPL0.mp4,True,True,False
visomaster_GhostFace-v1_02527,ignore,,,minimal_tier_excluded,,,GhostFace-v1,MINIMAL,0.026000,trimmed_cropped_6CG5Ye5PkUM.mp4,True,True,False
visomaster_GhostFace-v1_02528,ignore,,,minimal_tier_excluded,,,GhostFace-v1,MINIMAL,0.023800,trimmed_cropped_K7_xY2IZVFI.mp4,True,True,False
visomaster_GhostFace-v1_02529,ignore,,,minimal_tier_excluded,,,GhostFace-v1,MINIMAL,0.014000,trimmed_cropped_sJr40szLOFE.mp4,True,True,False
visomaster_GhostFace-v1_02530,ignore,,,minimal_tier_excluded,,,GhostFace-v1,MINIMAL,0.025800,trimmed_cropped_LgMSqC748Us.mp4,True,True,False
visomaster_GhostFace-v1_02531,ignore,,,minimal_tier_excluded,,,GhostFace-v1,MINIMAL,0.021900,trimmed_cropped_OQu_8S46TdA.mp4,True,True,False
visomaster_GhostFace-v1_02532,ignore,,,minimal_tier_excluded,,,GhostFace-v1,MINIMAL,0.016700,trimmed_cropped_WxDiNbSZUm0.mp4,True,True,False
visomaster_GhostFace-v1_02533,ignore,,,minimal_tier_excluded,,,GhostFace-v1,MINIMAL,0.021800,trimmed_a6RujPPl85s.mp4,True,True,False
visomaster_GhostFace-v1_02534,ignore,,,minimal_tier_excluded,,,GhostFace-v1,MINIMAL,0.011400,trimmed_cropped_w7MGvRr1uJ4.mp4,True,True,False
visomaster_GhostFace-v1_02535,ignore,,,minimal_tier_excluded,,,GhostFace-v1,MINIMAL,0.015600,trimmed_cropped_PKjqi7IZfdA.mp4,True,True,False
visomaster_GhostFace-v1_02536,ignore,,,minimal_tier_excluded,,,GhostFace-v1,MINIMAL,0.010900,trimmed_cropped_C6q3hHjCGtc.mp4,True,True,False
visomaster_GhostFace-v1_02537,ignore,,,minimal_tier_excluded,,,GhostFace-v1,MINIMAL,0.018600,trimmed_cropped_l0W4OX0MN0Q.mp4,True,True,False
visomaster_GhostFace-v1_02538,ignore,,,minimal_tier_excluded,,,GhostFace-v1,MINIMAL,0.040700,trimmed_cropped_Ig8vCdUjdA0.mp4,True,True,False
visomaster_GhostFace-v1_02539,ignore,,,minimal_tier_excluded,,,GhostFace-v1,MINIMAL,0.024000,trimmed_cropped_sMQihlvCS0U.mp4,True,True,False
visomaster_GhostFace-v1_02540,ignore,,,minimal_tier_excluded,,,GhostFace-v1,MINIMAL,0.015700,trimmed_cropped_aBVjmxY2Nyw.mp4,True,True,False
visomaster_GhostFace-v1_02541,ignore,,,minimal_tier_excluded,,,GhostFace-v1,MINIMAL,0.012900,trimmed_cropped_ljGKxn8GtCY.mp4,True,True,False
visomaster_GhostFace-v1_02542,ignore,,,minimal_tier_excluded,,,GhostFace-v1,MINIMAL,0.024900,trimmed_cropped_Ucel9A37G3M.mp4,True,True,False
visomaster_GhostFace-v1_02543,ignore,,,minimal_tier_excluded,,,GhostFace-v1,MINIMAL,0.038700,trimmed_cropped_MQZtoudrT0M.mp4,True,True,False
visomaster_GhostFace-v1_02544,ignore,,,minimal_tier_excluded,,,GhostFace-v1,MINIMAL,0.016000,trimmed_cropped_R8Q3ce3ANfI.mp4,True,True,False
visomaster_GhostFace-v1_02545,ignore,,,minimal_tier_excluded,,,GhostFace-v1,MINIMAL,0.019600,trimmed_cropped_fofxtVWI2w4.mp4,True,True,False
visomaster_GhostFace-v1_02546,ignore,,,minimal_tier_excluded,,,GhostFace-v1,MINIMAL,0.020200,trimmed_cropped_Ak6JTENwtSs.mp4,True,True,False
visomaster_GhostFace-v1_02547,ignore,,,minimal_tier_excluded,,,GhostFace-v1,MINIMAL,0.015700,trimmed_cropped_c58Epa9QYCA.mp4,True,True,False
visomaster_GhostFace-v1_02548,ignore,,,minimal_tier_excluded,,,GhostFace-v1,MINIMAL,0.024000,trimmed_cropped_8ePBWq-fDYE.mp4,True,True,False
visomaster_GhostFace-v1_02549,ignore,,,minimal_tier_excluded,,,GhostFace-v1,MINIMAL,0.039000,trimmed_cropped_We-TJn6B12A.mp4,True,True,False
visomaster_GhostFace-v1_02550,ignore,,,minimal_tier_excluded,,,GhostFace-v1,MINIMAL,0.016800,trimmed_cropped_u5v332XCGac.mp4,True,True,False
visomaster_GhostFace-v1_02551,ignore,,,minimal_tier_excluded,,,GhostFace-v1,MINIMAL,0.020000,trimmed_cropped_wzPrTjE_esA.mp4,True,True,False
visomaster_GhostFace-v1_02552,ignore,,,minimal_tier_excluded,,,GhostFace-v1,MINIMAL,0.029700,trimmed_cropped_L53hgoLebRU.mp4,True,True,False
visomaster_GhostFace-v1_02553,ignore,,,minimal_tier_excluded,,,GhostFace-v1,MINIMAL,0.011300,trimmed_cropped_ZK3QgIrOy0g.mp4,True,True,False
visomaster_GhostFace-v1_02554,ignore,,,minimal_tier_excluded,,,GhostFace-v1,MINIMAL,0.020300,trimmed_cropped_0oV7gKbz9tA.mp4,True,True,False
visomaster_GhostFace-v1_02555,ignore,,,minimal_tier_excluded,,,GhostFace-v1,MINIMAL,0.008700,trimmed_cropped_xhCy9WnQghg.mp4,True,True,False
visomaster_GhostFace-v1_02556,ignore,,,minimal_tier_excluded,,,GhostFace-v1,MINIMAL,0.023300,trimmed_cropped_sdsgNrqqmwk.mp4,True,True,False
visomaster_GhostFace-v1_02557,ignore,,,minimal_tier_excluded,,,GhostFace-v1,MINIMAL,0.055500,trimmed_cropped_olMS-1VLciU.mp4,True,True,False
visomaster_GhostFace-v1_02558,ignore,,,minimal_tier_excluded,,,GhostFace-v1,MINIMAL,0.025100,trimmed_cropped_2tP0nUW8QHM.mp4,True,True,False
visomaster_GhostFace-v1_02559,ignore,,,minimal_tier_excluded,,,GhostFace-v1,MINIMAL,0.011300,trimmed_cropped_z_QqIgEkGes.mp4,True,True,False
visomaster_GhostFace-v1_02560,ignore,,,minimal_tier_excluded,,,GhostFace-v1,MINIMAL,0.017500,trimmed_cropped_pqY1nWVfrKg.mp4,True,True,False
visomaster_GhostFace-v1_02561,ignore,,,minimal_tier_excluded,,,GhostFace-v1,MINIMAL,0.011700,trimmed_cropped_ynBstgrLWc4.mp4,True,True,False
visomaster_GhostFace-v1_02562,ignore,,,minimal_tier_excluded,,,GhostFace-v1,MINIMAL,0.040100,trimmed_cropped_srliv0CsEdQ.mp4,True,True,False
visomaster_GhostFace-v1_02563,ignore,,,minimal_tier_excluded,,,GhostFace-v1,MINIMAL,0.013200,trimmed_cropped_NN-lE5J-j_g.mp4,True,True,False
visomaster_GhostFace-v1_02564,ignore,,,minimal_tier_excluded,,,GhostFace-v1,MINIMAL,0.016800,trimmed_cropped_B_2fh4T2-Pg.mp4,True,True,False
visomaster_GhostFace-v1_02565,ignore,,,minimal_tier_excluded,,,GhostFace-v1,MINIMAL,0.016900,trimmed_cropped_Ioi4jaV9kek.mp4,True,True,False
visomaster_GhostFace-v1_02566,ignore,,,minimal_tier_excluded,,,GhostFace-v1,MINIMAL,0.019400,trimmed_cropped_8XTIegiQGjs.mp4,True,True,False
visomaster_GhostFace-v1_02567,ignore,,,minimal_tier_excluded,,,GhostFace-v1,MINIMAL,0.011200,trimmed_cropped_qh3yIfNhbBs.mp4,True,True,False
visomaster_GhostFace-v1_02568,ignore,,,minimal_tier_excluded,,,GhostFace-v1,MINIMAL,0.017000,trimmed_cropped_PE7Qi3jsCyc.mp4,True,True,False
visomaster_GhostFace-v1_02569,ignore,,,minimal_tier_excluded,,,GhostFace-v1,MINIMAL,0.026000,trimmed_cropped_DwFIUl4waR0.mp4,True,True,False
visomaster_GhostFace-v1_02570,ignore,,,minimal_tier_excluded,,,GhostFace-v1,MINIMAL,0.026800,trimmed_cropped_l77s2aei3gs.mp4,True,True,False
visomaster_GhostFace-v1_02571,ignore,,,minimal_tier_excluded,,,GhostFace-v1,MINIMAL,0.017500,trimmed_cropped_eJ7QAveC2Aw.mp4,True,True,False
visomaster_GhostFace-v1_02572,ignore,,,minimal_tier_excluded,,,GhostFace-v1,MINIMAL,0.038400,trimmed_cropped_YcZVtyi9EU0.mp4,True,True,False
visomaster_GhostFace-v1_02573,ignore,,,minimal_tier_excluded,,,GhostFace-v1,MINIMAL,0.014400,trimmed_cropped_qIZOyfm7FWI.mp4,True,True,False
visomaster_GhostFace-v1_02574,ignore,,,minimal_tier_excluded,,,GhostFace-v1,MINIMAL,0.015900,trimmed_cropped__7AyrX3Soqc.mp4,True,True,False
visomaster_GhostFace-v1_02575,ignore,,,minimal_tier_excluded,,,GhostFace-v1,MINIMAL,0.024500,trimmed_cropped_1h3356BnzqA.mp4,True,True,False
visomaster_GhostFace-v1_02576,ignore,,,minimal_tier_excluded,,,GhostFace-v1,MINIMAL,0.009700,trimmed_cropped_AX2Ja5zifKk.mp4,True,True,False
visomaster_GhostFace-v1_02577,ignore,,,minimal_tier_excluded,,,GhostFace-v1,MINIMAL,0.024800,trimmed_cropped_fTHGcsn-ieM.mp4,True,True,False
visomaster_GhostFace-v1_02578,ignore,,,minimal_tier_excluded,,,GhostFace-v1,MINIMAL,0.014900,trimmed_cropped_mu5uOmyDVkI.mp4,True,True,False
visomaster_GhostFace-v1_02579,ignore,,,minimal_tier_excluded,,,GhostFace-v1,MINIMAL,0.019000,trimmed_cropped_R7qsHlasnlQ.mp4,True,True,False
visomaster_GhostFace-v1_02580,ignore,,,minimal_tier_excluded,,,GhostFace-v1,MINIMAL,0.028600,trimmed_cropped_lV2ihjRVzMg.mp4,True,True,False
visomaster_GhostFace-v1_02581,ignore,,,minimal_tier_excluded,,,GhostFace-v1,MINIMAL,0.017900,trimmed_cropped_Ib6QAkhWjtA.mp4,True,True,False
visomaster_GhostFace-v1_02582,ignore,,,minimal_tier_excluded,,,GhostFace-v1,MINIMAL,0.014700,trimmed_cropped_wyrZxcMIBG4.mp4,True,True,False
visomaster_GhostFace-v1_02583,ignore,,,minimal_tier_excluded,,,GhostFace-v1,MINIMAL,0.026300,trimmed_cropped_brmoeT7K7S8.mp4,True,True,False
visomaster_GhostFace-v1_02584,ignore,,,minimal_tier_excluded,,,GhostFace-v1,MINIMAL,0.011600,trimmed_cropped_PeUbRXnbmms.mp4,True,True,False
visomaster_GhostFace-v1_02585,ignore,,,minimal_tier_excluded,,,GhostFace-v1,MINIMAL,0.025900,trimmed_cropped_Cf9FniisIK4.mp4,True,True,False
visomaster_GhostFace-v1_02586,ignore,,,minimal_tier_excluded,,,GhostFace-v1,MINIMAL,0.013600,trimmed_cropped_Myd-tXLdGg8.mp4,True,True,False
visomaster_GhostFace-v1_02587,ignore,,,minimal_tier_excluded,,,GhostFace-v1,MINIMAL,0.018000,trimmed_cropped_hxPHEkZDvPQ.mp4,True,True,False
visomaster_GhostFace-v1_02588,ignore,,,minimal_tier_excluded,,,GhostFace-v1,MINIMAL,0.009200,trimmed_cropped_6h3Ni6mH4PI.mp4,True,True,False
visomaster_GhostFace-v1_02589,ignore,,,minimal_tier_excluded,,,GhostFace-v1,MINIMAL,0.033000,trimmed_cropped_nPp7NRxZ5dE.mp4,True,True,False
visomaster_GhostFace-v1_02590,ignore,,,minimal_tier_excluded,,,GhostFace-v1,MINIMAL,0.023400,trimmed_cropped_26bfEo3OpRc.mp4,True,True,False
visomaster_GhostFace-v1_02591,ignore,,,minimal_tier_excluded,,,GhostFace-v1,MINIMAL,0.031900,trimmed_cropped_j44FY6qlQdw.mp4,True,True,False
visomaster_GhostFace-v1_02592,ignore,,,minimal_tier_excluded,,,GhostFace-v1,MINIMAL,0.009000,trimmed_cropped_nhVM7vWIU6A.mp4,True,True,False
visomaster_GhostFace-v1_02593,ignore,,,minimal_tier_excluded,,,GhostFace-v1,MINIMAL,0.016100,trimmed_cropped_yU6lZkmCd5Y.mp4,True,True,False
visomaster_GhostFace-v1_02594,ignore,,,minimal_tier_excluded,,,GhostFace-v1,MINIMAL,0.017300,trimmed_cropped_AyeBBOipFuo.mp4,True,True,False
visomaster_GhostFace-v1_02595,ignore,,,minimal_tier_excluded,,,GhostFace-v1,MINIMAL,0.024700,trimmed_cropped_WyFcJ33BV2k.mp4,True,True,False
visomaster_GhostFace-v1_02596,ignore,,,minimal_tier_excluded,,,GhostFace-v1,MINIMAL,0.012200,trimmed_cropped_5Rgb-D_uBiE.mp4,True,True,False
visomaster_GhostFace-v1_02597,ignore,,,minimal_tier_excluded,,,GhostFace-v1,MINIMAL,0.028400,trimmed_cropped_IfpKeBtT4MM.mp4,True,True,False
visomaster_GhostFace-v1_02598,ignore,,,minimal_tier_excluded,,,GhostFace-v1,MINIMAL,0.011500,trimmed_cropped_g6moJT73QP8.mp4,True,True,False
visomaster_GhostFace-v1_02599,ignore,,,minimal_tier_excluded,,,GhostFace-v1,MINIMAL,0.057500,trimmed_cropped_sLAB2YMytvw.mp4,True,True,False
visomaster_GhostFace-v1_02600,ignore,,,minimal_tier_excluded,,,GhostFace-v1,MINIMAL,0.022700,trimmed_cropped_zJrxjkHi2b4.mp4,True,True,False
visomaster_GhostFace-v1_02601,ignore,,,minimal_tier_excluded,,,GhostFace-v1,MINIMAL,0.023100,trimmed_cropped_xA10NnUnqDA.mp4,True,True,False
visomaster_GhostFace-v2_04000,keep,visomaster hints (teams),teams_pair_complete,retain_as_weak_signal_after_teams,,,GhostFace-v2,MODERATE,0.155700,trimmed_cropped_cyFJgk-Q_R8.mp4,True,True,True
visomaster_GhostFace-v2_04001,keep,visomaster hints (teams),teams_pair_complete,retain_as_weak_signal_after_teams,,,GhostFace-v2,MINIMAL,0.096400,trimmed_cropped_cY-ABQ0hmhc.mp4,True,True,True
visomaster_GhostFace-v2_04002,keep,visomaster hints (teams),teams_pair_complete,retain_as_weak_signal_after_teams,,,GhostFace-v2,MINIMAL,0.116100,trimmed_cropped_BomxNW_7y-E.mp4,True,True,True
visomaster_GhostFace-v2_04003,keep,visomaster hints (teams),teams_pair_complete,retain_as_weak_signal_after_teams,,,GhostFace-v2,MODERATE,0.206300,trimmed_cropped_hMSp9AoRUmU.mp4,True,True,True
visomaster_GhostFace-v2_04004,delete,,delete_from_bucket,explicit_named_bad_datapoint,,,GhostFace-v2,STRONG,0.363800,trimmed_cropped_JR9T7xEAkyg.mp4,True,True,False
visomaster_GhostFace-v2_04005,keep,visomaster hints (teams),teams_pair_complete,retain_as_weak_signal_after_teams,,,GhostFace-v2,MINIMAL,0.148600,trimmed_cropped_y7clfsNB-W4.mp4,True,True,True
visomaster_GhostFace-v2_04006,keep,visomaster hints (teams),teams_pair_complete,retain_as_weak_signal_after_teams,,,GhostFace-v2,MODERATE,0.222700,trimmed_cropped_D91Q57UK4X0.mp4,True,True,True
visomaster_GhostFace-v2_04007,keep,visomaster hints (teams),teams_pair_complete,retain_as_weak_signal_after_teams,,,GhostFace-v2,MODERATE,0.153400,trimmed_cropped_YZulO6Z5bMQ.mp4,True,True,True
visomaster_GhostFace-v2_04008,keep,visomaster hints (teams),teams_pair_complete,retain_as_weak_signal_after_teams,,,GhostFace-v2,MODERATE,0.263400,trimmed_cropped_CSG9GIjd9Ig.mp4,True,True,True
visomaster_GhostFace-v2_04009,keep,visomaster hints (teams),teams_pair_complete,retain_as_weak_signal_after_teams,,,GhostFace-v2,MODERATE,0.200200,trimmed_cropped_M5f1QBE2mpM.mp4,True,True,True
visomaster_GhostFace-v2_04010,keep,visomaster hints (teams),teams_pair_complete,retain_as_weak_signal_after_teams,,,GhostFace-v2,STRONG,0.382700,trimmed_cropped_cItZ6s_Cj4w.mp4,True,True,True
visomaster_GhostFace-v2_04011,keep,visomaster hints (teams),teams_pair_complete,retain_as_weak_signal_after_teams,,,GhostFace-v2,MODERATE,0.183100,trimmed_cropped_rywt3LDWDvA.mp4,True,True,True
visomaster_GhostFace-v2_04012,keep,visomaster hints (teams),teams_pair_complete,retain_as_weak_signal_after_teams,,,GhostFace-v2,STRONG,0.364500,trimmed_cropped_8BINsUu94-k.mp4,True,True,True
visomaster_GhostFace-v2_04013,keep,visomaster hints (teams),teams_pair_complete,retain_as_weak_signal_after_teams,,,GhostFace-v2,MODERATE,0.229200,trimmed_cropped_wWpwMRUDVJc.mp4,True,True,True
visomaster_GhostFace-v2_04014,keep,visomaster hints (teams),teams_pair_complete,retain_as_weak_signal_after_teams,,,GhostFace-v2,MODERATE,0.183100,trimmed_cropped_Yfs_KAPnqkM.mp4,True,True,True
visomaster_GhostFace-v2_04015,keep,visomaster hints (teams),teams_pair_complete,retain_as_weak_signal_after_teams,,,GhostFace-v2,MINIMAL,0.119500,trimmed_cropped_j-2X3D7xdkM.mp4,True,True,True
visomaster_GhostFace-v2_04016,ignore,,,not_selected_in_deterministic_random_subset,,,GhostFace-v2,MODERATE,0.219800,trimmed_cropped_Wh860Ds08HE.mp4,True,True,False
visomaster_GhostFace-v2_04017,keep,visomaster hints (teams),teams_pair_complete,retain_as_weak_signal_after_teams,,,GhostFace-v2,STRONG,0.348500,trimmed_cropped_qWx-yOjdjus.mp4,True,True,True
visomaster_GhostFace-v2_04018,keep,visomaster hints (teams),teams_pair_complete,retain_as_weak_signal_after_teams,,,GhostFace-v2,MINIMAL,0.148000,trimmed_cropped_Ic3E7rqHMoc.mp4,True,True,True
visomaster_GhostFace-v2_04019,keep,visomaster hints (teams),teams_pair_complete,retain_as_weak_signal_after_teams,,,GhostFace-v2,MODERATE,0.203000,trimmed_cropped_82C59aTfLP8.mp4,True,True,True
visomaster_GhostFace-v2_04020,keep,visomaster hints (teams),teams_pair_complete,retain_as_weak_signal_after_teams,,,GhostFace-v2,MODERATE,0.199100,trimmed_cropped_iuSsRssOzFI.mp4,True,True,True
visomaster_GhostFace-v2_04021,keep,visomaster hints (teams),teams_pair_complete,retain_as_weak_signal_after_teams,,,GhostFace-v2,MINIMAL,0.136400,trimmed_cropped_L-ssYKoNkSs.mp4,True,True,True
visomaster_GhostFace-v2_04022,keep,visomaster hints (teams),teams_pair_complete,retain_as_weak_signal_after_teams,,,GhostFace-v2,MODERATE,0.255000,trimmed_cropped_oa11L-wITQo.mp4,True,True,True
visomaster_GhostFace-v2_04023,keep,visomaster hints (teams),teams_pair_complete,retain_as_weak_signal_after_teams,,,GhostFace-v2,MINIMAL,0.123700,trimmed_cropped__C_oCJm6KLg.mp4,True,True,True
visomaster_GhostFace-v2_04024,keep,visomaster hints (teams),teams_pair_complete,retain_as_weak_signal_after_teams,,,GhostFace-v2,STRONG,0.332500,trimmed_cropped_5ZbP2YYFbo0.mp4,True,True,True
visomaster_GhostFace-v2_04025,keep,visomaster hints (teams),teams_pair_complete,retain_as_weak_signal_after_teams,,,GhostFace-v2,MINIMAL,0.149900,trimmed_cropped__9dY9vdkQV4.mp4,True,True,True
visomaster_GhostFace-v2_04026,keep,visomaster hints (teams),teams_pair_complete,retain_as_weak_signal_after_teams,,,GhostFace-v2,MODERATE,0.158700,trimmed_cropped_EvqFdl7S5Zo.mp4,True,True,True
visomaster_GhostFace-v2_04027,keep,visomaster hints (teams),teams_pair_complete,retain_as_weak_signal_after_teams,,,GhostFace-v2,MODERATE,0.215600,trimmed_cropped_a7MqItWi6bg.mp4,True,True,True
visomaster_GhostFace-v2_04028,keep,visomaster hints (teams),teams_pair_complete,retain_as_weak_signal_after_teams,,,GhostFace-v2,MODERATE,0.286600,trimmed_cropped_tMJ_Uw7ZA7w.mp4,True,True,True
visomaster_GhostFace-v2_04029,ignore,,,not_selected_in_deterministic_random_subset,,,GhostFace-v2,MODERATE,0.196700,trimmed_cropped_tnvYpaNuBNQ.mp4,True,True,False
visomaster_GhostFace-v2_04030,keep,visomaster hints (teams),teams_pair_complete,retain_as_weak_signal_after_teams,,,GhostFace-v2,MODERATE,0.171900,trimmed_cropped_jStLbkKCkOk.mp4,True,True,True
visomaster_GhostFace-v2_04031,keep,visomaster hints (teams),teams_pair_complete,retain_as_weak_signal_after_teams,,,GhostFace-v2,STRONG,0.306700,trimmed_cropped_VQ41tLyR1pk.mp4,True,True,True
visomaster_GhostFace-v2_04032,ignore,,,minimal_tier_excluded,,,GhostFace-v2,MINIMAL,0.144000,trimmed_cropped_x5JjSruvLvw.mp4,True,True,False
visomaster_GhostFace-v2_04033,keep,visomaster hints (teams),teams_pair_complete,retain_as_weak_signal_after_teams,,,GhostFace-v2,MODERATE,0.157500,trimmed_cropped_-bsfOduQTe8.mp4,True,True,True
visomaster_GhostFace-v2_04034,keep,visomaster hints (teams),teams_pair_complete,retain_as_weak_signal_after_teams,,,GhostFace-v2,STRONG,0.396000,trimmed_cropped_xmeCDpihPOI.mp4,True,True,True
visomaster_GhostFace-v2_04035,keep,visomaster hints (teams),teams_pair_complete,retain_as_weak_signal_after_teams,,,GhostFace-v2,STRONG,0.319000,trimmed_cropped_xm4ptpSfWTM.mp4,True,True,True
visomaster_GhostFace-v2_04036,ignore,,,minimal_tier_excluded,,,GhostFace-v2,MINIMAL,0.123100,trimmed_cropped_TyIW-2MrcXk.mp4,True,True,False
visomaster_GhostFace-v2_04037,ignore,,,not_selected_in_deterministic_random_subset,,,GhostFace-v2,MODERATE,0.171800,trimmed_cropped_xWZmvyKAY3I.mp4,True,True,False
visomaster_GhostFace-v2_04038,ignore,,,not_selected_in_deterministic_random_subset,,,GhostFace-v2,MODERATE,0.202300,trimmed_cropped_RnCFghHdXPs.mp4,True,True,False
visomaster_GhostFace-v2_04039,ignore,,,not_selected_in_deterministic_random_subset,,,GhostFace-v2,MODERATE,0.186600,trimmed_cropped_zJrxjkHi2b4.mp4,True,True,False
visomaster_GhostFace-v2_04040,ignore,,,not_selected_in_deterministic_random_subset,,,GhostFace-v2,MODERATE,0.165500,trimmed_cropped_408cjMZRFvA.mp4,True,True,False
visomaster_GhostFace-v2_04041,ignore,,,not_selected_in_deterministic_random_subset,,,GhostFace-v2,MODERATE,0.245300,trimmed_cropped_fBud71lgy2k.mp4,True,True,False
visomaster_GhostFace-v2_04042,ignore,,,not_selected_in_deterministic_random_subset,,,GhostFace-v2,MODERATE,0.156300,trimmed_cropped_zFS7oN0uVLI.mp4,True,True,False
visomaster_GhostFace-v2_04043,ignore,,,not_selected_in_deterministic_random_subset,,,GhostFace-v2,MODERATE,0.244000,trimmed_cropped_2Jr9G4yiLVk.mp4,True,True,False
visomaster_GhostFace-v2_04044,ignore,,,not_selected_in_deterministic_random_subset,,,GhostFace-v2,MODERATE,0.249300,trimmed_cropped_sgT6c3Ab7OU.mp4,True,True,False
visomaster_GhostFace-v2_04045,ignore,,,not_selected_in_deterministic_random_subset,,,GhostFace-v2,MODERATE,0.247700,trimmed_cropped_Wa7mPCBR_4w.mp4,True,True,False
visomaster_GhostFace-v2_04046,ignore,,,not_selected_in_deterministic_random_subset,,,GhostFace-v2,MODERATE,0.182100,trimmed_cropped_5zxWca_z-10.mp4,True,True,False
visomaster_GhostFace-v2_04047,ignore,,,not_selected_in_deterministic_random_subset,,,GhostFace-v2,MODERATE,0.224800,trimmed_cropped__5-CA1PUiZE.mp4,True,True,False
visomaster_GhostFace-v2_04048,ignore,,,not_selected_in_deterministic_random_subset,,,GhostFace-v2,MODERATE,0.181700,trimmed_cropped_czwoOyh4A8U.mp4,True,True,False
visomaster_GhostFace-v2_04049,ignore,,,not_selected_in_deterministic_random_subset,,,GhostFace-v2,MODERATE,0.217300,trimmed_cropped_xdpuNTcvovw.mp4,True,True,False
visomaster_GhostFace-v2_04050,ignore,,,not_selected_in_deterministic_random_subset,,,GhostFace-v2,MODERATE,0.255400,trimmed_cropped_G0zGbvUfm9A.mp4,True,True,False
visomaster_GhostFace-v2_04051,ignore,,,not_selected_in_deterministic_random_subset,,,GhostFace-v2,MODERATE,0.231200,trimmed_cropped_Nj6yk1dz31g.mp4,True,True,False
visomaster_GhostFace-v2_04052,ignore,,,not_selected_in_deterministic_random_subset,,,GhostFace-v2,MODERATE,0.200800,trimmed_cropped_KYVngunYFk4.mp4,True,True,False
visomaster_GhostFace-v2_04053,keep,visomaster hints,baseline_cropped,retain_as_weak_signal_baseline_subset,GhostFace-v2|STRONG,20260417,GhostFace-v2,STRONG,0.371100,trimmed_cropped_eMPvkBWtTsA.mp4,True,True,False
visomaster_GhostFace-v2_04054,ignore,,,not_selected_in_deterministic_random_subset,,,GhostFace-v2,MODERATE,0.178500,trimmed_cropped_ArQOSWAq0a8.mp4,True,True,False
visomaster_GhostFace-v2_04055,ignore,,,not_selected_in_deterministic_random_subset,,,GhostFace-v2,MODERATE,0.219600,trimmed_cropped_Fbkx8J1suTw.mp4,True,True,False
visomaster_GhostFace-v2_04056,ignore,,,minimal_tier_excluded,,,GhostFace-v2,MINIMAL,0.130600,trimmed_cropped_uzNmnKANDFg.mp4,True,True,False
visomaster_GhostFace-v2_04057,ignore,,,not_selected_in_deterministic_random_subset,,,GhostFace-v2,MODERATE,0.206700,trimmed_cropped_2B2-33RYHhY.mp4,True,True,False
visomaster_GhostFace-v2_04058,keep,visomaster hints,baseline_cropped,retain_as_weak_signal_baseline_subset,GhostFace-v2|MODERATE,20260417,GhostFace-v2,MODERATE,0.189800,trimmed_cropped_2IdETpNGBlo.mp4,True,True,False
visomaster_GhostFace-v2_04059,ignore,,,not_selected_in_deterministic_random_subset,,,GhostFace-v2,MODERATE,0.212000,trimmed_cropped__prqH_uoHMM.mp4,True,True,False
visomaster_GhostFace-v2_04060,ignore,,,not_selected_in_deterministic_random_subset,,,GhostFace-v2,MODERATE,0.160800,trimmed_cropped_QNp1qMcRqh8.mp4,True,True,False
visomaster_GhostFace-v2_04061,ignore,,,not_selected_in_deterministic_random_subset,,,GhostFace-v2,MODERATE,0.203200,trimmed_cropped__eKcn7bKxkk.mp4,True,True,False
visomaster_GhostFace-v2_04062,ignore,,,not_selected_in_deterministic_random_subset,,,GhostFace-v2,MODERATE,0.233700,trimmed_cropped_oNl1oYc_d30.mp4,True,True,False
visomaster_GhostFace-v2_04063,ignore,,,not_selected_in_deterministic_random_subset,,,GhostFace-v2,MODERATE,0.160600,trimmed_cropped_bSovRz-9k-M.mp4,True,True,False
visomaster_GhostFace-v2_04064,ignore,,,minimal_tier_excluded,,,GhostFace-v2,MINIMAL,0.101500,trimmed_cropped_c9KcuxdIPMk.mp4,True,True,False
visomaster_GhostFace-v2_04065,ignore,,,not_selected_in_deterministic_random_subset,,,GhostFace-v2,MODERATE,0.223700,trimmed_cropped_Gh61DBg47aU.mp4,True,True,False
visomaster_GhostFace-v2_04066,keep,visomaster hints,baseline_cropped,retain_as_weak_signal_baseline_subset,GhostFace-v2|STRONG,20260417,GhostFace-v2,STRONG,0.526000,trimmed_cropped_Az4DMuX-4O8.mp4,True,True,False
visomaster_GhostFace-v2_04067,ignore,,,not_selected_in_deterministic_random_subset,,,GhostFace-v2,MODERATE,0.220100,trimmed_cropped_112LxNN5s_0.mp4,True,True,False
visomaster_GhostFace-v2_04068,ignore,,,minimal_tier_excluded,,,GhostFace-v2,MINIMAL,0.146400,trimmed_cropped_qBPQZNZd_iU.mp4,True,True,False
visomaster_GhostFace-v2_04069,ignore,,,minimal_tier_excluded,,,GhostFace-v2,MINIMAL,0.121800,trimmed_cropped_GEbHXLHCNWw.mp4,True,True,False
visomaster_GhostFace-v2_04070,ignore,,,not_selected_in_deterministic_random_subset,,,GhostFace-v2,MODERATE,0.182900,trimmed_cropped_TEizOMhSs3Q.mp4,True,True,False
visomaster_GhostFace-v2_04071,ignore,,,not_selected_in_deterministic_random_subset,,,GhostFace-v2,MODERATE,0.253900,trimmed_cropped_-yQiLYrYjZQ.mp4,True,True,False
visomaster_GhostFace-v2_04072,ignore,,,not_selected_in_deterministic_random_subset,,,GhostFace-v2,MODERATE,0.221500,trimmed_cropped_1YWhR79QSEM.mp4,True,True,False
visomaster_GhostFace-v2_04073,ignore,,,minimal_tier_excluded,,,GhostFace-v2,MINIMAL,0.143800,trimmed_cropped_Fz7yUewFniY.mp4,True,True,False
visomaster_GhostFace-v2_04074,ignore,,,not_selected_in_deterministic_random_subset,,,GhostFace-v2,MODERATE,0.299800,trimmed_cropped_KRIyMJwX37w.mp4,True,True,False
visomaster_GhostFace-v2_04075,ignore,,,not_selected_in_deterministic_random_subset,,,GhostFace-v2,MODERATE,0.154900,trimmed_cropped_Lfm9R5c9Tho.mp4,True,True,False
visomaster_GhostFace-v2_04076,ignore,,,not_selected_in_deterministic_random_subset,,,GhostFace-v2,MODERATE,0.199100,trimmed_Bhc1hpkEeos.mp4,True,True,False
visomaster_GhostFace-v2_04077,keep,visomaster hints,baseline_cropped,retain_as_weak_signal_baseline_subset,GhostFace-v2|MODERATE,20260417,GhostFace-v2,MODERATE,0.290900,trimmed_cropped_9ageyl_B2H0.mp4,True,True,False
visomaster_GhostFace-v2_04078,keep,visomaster hints,baseline_cropped,retain_as_weak_signal_baseline_subset,GhostFace-v2|STRONG,20260417,GhostFace-v2,STRONG,0.341000,trimmed_cropped_jgbm0lqSsRQ.mp4,True,True,False
visomaster_GhostFace-v2_04079,keep,visomaster hints,baseline_cropped,retain_as_weak_signal_baseline_subset,GhostFace-v2|STRONG,20260417,GhostFace-v2,STRONG,0.389100,trimmed_cropped_tJNxejIKtr8.mp4,True,True,False
visomaster_GhostFace-v2_04080,ignore,,,not_selected_in_deterministic_random_subset,,,GhostFace-v2,MODERATE,0.235600,trimmed_cropped_Nm28aC9EU_Y.mp4,True,True,False
visomaster_GhostFace-v2_04081,ignore,,,not_selected_in_deterministic_random_subset,,,GhostFace-v2,STRONG,0.312800,trimmed_cropped_qnIx0_X9SXI.mp4,True,True,False
visomaster_GhostFace-v2_04082,keep,visomaster hints,baseline_cropped,retain_as_weak_signal_baseline_subset,GhostFace-v2|MODERATE,20260417,GhostFace-v2,MODERATE,0.260400,trimmed_cropped_UtNBjrWYrXc.mp4,True,True,False
visomaster_GhostFace-v2_04083,ignore,,,not_selected_in_deterministic_random_subset,,,GhostFace-v2,MODERATE,0.151300,trimmed_cropped_HotdEP45iY4.mp4,True,True,False
visomaster_GhostFace-v2_04084,ignore,,,minimal_tier_excluded,,,GhostFace-v2,MINIMAL,0.084100,trimmed_cropped_bPnSu0whgeg.mp4,True,True,False
visomaster_GhostFace-v2_04085,ignore,,,minimal_tier_excluded,,,GhostFace-v2,MINIMAL,0.137800,trimmed_cropped_nvH06GcLeMI.mp4,True,True,False
visomaster_GhostFace-v2_04086,ignore,,,minimal_tier_excluded,,,GhostFace-v2,MINIMAL,0.134500,trimmed_cropped_2gMa92x9qwQ.mp4,True,True,False
visomaster_GhostFace-v2_04087,ignore,,,not_selected_in_deterministic_random_subset,,,GhostFace-v2,MODERATE,0.195000,trimmed_cropped_4cKuJx0LpQo.mp4,True,True,False
visomaster_GhostFace-v2_04088,ignore,,,not_selected_in_deterministic_random_subset,,,GhostFace-v2,MODERATE,0.172500,trimmed_cropped_aRYkFj3B4s4.mp4,True,True,False
visomaster_GhostFace-v2_04089,keep,visomaster hints,baseline_cropped,retain_as_weak_signal_baseline_subset,GhostFace-v2|MODERATE,20260417,GhostFace-v2,MODERATE,0.163900,trimmed_cropped_54UQfZXWYzk.mp4,True,True,False
visomaster_GhostFace-v2_04090,ignore,,,not_selected_in_deterministic_random_subset,,,GhostFace-v2,MODERATE,0.157200,trimmed_cropped_jVfYyaULuL0.mp4,True,True,False
visomaster_GhostFace-v2_04091,ignore,,,not_selected_in_deterministic_random_subset,,,GhostFace-v2,MODERATE,0.185200,trimmed_cropped_Vo0Nfz9I7bI.mp4,True,True,False
visomaster_GhostFace-v2_04092,ignore,,,not_selected_in_deterministic_random_subset,,,GhostFace-v2,MODERATE,0.233100,trimmed_cropped_AReeSvoOnZk.mp4,True,True,False
visomaster_GhostFace-v2_04093,keep,visomaster hints,baseline_cropped,retain_as_weak_signal_baseline_subset,GhostFace-v2|MODERATE,20260417,GhostFace-v2,MODERATE,0.263400,trimmed_cropped_08kGgrqaZXA.mp4,True,True,False
visomaster_GhostFace-v2_04094,ignore,,,not_selected_in_deterministic_random_subset,,,GhostFace-v2,MODERATE,0.270700,trimmed_cropped_rfQTf8NA73s.mp4,True,True,False
visomaster_GhostFace-v2_04095,ignore,,,not_selected_in_deterministic_random_subset,,,GhostFace-v2,STRONG,0.309100,trimmed_cropped_9-bT06lSk8E.mp4,True,True,False
visomaster_GhostFace-v2_04096,ignore,,,not_selected_in_deterministic_random_subset,,,GhostFace-v2,MODERATE,0.263200,trimmed_cropped_UMK2AgFC70U.mp4,True,True,False
visomaster_GhostFace-v2_04097,ignore,,,not_selected_in_deterministic_random_subset,,,GhostFace-v2,MODERATE,0.228900,trimmed_cropped_IBgc4ngDQDk.mp4,True,True,False
visomaster_GhostFace-v2_04098,ignore,,,not_selected_in_deterministic_random_subset,,,GhostFace-v2,MODERATE,0.249200,trimmed_cropped_nvH06GcLeMI.mp4,True,True,False
visomaster_GhostFace-v2_04099,ignore,,,minimal_tier_excluded,,,GhostFace-v2,MINIMAL,0.137400,trimmed_cropped_Cf9FniisIK4.mp4,True,True,False
visomaster_GhostFace-v2_04100,ignore,,,not_selected_in_deterministic_random_subset,,,GhostFace-v2,MODERATE,0.175900,trimmed_cropped_Xop5dt-yhOA.mp4,True,True,False
visomaster_GhostFace-v2_04101,ignore,,,not_selected_in_deterministic_random_subset,,,GhostFace-v2,MODERATE,0.189400,trimmed_cropped_7rYeSDHS0U0.mp4,True,True,False
visomaster_GhostFace-v2_04102,ignore,,,not_selected_in_deterministic_random_subset,,,GhostFace-v2,MODERATE,0.241300,trimmed_cropped_Ybx9yr-uXh4.mp4,True,True,False
visomaster_GhostFace-v2_04103,ignore,,,not_selected_in_deterministic_random_subset,,,GhostFace-v2,MODERATE,0.190600,trimmed_cropped_d_36ke5uXMk.mp4,True,True,False
visomaster_GhostFace-v2_04104,ignore,,,not_selected_in_deterministic_random_subset,,,GhostFace-v2,MODERATE,0.270100,trimmed_cropped_JTbMi9-3tSo.mp4,True,True,False
visomaster_GhostFace-v2_04105,ignore,,,minimal_tier_excluded,,,GhostFace-v2,MINIMAL,0.121100,trimmed_cropped_RBtGD7uud_A.mp4,True,True,False
visomaster_GhostFace-v2_04106,ignore,,,minimal_tier_excluded,,,GhostFace-v2,MINIMAL,0.110900,trimmed_cropped_9L6z-p7m2HA.mp4,True,True,False
visomaster_GhostFace-v2_04107,ignore,,,not_selected_in_deterministic_random_subset,,,GhostFace-v2,MODERATE,0.185400,trimmed_cropped_UWuanGQd0wQ.mp4,True,True,False
visomaster_GhostFace-v2_04108,ignore,,,not_selected_in_deterministic_random_subset,,,GhostFace-v2,MODERATE,0.201400,trimmed_cropped_43vtei6Fq7w.mp4,True,True,False
visomaster_GhostFace-v2_04109,ignore,,,not_selected_in_deterministic_random_subset,,,GhostFace-v2,MODERATE,0.249000,trimmed_cropped_uQE0Z_Y3XnE.mp4,True,True,False
visomaster_GhostFace-v2_04110,keep,visomaster hints,baseline_cropped,retain_as_weak_signal_baseline_subset,GhostFace-v2|STRONG,20260417,GhostFace-v2,STRONG,0.339200,trimmed_cropped_pVmkk6zIDGY.mp4,True,True,False
visomaster_GhostFace-v2_04111,ignore,,,not_selected_in_deterministic_random_subset,,,GhostFace-v2,MODERATE,0.245200,trimmed_cropped_ixEt4V5Lw3s.mp4,True,True,False
visomaster_GhostFace-v2_04112,ignore,,,not_selected_in_deterministic_random_subset,,,GhostFace-v2,MODERATE,0.264200,trimmed_cropped__5-CA1PUiZE.mp4,True,True,False
visomaster_GhostFace-v2_04113,ignore,,,minimal_tier_excluded,,,GhostFace-v2,MINIMAL,0.149600,trimmed_cropped_GmMOM2uJdKk.mp4,True,True,False
visomaster_GhostFace-v2_04114,ignore,,,not_selected_in_deterministic_random_subset,,,GhostFace-v2,MODERATE,0.233400,trimmed_cropped_ANEUmgEJsJ8.mp4,True,True,False
visomaster_GhostFace-v2_04115,ignore,,,not_selected_in_deterministic_random_subset,,,GhostFace-v2,MODERATE,0.217200,trimmed_cropped_x7RqdQB7XjA.mp4,True,True,False
visomaster_GhostFace-v2_04116,ignore,,,not_selected_in_deterministic_random_subset,,,GhostFace-v2,MODERATE,0.269200,trimmed_cropped_7jglFoWqfV4.mp4,True,True,False
visomaster_GhostFace-v2_04117,ignore,,,not_selected_in_deterministic_random_subset,,,GhostFace-v2,STRONG,0.356400,trimmed_cropped_aKKYpbX35PU.mp4,True,True,False
visomaster_GhostFace-v2_04118,ignore,,,minimal_tier_excluded,,,GhostFace-v2,MINIMAL,0.100600,trimmed_cropped_YZulO6Z5bMQ.mp4,True,True,False
visomaster_GhostFace-v2_04119,ignore,,,not_selected_in_deterministic_random_subset,,,GhostFace-v2,MODERATE,0.178100,trimmed_cropped_MvWl0vV5kzY.mp4,True,True,False
visomaster_GhostFace-v2_04120,ignore,,,minimal_tier_excluded,,,GhostFace-v2,MINIMAL,0.146000,trimmed_cropped_piuIe123Hx8.mp4,True,True,False
visomaster_GhostFace-v2_04121,ignore,,,not_selected_in_deterministic_random_subset,,,GhostFace-v2,MODERATE,0.226400,trimmed_cropped_1YWhR79QSEM.mp4,True,True,False
visomaster_GhostFace-v2_04122,keep,visomaster hints,baseline_cropped,retain_as_weak_signal_baseline_subset,GhostFace-v2|MODERATE,20260417,GhostFace-v2,MODERATE,0.253400,trimmed_cropped_jI_UEVocRms.mp4,True,True,False
visomaster_GhostFace-v2_04123,ignore,,,not_selected_in_deterministic_random_subset,,,GhostFace-v2,MODERATE,0.162700,trimmed_cropped_f1EVtkED9Sw.mp4,True,True,False
visomaster_GhostFace-v2_04124,ignore,,,not_selected_in_deterministic_random_subset,,,GhostFace-v2,MODERATE,0.220700,trimmed_cropped_lpU2CQyEwjM.mp4,True,True,False
visomaster_GhostFace-v2_04125,keep,visomaster hints,baseline_cropped,retain_as_weak_signal_baseline_subset,GhostFace-v2|STRONG,20260417,GhostFace-v2,STRONG,0.319000,trimmed_cropped_4dbcDeHtxD0.mp4,True,True,False
visomaster_GhostFace-v2_04126,ignore,,,minimal_tier_excluded,,,GhostFace-v2,MINIMAL,0.105400,trimmed_cropped_erYLb1ZQIH0.mp4,True,True,False
visomaster_GhostFace-v2_04127,ignore,,,minimal_tier_excluded,,,GhostFace-v2,MINIMAL,0.111300,trimmed_cropped_4uhiOmUrRoo.mp4,True,True,False
visomaster_GhostFace-v2_04128,ignore,,,not_selected_in_deterministic_random_subset,,,GhostFace-v2,STRONG,0.407500,trimmed_cropped_hRFM7faKH0g.mp4,True,True,False
visomaster_GhostFace-v2_04129,ignore,,,not_selected_in_deterministic_random_subset,,,GhostFace-v2,MODERATE,0.195200,trimmed_cropped_Rt1QzgeuGzc.mp4,True,True,False
visomaster_GhostFace-v2_04130,ignore,,,not_selected_in_deterministic_random_subset,,,GhostFace-v2,MODERATE,0.180100,trimmed_cropped_MYKwiVIRvzs.mp4,True,True,False
visomaster_GhostFace-v2_04131,ignore,,,minimal_tier_excluded,,,GhostFace-v2,MINIMAL,0.129800,trimmed_cropped_icMesk2Jaqw.mp4,True,True,False
visomaster_GhostFace-v2_04132,ignore,,,minimal_tier_excluded,,,GhostFace-v2,MINIMAL,0.138200,trimmed_cropped_9FyZ7cl75yQ.mp4,True,True,False
visomaster_GhostFace-v2_04133,ignore,,,not_selected_in_deterministic_random_subset,,,GhostFace-v2,STRONG,0.318800,trimmed_cropped_MtOoeKc0zwQ.mp4,True,True,False
visomaster_GhostFace-v2_04134,ignore,,,not_selected_in_deterministic_random_subset,,,GhostFace-v2,MODERATE,0.271100,trimmed_cropped_ZToc84KZ33c.mp4,True,True,False
visomaster_GhostFace-v2_04135,ignore,,,not_selected_in_deterministic_random_subset,,,GhostFace-v2,MODERATE,0.185600,trimmed_cropped_wmT4KWe2rH4.mp4,True,True,False
visomaster_GhostFace-v2_04136,ignore,,,not_selected_in_deterministic_random_subset,,,GhostFace-v2,MODERATE,0.177700,trimmed_cropped_mmETl-wX0Ec.mp4,True,True,False
visomaster_GhostFace-v2_04137,ignore,,,minimal_tier_excluded,,,GhostFace-v2,MINIMAL,0.138800,trimmed_cropped_Zv3tgCSWR1s.mp4,True,True,False
visomaster_GhostFace-v2_04138,ignore,,,not_selected_in_deterministic_random_subset,,,GhostFace-v2,MODERATE,0.167800,trimmed_cropped_54yj1UL1KtE.mp4,True,True,False
visomaster_GhostFace-v2_04139,ignore,,,not_selected_in_deterministic_random_subset,,,GhostFace-v2,STRONG,0.389100,trimmed_cropped_mIL_wE192ac.mp4,True,True,False
visomaster_GhostFace-v2_04140,keep,visomaster hints,baseline_cropped,retain_as_weak_signal_baseline_subset,GhostFace-v2|STRONG,20260417,GhostFace-v2,STRONG,0.423900,trimmed_cropped_vCEurARQhoo.mp4,True,True,False
visomaster_GhostFace-v2_04141,ignore,,,minimal_tier_excluded,,,GhostFace-v2,MINIMAL,0.149800,trimmed_cropped_0yLQsC7p1cE.mp4,True,True,False
visomaster_GhostFace-v2_04142,ignore,,,not_selected_in_deterministic_random_subset,,,GhostFace-v2,MODERATE,0.189900,trimmed_cropped_EGZ5uW8b1Ws.mp4,True,True,False
visomaster_GhostFace-v2_04143,keep,visomaster hints,baseline_cropped,retain_as_weak_signal_baseline_subset,GhostFace-v2|STRONG,20260417,GhostFace-v2,STRONG,0.408900,trimmed_cropped_ZR0IcqX1jFA.mp4,True,True,False
visomaster_GhostFace-v2_04144,keep,visomaster hints,baseline_cropped,retain_as_weak_signal_baseline_subset,GhostFace-v2|MODERATE,20260417,GhostFace-v2,MODERATE,0.168700,trimmed_cropped_WlHqNJ1GhBo.mp4,True,True,False
visomaster_GhostFace-v2_04145,ignore,,,not_selected_in_deterministic_random_subset,,,GhostFace-v2,MODERATE,0.205300,trimmed_cropped_ggPEdzqnddY.mp4,True,True,False
visomaster_GhostFace-v2_04146,ignore,,,not_selected_in_deterministic_random_subset,,,GhostFace-v2,STRONG,0.340300,trimmed_cropped_A08_rwpdU-o.mp4,True,True,False
visomaster_GhostFace-v2_04147,ignore,,,minimal_tier_excluded,,,GhostFace-v2,MINIMAL,0.108300,trimmed_cropped_hvAFNTwMJ_4.mp4,True,True,False
visomaster_GhostFace-v2_04148,ignore,,,not_selected_in_deterministic_random_subset,,,GhostFace-v2,MODERATE,0.228800,trimmed_cropped_i0Md64tSKIQ.mp4,True,True,False
visomaster_GhostFace-v2_04149,ignore,,,minimal_tier_excluded,,,GhostFace-v2,MINIMAL,0.131400,trimmed_cropped_zFS7oN0uVLI.mp4,True,True,False
visomaster_GhostFace-v2_04150,ignore,,,not_selected_in_deterministic_random_subset,,,GhostFace-v2,MODERATE,0.208900,trimmed_cropped_ZiAGwdEABjk.mp4,True,True,False
visomaster_GhostFace-v2_04151,ignore,,,not_selected_in_deterministic_random_subset,,,GhostFace-v2,MODERATE,0.245500,trimmed_cropped_9mYlWR2g5fk.mp4,True,True,False
visomaster_GhostFace-v2_04152,ignore,,,minimal_tier_excluded,,,GhostFace-v2,MINIMAL,0.081100,trimmed_cropped_RBDYGG-Jufg.mp4,True,True,False
visomaster_GhostFace-v2_04153,keep,visomaster hints,baseline_cropped,retain_as_weak_signal_baseline_subset,GhostFace-v2|MODERATE,20260417,GhostFace-v2,MODERATE,0.250900,trimmed_cropped_Qp85ZpqXwDU.mp4,True,True,False
visomaster_GhostFace-v2_04154,ignore,,,not_selected_in_deterministic_random_subset,,,GhostFace-v2,MODERATE,0.198000,trimmed_cropped_BkRjg2084KY.mp4,True,True,False
visomaster_GhostFace-v2_04155,ignore,,,not_selected_in_deterministic_random_subset,,,GhostFace-v2,MODERATE,0.159400,trimmed_cropped_ZPi5Iz8Qm70.mp4,True,True,False
visomaster_GhostFace-v2_04156,keep,visomaster hints,baseline_cropped,retain_as_weak_signal_baseline_subset,GhostFace-v2|MODERATE,20260417,GhostFace-v2,MODERATE,0.154600,trimmed_cropped_pibH054EN4M.mp4,True,True,False
visomaster_GhostFace-v2_04157,ignore,,,not_selected_in_deterministic_random_subset,,,GhostFace-v2,MODERATE,0.242900,trimmed_cropped_5etX4Tl-mXo.mp4,True,True,False
visomaster_GhostFace-v2_04158,ignore,,,minimal_tier_excluded,,,GhostFace-v2,MINIMAL,0.127700,trimmed_cropped_P1ebXdmNYV4.mp4,True,True,False
visomaster_GhostFace-v2_04159,ignore,,,not_selected_in_deterministic_random_subset,,,GhostFace-v2,MODERATE,0.285600,trimmed_yxZ-hMXKsXo.mp4,True,True,False
visomaster_GhostFace-v2_04160,ignore,,,minimal_tier_excluded,,,GhostFace-v2,MINIMAL,0.125800,trimmed_cropped_fx-J7KQo1TA.mp4,True,True,False
visomaster_GhostFace-v2_04161,keep,visomaster hints,baseline_cropped,retain_as_weak_signal_baseline_subset,GhostFace-v2|MODERATE,20260417,GhostFace-v2,MODERATE,0.156300,trimmed_cropped_YtH84jINWoA.mp4,True,True,False
visomaster_GhostFace-v2_04162,ignore,,,not_selected_in_deterministic_random_subset,,,GhostFace-v2,MODERATE,0.210600,trimmed_cropped_AhepvzhN8-g.mp4,True,True,False
visomaster_GhostFace-v2_04163,ignore,,,minimal_tier_excluded,,,GhostFace-v2,MINIMAL,0.146300,trimmed_cropped_l0W4OX0MN0Q.mp4,True,True,False
visomaster_GhostFace-v2_04164,keep,visomaster hints,baseline_cropped,retain_as_weak_signal_baseline_subset,GhostFace-v2|STRONG,20260417,GhostFace-v2,STRONG,0.340900,trimmed_cropped_tA72Q3rLu3A.mp4,True,True,False
visomaster_GhostFace-v2_04165,ignore,,,not_selected_in_deterministic_random_subset,,,GhostFace-v2,MODERATE,0.275500,trimmed_cropped_ixAwiPk1vg0.mp4,True,True,False
visomaster_GhostFace-v2_04166,keep,visomaster hints,baseline_cropped,retain_as_weak_signal_baseline_subset,GhostFace-v2|STRONG,20260417,GhostFace-v2,STRONG,0.316000,trimmed_cropped__2xa8DNa3hg.mp4,True,True,False
visomaster_GhostFace-v2_04167,ignore,,,not_selected_in_deterministic_random_subset,,,GhostFace-v2,STRONG,0.414100,trimmed_cropped_tLpK65pWepA.mp4,True,True,False
visomaster_GhostFace-v2_04168,ignore,,,not_selected_in_deterministic_random_subset,,,GhostFace-v2,MODERATE,0.227700,trimmed_cropped__9dY9vdkQV4.mp4,True,True,False
visomaster_GhostFace-v2_04169,ignore,,,not_selected_in_deterministic_random_subset,,,GhostFace-v2,MODERATE,0.294900,trimmed_cropped_8BS7rD18y38.mp4,True,True,False
visomaster_GhostFace-v2_04170,ignore,,,not_selected_in_deterministic_random_subset,,,GhostFace-v2,MODERATE,0.162900,trimmed_cropped_K3I6RGVk97k.mp4,True,True,False
visomaster_GhostFace-v2_04171,ignore,,,not_selected_in_deterministic_random_subset,,,GhostFace-v2,MODERATE,0.251600,trimmed_cropped_1KNh1yTqIkc.mp4,True,True,False
visomaster_GhostFace-v2_04172,keep,visomaster hints,baseline_cropped,retain_as_weak_signal_baseline_subset,GhostFace-v2|STRONG,20260417,GhostFace-v2,STRONG,0.333400,trimmed_cropped_FdpLwjD70Cs.mp4,True,True,False
visomaster_GhostFace-v2_04173,ignore,,,not_selected_in_deterministic_random_subset,,,GhostFace-v2,MODERATE,0.230500,trimmed_cropped_Hcc3QMroFHY.mp4,True,True,False
visomaster_GhostFace-v2_04174,ignore,,,not_selected_in_deterministic_random_subset,,,GhostFace-v2,MODERATE,0.224600,trimmed_cropped_MF9lLqVSLdU.mp4,True,True,False
visomaster_GhostFace-v2_04175,keep,visomaster hints,baseline_cropped,retain_as_weak_signal_baseline_subset,GhostFace-v2|STRONG,20260417,GhostFace-v2,STRONG,0.319800,trimmed_cropped_kwrEpVE0U_I.mp4,True,True,False
visomaster_GhostFace-v2_04176,ignore,,,not_selected_in_deterministic_random_subset,,,GhostFace-v2,MODERATE,0.177900,trimmed_cropped_zd9xGTQ3HgA.mp4,True,True,False
visomaster_GhostFace-v2_04177,ignore,,,not_selected_in_deterministic_random_subset,,,GhostFace-v2,MODERATE,0.247500,trimmed_6rHVE4i-N9g.mp4,True,True,False
visomaster_GhostFace-v2_04178,ignore,,,not_selected_in_deterministic_random_subset,,,GhostFace-v2,MODERATE,0.275200,trimmed_cropped_W11krdGbdI8.mp4,True,True,False
visomaster_GhostFace-v2_04179,ignore,,,not_selected_in_deterministic_random_subset,,,GhostFace-v2,MODERATE,0.159900,trimmed_cropped_pkn91Ahh0c0.mp4,True,True,False
visomaster_GhostFace-v2_04180,keep,visomaster hints,baseline_cropped,retain_as_weak_signal_baseline_subset,GhostFace-v2|STRONG,20260417,GhostFace-v2,STRONG,0.362100,trimmed_cropped_SRYbzoQRFFc.mp4,True,True,False
visomaster_GhostFace-v2_04181,ignore,,,not_selected_in_deterministic_random_subset,,,GhostFace-v2,MODERATE,0.153900,trimmed_cropped_kifHu7LeVuA.mp4,True,True,False
visomaster_GhostFace-v2_04182,ignore,,,not_selected_in_deterministic_random_subset,,,GhostFace-v2,MODERATE,0.273200,trimmed_cropped_RtLDO8FkPUQ.mp4,True,True,False
visomaster_GhostFace-v2_04183,keep,visomaster hints,baseline_cropped,retain_as_weak_signal_baseline_subset,GhostFace-v2|MODERATE,20260417,GhostFace-v2,MODERATE,0.242100,trimmed_cropped_5gUEFikvO7Q.mp4,True,True,False
visomaster_GhostFace-v2_04184,ignore,,,minimal_tier_excluded,,,GhostFace-v2,MINIMAL,0.109400,trimmed_cropped_rl_ppsr2WB8.mp4,True,True,False
visomaster_GhostFace-v2_04185,keep,visomaster hints,baseline_cropped,retain_as_weak_signal_baseline_subset,GhostFace-v2|MODERATE,20260417,GhostFace-v2,MODERATE,0.291400,trimmed_cropped_aK99-xV5oXw.mp4,True,True,False
visomaster_GhostFace-v2_04186,ignore,,,not_selected_in_deterministic_random_subset,,,GhostFace-v2,STRONG,0.361700,trimmed_cropped_aZwtIIXAHwk.mp4,True,True,False
visomaster_GhostFace-v2_04187,ignore,,,not_selected_in_deterministic_random_subset,,,GhostFace-v2,MODERATE,0.158300,trimmed_cropped_6tnYjuaTPAI.mp4,True,True,False
visomaster_GhostFace-v2_04188,ignore,,,not_selected_in_deterministic_random_subset,,,GhostFace-v2,MODERATE,0.215300,trimmed_cropped_n-B8HWUqNMg.mp4,True,True,False
visomaster_GhostFace-v2_04189,keep,visomaster hints,baseline_cropped,retain_as_weak_signal_baseline_subset,GhostFace-v2|STRONG,20260417,GhostFace-v2,STRONG,0.375400,trimmed_cropped_ZcfaCtEQFi4.mp4,True,True,False
visomaster_GhostFace-v2_04190,ignore,,,not_selected_in_deterministic_random_subset,,,GhostFace-v2,MODERATE,0.223600,trimmed_cropped_ugUliqq7wBk.mp4,True,True,False
visomaster_GhostFace-v2_04191,ignore,,,not_selected_in_deterministic_random_subset,,,GhostFace-v2,MODERATE,0.159800,trimmed_cropped_CSG9GIjd9Ig.mp4,True,True,False
visomaster_GhostFace-v2_04192,ignore,,,minimal_tier_excluded,,,GhostFace-v2,MINIMAL,0.128900,trimmed_cropped__ZNMacAazOY.mp4,True,True,False
visomaster_GhostFace-v2_04193,ignore,,,not_selected_in_deterministic_random_subset,,,GhostFace-v2,MODERATE,0.184100,trimmed_cropped_xTk7DNegi7E.mp4,True,True,False
visomaster_GhostFace-v2_04194,ignore,,,not_selected_in_deterministic_random_subset,,,GhostFace-v2,MODERATE,0.214000,trimmed_cropped_BH6msZGUIyA.mp4,True,True,False
visomaster_GhostFace-v2_04195,keep,visomaster hints,baseline_cropped,retain_as_weak_signal_baseline_subset,GhostFace-v2|STRONG,20260417,GhostFace-v2,STRONG,0.391900,trimmed_cropped_kN73l0rd_VE.mp4,True,True,False
visomaster_GhostFace-v2_04196,ignore,,,minimal_tier_excluded,,,GhostFace-v2,MINIMAL,0.147100,trimmed_cropped_E0EwDgmiTIk.mp4,True,True,False
visomaster_GhostFace-v2_04197,ignore,,,not_selected_in_deterministic_random_subset,,,GhostFace-v2,MODERATE,0.173300,trimmed_cropped_BfcDfYc6HZ0.mp4,True,True,False
visomaster_GhostFace-v2_04198,keep,visomaster hints,baseline_cropped,retain_as_weak_signal_baseline_subset,GhostFace-v2|MODERATE,20260417,GhostFace-v2,MODERATE,0.178100,trimmed_cropped_j8_I1A8k0JM.mp4,True,True,False
visomaster_GhostFace-v2_04199,ignore,,,not_selected_in_deterministic_random_subset,,,GhostFace-v2,STRONG,0.383900,trimmed_cropped_LVERxuILVuw.mp4,True,True,False
visomaster_GhostFace-v2_04200,ignore,,,not_selected_in_deterministic_random_subset,,,GhostFace-v2,MODERATE,0.216700,trimmed_cropped_ywWkSZqyFsU.mp4,True,True,False
visomaster_GhostFace-v2_04201,ignore,,,not_selected_in_deterministic_random_subset,,,GhostFace-v2,MODERATE,0.164800,trimmed_cropped_ZWxK9GqiJfY.mp4,True,True,False
visomaster_GhostFace-v2_04202,ignore,,,not_selected_in_deterministic_random_subset,,,GhostFace-v2,MODERATE,0.193200,trimmed_cropped_vKtsBCU0pYA.mp4,True,True,False
visomaster_GhostFace-v2_04203,ignore,,,not_selected_in_deterministic_random_subset,,,GhostFace-v2,MODERATE,0.248100,trimmed_cropped__WYwFencGEs.mp4,True,True,False
visomaster_GhostFace-v2_04204,ignore,,,not_selected_in_deterministic_random_subset,,,GhostFace-v2,MODERATE,0.233700,trimmed_cropped_4K_Yn2jMSZQ.mp4,True,True,False
visomaster_GhostFace-v2_04205,ignore,,,not_selected_in_deterministic_random_subset,,,GhostFace-v2,MODERATE,0.153800,trimmed_cropped_oW5zQXC4OEw.mp4,True,True,False
visomaster_GhostFace-v2_04206,ignore,,,minimal_tier_excluded,,,GhostFace-v2,MINIMAL,0.131600,trimmed_cropped_tMJ_Uw7ZA7w.mp4,True,True,False
visomaster_GhostFace-v2_04207,ignore,,,minimal_tier_excluded,,,GhostFace-v2,MINIMAL,0.136400,trimmed_cropped_DM9ONMHsZrA.mp4,True,True,False
visomaster_GhostFace-v2_04208,ignore,,,not_selected_in_deterministic_random_subset,,,GhostFace-v2,MODERATE,0.246700,trimmed_cropped_o5DrlI7lUas.mp4,True,True,False
visomaster_GhostFace-v2_04209,ignore,,,not_selected_in_deterministic_random_subset,,,GhostFace-v2,MODERATE,0.195000,trimmed_cropped_oHv_oVbIApo.mp4,True,True,False
visomaster_GhostFace-v2_04210,ignore,,,not_selected_in_deterministic_random_subset,,,GhostFace-v2,MODERATE,0.250300,trimmed_cropped_5y2YupJ2F9g.mp4,True,True,False
visomaster_GhostFace-v2_04211,keep,visomaster hints,baseline_cropped,retain_as_weak_signal_baseline_subset,GhostFace-v2|STRONG,20260417,GhostFace-v2,STRONG,0.328700,trimmed_cropped_1tyZ4AiwrtY.mp4,True,True,False
visomaster_GhostFace-v2_04212,ignore,,,not_selected_in_deterministic_random_subset,,,GhostFace-v2,MODERATE,0.284100,trimmed_cropped_T7sdb7ouEsQ.mp4,True,True,False
visomaster_GhostFace-v2_04213,keep,visomaster hints,baseline_cropped,retain_as_weak_signal_baseline_subset,GhostFace-v2|STRONG,20260417,GhostFace-v2,STRONG,0.320900,trimmed_cropped_X3xYyXE1pZM.mp4,True,True,False
visomaster_GhostFace-v2_04214,ignore,,,minimal_tier_excluded,,,GhostFace-v2,MINIMAL,0.148100,trimmed_cropped_tCe8peiRN-M.mp4,True,True,False
visomaster_GhostFace-v2_04215,ignore,,,not_selected_in_deterministic_random_subset,,,GhostFace-v2,MODERATE,0.296600,trimmed_cropped_OrNRLT3sm94.mp4,True,True,False
visomaster_GhostFace-v2_04216,ignore,,,not_selected_in_deterministic_random_subset,,,GhostFace-v2,MODERATE,0.224200,trimmed_cropped_1HekeiuiAn8.mp4,True,True,False
visomaster_GhostFace-v2_04217,ignore,,,not_selected_in_deterministic_random_subset,,,GhostFace-v2,MODERATE,0.298900,trimmed_cropped_3zTD2M-wnEk.mp4,True,True,False
visomaster_GhostFace-v2_04218,ignore,,,not_selected_in_deterministic_random_subset,,,GhostFace-v2,MODERATE,0.161000,trimmed_cropped_ljGKxn8GtCY.mp4,True,True,False
visomaster_GhostFace-v2_04219,ignore,,,minimal_tier_excluded,,,GhostFace-v2,MINIMAL,0.142500,trimmed_cropped_jvDKqiZ2_xM.mp4,True,True,False
visomaster_GhostFace-v2_04220,ignore,,,not_selected_in_deterministic_random_subset,,,GhostFace-v2,MODERATE,0.252500,trimmed_cropped_ZTyHNVjIGJc.mp4,True,True,False
visomaster_GhostFace-v2_04221,ignore,,,minimal_tier_excluded,,,GhostFace-v2,MINIMAL,0.140100,trimmed_cropped_s6UIiKmgozw.mp4,True,True,False
visomaster_GhostFace-v2_04222,keep,visomaster hints,baseline_cropped,retain_as_weak_signal_baseline_subset,GhostFace-v2|MODERATE,20260417,GhostFace-v2,MODERATE,0.291400,trimmed_cropped_AzcQCOLEj0U.mp4,True,True,False
visomaster_GhostFace-v2_04223,ignore,,,not_selected_in_deterministic_random_subset,,,GhostFace-v2,MODERATE,0.294200,trimmed_cropped_UKdDKZOcY4w.mp4,True,True,False
visomaster_GhostFace-v2_04224,keep,visomaster hints,baseline_cropped,retain_as_weak_signal_baseline_subset,GhostFace-v2|STRONG,20260417,GhostFace-v2,STRONG,0.318100,trimmed_cropped_vrlk77_AJ-Q.mp4,True,True,False
visomaster_GhostFace-v2_04225,ignore,,,minimal_tier_excluded,,,GhostFace-v2,MINIMAL,0.117300,trimmed_cropped_OqSYD9L6Mmc.mp4,True,True,False
visomaster_GhostFace-v2_04226,ignore,,,minimal_tier_excluded,,,GhostFace-v2,MINIMAL,0.137700,trimmed_cropped_SJVC7AXCmTk.mp4,True,True,False
visomaster_GhostFace-v2_04227,ignore,,,minimal_tier_excluded,,,GhostFace-v2,MINIMAL,0.139800,trimmed_cropped_lQTGPcCNIYc.mp4,True,True,False
visomaster_GhostFace-v2_04228,ignore,,,not_selected_in_deterministic_random_subset,,,GhostFace-v2,MODERATE,0.222600,trimmed_cropped_5CWT61gw3JA.mp4,True,True,False
visomaster_GhostFace-v2_04229,ignore,,,not_selected_in_deterministic_random_subset,,,GhostFace-v2,MODERATE,0.204700,trimmed_cropped_4mDMvv-YnNU.mp4,True,True,False
visomaster_GhostFace-v2_04230,ignore,,,minimal_tier_excluded,,,GhostFace-v2,MINIMAL,0.138200,trimmed_cropped_ljAmkMZno6w.mp4,True,True,False
visomaster_GhostFace-v2_04231,ignore,,,not_selected_in_deterministic_random_subset,,,GhostFace-v2,MODERATE,0.222800,trimmed_cropped_AReeSvoOnZk.mp4,True,True,False
visomaster_GhostFace-v2_04232,ignore,,,not_selected_in_deterministic_random_subset,,,GhostFace-v2,MODERATE,0.162200,trimmed_cropped_jJNN6jv3mO4.mp4,True,True,False
visomaster_GhostFace-v2_04233,ignore,,,minimal_tier_excluded,,,GhostFace-v2,MINIMAL,0.149800,trimmed_cropped_i5w4Ho5oFn8.mp4,True,True,False
visomaster_GhostFace-v2_04234,ignore,,,not_selected_in_deterministic_random_subset,,,GhostFace-v2,MODERATE,0.219000,trimmed_cropped_W69LcDrJ6d4.mp4,True,True,False
visomaster_GhostFace-v2_04235,ignore,,,not_selected_in_deterministic_random_subset,,,GhostFace-v2,MODERATE,0.161800,trimmed_cropped_F6dPAV082hE.mp4,True,True,False
visomaster_GhostFace-v2_04236,ignore,,,not_selected_in_deterministic_random_subset,,,GhostFace-v2,MODERATE,0.251700,trimmed_cropped_wlmf8b_qo3M.mp4,True,True,False
visomaster_GhostFace-v2_04237,ignore,,,not_selected_in_deterministic_random_subset,,,GhostFace-v2,MODERATE,0.166700,trimmed_cropped_-bsfOduQTe8.mp4,True,True,False
visomaster_GhostFace-v2_04238,ignore,,,not_selected_in_deterministic_random_subset,,,GhostFace-v2,MODERATE,0.223200,trimmed_cropped_h0rTro8Q8mw.mp4,True,True,False
visomaster_GhostFace-v2_04239,ignore,,,not_selected_in_deterministic_random_subset,,,GhostFace-v2,MODERATE,0.164300,trimmed_cropped_r7Pu_2SzLyA.mp4,True,True,False
visomaster_GhostFace-v2_04240,ignore,,,not_selected_in_deterministic_random_subset,,,GhostFace-v2,MODERATE,0.162900,trimmed_cropped_0LYBw3CIAf4.mp4,True,True,False
visomaster_GhostFace-v2_04241,ignore,,,minimal_tier_excluded,,,GhostFace-v2,MINIMAL,0.112800,trimmed_cropped_WBLqUN3_Iq4.mp4,True,True,False
visomaster_GhostFace-v2_04242,keep,visomaster hints,baseline_cropped,retain_as_weak_signal_baseline_subset,GhostFace-v2|MODERATE,20260417,GhostFace-v2,MODERATE,0.199900,trimmed_cropped_f5Y3drZA-QA.mp4,True,True,False
visomaster_GhostFace-v2_04243,keep,visomaster hints,baseline_cropped,retain_as_weak_signal_baseline_subset,GhostFace-v2|MODERATE,20260417,GhostFace-v2,MODERATE,0.287400,trimmed_cropped_9S7s_cyxnuE.mp4,True,True,False
visomaster_GhostFace-v2_04244,keep,visomaster hints,baseline_cropped,retain_as_weak_signal_baseline_subset,GhostFace-v2|STRONG,20260417,GhostFace-v2,STRONG,0.324800,trimmed_cropped_sbkmUleCRd0.mp4,True,True,False
visomaster_GhostFace-v2_04245,keep,visomaster hints,baseline_cropped,retain_as_weak_signal_baseline_subset,GhostFace-v2|MODERATE,20260417,GhostFace-v2,MODERATE,0.291900,trimmed_cropped_HBVu8dgg0UY.mp4,True,True,False
visomaster_GhostFace-v2_04246,ignore,,,not_selected_in_deterministic_random_subset,,,GhostFace-v2,MODERATE,0.171600,trimmed_cropped_L53hgoLebRU.mp4,True,True,False
visomaster_GhostFace-v2_04247,keep,visomaster hints,baseline_cropped,retain_as_weak_signal_baseline_subset,GhostFace-v2|MODERATE,20260417,GhostFace-v2,MODERATE,0.161300,trimmed_cropped_3E8wf_ma7Mc.mp4,True,True,False
visomaster_GhostFace-v2_04248,ignore,,,not_selected_in_deterministic_random_subset,,,GhostFace-v2,MODERATE,0.199000,trimmed_cropped_EvqFdl7S5Zo.mp4,True,True,False
visomaster_GhostFace-v2_04249,ignore,,,not_selected_in_deterministic_random_subset,,,GhostFace-v2,MODERATE,0.170500,trimmed_cropped_JuPzEH3Y4Dw.mp4,True,True,False
visomaster_GhostFace-v2_04250,ignore,,,not_selected_in_deterministic_random_subset,,,GhostFace-v2,MODERATE,0.173300,trimmed_cropped_ZdI-_yhWBvY.mp4,True,True,False
visomaster_GhostFace-v2_04251,ignore,,,not_selected_in_deterministic_random_subset,,,GhostFace-v2,MODERATE,0.179100,trimmed_cropped_xUVNSOEftqI.mp4,True,True,False
visomaster_GhostFace-v2_04252,ignore,,,minimal_tier_excluded,,,GhostFace-v2,MINIMAL,0.140700,trimmed_cropped_mX0MoVH6rDM.mp4,True,True,False
visomaster_GhostFace-v2_04253,ignore,,,minimal_tier_excluded,,,GhostFace-v2,MINIMAL,0.125300,trimmed_cropped_d4WLplqA9Wo.mp4,True,True,False
visomaster_GhostFace-v2_04254,ignore,,,not_selected_in_deterministic_random_subset,,,GhostFace-v2,STRONG,0.371700,trimmed_cropped_oSJmNDiZLhM.mp4,True,True,False
visomaster_GhostFace-v2_04255,ignore,,,not_selected_in_deterministic_random_subset,,,GhostFace-v2,MODERATE,0.167700,trimmed_cropped_CwfcFuRP_5M.mp4,True,True,False
visomaster_GhostFace-v2_04256,ignore,,,not_selected_in_deterministic_random_subset,,,GhostFace-v2,MODERATE,0.173100,trimmed_cropped_408cjMZRFvA.mp4,True,True,False
visomaster_GhostFace-v2_04257,keep,visomaster hints,baseline_cropped,retain_as_weak_signal_baseline_subset,GhostFace-v2|MODERATE,20260417,GhostFace-v2,MODERATE,0.293200,trimmed_cropped_hu7DLh0KF1I.mp4,True,True,False
visomaster_GhostFace-v2_04258,ignore,,,not_selected_in_deterministic_random_subset,,,GhostFace-v2,MODERATE,0.288300,trimmed_cropped_In1jrYfmvfU.mp4,True,True,False
visomaster_GhostFace-v2_04259,ignore,,,not_selected_in_deterministic_random_subset,,,GhostFace-v2,MODERATE,0.199500,trimmed_cropped_8XTIegiQGjs.mp4,True,True,False
visomaster_GhostFace-v2_04260,ignore,,,minimal_tier_excluded,,,GhostFace-v2,MINIMAL,0.149900,trimmed_cropped_iZt5ADEvrFg.mp4,True,True,False
visomaster_GhostFace-v2_04261,ignore,,,not_selected_in_deterministic_random_subset,,,GhostFace-v2,MODERATE,0.152700,trimmed_cropped_K4abynadEdM.mp4,True,True,False
visomaster_GhostFace-v2_04262,ignore,,,not_selected_in_deterministic_random_subset,,,GhostFace-v2,MODERATE,0.153700,trimmed_cropped_axyKJZUiq0o.mp4,True,True,False
visomaster_GhostFace-v2_04263,keep,visomaster hints,baseline_cropped,retain_as_weak_signal_baseline_subset,GhostFace-v2|STRONG,20260417,GhostFace-v2,STRONG,0.375600,trimmed_cropped_5RpAx7WQG-c.mp4,True,True,False
visomaster_GhostFace-v2_04264,ignore,,,not_selected_in_deterministic_random_subset,,,GhostFace-v2,MODERATE,0.203800,trimmed_cropped_z19r9THJIlc.mp4,True,True,False
visomaster_GhostFace-v2_04265,ignore,,,not_selected_in_deterministic_random_subset,,,GhostFace-v2,MODERATE,0.237100,trimmed_cropped_xWZmvyKAY3I.mp4,True,True,False
visomaster_GhostFace-v2_04266,ignore,,,not_selected_in_deterministic_random_subset,,,GhostFace-v2,MODERATE,0.191700,trimmed_cropped_Aqpl2vUjZ74.mp4,True,True,False
visomaster_GhostFace-v2_04267,ignore,,,not_selected_in_deterministic_random_subset,,,GhostFace-v2,MODERATE,0.295300,trimmed_cropped_hRFM7faKH0g.mp4,True,True,False
visomaster_GhostFace-v2_04268,ignore,,,minimal_tier_excluded,,,GhostFace-v2,MINIMAL,0.127000,trimmed_cropped_CdwRhczB72U.mp4,True,True,False
visomaster_GhostFace-v2_04269,keep,visomaster hints,baseline_cropped,retain_as_weak_signal_baseline_subset,GhostFace-v2|STRONG,20260417,GhostFace-v2,STRONG,0.301000,trimmed_cropped_w7IaSgTlvkk.mp4,True,True,False
visomaster_GhostFace-v2_04270,ignore,,,not_selected_in_deterministic_random_subset,,,GhostFace-v2,MODERATE,0.272900,trimmed_cropped_OuGTGWPVdag.mp4,True,True,False
visomaster_GhostFace-v2_04271,ignore,,,minimal_tier_excluded,,,GhostFace-v2,MINIMAL,0.117400,trimmed_cropped_BomxNW_7y-E.mp4,True,True,False
visomaster_GhostFace-v2_04272,ignore,,,not_selected_in_deterministic_random_subset,,,GhostFace-v2,MODERATE,0.167400,trimmed_cropped_O9zU6n8GbRA.mp4,True,True,False
visomaster_GhostFace-v2_04273,ignore,,,not_selected_in_deterministic_random_subset,,,GhostFace-v2,MODERATE,0.220700,trimmed_cropped_WVRmG0ljLh8.mp4,True,True,False
visomaster_GhostFace-v2_04274,keep,visomaster hints,baseline_cropped,retain_as_weak_signal_baseline_subset,GhostFace-v2|MODERATE,20260417,GhostFace-v2,MODERATE,0.292800,trimmed_cropped_oIqJoBYnjss.mp4,True,True,False
visomaster_GhostFace-v2_04275,keep,visomaster hints,baseline_cropped,retain_as_weak_signal_baseline_subset,GhostFace-v2|STRONG,20260417,GhostFace-v2,STRONG,0.300900,trimmed_cropped_2wRECeDLUHY.mp4,True,True,False
visomaster_GhostFace-v2_04276,ignore,,,minimal_tier_excluded,,,GhostFace-v2,MINIMAL,0.142000,trimmed_cropped_w7L-AWsCj-Q.mp4,True,True,False
visomaster_GhostFace-v2_04277,keep,visomaster hints,baseline_cropped,retain_as_weak_signal_baseline_subset,GhostFace-v2|MODERATE,20260417,GhostFace-v2,MODERATE,0.189700,trimmed_cropped_-ZWTa-xaDsc.mp4,True,True,False
visomaster_GhostFace-v2_04278,ignore,,,not_selected_in_deterministic_random_subset,,,GhostFace-v2,STRONG,0.570700,trimmed_cropped_KdfpiRiG9W8.mp4,True,True,False
visomaster_GhostFace-v2_04279,ignore,,,minimal_tier_excluded,,,GhostFace-v2,MINIMAL,0.132400,trimmed_cropped_hkTIjn4Ph0s.mp4,True,True,False
visomaster_GhostFace-v2_04280,ignore,,,not_selected_in_deterministic_random_subset,,,GhostFace-v2,MODERATE,0.289600,trimmed_cropped_flfi38e0NKk.mp4,True,True,False
visomaster_GhostFace-v2_04281,ignore,,,not_selected_in_deterministic_random_subset,,,GhostFace-v2,MODERATE,0.283400,trimmed_cropped_VlooYAdgPXc.mp4,True,True,False
visomaster_GhostFace-v2_04282,ignore,,,not_selected_in_deterministic_random_subset,,,GhostFace-v2,MODERATE,0.196600,trimmed_cropped_DGtZiCyDE2k.mp4,True,True,False
visomaster_GhostFace-v2_04283,ignore,,,not_selected_in_deterministic_random_subset,,,GhostFace-v2,MODERATE,0.158400,trimmed_cropped_2bD5GVliSzI.mp4,True,True,False
visomaster_GhostFace-v2_04284,ignore,,,minimal_tier_excluded,,,GhostFace-v2,MINIMAL,0.107300,trimmed_cropped_sSYQFImbhfA.mp4,True,True,False
visomaster_GhostFace-v2_04285,ignore,,,minimal_tier_excluded,,,GhostFace-v2,MINIMAL,0.130900,trimmed_cropped_3mqPepaANVQ.mp4,True,True,False
visomaster_GhostFace-v2_04286,keep,visomaster hints,baseline_cropped,retain_as_weak_signal_baseline_subset,GhostFace-v2|STRONG,20260417,GhostFace-v2,STRONG,0.301100,trimmed_cropped_QaGjQ33KVW0.mp4,True,True,False
visomaster_GhostFace-v2_04287,ignore,,,not_selected_in_deterministic_random_subset,,,GhostFace-v2,MODERATE,0.165700,trimmed_cropped_809AyVkGJBc.mp4,True,True,False
visomaster_GhostFace-v2_04288,ignore,,,not_selected_in_deterministic_random_subset,,,GhostFace-v2,MODERATE,0.236400,trimmed_cropped_T2Mhg74oY2g.mp4,True,True,False
visomaster_GhostFace-v2_04289,ignore,,,not_selected_in_deterministic_random_subset,,,GhostFace-v2,MODERATE,0.207500,trimmed_cropped_sVzHzP8ZysA.mp4,True,True,False
visomaster_GhostFace-v2_04290,ignore,,,minimal_tier_excluded,,,GhostFace-v2,MINIMAL,0.127300,trimmed_cropped_o6jJF1dpNeA.mp4,True,True,False
visomaster_GhostFace-v2_04291,ignore,,,not_selected_in_deterministic_random_subset,,,GhostFace-v2,MODERATE,0.193600,trimmed_cropped_Tz7obrBnVto.mp4,True,True,False
visomaster_GhostFace-v2_04292,keep,visomaster hints,baseline_cropped,retain_as_weak_signal_baseline_subset,GhostFace-v2|MODERATE,20260417,GhostFace-v2,MODERATE,0.215900,trimmed_cropped_txUZT4VqSig.mp4,True,True,False
visomaster_GhostFace-v2_04293,ignore,,,not_selected_in_deterministic_random_subset,,,GhostFace-v2,MODERATE,0.171600,trimmed_cropped_QfymF1JJdTk.mp4,True,True,False
visomaster_GhostFace-v2_04294,keep,visomaster hints,baseline_cropped,retain_as_weak_signal_baseline_subset,GhostFace-v2|MODERATE,20260417,GhostFace-v2,MODERATE,0.200500,trimmed_cropped_gJdur5oTdSY.mp4,True,True,False
visomaster_GhostFace-v2_04295,ignore,,,not_selected_in_deterministic_random_subset,,,GhostFace-v2,MODERATE,0.197700,trimmed_cropped_1AvE5wV3dD4.mp4,True,True,False
visomaster_GhostFace-v2_04296,keep,visomaster hints,baseline_cropped,retain_as_weak_signal_baseline_subset,GhostFace-v2|MODERATE,20260417,GhostFace-v2,MODERATE,0.234500,trimmed_cropped_-8XybHI-dIo.mp4,True,True,False
visomaster_GhostFace-v2_04297,ignore,,,not_selected_in_deterministic_random_subset,,,GhostFace-v2,MODERATE,0.227900,trimmed_cropped_Zv3tgCSWR1s.mp4,True,True,False
visomaster_GhostFace-v2_04298,ignore,,,minimal_tier_excluded,,,GhostFace-v2,MINIMAL,0.148100,trimmed_cropped_oW5zQXC4OEw.mp4,True,True,False
visomaster_GhostFace-v2_04299,ignore,,,not_selected_in_deterministic_random_subset,,,GhostFace-v2,MODERATE,0.236300,trimmed_cropped_OuGTGWPVdag.mp4,True,True,False
visomaster_GhostFace-v2_04300,ignore,,,not_selected_in_deterministic_random_subset,,,GhostFace-v2,MODERATE,0.230800,trimmed_cropped_w7IaSgTlvkk.mp4,True,True,False
visomaster_GhostFace-v2_04301,ignore,,,not_selected_in_deterministic_random_subset,,,GhostFace-v2,MODERATE,0.221700,trimmed_cropped_GegJ_vweKi0.mp4,True,True,False
visomaster_GhostFace-v2_04302,ignore,,,not_selected_in_deterministic_random_subset,,,GhostFace-v2,MODERATE,0.193000,trimmed_cropped_EIJLJ1Yy9IY.mp4,True,True,False
visomaster_GhostFace-v2_04303,ignore,,,not_selected_in_deterministic_random_subset,,,GhostFace-v2,MODERATE,0.250200,trimmed_cropped_0OQ-mZA6hI0.mp4,True,True,False
visomaster_GhostFace-v2_04304,ignore,,,not_selected_in_deterministic_random_subset,,,GhostFace-v2,MODERATE,0.178300,trimmed_cropped_Ak6JTENwtSs.mp4,True,True,False
visomaster_GhostFace-v2_04305,ignore,,,not_selected_in_deterministic_random_subset,,,GhostFace-v2,MODERATE,0.230200,trimmed_cropped_Mt_5OWRfwGo.mp4,True,True,False
visomaster_GhostFace-v2_04306,ignore,,,not_selected_in_deterministic_random_subset,,,GhostFace-v2,MODERATE,0.185600,trimmed_cropped_JRWuYX7e-10.mp4,True,True,False
visomaster_GhostFace-v2_04307,ignore,,,not_selected_in_deterministic_random_subset,,,GhostFace-v2,MODERATE,0.172900,trimmed_cropped_rLiiw0Ufyig.mp4,True,True,False
visomaster_GhostFace-v2_04308,ignore,,,minimal_tier_excluded,,,GhostFace-v2,MINIMAL,0.143400,trimmed_cropped_ezrcA_6s1R4.mp4,True,True,False
visomaster_GhostFace-v2_04309,keep,visomaster hints,baseline_cropped,retain_as_weak_signal_baseline_subset,GhostFace-v2|STRONG,20260417,GhostFace-v2,STRONG,0.349900,trimmed_cropped_-n1y0QwPq1I.mp4,True,True,False
visomaster_GhostFace-v2_04310,ignore,,,not_selected_in_deterministic_random_subset,,,GhostFace-v2,MODERATE,0.214200,trimmed_cropped_rmxnkfAOtTw.mp4,True,True,False
visomaster_GhostFace-v2_04311,keep,visomaster hints,baseline_cropped,retain_as_weak_signal_baseline_subset,GhostFace-v2|STRONG,20260417,GhostFace-v2,STRONG,0.314700,trimmed_cropped_m3tQAgg44sE.mp4,True,True,False
visomaster_GhostFace-v2_04312,ignore,,,not_selected_in_deterministic_random_subset,,,GhostFace-v2,STRONG,0.338900,trimmed_cropped_8AiefSZWjzo.mp4,True,True,False
visomaster_GhostFace-v2_04313,ignore,,,not_selected_in_deterministic_random_subset,,,GhostFace-v2,MODERATE,0.269300,trimmed_cropped_xXGHYEXS0fk.mp4,True,True,False
visomaster_GhostFace-v2_04314,ignore,,,not_selected_in_deterministic_random_subset,,,GhostFace-v2,MODERATE,0.201900,trimmed_cropped_iYYq6-oQtZA.mp4,True,True,False
visomaster_GhostFace-v2_04315,ignore,,,not_selected_in_deterministic_random_subset,,,GhostFace-v2,MODERATE,0.218500,trimmed_cropped_DMUUA5Z-i28.mp4,True,True,False
visomaster_GhostFace-v2_04316,ignore,,,minimal_tier_excluded,,,GhostFace-v2,MINIMAL,0.133800,trimmed_cropped_XSo6MaV0QaI.mp4,True,True,False
visomaster_GhostFace-v2_04317,keep,visomaster hints,baseline_cropped,retain_as_weak_signal_baseline_subset,GhostFace-v2|MODERATE,20260417,GhostFace-v2,MODERATE,0.158000,trimmed_cropped_z7Hl51dFrcU.mp4,True,True,False
visomaster_GhostFace-v2_04318,ignore,,,minimal_tier_excluded,,,GhostFace-v2,MINIMAL,0.125300,trimmed_cropped_FdpLwjD70Cs.mp4,True,True,False
visomaster_GhostFace-v2_04319,ignore,,,not_selected_in_deterministic_random_subset,,,GhostFace-v2,MODERATE,0.152600,trimmed_cropped_WCsVr6ufxyo.mp4,True,True,False
visomaster_GhostFace-v2_04320,ignore,,,not_selected_in_deterministic_random_subset,,,GhostFace-v2,MODERATE,0.177800,trimmed_cropped_o-DFrboZYCo.mp4,True,True,False
visomaster_GhostFace-v2_04321,ignore,,,minimal_tier_excluded,,,GhostFace-v2,MINIMAL,0.137900,trimmed_cropped_sc-Jn5G4s08.mp4,True,True,False
visomaster_GhostFace-v2_04322,keep,visomaster hints,baseline_cropped,retain_as_weak_signal_baseline_subset,GhostFace-v2|MODERATE,20260417,GhostFace-v2,MODERATE,0.244900,trimmed_cropped_XBtlBlnjmHM.mp4,True,True,False
visomaster_GhostFace-v2_04323,ignore,,,not_selected_in_deterministic_random_subset,,,GhostFace-v2,MODERATE,0.168600,trimmed_cropped_vKtsBCU0pYA.mp4,True,True,False
visomaster_GhostFace-v2_04324,ignore,,,not_selected_in_deterministic_random_subset,,,GhostFace-v2,MODERATE,0.257400,trimmed_cropped_0nB7M-ZGNz0.mp4,True,True,False
visomaster_GhostFace-v2_04325,ignore,,,not_selected_in_deterministic_random_subset,,,GhostFace-v2,MODERATE,0.167600,trimmed_cropped_6h3Ni6mH4PI.mp4,True,True,False
visomaster_GhostFace-v2_04326,ignore,,,not_selected_in_deterministic_random_subset,,,GhostFace-v2,MODERATE,0.267100,trimmed_cropped_ggPEdzqnddY.mp4,True,True,False
visomaster_GhostFace-v2_04327,keep,visomaster hints,baseline_cropped,retain_as_weak_signal_baseline_subset,GhostFace-v2|STRONG,20260417,GhostFace-v2,STRONG,0.319100,trimmed_cropped_zuHLTSJcg_M.mp4,True,True,False
visomaster_GhostFace-v2_04328,ignore,,,not_selected_in_deterministic_random_subset,,,GhostFace-v2,STRONG,0.338600,trimmed_cropped_OLwTFvuUk0A.mp4,True,True,False
visomaster_GhostFace-v2_04329,ignore,,,not_selected_in_deterministic_random_subset,,,GhostFace-v2,MODERATE,0.169300,trimmed_cropped_howEjHhvEEs.mp4,True,True,False
visomaster_GhostFace-v2_04330,ignore,,,minimal_tier_excluded,,,GhostFace-v2,MINIMAL,0.120500,trimmed_cropped_sWJ7RbHAyOY.mp4,True,True,False
visomaster_GhostFace-v2_04331,ignore,,,not_selected_in_deterministic_random_subset,,,GhostFace-v2,MODERATE,0.197700,trimmed_cropped_Goud5eibDVk.mp4,True,True,False
visomaster_GhostFace-v2_04332,ignore,,,not_selected_in_deterministic_random_subset,,,GhostFace-v2,MODERATE,0.233100,trimmed_cropped_ooDQ3RwtErw.mp4,True,True,False
visomaster_GhostFace-v2_04333,ignore,,,not_selected_in_deterministic_random_subset,,,GhostFace-v2,MODERATE,0.228500,trimmed_cropped_jD-vHkiBJng.mp4,True,True,False
visomaster_GhostFace-v2_04334,ignore,,,not_selected_in_deterministic_random_subset,,,GhostFace-v2,MODERATE,0.201600,trimmed_cropped_Vo0Nfz9I7bI.mp4,True,True,False
visomaster_GhostFace-v2_04335,ignore,,,not_selected_in_deterministic_random_subset,,,GhostFace-v2,MODERATE,0.240100,trimmed_cropped_84bswCScGI4.mp4,True,True,False
visomaster_GhostFace-v2_04336,ignore,,,not_selected_in_deterministic_random_subset,,,GhostFace-v2,MODERATE,0.218000,trimmed_cropped_IA9v82qOfR8.mp4,True,True,False
visomaster_GhostFace-v2_04337,ignore,,,not_selected_in_deterministic_random_subset,,,GhostFace-v2,MODERATE,0.231600,trimmed_cropped_IW6-K_30uc8.mp4,True,True,False
visomaster_GhostFace-v2_04338,ignore,,,not_selected_in_deterministic_random_subset,,,GhostFace-v2,MODERATE,0.205400,trimmed_cropped__5p-OcteMlI.mp4,True,True,False
visomaster_GhostFace-v2_04339,ignore,,,minimal_tier_excluded,,,GhostFace-v2,MINIMAL,0.104300,trimmed_cropped_n1v6CQA5nk0.mp4,True,True,False
visomaster_GhostFace-v2_04340,keep,visomaster hints,baseline_cropped,retain_as_weak_signal_baseline_subset,GhostFace-v2|MODERATE,20260417,GhostFace-v2,MODERATE,0.271500,trimmed_cropped_-9rGb7muhTI.mp4,True,True,False
visomaster_GhostFace-v2_04341,ignore,,,not_selected_in_deterministic_random_subset,,,GhostFace-v2,MODERATE,0.206100,trimmed_cropped_qkG_kYSaCYQ.mp4,True,True,False
visomaster_GhostFace-v2_04342,ignore,,,not_selected_in_deterministic_random_subset,,,GhostFace-v2,MODERATE,0.174600,trimmed_cropped_u7bTuDBIVBE.mp4,True,True,False
visomaster_GhostFace-v2_04343,keep,visomaster hints,baseline_cropped,retain_as_weak_signal_baseline_subset,GhostFace-v2|MODERATE,20260417,GhostFace-v2,MODERATE,0.207800,trimmed_cropped_I0s1wdaeC8k.mp4,True,True,False
visomaster_GhostFace-v2_04344,ignore,,,not_selected_in_deterministic_random_subset,,,GhostFace-v2,MODERATE,0.175100,trimmed_cropped_w7AKi_TgrrA.mp4,True,True,False
visomaster_GhostFace-v2_04345,keep,visomaster hints,baseline_cropped,retain_as_weak_signal_baseline_subset,GhostFace-v2|STRONG,20260417,GhostFace-v2,STRONG,0.340900,trimmed_cropped_ZnUj4Z4PloA.mp4,True,True,False
visomaster_GhostFace-v2_04346,ignore,,,not_selected_in_deterministic_random_subset,,,GhostFace-v2,MODERATE,0.284500,trimmed_cropped_jepUSF0zsAY.mp4,True,True,False
visomaster_GhostFace-v2_04347,ignore,,,not_selected_in_deterministic_random_subset,,,GhostFace-v2,MODERATE,0.229300,trimmed_cropped_OiCagmxgA64.mp4,True,True,False
visomaster_GhostFace-v2_04348,ignore,,,minimal_tier_excluded,,,GhostFace-v2,MINIMAL,0.139700,trimmed_cropped_Upq1RxrhmaA.mp4,True,True,False
visomaster_GhostFace-v2_04349,ignore,,,minimal_tier_excluded,,,GhostFace-v2,MINIMAL,0.019500,trimmed_cropped_wfMHHJKWJE0.mp4,True,True,False
visomaster_GhostFace-v2_04350,ignore,,,not_selected_in_deterministic_random_subset,,,GhostFace-v2,MODERATE,0.177400,trimmed_cropped_EI7I7mxc-Tc.mp4,True,True,False
visomaster_GhostFace-v2_04351,ignore,,,not_selected_in_deterministic_random_subset,,,GhostFace-v2,MODERATE,0.222900,trimmed_cropped_JrzqpNuY8rc.mp4,True,True,False
visomaster_GhostFace-v2_04352,ignore,,,not_selected_in_deterministic_random_subset,,,GhostFace-v2,MODERATE,0.189400,trimmed_cropped_vpJxcnDrKvw.mp4,True,True,False
visomaster_GhostFace-v2_04353,ignore,,,not_selected_in_deterministic_random_subset,,,GhostFace-v2,STRONG,0.521500,trimmed_cropped_2q-35ReQ04E.mp4,True,True,False
visomaster_GhostFace-v2_04354,ignore,,,missing_tier_metadata_companion,,,GhostFace-v2,,,,True,False,False
visomaster_GhostFace-v2_04355,ignore,,,minimal_tier_excluded,,,GhostFace-v2,MINIMAL,0.142900,trimmed_cropped_ArnhItrVuFM.mp4,True,True,False
visomaster_GhostFace-v2_04356,ignore,,,not_selected_in_deterministic_random_subset,,,GhostFace-v2,MODERATE,0.238200,trimmed_cropped_W1lPtnQ9QSc.mp4,True,True,False
visomaster_GhostFace-v2_04357,ignore,,,not_selected_in_deterministic_random_subset,,,GhostFace-v2,MODERATE,0.254600,trimmed_cropped_lK8HnPKx910.mp4,True,True,False
visomaster_GhostFace-v2_04358,ignore,,,not_selected_in_deterministic_random_subset,,,GhostFace-v2,MODERATE,0.168000,trimmed_cropped_qLJ2leF2yZ4.mp4,True,True,False
visomaster_GhostFace-v2_04359,keep,visomaster hints,baseline_cropped,retain_as_weak_signal_baseline_subset,GhostFace-v2|STRONG,20260417,GhostFace-v2,STRONG,0.306400,trimmed_cropped_qoISHhaGsXo.mp4,True,True,False
visomaster_GhostFace-v2_04360,ignore,,,not_selected_in_deterministic_random_subset,,,GhostFace-v2,MODERATE,0.245500,trimmed_cropped_P38Bu9aHsrM.mp4,True,True,False
visomaster_GhostFace-v2_04361,ignore,,,minimal_tier_excluded,,,GhostFace-v2,MINIMAL,0.146400,trimmed_cropped_25hS6hc6BTo.mp4,True,True,False
visomaster_GhostFace-v2_04362,ignore,,,minimal_tier_excluded,,,GhostFace-v2,MINIMAL,0.136800,trimmed_cropped__HVxOHg1vy8.mp4,True,True,False
visomaster_GhostFace-v2_04363,ignore,,,not_selected_in_deterministic_random_subset,,,GhostFace-v2,MODERATE,0.217000,trimmed_cropped_ypKwMUWSUt4.mp4,True,True,False
visomaster_GhostFace-v2_04364,keep,visomaster hints,baseline_cropped,retain_as_weak_signal_baseline_subset,GhostFace-v2|MODERATE,20260417,GhostFace-v2,MODERATE,0.290300,trimmed_cropped_TrmYeIAsWZI.mp4,True,True,False
visomaster_GhostFace-v2_04365,ignore,,,not_selected_in_deterministic_random_subset,,,GhostFace-v2,MODERATE,0.185300,trimmed_cropped_-o4Jfjhx_dI.mp4,True,True,False
visomaster_GhostFace-v2_04366,keep,visomaster hints,baseline_cropped,retain_as_weak_signal_baseline_subset,GhostFace-v2|MODERATE,20260417,GhostFace-v2,MODERATE,0.240700,trimmed_cropped_yCuH_4nLK58.mp4,True,True,False
visomaster_GhostFace-v2_04367,ignore,,,minimal_tier_excluded,,,GhostFace-v2,MINIMAL,0.092800,trimmed_cropped_6MEfGxKiPaE.mp4,True,True,False
visomaster_GhostFace-v2_04368,keep,visomaster hints,baseline_cropped,retain_as_weak_signal_baseline_subset,GhostFace-v2|MODERATE,20260417,GhostFace-v2,MODERATE,0.263300,trimmed_cropped_8Wq3mmYIw2I.mp4,True,True,False
visomaster_GhostFace-v2_04369,ignore,,,not_selected_in_deterministic_random_subset,,,GhostFace-v2,MODERATE,0.170800,trimmed_cropped_j4Oyi1T-HmU.mp4,True,True,False
visomaster_GhostFace-v2_04370,ignore,,,not_selected_in_deterministic_random_subset,,,GhostFace-v2,MODERATE,0.255200,trimmed_cropped_gQZOBLSl-Vs.mp4,True,True,False
visomaster_GhostFace-v2_04371,ignore,,,not_selected_in_deterministic_random_subset,,,GhostFace-v2,MODERATE,0.237000,trimmed_cropped_K_ZX9w7FqkE.mp4,True,True,False
visomaster_GhostFace-v2_04372,ignore,,,not_selected_in_deterministic_random_subset,,,GhostFace-v2,MODERATE,0.220800,trimmed_cropped_Vmpu4_CbfEo.mp4,True,True,False
visomaster_GhostFace-v2_04373,ignore,,,not_selected_in_deterministic_random_subset,,,GhostFace-v2,MODERATE,0.228000,trimmed_cropped_vChlqhVJ76Q.mp4,True,True,False
visomaster_GhostFace-v2_04374,ignore,,,not_selected_in_deterministic_random_subset,,,GhostFace-v2,MODERATE,0.193300,trimmed_cropped_iGQEadxVy8A.mp4,True,True,False
visomaster_GhostFace-v2_04375,keep,visomaster hints,baseline_cropped,retain_as_weak_signal_baseline_subset,GhostFace-v2|MODERATE,20260417,GhostFace-v2,MODERATE,0.250900,trimmed_cropped_19XTpT2Blqg.mp4,True,True,False
visomaster_GhostFace-v2_04376,ignore,,,minimal_tier_excluded,,,GhostFace-v2,MINIMAL,0.111000,trimmed_cropped_eYQccBgVLvU.mp4,True,True,False
visomaster_GhostFace-v2_04377,ignore,,,minimal_tier_excluded,,,GhostFace-v2,MINIMAL,0.139500,trimmed_cropped_fzK4kLOrdkM.mp4,True,True,False
visomaster_GhostFace-v2_04378,ignore,,,minimal_tier_excluded,,,GhostFace-v2,MINIMAL,0.028100,trimmed_cropped_JkmY20onHmg.mp4,True,True,False
visomaster_GhostFace-v2_04379,ignore,,,not_selected_in_deterministic_random_subset,,,GhostFace-v2,MODERATE,0.207900,trimmed_C0_G4zFmXtc.mp4,True,True,False
visomaster_GhostFace-v2_04380,ignore,,,minimal_tier_excluded,,,GhostFace-v2,MINIMAL,0.031600,trimmed_cropped_RFnFy2KMj7I.mp4,True,True,False
visomaster_GhostFace-v2_04381,ignore,,,not_selected_in_deterministic_random_subset,,,GhostFace-v2,MODERATE,0.273300,trimmed_cropped_RyOMjSmCxxQ.mp4,True,True,False
visomaster_GhostFace-v2_04382,keep,visomaster hints,baseline_cropped,retain_as_weak_signal_baseline_subset,GhostFace-v2|MODERATE,20260417,GhostFace-v2,MODERATE,0.205500,trimmed_cropped_qyLJ6VExXBc.mp4,True,True,False
visomaster_GhostFace-v2_04383,ignore,,,not_selected_in_deterministic_random_subset,,,GhostFace-v2,MODERATE,0.199500,trimmed_cropped_9JErDsqFpiQ.mp4,True,True,False
visomaster_GhostFace-v2_04384,ignore,,,not_selected_in_deterministic_random_subset,,,GhostFace-v2,MODERATE,0.292400,trimmed_cropped_m6itGA887rI.mp4,True,True,False
visomaster_GhostFace-v2_04385,ignore,,,not_selected_in_deterministic_random_subset,,,GhostFace-v2,MODERATE,0.202500,trimmed_cropped_sdhSYl4yzBk.mp4,True,True,False
visomaster_GhostFace-v2_04386,keep,visomaster hints,baseline_cropped,retain_as_weak_signal_baseline_subset,GhostFace-v2|STRONG,20260417,GhostFace-v2,STRONG,0.320200,trimmed_cropped_HJAk_nKE6AU.mp4,True,True,False
visomaster_GhostFace-v2_04387,ignore,,,not_selected_in_deterministic_random_subset,,,GhostFace-v2,MODERATE,0.225000,trimmed_cropped_FyOuum08H-I.mp4,True,True,False
visomaster_GhostFace-v2_04388,keep,visomaster hints,baseline_cropped,retain_as_weak_signal_baseline_subset,GhostFace-v2|MODERATE,20260417,GhostFace-v2,MODERATE,0.225400,trimmed_cropped_3CVtqjur2-4.mp4,True,True,False
visomaster_GhostFace-v2_04389,ignore,,,not_selected_in_deterministic_random_subset,,,GhostFace-v2,MODERATE,0.152800,trimmed_cropped_shlHz7VQkBo.mp4,True,True,False
visomaster_GhostFace-v2_04390,ignore,,,minimal_tier_excluded,,,GhostFace-v2,MINIMAL,0.106700,trimmed_cropped_rywt3LDWDvA.mp4,True,True,False
visomaster_GhostFace-v2_04391,keep,visomaster hints,baseline_cropped,retain_as_weak_signal_baseline_subset,GhostFace-v2|MODERATE,20260417,GhostFace-v2,MODERATE,0.289700,trimmed_cropped_Az4DMuX-4O8.mp4,True,True,False
visomaster_GhostFace-v2_04392,keep,visomaster hints,baseline_cropped,retain_as_weak_signal_baseline_subset,GhostFace-v2|MODERATE,20260417,GhostFace-v2,MODERATE,0.193300,trimmed_cropped_emT4xsO79jQ.mp4,True,True,False
visomaster_GhostFace-v2_04393,ignore,,,not_selected_in_deterministic_random_subset,,,GhostFace-v2,MODERATE,0.268000,trimmed_cropped_YQHT2YeN-U0.mp4,True,True,False
visomaster_GhostFace-v2_04394,ignore,,,not_selected_in_deterministic_random_subset,,,GhostFace-v2,MODERATE,0.184200,trimmed_cropped_NNkWnYBchlM.mp4,True,True,False
visomaster_GhostFace-v2_04395,ignore,,,not_selected_in_deterministic_random_subset,,,GhostFace-v2,MODERATE,0.235000,trimmed_cropped_XTWHXaHijUI.mp4,True,True,False
visomaster_GhostFace-v2_04396,ignore,,,not_selected_in_deterministic_random_subset,,,GhostFace-v2,MODERATE,0.176400,trimmed_cropped_g8hcu7orKM8.mp4,True,True,False
visomaster_GhostFace-v2_04397,ignore,,,minimal_tier_excluded,,,GhostFace-v2,MINIMAL,0.085500,trimmed_cropped_FMwzKFcCwJA.mp4,True,True,False
visomaster_GhostFace-v2_04398,ignore,,,not_selected_in_deterministic_random_subset,,,GhostFace-v2,MODERATE,0.166500,trimmed_cropped_U7RLaOqPlpU.mp4,True,True,False
visomaster_GhostFace-v2_04399,ignore,,,not_selected_in_deterministic_random_subset,,,GhostFace-v2,MODERATE,0.237700,trimmed_cropped_K3xxvYX-DLU.mp4,True,True,False
visomaster_GhostFace-v2_04400,ignore,,,not_selected_in_deterministic_random_subset,,,GhostFace-v2,MODERATE,0.205500,trimmed_cropped_0cVOx_CHMNQ.mp4,True,True,False
visomaster_GhostFace-v2_04401,ignore,,,not_selected_in_deterministic_random_subset,,,GhostFace-v2,MODERATE,0.194500,trimmed_cropped_iWunlH_tgb0.mp4,True,True,False
visomaster_GhostFace-v2_04402,keep,visomaster hints,baseline_cropped,retain_as_weak_signal_baseline_subset,GhostFace-v2|STRONG,20260417,GhostFace-v2,STRONG,0.395500,trimmed_cropped_kU6dAEZPshw.mp4,True,True,False
visomaster_GhostFace-v2_04403,ignore,,,not_selected_in_deterministic_random_subset,,,GhostFace-v2,MODERATE,0.162800,trimmed_cropped_5s8cvu9COCg.mp4,True,True,False
visomaster_GhostFace-v2_04404,ignore,,,not_selected_in_deterministic_random_subset,,,GhostFace-v2,MODERATE,0.254300,trimmed_cropped_Og9LP987R-o.mp4,True,True,False
visomaster_GhostFace-v2_04405,ignore,,,not_selected_in_deterministic_random_subset,,,GhostFace-v2,MODERATE,0.260200,trimmed_cropped_mVy02_BEweg.mp4,True,True,False
visomaster_GhostFace-v2_04406,ignore,,,not_selected_in_deterministic_random_subset,,,GhostFace-v2,MODERATE,0.294000,trimmed_cropped_Ypd2Wr_VwsU.mp4,True,True,False
visomaster_GhostFace-v2_04407,ignore,,,not_selected_in_deterministic_random_subset,,,GhostFace-v2,MODERATE,0.190400,trimmed_cropped_PtCLt3b4gqw.mp4,True,True,False
visomaster_GhostFace-v2_04408,ignore,,,minimal_tier_excluded,,,GhostFace-v2,MINIMAL,0.147300,trimmed_cropped_GQW2SjBFB3c.mp4,True,True,False
visomaster_GhostFace-v2_04409,ignore,,,not_selected_in_deterministic_random_subset,,,GhostFace-v2,MODERATE,0.267800,trimmed_cropped_-JjOwqS4HUQ.mp4,True,True,False
visomaster_GhostFace-v2_04410,ignore,,,not_selected_in_deterministic_random_subset,,,GhostFace-v2,MODERATE,0.159000,trimmed_cropped_azbilv3zhxw.mp4,True,True,False
visomaster_GhostFace-v2_04411,ignore,,,not_selected_in_deterministic_random_subset,,,GhostFace-v2,MODERATE,0.270000,trimmed_cropped_c38-elPbo64.mp4,True,True,False
visomaster_GhostFace-v2_04412,ignore,,,not_selected_in_deterministic_random_subset,,,GhostFace-v2,MODERATE,0.152600,trimmed_CnWFhDo_BXQ.mp4,True,True,False
visomaster_GhostFace-v2_04413,ignore,,,minimal_tier_excluded,,,GhostFace-v2,MINIMAL,0.122100,trimmed_cropped_YrnpNaQKaVU.mp4,True,True,False
visomaster_GhostFace-v2_04414,ignore,,,minimal_tier_excluded,,,GhostFace-v2,MINIMAL,0.122700,trimmed_cropped_YaXoJ4UpUng.mp4,True,True,False
visomaster_GhostFace-v2_04415,ignore,,,not_selected_in_deterministic_random_subset,,,GhostFace-v2,MODERATE,0.260400,trimmed_cropped_uQE0Z_Y3XnE.mp4,True,True,False
visomaster_GhostFace-v2_04416,ignore,,,minimal_tier_excluded,,,GhostFace-v2,MINIMAL,0.127200,trimmed_cropped_mBclEUHCGUY.mp4,True,True,False
visomaster_GhostFace-v2_04417,ignore,,,not_selected_in_deterministic_random_subset,,,GhostFace-v2,MODERATE,0.157200,trimmed_cropped_U27iKxvXTfs.mp4,True,True,False
visomaster_GhostFace-v2_04418,ignore,,,minimal_tier_excluded,,,GhostFace-v2,MINIMAL,0.144600,trimmed_cropped__TNuhIqqccI.mp4,True,True,False
visomaster_GhostFace-v2_04419,ignore,,,not_selected_in_deterministic_random_subset,,,GhostFace-v2,MODERATE,0.217300,trimmed_cropped_Ypd2Wr_VwsU.mp4,True,True,False
visomaster_GhostFace-v2_04420,ignore,,,minimal_tier_excluded,,,GhostFace-v2,MINIMAL,0.142200,trimmed_cropped_UKFo9bHhYbc.mp4,True,True,False
visomaster_GhostFace-v2_04421,keep,visomaster hints,baseline_cropped,retain_as_weak_signal_baseline_subset,GhostFace-v2|STRONG,20260417,GhostFace-v2,STRONG,0.302000,trimmed_cropped_3RWfByeKjMg.mp4,True,True,False
visomaster_GhostFace-v2_04422,ignore,,,not_selected_in_deterministic_random_subset,,,GhostFace-v2,MODERATE,0.156500,trimmed_cropped_nnVNWZwKyGs.mp4,True,True,False
visomaster_GhostFace-v2_04423,ignore,,,minimal_tier_excluded,,,GhostFace-v2,MINIMAL,0.097700,trimmed_cropped_D7TnfHUPnYA.mp4,True,True,False
visomaster_GhostFace-v2_04424,ignore,,,minimal_tier_excluded,,,GhostFace-v2,MINIMAL,0.122900,trimmed_cropped_uCVO03b441k.mp4,True,True,False
visomaster_GhostFace-v2_04425,ignore,,,minimal_tier_excluded,,,GhostFace-v2,MINIMAL,0.133200,trimmed_cropped_Y8gcGx3azG8.mp4,True,True,False
visomaster_GhostFace-v2_04426,ignore,,,not_selected_in_deterministic_random_subset,,,GhostFace-v2,MODERATE,0.168500,trimmed_cropped_g8Z3sNQqBU4.mp4,True,True,False
visomaster_GhostFace-v2_04427,keep,visomaster hints,baseline_cropped,retain_as_weak_signal_baseline_subset,GhostFace-v2|MODERATE,20260417,GhostFace-v2,MODERATE,0.290300,trimmed_cropped_rNyHxFmmbeE.mp4,True,True,False
visomaster_GhostFace-v2_04428,keep,visomaster hints,baseline_cropped,retain_as_weak_signal_baseline_subset,GhostFace-v2|MODERATE,20260417,GhostFace-v2,MODERATE,0.216300,trimmed_cropped_1Gb2MF_wFYU.mp4,True,True,False
visomaster_GhostFace-v2_04429,ignore,,,not_selected_in_deterministic_random_subset,,,GhostFace-v2,MODERATE,0.173600,trimmed_cropped_2Y0fhS6TJVs.mp4,True,True,False
visomaster_GhostFace-v2_04430,ignore,,,not_selected_in_deterministic_random_subset,,,GhostFace-v2,MODERATE,0.212000,trimmed_cropped_J8pBsn89bYo.mp4,True,True,False
visomaster_GhostFace-v2_04431,ignore,,,not_selected_in_deterministic_random_subset,,,GhostFace-v2,MODERATE,0.292600,trimmed_cropped_2N0pN5kw1fs.mp4,True,True,False
visomaster_GhostFace-v2_04432,keep,visomaster hints,baseline_cropped,retain_as_weak_signal_baseline_subset,GhostFace-v2|STRONG,20260417,GhostFace-v2,STRONG,0.300200,trimmed_cropped_tkkMCd2HVCg.mp4,True,True,False
visomaster_GhostFace-v2_04433,keep,visomaster hints,baseline_cropped,retain_as_weak_signal_baseline_subset,GhostFace-v2|STRONG,20260417,GhostFace-v2,STRONG,0.350400,trimmed_cropped_KN3w1aegVLg.mp4,True,True,False
visomaster_GhostFace-v2_04434,ignore,,,not_selected_in_deterministic_random_subset,,,GhostFace-v2,MODERATE,0.269400,trimmed_cropped_HBqIUuBasz8.mp4,True,True,False
visomaster_GhostFace-v2_04435,ignore,,,not_selected_in_deterministic_random_subset,,,GhostFace-v2,MODERATE,0.163800,trimmed_cropped_hcRKdzhpmVE.mp4,True,True,False
visomaster_GhostFace-v2_04436,ignore,,,not_selected_in_deterministic_random_subset,,,GhostFace-v2,MODERATE,0.258600,trimmed_cropped_ermJ4AAEnrk.mp4,True,True,False
visomaster_GhostFace-v2_04437,ignore,,,not_selected_in_deterministic_random_subset,,,GhostFace-v2,MODERATE,0.260400,trimmed_cropped_0X8T__S4Fjc.mp4,True,True,False
visomaster_GhostFace-v2_04438,ignore,,,not_selected_in_deterministic_random_subset,,,GhostFace-v2,MODERATE,0.182600,trimmed_cropped_JRWuYX7e-10.mp4,True,True,False
visomaster_GhostFace-v2_04439,ignore,,,not_selected_in_deterministic_random_subset,,,GhostFace-v2,MODERATE,0.189300,trimmed_cropped_3R6slycJ5Ys.mp4,True,True,False
visomaster_GhostFace-v2_04440,ignore,,,not_selected_in_deterministic_random_subset,,,GhostFace-v2,MODERATE,0.159400,trimmed_cropped_87_xffzFXE4.mp4,True,True,False
visomaster_GhostFace-v2_04441,ignore,,,not_selected_in_deterministic_random_subset,,,GhostFace-v2,MODERATE,0.188800,trimmed_cropped_Z1WwrEpFXB8.mp4,True,True,False
visomaster_GhostFace-v2_04442,keep,visomaster hints,baseline_cropped,retain_as_weak_signal_baseline_subset,GhostFace-v2|STRONG,20260417,GhostFace-v2,STRONG,0.389600,trimmed_cropped_4mDMvv-YnNU.mp4,True,True,False
visomaster_GhostFace-v2_04443,ignore,,,not_selected_in_deterministic_random_subset,,,GhostFace-v2,MODERATE,0.280900,trimmed_cropped_6YC60_4nWsY.mp4,True,True,False
visomaster_GhostFace-v2_04444,ignore,,,not_selected_in_deterministic_random_subset,,,GhostFace-v2,STRONG,0.361800,trimmed_cropped_OBqkG5-o6Zg.mp4,True,True,False
visomaster_GhostFace-v2_04445,ignore,,,not_selected_in_deterministic_random_subset,,,GhostFace-v2,MODERATE,0.216100,trimmed_cropped_dCSWY2Q_ISM.mp4,True,True,False
visomaster_GhostFace-v2_04446,keep,visomaster hints,baseline_cropped,retain_as_weak_signal_baseline_subset,GhostFace-v2|STRONG,20260417,GhostFace-v2,STRONG,0.351200,trimmed_cropped_bGyEF5zTxJY.mp4,True,True,False
visomaster_GhostFace-v2_04447,ignore,,,not_selected_in_deterministic_random_subset,,,GhostFace-v2,MODERATE,0.239400,trimmed_cropped_4O_oWmeFLUw.mp4,True,True,False
visomaster_GhostFace-v2_04448,ignore,,,not_selected_in_deterministic_random_subset,,,GhostFace-v2,MODERATE,0.259600,trimmed_cropped_2s5DUKcSz9o.mp4,True,True,False
visomaster_GhostFace-v2_04449,ignore,,,minimal_tier_excluded,,,GhostFace-v2,MINIMAL,0.148900,trimmed_cropped_EO1s0bSegLk.mp4,True,True,False
visomaster_GhostFace-v2_04450,ignore,,,minimal_tier_excluded,,,GhostFace-v2,MINIMAL,0.090400,trimmed_cropped_Keg7AZeOBgI.mp4,True,True,False
visomaster_GhostFace-v2_04451,ignore,,,not_selected_in_deterministic_random_subset,,,GhostFace-v2,MODERATE,0.203800,trimmed_cropped_dtgHRFtw5ds.mp4,True,True,False
visomaster_GhostFace-v2_04452,ignore,,,not_selected_in_deterministic_random_subset,,,GhostFace-v2,MODERATE,0.194100,trimmed_cropped_QMyTwxK8IfY.mp4,True,True,False
visomaster_GhostFace-v2_04453,keep,visomaster hints,baseline_cropped,retain_as_weak_signal_baseline_subset,GhostFace-v2|STRONG,20260417,GhostFace-v2,STRONG,0.328000,trimmed_cropped_052wZg2TN84.mp4,True,True,False
visomaster_GhostFace-v2_04454,ignore,,,not_selected_in_deterministic_random_subset,,,GhostFace-v2,MODERATE,0.193900,trimmed_cropped_R5v8b5RyH9M.mp4,True,True,False
visomaster_GhostFace-v2_04455,ignore,,,minimal_tier_excluded,,,GhostFace-v2,MINIMAL,0.085600,trimmed_cropped_oLFeiuDqIKU.mp4,True,True,False
visomaster_GhostFace-v2_04456,ignore,,,not_selected_in_deterministic_random_subset,,,GhostFace-v2,MODERATE,0.222400,trimmed_cropped_rmxnkfAOtTw.mp4,True,True,False
visomaster_GhostFace-v2_04457,ignore,,,not_selected_in_deterministic_random_subset,,,GhostFace-v2,MODERATE,0.203800,trimmed_cropped_cyMHSVlOStg.mp4,True,True,False
visomaster_GhostFace-v2_04458,ignore,,,minimal_tier_excluded,,,GhostFace-v2,MINIMAL,0.132300,trimmed_cropped_4JoQifekDME.mp4,True,True,False
visomaster_GhostFace-v2_04459,ignore,,,not_selected_in_deterministic_random_subset,,,GhostFace-v2,MODERATE,0.278600,trimmed_cropped_GZYsrGY4KeU.mp4,True,True,False
visomaster_GhostFace-v2_04460,keep,visomaster hints,baseline_cropped,retain_as_weak_signal_baseline_subset,GhostFace-v2|STRONG,20260417,GhostFace-v2,STRONG,0.308800,trimmed_cropped_CBKvukyJ2a4.mp4,True,True,False
visomaster_GhostFace-v2_04461,ignore,,,not_selected_in_deterministic_random_subset,,,GhostFace-v2,MODERATE,0.208200,trimmed_cropped_qJ27e3dh0TY.mp4,True,True,False
visomaster_GhostFace-v2_04462,ignore,,,minimal_tier_excluded,,,GhostFace-v2,MINIMAL,0.141600,trimmed_cropped_Nwz9UINNWDs.mp4,True,True,False
visomaster_GhostFace-v2_04463,ignore,,,minimal_tier_excluded,,,GhostFace-v2,MINIMAL,0.134600,trimmed_cropped_abPwDahPMyk.mp4,True,True,False
visomaster_GhostFace-v2_04464,ignore,,,not_selected_in_deterministic_random_subset,,,GhostFace-v2,MODERATE,0.164100,trimmed_cropped_Qt24fyPymVM.mp4,True,True,False
visomaster_GhostFace-v2_04465,ignore,,,minimal_tier_excluded,,,GhostFace-v2,MINIMAL,0.131100,trimmed_cropped_bPyLvh_6TVA.mp4,True,True,False
visomaster_GhostFace-v2_04466,keep,visomaster hints,baseline_cropped,retain_as_weak_signal_baseline_subset,GhostFace-v2|MODERATE,20260417,GhostFace-v2,MODERATE,0.220700,trimmed_cropped_0PT91KUut80.mp4,True,True,False
visomaster_GhostFace-v2_04467,ignore,,,not_selected_in_deterministic_random_subset,,,GhostFace-v2,MODERATE,0.223100,trimmed_cropped_ETKp2NrRpx8.mp4,True,True,False
visomaster_GhostFace-v2_04468,ignore,,,not_selected_in_deterministic_random_subset,,,GhostFace-v2,MODERATE,0.195300,trimmed_cropped_Tu1UVHzg6eY.mp4,True,True,False
visomaster_GhostFace-v2_04469,ignore,,,minimal_tier_excluded,,,GhostFace-v2,MINIMAL,0.117400,trimmed_cropped_6YKPgufQicY.mp4,True,True,False
visomaster_GhostFace-v2_04470,keep,visomaster hints,baseline_cropped,retain_as_weak_signal_baseline_subset,GhostFace-v2|STRONG,20260417,GhostFace-v2,STRONG,0.484300,trimmed_cropped_r4Bs7zz19JA.mp4,True,True,False
visomaster_GhostFace-v2_04471,ignore,,,not_selected_in_deterministic_random_subset,,,GhostFace-v2,MODERATE,0.200400,trimmed_cropped_rnh0_IhqTVE.mp4,True,True,False
visomaster_GhostFace-v2_04472,keep,visomaster hints,baseline_cropped,retain_as_weak_signal_baseline_subset,GhostFace-v2|STRONG,20260417,GhostFace-v2,STRONG,0.377400,trimmed_cropped_iNgRyq45MEk.mp4,True,True,False
visomaster_GhostFace-v2_04473,ignore,,,minimal_tier_excluded,,,GhostFace-v2,MINIMAL,0.122800,trimmed_cropped_7ImrM-CC-Os.mp4,True,True,False
visomaster_GhostFace-v2_04474,ignore,,,not_selected_in_deterministic_random_subset,,,GhostFace-v2,MODERATE,0.280600,trimmed_cropped_dHqUm4M6KIY.mp4,True,True,False
visomaster_GhostFace-v2_04475,ignore,,,not_selected_in_deterministic_random_subset,,,GhostFace-v2,MODERATE,0.161600,trimmed_cropped_JtQRaoX1WXg.mp4,True,True,False
visomaster_GhostFace-v2_04476,ignore,,,not_selected_in_deterministic_random_subset,,,GhostFace-v2,MODERATE,0.209500,trimmed_cropped_kwrC81_0dxA.mp4,True,True,False
visomaster_GhostFace-v2_04477,ignore,,,minimal_tier_excluded,,,GhostFace-v2,MINIMAL,0.130400,trimmed_cropped_zLUKyvuHUH0.mp4,True,True,False
visomaster_GhostFace-v2_04478,ignore,,,minimal_tier_excluded,,,GhostFace-v2,MINIMAL,0.136700,trimmed_cropped_pDtv3JUpm_s.mp4,True,True,False
visomaster_GhostFace-v2_04479,ignore,,,not_selected_in_deterministic_random_subset,,,GhostFace-v2,MODERATE,0.159000,trimmed_cropped_c6rLqIGgrjg.mp4,True,True,False
visomaster_GhostFace-v2_04480,ignore,,,not_selected_in_deterministic_random_subset,,,GhostFace-v2,MODERATE,0.180300,trimmed_cropped_q4ydi3F0e7g.mp4,True,True,False
visomaster_GhostFace-v2_04481,keep,visomaster hints,baseline_cropped,retain_as_weak_signal_baseline_subset,GhostFace-v2|MODERATE,20260417,GhostFace-v2,MODERATE,0.253700,trimmed_cropped_f548aJDSwDA.mp4,True,True,False
visomaster_GhostFace-v2_04482,ignore,,,minimal_tier_excluded,,,GhostFace-v2,MINIMAL,0.140100,trimmed_cropped_-ClW6eHBxAg.mp4,True,True,False
visomaster_GhostFace-v2_04483,ignore,,,not_selected_in_deterministic_random_subset,,,GhostFace-v2,MODERATE,0.278200,trimmed_cropped_vrlk77_AJ-Q.mp4,True,True,False
visomaster_GhostFace-v2_04484,ignore,,,not_selected_in_deterministic_random_subset,,,GhostFace-v2,MODERATE,0.214500,trimmed_cropped_2s5DUKcSz9o.mp4,True,True,False
visomaster_GhostFace-v2_04485,keep,visomaster hints,baseline_cropped,retain_as_weak_signal_baseline_subset,GhostFace-v2|STRONG,20260417,GhostFace-v2,STRONG,0.333400,trimmed_cropped_DiCTJftEv-4.mp4,True,True,False
visomaster_GhostFace-v2_04486,ignore,,,not_selected_in_deterministic_random_subset,,,GhostFace-v2,STRONG,0.326500,trimmed_cropped_86yue9qDxZk.mp4,True,True,False
visomaster_GhostFace-v2_04487,ignore,,,not_selected_in_deterministic_random_subset,,,GhostFace-v2,MODERATE,0.205300,trimmed_cropped_QkL8VWXcgp8.mp4,True,True,False
visomaster_GhostFace-v2_04488,ignore,,,not_selected_in_deterministic_random_subset,,,GhostFace-v2,MODERATE,0.171700,trimmed_cropped_aTA2JVDN7M8.mp4,True,True,False
visomaster_GhostFace-v2_04489,ignore,,,not_selected_in_deterministic_random_subset,,,GhostFace-v2,MODERATE,0.286700,trimmed_cropped_aXJDkE4gVl4.mp4,True,True,False
visomaster_GhostFace-v2_04490,ignore,,,not_selected_in_deterministic_random_subset,,,GhostFace-v2,MODERATE,0.182500,trimmed_cropped_Y9gy1R-nWZI.mp4,True,True,False
visomaster_GhostFace-v2_04491,ignore,,,not_selected_in_deterministic_random_subset,,,GhostFace-v2,MODERATE,0.290500,trimmed_cropped_ggPEdzqnddY.mp4,True,True,False
visomaster_GhostFace-v2_04492,ignore,,,not_selected_in_deterministic_random_subset,,,GhostFace-v2,MODERATE,0.166900,trimmed_cropped_GmDsE0MhGGc.mp4,True,True,False
visomaster_GhostFace-v2_04493,ignore,,,not_selected_in_deterministic_random_subset,,,GhostFace-v2,MODERATE,0.206400,trimmed_cropped_yGaOXtyy0Kk.mp4,True,True,False
visomaster_GhostFace-v2_04494,ignore,,,minimal_tier_excluded,,,GhostFace-v2,MINIMAL,0.142200,trimmed_cropped_B_2fh4T2-Pg.mp4,True,True,False
visomaster_GhostFace-v2_04495,ignore,,,minimal_tier_excluded,,,GhostFace-v2,MINIMAL,0.143700,trimmed_cropped_BSdFdJGCv-4.mp4,True,True,False
visomaster_GhostFace-v2_04496,ignore,,,not_selected_in_deterministic_random_subset,,,GhostFace-v2,MODERATE,0.189700,trimmed_cropped_emT4xsO79jQ.mp4,True,True,False
visomaster_GhostFace-v2_04497,ignore,,,not_selected_in_deterministic_random_subset,,,GhostFace-v2,MODERATE,0.195300,trimmed_cropped_j4OVkKRUbDk.mp4,True,True,False
visomaster_GhostFace-v2_04498,ignore,,,minimal_tier_excluded,,,GhostFace-v2,MINIMAL,0.131500,trimmed_cropped_hxPHEkZDvPQ.mp4,True,True,False
visomaster_GhostFace-v2_04499,ignore,,,not_selected_in_deterministic_random_subset,,,GhostFace-v2,MODERATE,0.204500,trimmed_cropped_XTXGpgbtpRM.mp4,True,True,False
visomaster_GhostFace-v2_04500,ignore,,,not_selected_in_deterministic_random_subset,,,GhostFace-v2,MODERATE,0.169500,trimmed_cropped__8UtzW5yCIk.mp4,True,True,False
visomaster_GhostFace-v2_04501,ignore,,,not_selected_in_deterministic_random_subset,,,GhostFace-v2,MODERATE,0.252600,trimmed_cropped_Fbkx8J1suTw.mp4,True,True,False
visomaster_GhostFace-v2_04502,ignore,,,minimal_tier_excluded,,,GhostFace-v2,MINIMAL,0.019500,trimmed_cropped_4cKuJx0LpQo.mp4,True,True,False
visomaster_GhostFace-v2_04503,ignore,,,minimal_tier_excluded,,,GhostFace-v2,MINIMAL,0.022000,trimmed_cropped_3zTD2M-wnEk.mp4,True,True,False
visomaster_GhostFace-v2_04504,ignore,,,minimal_tier_excluded,,,GhostFace-v2,MINIMAL,0.016100,trimmed_cropped_rXw6zSnJBj4.mp4,True,True,False
visomaster_GhostFace-v2_04505,ignore,,,minimal_tier_excluded,,,GhostFace-v2,MINIMAL,0.014300,trimmed_cropped_K3xxvYX-DLU.mp4,True,True,False
visomaster_GhostFace-v2_04506,ignore,,,minimal_tier_excluded,,,GhostFace-v2,MINIMAL,0.014800,trimmed_cropped_aj6LrXqBKjs.mp4,True,True,False
visomaster_GhostFace-v2_04507,ignore,,,minimal_tier_excluded,,,GhostFace-v2,MINIMAL,0.039100,trimmed_cropped_oa11L-wITQo.mp4,True,True,False
visomaster_GhostFace-v2_04508,ignore,,,minimal_tier_excluded,,,GhostFace-v2,MINIMAL,0.022100,trimmed_cropped_ggPEdzqnddY.mp4,True,True,False
visomaster_GhostFace-v2_04509,ignore,,,minimal_tier_excluded,,,GhostFace-v2,MINIMAL,0.017500,trimmed_cropped_CzjRurKKK_o.mp4,True,True,False
visomaster_GhostFace-v2_04510,ignore,,,minimal_tier_excluded,,,GhostFace-v2,MINIMAL,0.008300,trimmed_cropped_axyKJZUiq0o.mp4,True,True,False
visomaster_GhostFace-v2_04511,ignore,,,minimal_tier_excluded,,,GhostFace-v2,MINIMAL,0.014500,trimmed_cropped_KA7ml7vxbE4.mp4,True,True,False
visomaster_GhostFace-v2_04512,ignore,,,minimal_tier_excluded,,,GhostFace-v2,MINIMAL,0.023200,trimmed_cropped_VAUCavMFswY.mp4,True,True,False
visomaster_GhostFace-v2_04513,ignore,,,minimal_tier_excluded,,,GhostFace-v2,MINIMAL,0.024800,trimmed_cropped_ySOHWTKqF44.mp4,True,True,False
visomaster_GhostFace-v2_04514,ignore,,,minimal_tier_excluded,,,GhostFace-v2,MINIMAL,0.008500,trimmed_cropped_bs63ZplygJQ.mp4,True,True,False
visomaster_GhostFace-v2_04515,ignore,,,minimal_tier_excluded,,,GhostFace-v2,MINIMAL,0.020600,trimmed_cropped_-_mco6wBPts.mp4,True,True,False
visomaster_GhostFace-v2_04516,ignore,,,minimal_tier_excluded,,,GhostFace-v2,MINIMAL,0.020800,trimmed_cropped_EIJLJ1Yy9IY.mp4,True,True,False
visomaster_GhostFace-v2_04517,ignore,,,minimal_tier_excluded,,,GhostFace-v2,MINIMAL,0.030200,trimmed_cropped_7ImrM-CC-Os.mp4,True,True,False
visomaster_GhostFace-v2_04518,ignore,,,minimal_tier_excluded,,,GhostFace-v2,MINIMAL,0.017900,trimmed_cropped_s-ABxM9TSvI.mp4,True,True,False
visomaster_GhostFace-v2_04519,ignore,,,minimal_tier_excluded,,,GhostFace-v2,MINIMAL,0.017000,trimmed_cropped_PE7Qi3jsCyc.mp4,True,True,False
visomaster_GhostFace-v2_04520,ignore,,,minimal_tier_excluded,,,GhostFace-v2,MINIMAL,0.015600,trimmed_cropped_9dfp59Rn3Ls.mp4,True,True,False
visomaster_GhostFace-v2_04521,ignore,,,minimal_tier_excluded,,,GhostFace-v2,MINIMAL,0.022700,trimmed_cropped_1aYMyE3QvqA.mp4,True,True,False
visomaster_GhostFace-v2_04522,ignore,,,minimal_tier_excluded,,,GhostFace-v2,MINIMAL,0.012900,trimmed_cropped_oLFeiuDqIKU.mp4,True,True,False
visomaster_GhostFace-v2_04523,ignore,,,minimal_tier_excluded,,,GhostFace-v2,MINIMAL,0.023900,trimmed_cropped_ac5xhoL_enw.mp4,True,True,False
visomaster_GhostFace-v2_04524,ignore,,,minimal_tier_excluded,,,GhostFace-v2,MINIMAL,0.009500,trimmed_cropped_pgY6f97VRjM.mp4,True,True,False
visomaster_GhostFace-v2_04525,ignore,,,minimal_tier_excluded,,,GhostFace-v2,MINIMAL,0.015800,trimmed_cropped_1permCfWX_0.mp4,True,True,False
visomaster_GhostFace-v2_04526,ignore,,,minimal_tier_excluded,,,GhostFace-v2,MINIMAL,0.023600,trimmed_cropped_pNLV_QpAecA.mp4,True,True,False
visomaster_GhostFace-v2_04527,ignore,,,minimal_tier_excluded,,,GhostFace-v2,MINIMAL,0.014700,trimmed_cropped_iiI9gMJfFAI.mp4,True,True,False
visomaster_GhostFace-v2_04528,ignore,,,minimal_tier_excluded,,,GhostFace-v2,MINIMAL,0.014200,trimmed_cropped_5dEXIOiAsaw.mp4,True,True,False
visomaster_GhostFace-v2_04529,ignore,,,minimal_tier_excluded,,,GhostFace-v2,MINIMAL,0.018200,trimmed_cropped_blvfZtqVX2w.mp4,True,True,False
visomaster_GhostFace-v2_04530,ignore,,,minimal_tier_excluded,,,GhostFace-v2,MINIMAL,0.029600,trimmed_cropped_YBey0RUkPJM.mp4,True,True,False
visomaster_GhostFace-v2_04531,ignore,,,minimal_tier_excluded,,,GhostFace-v2,MINIMAL,0.010400,trimmed_cropped_r-IreD6rBO8.mp4,True,True,False
visomaster_GhostFace-v2_04532,ignore,,,minimal_tier_excluded,,,GhostFace-v2,MINIMAL,0.020500,trimmed_cropped_W11krdGbdI8.mp4,True,True,False
visomaster_GhostFace-v2_04533,ignore,,,minimal_tier_excluded,,,GhostFace-v2,MINIMAL,0.010000,trimmed_cropped_nigkJaAQFDk.mp4,True,True,False
visomaster_GhostFace-v2_04534,ignore,,,minimal_tier_excluded,,,GhostFace-v2,MINIMAL,0.057200,trimmed_cropped_QgcwZ3NX9Z8.mp4,True,True,False
visomaster_GhostFace-v2_04535,ignore,,,minimal_tier_excluded,,,GhostFace-v2,MINIMAL,0.013900,trimmed_cropped_gylK28rb37Y.mp4,True,True,False
visomaster_GhostFace-v2_04536,ignore,,,minimal_tier_excluded,,,GhostFace-v2,MINIMAL,0.015400,trimmed_cropped_4WCx-RHTdnI.mp4,True,True,False
visomaster_GhostFace-v2_04537,ignore,,,minimal_tier_excluded,,,GhostFace-v2,MINIMAL,0.014700,trimmed_cropped_fKrAzy0TLws.mp4,True,True,False
visomaster_GhostFace-v2_04538,ignore,,,minimal_tier_excluded,,,GhostFace-v2,MINIMAL,0.013600,trimmed_cropped_UWuanGQd0wQ.mp4,True,True,False
visomaster_GhostFace-v2_04539,ignore,,,minimal_tier_excluded,,,GhostFace-v2,MINIMAL,0.011100,trimmed_cropped_SpG55mNdBxw.mp4,True,True,False
visomaster_GhostFace-v2_04540,ignore,,,minimal_tier_excluded,,,GhostFace-v2,MINIMAL,0.011100,trimmed_cropped_y7clfsNB-W4.mp4,True,True,False
visomaster_GhostFace-v2_04541,ignore,,,minimal_tier_excluded,,,GhostFace-v2,MINIMAL,0.025200,trimmed_cropped_w-5IGJjv2Ds.mp4,True,True,False
visomaster_GhostFace-v2_04542,ignore,,,minimal_tier_excluded,,,GhostFace-v2,MINIMAL,0.022300,trimmed_cropped_LNoygdRj2_M.mp4,True,True,False
visomaster_GhostFace-v2_04543,ignore,,,minimal_tier_excluded,,,GhostFace-v2,MINIMAL,0.031100,trimmed_cropped_PBLbBuVeFUM.mp4,True,True,False
visomaster_GhostFace-v2_04544,ignore,,,minimal_tier_excluded,,,GhostFace-v2,MINIMAL,0.019400,trimmed_cropped_EtXdpYCQ8pM.mp4,True,True,False
visomaster_GhostFace-v2_04545,ignore,,,minimal_tier_excluded,,,GhostFace-v2,MINIMAL,0.010000,trimmed_cropped_xQ7tSaIhdkY.mp4,True,True,False
visomaster_GhostFace-v2_04546,ignore,,,minimal_tier_excluded,,,GhostFace-v2,MINIMAL,0.025800,trimmed_cropped_T6W8g7GCkuU.mp4,True,True,False
visomaster_GhostFace-v2_04547,ignore,,,minimal_tier_excluded,,,GhostFace-v2,MINIMAL,0.026500,trimmed_cropped_V96wjvJ4qdU.mp4,True,True,False
visomaster_GhostFace-v2_04548,ignore,,,minimal_tier_excluded,,,GhostFace-v2,MINIMAL,0.013300,trimmed_cropped_nWI4Itkg7PU.mp4,True,True,False
visomaster_GhostFace-v2_04549,ignore,,,minimal_tier_excluded,,,GhostFace-v2,MINIMAL,0.030700,trimmed_cropped_EcUglAig9Qw.mp4,True,True,False
visomaster_GhostFace-v2_04550,ignore,,,minimal_tier_excluded,,,GhostFace-v2,MINIMAL,0.013400,trimmed_cropped_gs9J5aijoYg.mp4,True,True,False
visomaster_GhostFace-v2_04551,ignore,,,minimal_tier_excluded,,,GhostFace-v2,MINIMAL,0.021500,trimmed_cropped_LzYFN6ucW7c.mp4,True,True,False
visomaster_GhostFace-v2_04552,ignore,,,minimal_tier_excluded,,,GhostFace-v2,MINIMAL,0.011100,trimmed_cropped_-JjOwqS4HUQ.mp4,True,True,False
visomaster_GhostFace-v2_04553,ignore,,,minimal_tier_excluded,,,GhostFace-v2,MINIMAL,0.010600,trimmed_cropped_PJQvDvXgF1A.mp4,True,True,False
visomaster_GhostFace-v2_04554,ignore,,,minimal_tier_excluded,,,GhostFace-v2,MINIMAL,0.011100,trimmed_cropped_bTeHOOCu2z8.mp4,True,True,False
visomaster_GhostFace-v2_04555,ignore,,,minimal_tier_excluded,,,GhostFace-v2,MINIMAL,0.016100,trimmed_cropped_q4U8QVx7nWU.mp4,True,True,False
visomaster_GhostFace-v2_04556,ignore,,,minimal_tier_excluded,,,GhostFace-v2,MINIMAL,0.020400,trimmed_cropped_I5Lr7zrNgVI.mp4,True,True,False
visomaster_GhostFace-v2_04557,ignore,,,minimal_tier_excluded,,,GhostFace-v2,MINIMAL,0.024000,trimmed_cropped_AeppyNtQplE.mp4,True,True,False
visomaster_GhostFace-v2_04558,ignore,,,minimal_tier_excluded,,,GhostFace-v2,MINIMAL,0.008800,trimmed_cropped_xjlAB_bY1Xs.mp4,True,True,False
visomaster_GhostFace-v2_04559,ignore,,,minimal_tier_excluded,,,GhostFace-v2,MINIMAL,0.022200,trimmed_cropped_I60Thzqv2Xg.mp4,True,True,False
visomaster_GhostFace-v2_04560,ignore,,,minimal_tier_excluded,,,GhostFace-v2,MINIMAL,0.023000,trimmed_cropped_GEcgPcx9IK0.mp4,True,True,False
visomaster_GhostFace-v2_04561,ignore,,,minimal_tier_excluded,,,GhostFace-v2,MINIMAL,0.036300,trimmed_cropped_xjuqlJbFgR4.mp4,True,True,False
visomaster_GhostFace-v2_04562,ignore,,,minimal_tier_excluded,,,GhostFace-v2,MINIMAL,0.012800,trimmed_cropped_jIOqbxwhprw.mp4,True,True,False
visomaster_GhostFace-v2_04563,ignore,,,minimal_tier_excluded,,,GhostFace-v2,MINIMAL,0.030800,trimmed_cropped_kwrC81_0dxA.mp4,True,True,False
visomaster_GhostFace-v2_04564,ignore,,,minimal_tier_excluded,,,GhostFace-v2,MINIMAL,0.013200,trimmed_cropped_M5VIEHXfkns.mp4,True,True,False
visomaster_GhostFace-v2_04565,ignore,,,minimal_tier_excluded,,,GhostFace-v2,MINIMAL,0.017900,trimmed_cropped_7whKArd2EKo.mp4,True,True,False
visomaster_GhostFace-v2_04566,ignore,,,minimal_tier_excluded,,,GhostFace-v2,MINIMAL,0.012700,trimmed_cropped_iD90rz_sAqg.mp4,True,True,False
visomaster_GhostFace-v2_04567,ignore,,,minimal_tier_excluded,,,GhostFace-v2,MINIMAL,0.056500,trimmed_cropped_0cVOx_CHMNQ.mp4,True,True,False
visomaster_GhostFace-v2_04568,ignore,,,minimal_tier_excluded,,,GhostFace-v2,MINIMAL,0.013600,trimmed_cropped_SGq35srfgz8.mp4,True,True,False
visomaster_GhostFace-v2_04569,ignore,,,minimal_tier_excluded,,,GhostFace-v2,MINIMAL,0.029300,trimmed_cropped_HdP7kvBjrkQ.mp4,True,True,False
visomaster_GhostFace-v2_04570,ignore,,,minimal_tier_excluded,,,GhostFace-v2,MINIMAL,0.007700,trimmed_cropped_lrWwsOR4A10.mp4,True,True,False
visomaster_GhostFace-v2_04571,ignore,,,minimal_tier_excluded,,,GhostFace-v2,MINIMAL,0.024700,trimmed_cropped_WyFcJ33BV2k.mp4,True,True,False
visomaster_GhostFace-v2_04572,ignore,,,minimal_tier_excluded,,,GhostFace-v2,MINIMAL,0.023000,trimmed_cropped_vrlk77_AJ-Q.mp4,True,True,False
visomaster_GhostFace-v2_04573,ignore,,,minimal_tier_excluded,,,GhostFace-v2,MINIMAL,0.015900,trimmed_cropped_gtRKj8bzAYg.mp4,True,True,False
visomaster_GhostFace-v2_04574,ignore,,,minimal_tier_excluded,,,GhostFace-v2,MINIMAL,0.040900,trimmed_cropped_-S6SL7FjsLY.mp4,True,True,False
visomaster_GhostFace-v2_04575,ignore,,,minimal_tier_excluded,,,GhostFace-v2,MINIMAL,0.024900,trimmed_cropped_chVPkr9y0qQ.mp4,True,True,False
visomaster_GhostFace-v2_04576,ignore,,,minimal_tier_excluded,,,GhostFace-v2,MINIMAL,0.013600,trimmed_cropped_WTUJH5FNWQU.mp4,True,True,False
visomaster_GhostFace-v2_04577,ignore,,,minimal_tier_excluded,,,GhostFace-v2,MINIMAL,0.021900,trimmed_cropped_OsUzw_UitmQ.mp4,True,True,False
visomaster_GhostFace-v2_04578,ignore,,,minimal_tier_excluded,,,GhostFace-v2,MINIMAL,0.008700,trimmed_cropped_1vYqeXUYa4w.mp4,True,True,False
visomaster_GhostFace-v2_04579,ignore,,,minimal_tier_excluded,,,GhostFace-v2,MINIMAL,0.029400,trimmed_cropped_zi4I71SYpDU.mp4,True,True,False
visomaster_GhostFace-v2_04580,ignore,,,minimal_tier_excluded,,,GhostFace-v2,MINIMAL,0.014100,trimmed_cropped_Z_OAUFCsylg.mp4,True,True,False
visomaster_GhostFace-v2_04581,ignore,,,minimal_tier_excluded,,,GhostFace-v2,MINIMAL,0.018400,trimmed_cropped_qoISHhaGsXo.mp4,True,True,False
visomaster_GhostFace-v2_04582,ignore,,,minimal_tier_excluded,,,GhostFace-v2,MINIMAL,0.029200,trimmed_cropped_xTk7DNegi7E.mp4,True,True,False
visomaster_GhostFace-v2_04583,ignore,,,minimal_tier_excluded,,,GhostFace-v2,MINIMAL,0.008400,trimmed_cropped_MUzoEvSC_AU.mp4,True,True,False
visomaster_GhostFace-v2_04584,ignore,,,minimal_tier_excluded,,,GhostFace-v2,MINIMAL,0.022600,trimmed_cropped_ALSOhWi6Oe4.mp4,True,True,False
visomaster_GhostFace-v2_04585,ignore,,,minimal_tier_excluded,,,GhostFace-v2,MINIMAL,0.020200,trimmed_cropped_mNAUU8g6Quo.mp4,True,True,False
visomaster_GhostFace-v2_04586,ignore,,,minimal_tier_excluded,,,GhostFace-v2,MINIMAL,0.017100,trimmed_cropped_JauV5k-pE2k.mp4,True,True,False
visomaster_GhostFace-v2_04587,ignore,,,minimal_tier_excluded,,,GhostFace-v2,MINIMAL,0.018300,trimmed_cropped_U6TcQ_twAKY.mp4,True,True,False
visomaster_GhostFace-v2_04588,ignore,,,minimal_tier_excluded,,,GhostFace-v2,MINIMAL,0.028000,trimmed_cropped_ikIrFYcPX8E.mp4,True,True,False
visomaster_GhostFace-v2_04589,ignore,,,minimal_tier_excluded,,,GhostFace-v2,MINIMAL,0.017000,trimmed_cropped_OUAXNPjaaEc.mp4,True,True,False
visomaster_GhostFace-v2_04590,ignore,,,minimal_tier_excluded,,,GhostFace-v2,MINIMAL,0.010100,trimmed_cropped_8ti_B-yCNXQ.mp4,True,True,False
visomaster_GhostFace-v2_04591,ignore,,,minimal_tier_excluded,,,GhostFace-v2,MINIMAL,0.034100,trimmed_cropped_0wdz9ci5tG4.mp4,True,True,False
visomaster_GhostFace-v2_04592,ignore,,,minimal_tier_excluded,,,GhostFace-v2,MINIMAL,0.013600,trimmed_cropped_M5f1QBE2mpM.mp4,True,True,False
visomaster_GhostFace-v2_04593,ignore,,,minimal_tier_excluded,,,GhostFace-v2,MINIMAL,0.019400,trimmed_cropped_E0EwDgmiTIk.mp4,True,True,False
visomaster_GhostFace-v2_04594,ignore,,,minimal_tier_excluded,,,GhostFace-v2,MINIMAL,0.020800,trimmed_cropped_qPUS82_yuM8.mp4,True,True,False
visomaster_GhostFace-v2_04595,ignore,,,minimal_tier_excluded,,,GhostFace-v2,MINIMAL,0.022700,trimmed_cropped_1VkmRU8tKtI.mp4,True,True,False
visomaster_GhostFace-v2_04596,ignore,,,minimal_tier_excluded,,,GhostFace-v2,MINIMAL,0.037400,trimmed_cropped_wWpwMRUDVJc.mp4,True,True,False
visomaster_GhostFace-v2_04597,ignore,,,minimal_tier_excluded,,,GhostFace-v2,MINIMAL,0.019900,trimmed_cropped_6wfdSp2W4WU.mp4,True,True,False
visomaster_GhostFace-v2_04598,ignore,,,minimal_tier_excluded,,,GhostFace-v2,MINIMAL,0.019000,trimmed_cropped_R7qsHlasnlQ.mp4,True,True,False
visomaster_GhostFace-v2_04599,ignore,,,minimal_tier_excluded,,,GhostFace-v2,MINIMAL,0.013900,trimmed_cropped_jT2VO3f_DOE.mp4,True,True,False
visomaster_GhostFace-v2_04600,ignore,,,minimal_tier_excluded,,,GhostFace-v2,MINIMAL,0.067100,trimmed_cropped_LVERxuILVuw.mp4,True,True,False
visomaster_GhostFace-v2_04601,ignore,,,minimal_tier_excluded,,,GhostFace-v2,MINIMAL,0.013900,trimmed_cropped_hB3sWE69t0I.mp4,True,True,False
visomaster_GhostFace-v3_06000,keep,visomaster hints (teams),teams_pair_complete,retain_as_weak_signal_after_teams,,,GhostFace-v3,MODERATE,0.164200,trimmed_cropped_bgGS0mGqlaw.mp4,True,True,True
visomaster_GhostFace-v3_06001,keep,visomaster hints (teams),teams_pair_complete,retain_as_weak_signal_after_teams,,,GhostFace-v3,MODERATE,0.256000,trimmed_cropped_kKxQtTtI-Ys.mp4,True,True,True
visomaster_GhostFace-v3_06002,keep,visomaster hints (teams),teams_pair_complete,retain_as_weak_signal_after_teams,,,GhostFace-v3,MODERATE,0.197200,trimmed_cropped_90UsZUtnhgA.mp4,True,True,True
visomaster_GhostFace-v3_06003,keep,visomaster hints (teams),teams_pair_complete,retain_as_weak_signal_after_teams,,,GhostFace-v3,MINIMAL,0.115200,trimmed_cropped_P1ebXdmNYV4.mp4,True,True,True
visomaster_GhostFace-v3_06004,keep,visomaster hints (teams),teams_pair_complete,retain_as_weak_signal_after_teams,,,GhostFace-v3,STRONG,0.376200,trimmed_cropped_RS0lrXm_F7A.mp4,True,True,True
visomaster_GhostFace-v3_06005,keep,visomaster hints (teams),teams_pair_complete,retain_as_weak_signal_after_teams,,,GhostFace-v3,MODERATE,0.212100,trimmed_cropped_zSuEm4CUa6Y.mp4,True,True,True
visomaster_GhostFace-v3_06006,keep,visomaster hints (teams),teams_pair_complete,retain_as_weak_signal_after_teams,,,GhostFace-v3,MINIMAL,0.146400,trimmed_cropped_6PT3bKjw5eA.mp4,True,True,True
visomaster_GhostFace-v3_06007,keep,visomaster hints (teams),teams_pair_complete,retain_as_weak_signal_after_teams,,,GhostFace-v3,MODERATE,0.234500,trimmed_cropped_97DCCvn5SFw.mp4,True,True,True
visomaster_GhostFace-v3_06008,keep,visomaster hints (teams),teams_pair_complete,retain_as_weak_signal_after_teams,,,GhostFace-v3,MODERATE,0.215900,trimmed_cropped_xm4ptpSfWTM.mp4,True,True,True
visomaster_GhostFace-v3_06009,keep,visomaster hints (teams),teams_pair_complete,retain_as_weak_signal_after_teams,,,GhostFace-v3,STRONG,0.330900,trimmed_cropped_bOUGPoyYd4k.mp4,True,True,True
visomaster_GhostFace-v3_06010,keep,visomaster hints (teams),teams_pair_complete,retain_as_weak_signal_after_teams,,,GhostFace-v3,MINIMAL,0.136700,trimmed_cropped_K7_xY2IZVFI.mp4,True,True,True
visomaster_GhostFace-v3_06011,keep,visomaster hints (teams),teams_pair_complete,retain_as_weak_signal_after_teams,,,GhostFace-v3,MODERATE,0.155900,trimmed_cropped_fKrAzy0TLws.mp4,True,True,True
visomaster_GhostFace-v3_06012,keep,visomaster hints (teams),teams_pair_complete,retain_as_weak_signal_after_teams,,,GhostFace-v3,MINIMAL,0.140300,trimmed_cropped_Ib6QAkhWjtA.mp4,True,True,True
visomaster_GhostFace-v3_06013,keep,visomaster hints (teams),teams_pair_complete,retain_as_weak_signal_after_teams,,,GhostFace-v3,MODERATE,0.280600,trimmed_cropped_MmmNKD6IP0Q.mp4,True,True,True
visomaster_GhostFace-v3_06014,keep,visomaster hints (teams),teams_pair_complete,retain_as_weak_signal_after_teams,,,GhostFace-v3,MODERATE,0.287400,trimmed_cropped_jjmW4WAEj28.mp4,True,True,True
visomaster_GhostFace-v3_06015,keep,visomaster hints (teams),teams_pair_complete,retain_as_weak_signal_after_teams,,,GhostFace-v3,MODERATE,0.237200,trimmed_cropped_JLHBQSXh8F4.mp4,True,True,True
visomaster_GhostFace-v3_06016,keep,visomaster hints (teams),teams_pair_complete,retain_as_weak_signal_after_teams,,,GhostFace-v3,MINIMAL,0.101100,trimmed_cropped_hPMkzNYlDEA.mp4,True,True,True
visomaster_GhostFace-v3_06017,keep,visomaster hints (teams),teams_pair_complete,retain_as_weak_signal_after_teams,,,GhostFace-v3,MODERATE,0.206100,trimmed_cropped_I8l8nQe7XTE.mp4,True,True,True
visomaster_GhostFace-v3_06018,keep,visomaster hints (teams),teams_pair_complete,retain_as_weak_signal_after_teams,,,GhostFace-v3,MODERATE,0.277500,trimmed_cropped_AZVc9XSH7pA.mp4,True,True,True
visomaster_GhostFace-v3_06019,keep,visomaster hints (teams),teams_pair_complete,retain_as_weak_signal_after_teams,,,GhostFace-v3,STRONG,0.440000,trimmed_cropped_DPxWRjSp8_E.mp4,True,True,True
visomaster_GhostFace-v3_06020,keep,visomaster hints (teams),teams_pair_complete,retain_as_weak_signal_after_teams,,,GhostFace-v3,MODERATE,0.190100,trimmed_cropped_n2Jw9AZy8_M.mp4,True,True,True
visomaster_GhostFace-v3_06021,keep,visomaster hints (teams),teams_pair_complete,retain_as_weak_signal_after_teams,,,GhostFace-v3,MODERATE,0.164400,trimmed_cropped_9luo2gAmXy4.mp4,True,True,True
visomaster_GhostFace-v3_06022,keep,visomaster hints (teams),teams_pair_complete,retain_as_weak_signal_after_teams,,,GhostFace-v3,MODERATE,0.224200,trimmed_cropped_VrMSfRuxm3o.mp4,True,True,True
visomaster_GhostFace-v3_06023,keep,visomaster hints (teams),teams_pair_complete,retain_as_weak_signal_after_teams,,,GhostFace-v3,MODERATE,0.162900,trimmed_cropped_a9z8NVpf3HQ.mp4,True,True,True
visomaster_GhostFace-v3_06024,keep,visomaster hints (teams),teams_pair_complete,retain_as_weak_signal_after_teams,,,GhostFace-v3,MODERATE,0.201800,trimmed_cropped_LzYFN6ucW7c.mp4,True,True,True
visomaster_GhostFace-v3_06025,keep,visomaster hints (teams),teams_pair_complete,retain_as_weak_signal_after_teams,,,GhostFace-v3,MODERATE,0.188200,trimmed_cropped_XNZ1-l_w4fs.mp4,True,True,True
visomaster_GhostFace-v3_06026,keep,visomaster hints (teams),teams_pair_complete,retain_as_weak_signal_after_teams,,,GhostFace-v3,MINIMAL,0.101800,trimmed_cropped_ztVi1haAPyU.mp4,True,True,True
visomaster_GhostFace-v3_06027,keep,visomaster hints (teams),teams_pair_complete,retain_as_weak_signal_after_teams,,,GhostFace-v3,MODERATE,0.219900,trimmed_cropped_-Hb-b1J3C7A.mp4,True,True,True
visomaster_GhostFace-v3_06028,keep,visomaster hints (teams),teams_pair_complete,retain_as_weak_signal_after_teams,,,GhostFace-v3,MINIMAL,0.148800,trimmed_cropped_7XgOvIKX6z8.mp4,True,True,True
visomaster_GhostFace-v3_06029,ignore,,,not_selected_in_deterministic_random_subset,,,GhostFace-v3,MODERATE,0.180000,trimmed_cropped_cyMHSVlOStg.mp4,True,True,False
visomaster_GhostFace-v3_06030,keep,visomaster hints (teams),teams_pair_complete,retain_as_weak_signal_after_teams,,,GhostFace-v3,MODERATE,0.236800,trimmed_cropped_hMYo5Ca9vIo.mp4,True,True,True
visomaster_GhostFace-v3_06031,keep,visomaster hints (teams),teams_pair_complete,retain_as_weak_signal_after_teams,,,GhostFace-v3,STRONG,0.309600,trimmed_cropped_1vt9RoYBynQ.mp4,True,True,True
visomaster_GhostFace-v3_06032,keep,visomaster hints (teams),teams_pair_complete,retain_as_weak_signal_after_teams,,,GhostFace-v3,MODERATE,0.180800,trimmed_cropped_23vCfYGIg1U.mp4,True,True,True
visomaster_GhostFace-v3_06033,keep,visomaster hints (teams),teams_pair_complete,retain_as_weak_signal_after_teams,,,GhostFace-v3,MODERATE,0.291000,trimmed_cropped_WCjYo2y9QTI.mp4,True,True,True
visomaster_GhostFace-v3_06034,keep,visomaster hints (teams),teams_pair_complete,retain_as_weak_signal_after_teams,,,GhostFace-v3,STRONG,0.368100,trimmed_cropped_kN73l0rd_VE.mp4,True,True,True
visomaster_GhostFace-v3_06035,keep,visomaster hints (teams),teams_pair_complete,retain_as_weak_signal_after_teams,,,GhostFace-v3,MODERATE,0.210400,trimmed_cropped_d8NH2FEnDQ4.mp4,True,True,True
visomaster_GhostFace-v3_06036,ignore,,,not_selected_in_deterministic_random_subset,,,GhostFace-v3,MODERATE,0.228400,trimmed_cropped_F8ZTxPoeT4o.mp4,True,True,False
visomaster_GhostFace-v3_06037,ignore,,,not_selected_in_deterministic_random_subset,,,GhostFace-v3,MODERATE,0.266800,trimmed_cropped_4L6L-PgqkRs.mp4,True,True,False
visomaster_GhostFace-v3_06038,ignore,,,not_selected_in_deterministic_random_subset,,,GhostFace-v3,MODERATE,0.233100,trimmed_cropped_k57rKgze-Cc.mp4,True,True,False
visomaster_GhostFace-v3_06039,ignore,,,not_selected_in_deterministic_random_subset,,,GhostFace-v3,MODERATE,0.209400,trimmed_cropped_oKSi9ViBdv4.mp4,True,True,False
visomaster_GhostFace-v3_06040,ignore,,,not_selected_in_deterministic_random_subset,,,GhostFace-v3,MODERATE,0.164500,trimmed_cropped_8ePBWq-fDYE.mp4,True,True,False
visomaster_GhostFace-v3_06041,keep,visomaster hints,baseline_cropped,retain_as_weak_signal_baseline_subset,GhostFace-v3|MODERATE,20260417,GhostFace-v3,MODERATE,0.181200,trimmed_cropped_aTA2JVDN7M8.mp4,True,True,False
visomaster_GhostFace-v3_06042,ignore,,,not_selected_in_deterministic_random_subset,,,GhostFace-v3,MODERATE,0.195300,trimmed_cropped_S3iFxJ7_9Us.mp4,True,True,False
visomaster_GhostFace-v3_06043,keep,visomaster hints,baseline_cropped,retain_as_weak_signal_baseline_subset,GhostFace-v3|STRONG,20260417,GhostFace-v3,STRONG,0.459400,trimmed_cropped_bg2nyN1tqMo.mp4,True,True,False
visomaster_GhostFace-v3_06044,keep,visomaster hints,baseline_cropped,retain_as_weak_signal_baseline_subset,GhostFace-v3|MODERATE,20260417,GhostFace-v3,MODERATE,0.169900,trimmed_cropped_QzyVot6D4eI.mp4,True,True,False
visomaster_GhostFace-v3_06045,ignore,,,minimal_tier_excluded,,,GhostFace-v3,MINIMAL,0.106700,trimmed_cropped_OFd7ZydlwrU.mp4,True,True,False
visomaster_GhostFace-v3_06046,keep,visomaster hints,baseline_cropped,retain_as_weak_signal_baseline_subset,GhostFace-v3|STRONG,20260417,GhostFace-v3,STRONG,0.325900,trimmed_cropped_vK6O1cJURtw.mp4,True,True,False
visomaster_GhostFace-v3_06047,ignore,,,not_selected_in_deterministic_random_subset,,,GhostFace-v3,MODERATE,0.297200,trimmed_cropped_5Lplxd1fDsw.mp4,True,True,False
visomaster_GhostFace-v3_06048,ignore,,,minimal_tier_excluded,,,GhostFace-v3,MINIMAL,0.114800,trimmed_cropped_itvjGf7tnZA.mp4,True,True,False
visomaster_GhostFace-v3_06049,ignore,,,minimal_tier_excluded,,,GhostFace-v3,MINIMAL,0.098800,trimmed_cropped_VWjAIE3Gd_Y.mp4,True,True,False
visomaster_GhostFace-v3_06050,ignore,,,not_selected_in_deterministic_random_subset,,,GhostFace-v3,MODERATE,0.196800,trimmed_cropped_oZDyAQRMl1I.mp4,True,True,False
visomaster_GhostFace-v3_06051,ignore,,,not_selected_in_deterministic_random_subset,,,GhostFace-v3,MODERATE,0.276000,trimmed_cropped_nnVNWZwKyGs.mp4,True,True,False
visomaster_GhostFace-v3_06052,ignore,,,minimal_tier_excluded,,,GhostFace-v3,MINIMAL,0.140800,trimmed_cropped_YcZVtyi9EU0.mp4,True,True,False
visomaster_GhostFace-v3_06053,ignore,,,not_selected_in_deterministic_random_subset,,,GhostFace-v3,MODERATE,0.279500,trimmed_cropped_G-tYOKnC0Bo.mp4,True,True,False
visomaster_GhostFace-v3_06054,ignore,,,not_selected_in_deterministic_random_subset,,,GhostFace-v3,MODERATE,0.252000,trimmed_cropped_CwfcFuRP_5M.mp4,True,True,False
visomaster_GhostFace-v3_06055,keep,visomaster hints,baseline_cropped,retain_as_weak_signal_baseline_subset,GhostFace-v3|STRONG,20260417,GhostFace-v3,STRONG,0.335300,trimmed_cropped_NXFTbj_Whoc.mp4,True,True,False
visomaster_GhostFace-v3_06056,keep,visomaster hints,baseline_cropped,retain_as_weak_signal_baseline_subset,GhostFace-v3|MODERATE,20260417,GhostFace-v3,MODERATE,0.165200,trimmed_cropped_ZrX9zQBjNZQ.mp4,True,True,False
visomaster_GhostFace-v3_06057,ignore,,,not_selected_in_deterministic_random_subset,,,GhostFace-v3,MODERATE,0.222700,trimmed_cropped_-2mhZBdx6v0.mp4,True,True,False
visomaster_GhostFace-v3_06058,keep,visomaster hints,baseline_cropped,retain_as_weak_signal_baseline_subset,GhostFace-v3|MODERATE,20260417,GhostFace-v3,MODERATE,0.266200,trimmed_cropped_ehH6YXweUKo.mp4,True,True,False
visomaster_GhostFace-v3_06059,ignore,,,not_selected_in_deterministic_random_subset,,,GhostFace-v3,MODERATE,0.279700,trimmed_cropped_oXBg-lY_APA.mp4,True,True,False
visomaster_GhostFace-v3_06060,ignore,,,minimal_tier_excluded,,,GhostFace-v3,MINIMAL,0.130500,trimmed_cropped_iypoh8MRv1M.mp4,True,True,False
visomaster_GhostFace-v3_06061,ignore,,,minimal_tier_excluded,,,GhostFace-v3,MINIMAL,0.136100,trimmed_cropped_nWI4Itkg7PU.mp4,True,True,False
visomaster_GhostFace-v3_06062,ignore,,,not_selected_in_deterministic_random_subset,,,GhostFace-v3,MODERATE,0.297900,trimmed_cropped_-n1y0QwPq1I.mp4,True,True,False
visomaster_GhostFace-v3_06063,ignore,,,minimal_tier_excluded,,,GhostFace-v3,MINIMAL,0.026300,trimmed_cropped_PYOEB-trUgU.mp4,True,True,False
visomaster_GhostFace-v3_06064,ignore,,,not_selected_in_deterministic_random_subset,,,GhostFace-v3,MODERATE,0.164100,trimmed_cropped_BfcDfYc6HZ0.mp4,True,True,False
visomaster_GhostFace-v3_06065,ignore,,,not_selected_in_deterministic_random_subset,,,GhostFace-v3,MODERATE,0.200500,trimmed_cropped_4Dtr6d--nyc.mp4,True,True,False
visomaster_GhostFace-v3_06066,ignore,,,not_selected_in_deterministic_random_subset,,,GhostFace-v3,MODERATE,0.202200,trimmed_cropped_DemlPAogJnk.mp4,True,True,False
visomaster_GhostFace-v3_06067,ignore,,,minimal_tier_excluded,,,GhostFace-v3,MINIMAL,0.139500,trimmed_cropped_4_CFmzPjzm8.mp4,True,True,False
visomaster_GhostFace-v3_06068,keep,visomaster hints,baseline_cropped,retain_as_weak_signal_baseline_subset,GhostFace-v3|MODERATE,20260417,GhostFace-v3,MODERATE,0.217500,trimmed_cropped_vK6O1cJURtw.mp4,True,True,False
visomaster_GhostFace-v3_06069,ignore,,,not_selected_in_deterministic_random_subset,,,GhostFace-v3,MODERATE,0.196300,trimmed_cropped_1vv6_G74t8c.mp4,True,True,False
visomaster_GhostFace-v3_06070,ignore,,,minimal_tier_excluded,,,GhostFace-v3,MINIMAL,0.146500,trimmed_cropped_-vv_-CqF3ro.mp4,True,True,False
visomaster_GhostFace-v3_06071,ignore,,,not_selected_in_deterministic_random_subset,,,GhostFace-v3,MODERATE,0.239500,trimmed_cropped_YCkjdHR57pU.mp4,True,True,False
visomaster_GhostFace-v3_06072,ignore,,,not_selected_in_deterministic_random_subset,,,GhostFace-v3,MODERATE,0.186500,trimmed_cropped_x8DBZ4tsx9A.mp4,True,True,False
visomaster_GhostFace-v3_06073,keep,visomaster hints,baseline_cropped,retain_as_weak_signal_baseline_subset,GhostFace-v3|STRONG,20260417,GhostFace-v3,STRONG,0.323400,trimmed_cropped_3R6slycJ5Ys.mp4,True,True,False
visomaster_GhostFace-v3_06074,ignore,,,not_selected_in_deterministic_random_subset,,,GhostFace-v3,MODERATE,0.290200,trimmed_cropped_AwxcT29eyHM.mp4,True,True,False
visomaster_GhostFace-v3_06075,ignore,,,not_selected_in_deterministic_random_subset,,,GhostFace-v3,MODERATE,0.152300,trimmed_cropped_dTB75BxVs_k.mp4,True,True,False
visomaster_GhostFace-v3_06076,ignore,,,not_selected_in_deterministic_random_subset,,,GhostFace-v3,MODERATE,0.269200,trimmed_cropped_3lm83UIJJm0.mp4,True,True,False
visomaster_GhostFace-v3_06077,ignore,,,not_selected_in_deterministic_random_subset,,,GhostFace-v3,MODERATE,0.259000,trimmed_cropped_AHziFLq9PQs.mp4,True,True,False
visomaster_GhostFace-v3_06078,ignore,,,not_selected_in_deterministic_random_subset,,,GhostFace-v3,MODERATE,0.197900,trimmed_cropped_oSJmNDiZLhM.mp4,True,True,False
visomaster_GhostFace-v3_06079,ignore,,,not_selected_in_deterministic_random_subset,,,GhostFace-v3,STRONG,0.335200,trimmed_cropped_sgRPGxdKNpQ.mp4,True,True,False
visomaster_GhostFace-v3_06080,ignore,,,not_selected_in_deterministic_random_subset,,,GhostFace-v3,MODERATE,0.150100,trimmed_cropped_nG3S9_k-eSU.mp4,True,True,False
visomaster_GhostFace-v3_06081,ignore,,,not_selected_in_deterministic_random_subset,,,GhostFace-v3,MODERATE,0.264000,trimmed_cropped_528P-mSYvvI.mp4,True,True,False
visomaster_GhostFace-v3_06082,ignore,,,not_selected_in_deterministic_random_subset,,,GhostFace-v3,MODERATE,0.211500,trimmed_cropped_NH7tHJyxZTI.mp4,True,True,False
visomaster_GhostFace-v3_06083,ignore,,,not_selected_in_deterministic_random_subset,,,GhostFace-v3,MODERATE,0.183800,trimmed_cropped_9qZxa3WjZQg.mp4,True,True,False
visomaster_GhostFace-v3_06084,ignore,,,not_selected_in_deterministic_random_subset,,,GhostFace-v3,MODERATE,0.198400,trimmed_cropped_08kGgrqaZXA.mp4,True,True,False
visomaster_GhostFace-v3_06085,ignore,,,not_selected_in_deterministic_random_subset,,,GhostFace-v3,MODERATE,0.212100,trimmed_cropped_NZvy6nEGTFI.mp4,True,True,False
visomaster_GhostFace-v3_06086,ignore,,,not_selected_in_deterministic_random_subset,,,GhostFace-v3,STRONG,0.331100,trimmed_cropped_AcaCEknl-5w.mp4,True,True,False
visomaster_GhostFace-v3_06087,ignore,,,not_selected_in_deterministic_random_subset,,,GhostFace-v3,MODERATE,0.274200,trimmed_cropped_5zxWca_z-10.mp4,True,True,False
visomaster_GhostFace-v3_06088,keep,visomaster hints,baseline_cropped,retain_as_weak_signal_baseline_subset,GhostFace-v3|STRONG,20260417,GhostFace-v3,STRONG,0.356100,trimmed_cropped_MNlo2HNyZDc.mp4,True,True,False
visomaster_GhostFace-v3_06089,keep,visomaster hints,baseline_cropped,retain_as_weak_signal_baseline_subset,GhostFace-v3|MODERATE,20260417,GhostFace-v3,MODERATE,0.177300,trimmed_cropped_EC1q6oDmOPY.mp4,True,True,False
visomaster_GhostFace-v3_06090,ignore,,,not_selected_in_deterministic_random_subset,,,GhostFace-v3,MODERATE,0.297000,trimmed_cropped_iA-ijPsE-SE.mp4,True,True,False
visomaster_GhostFace-v3_06091,keep,visomaster hints,baseline_cropped,retain_as_weak_signal_baseline_subset,GhostFace-v3|STRONG,20260417,GhostFace-v3,STRONG,0.303200,trimmed_cropped_-yQiLYrYjZQ.mp4,True,True,False
visomaster_GhostFace-v3_06092,ignore,,,not_selected_in_deterministic_random_subset,,,GhostFace-v3,STRONG,0.353200,trimmed_cropped_j4ATjq0-4oE.mp4,True,True,False
visomaster_GhostFace-v3_06093,keep,visomaster hints,baseline_cropped,retain_as_weak_signal_baseline_subset,GhostFace-v3|STRONG,20260417,GhostFace-v3,STRONG,0.321500,trimmed_cropped_jgxqT4rDpXo.mp4,True,True,False
visomaster_GhostFace-v3_06094,ignore,,,not_selected_in_deterministic_random_subset,,,GhostFace-v3,STRONG,0.330900,trimmed_cropped_uf9uDiXf29E.mp4,True,True,False
visomaster_GhostFace-v3_06095,ignore,,,not_selected_in_deterministic_random_subset,,,GhostFace-v3,MODERATE,0.217600,trimmed_cropped_EEX44D4UrnA.mp4,True,True,False
visomaster_GhostFace-v3_06096,ignore,,,minimal_tier_excluded,,,GhostFace-v3,MINIMAL,0.107000,trimmed_cropped_Hu4_xyzuYkw.mp4,True,True,False
visomaster_GhostFace-v3_06097,keep,visomaster hints,baseline_cropped,retain_as_weak_signal_baseline_subset,GhostFace-v3|MODERATE,20260417,GhostFace-v3,MODERATE,0.171200,trimmed_cropped_MZB0JO63YVs.mp4,True,True,False
visomaster_GhostFace-v3_06098,ignore,,,not_selected_in_deterministic_random_subset,,,GhostFace-v3,MODERATE,0.291900,trimmed_cropped_OLwTFvuUk0A.mp4,True,True,False
visomaster_GhostFace-v3_06099,ignore,,,not_selected_in_deterministic_random_subset,,,GhostFace-v3,MODERATE,0.166900,trimmed_cropped_UKFo9bHhYbc.mp4,True,True,False
visomaster_GhostFace-v3_06100,ignore,,,not_selected_in_deterministic_random_subset,,,GhostFace-v3,MODERATE,0.216600,trimmed_cropped__HVxOHg1vy8.mp4,True,True,False
visomaster_GhostFace-v3_06101,keep,visomaster hints,baseline_cropped,retain_as_weak_signal_baseline_subset,GhostFace-v3|MODERATE,20260417,GhostFace-v3,MODERATE,0.229300,trimmed_cropped_rOtJk-Ka7n0.mp4,True,True,False
visomaster_GhostFace-v3_06102,keep,visomaster hints,baseline_cropped,retain_as_weak_signal_baseline_subset,GhostFace-v3|STRONG,20260417,GhostFace-v3,STRONG,0.312900,trimmed_cropped_X8LGtB1hVwY.mp4,True,True,False
visomaster_GhostFace-v3_06103,ignore,,,not_selected_in_deterministic_random_subset,,,GhostFace-v3,MODERATE,0.287200,trimmed_cropped_CSG9GIjd9Ig.mp4,True,True,False
visomaster_GhostFace-v3_06104,ignore,,,minimal_tier_excluded,,,GhostFace-v3,MINIMAL,0.102100,trimmed_cropped_7V8orO_Slzs.mp4,True,True,False
visomaster_GhostFace-v3_06105,ignore,,,not_selected_in_deterministic_random_subset,,,GhostFace-v3,MODERATE,0.167800,trimmed_cropped_MKIl4lnUZhg.mp4,True,True,False
visomaster_GhostFace-v3_06106,ignore,,,minimal_tier_excluded,,,GhostFace-v3,MINIMAL,0.070600,trimmed_cropped_9wE832NYYco.mp4,True,True,False
visomaster_GhostFace-v3_06107,ignore,,,minimal_tier_excluded,,,GhostFace-v3,MINIMAL,0.127500,trimmed_cropped_UhnDzOd2Hnk.mp4,True,True,False
visomaster_GhostFace-v3_06108,ignore,,,not_selected_in_deterministic_random_subset,,,GhostFace-v3,MODERATE,0.205000,trimmed_cropped_NH7tHJyxZTI.mp4,True,True,False
visomaster_GhostFace-v3_06109,ignore,,,not_selected_in_deterministic_random_subset,,,GhostFace-v3,MODERATE,0.199500,trimmed_cropped_wmNKHHWZPmw.mp4,True,True,False
visomaster_GhostFace-v3_06110,ignore,,,not_selected_in_deterministic_random_subset,,,GhostFace-v3,MODERATE,0.190800,trimmed_cropped_K69_kuqBiX8.mp4,True,True,False
visomaster_GhostFace-v3_06111,ignore,,,minimal_tier_excluded,,,GhostFace-v3,MINIMAL,0.131100,trimmed_CnWFhDo_BXQ.mp4,True,True,False
visomaster_GhostFace-v3_06112,ignore,,,not_selected_in_deterministic_random_subset,,,GhostFace-v3,MODERATE,0.224200,trimmed_cropped_o-DFrboZYCo.mp4,True,True,False
visomaster_GhostFace-v3_06113,ignore,,,not_selected_in_deterministic_random_subset,,,GhostFace-v3,MODERATE,0.186000,trimmed_cropped_j4ATjq0-4oE.mp4,True,True,False
visomaster_GhostFace-v3_06114,ignore,,,not_selected_in_deterministic_random_subset,,,GhostFace-v3,STRONG,0.377000,trimmed_cropped_Coi0Hghj-MI.mp4,True,True,False
visomaster_GhostFace-v3_06115,ignore,,,not_selected_in_deterministic_random_subset,,,GhostFace-v3,MODERATE,0.196100,trimmed_cropped_-n8FP7Ncq8A.mp4,True,True,False
visomaster_GhostFace-v3_06116,ignore,,,not_selected_in_deterministic_random_subset,,,GhostFace-v3,MODERATE,0.151500,trimmed_cropped_hgDI-OyDZuc.mp4,True,True,False
visomaster_GhostFace-v3_06117,ignore,,,not_selected_in_deterministic_random_subset,,,GhostFace-v3,MODERATE,0.173900,trimmed_cropped_kKxQtTtI-Ys.mp4,True,True,False
visomaster_GhostFace-v3_06118,ignore,,,not_selected_in_deterministic_random_subset,,,GhostFace-v3,MODERATE,0.272600,trimmed_cropped_WNZtrw7wMEQ.mp4,True,True,False
visomaster_GhostFace-v3_06119,ignore,,,not_selected_in_deterministic_random_subset,,,GhostFace-v3,MODERATE,0.223400,trimmed_cropped_HUlJ2XFgeoQ.mp4,True,True,False
visomaster_GhostFace-v3_06120,keep,visomaster hints,baseline_cropped,retain_as_weak_signal_baseline_subset,GhostFace-v3|STRONG,20260417,GhostFace-v3,STRONG,0.344900,trimmed_cropped_6ABUlzbpVVE.mp4,True,True,False
visomaster_GhostFace-v3_06121,ignore,,,not_selected_in_deterministic_random_subset,,,GhostFace-v3,MODERATE,0.249200,trimmed_cropped_IYHyCN8Pnnc.mp4,True,True,False
visomaster_GhostFace-v3_06122,ignore,,,minimal_tier_excluded,,,GhostFace-v3,MINIMAL,0.064900,trimmed_cropped_IeGvgQa4cKk.mp4,True,True,False
visomaster_GhostFace-v3_06123,ignore,,,not_selected_in_deterministic_random_subset,,,GhostFace-v3,MODERATE,0.156700,trimmed_cropped_U4pfuGC_VMk.mp4,True,True,False
visomaster_GhostFace-v3_06124,ignore,,,not_selected_in_deterministic_random_subset,,,GhostFace-v3,MODERATE,0.267200,trimmed_cropped_12bCFjAfpL8.mp4,True,True,False
visomaster_GhostFace-v3_06125,ignore,,,not_selected_in_deterministic_random_subset,,,GhostFace-v3,MODERATE,0.204500,trimmed_cropped_cPxk4O-XoTg.mp4,True,True,False
visomaster_GhostFace-v3_06126,ignore,,,not_selected_in_deterministic_random_subset,,,GhostFace-v3,MODERATE,0.220100,trimmed_cropped_6f1QITL_ZUQ.mp4,True,True,False
visomaster_GhostFace-v3_06127,ignore,,,not_selected_in_deterministic_random_subset,,,GhostFace-v3,MODERATE,0.216600,trimmed_cropped_CpTJmHyy00s.mp4,True,True,False
visomaster_GhostFace-v3_06128,ignore,,,minimal_tier_excluded,,,GhostFace-v3,MINIMAL,0.141600,trimmed_cropped_Z1VZTyB4j2o.mp4,True,True,False
visomaster_GhostFace-v3_06129,ignore,,,not_selected_in_deterministic_random_subset,,,GhostFace-v3,MODERATE,0.236900,trimmed_cropped_e8f1ZoYg8O8.mp4,True,True,False
visomaster_GhostFace-v3_06130,ignore,,,not_selected_in_deterministic_random_subset,,,GhostFace-v3,MODERATE,0.207300,trimmed_cropped_zd9xGTQ3HgA.mp4,True,True,False
visomaster_GhostFace-v3_06131,ignore,,,not_selected_in_deterministic_random_subset,,,GhostFace-v3,MODERATE,0.174100,trimmed_cropped_pKIseTzarIc.mp4,True,True,False
visomaster_GhostFace-v3_06132,ignore,,,not_selected_in_deterministic_random_subset,,,GhostFace-v3,STRONG,0.440400,trimmed_cropped_3ds_UJjNTdQ.mp4,True,True,False
visomaster_GhostFace-v3_06133,keep,visomaster hints,baseline_cropped,retain_as_weak_signal_baseline_subset,GhostFace-v3|STRONG,20260417,GhostFace-v3,STRONG,0.304300,trimmed_cropped_1sNMtGQFhIM.mp4,True,True,False
visomaster_GhostFace-v3_06134,ignore,,,not_selected_in_deterministic_random_subset,,,GhostFace-v3,MODERATE,0.222800,trimmed_cropped_P5SNIrwgBN8.mp4,True,True,False
visomaster_GhostFace-v3_06135,ignore,,,not_selected_in_deterministic_random_subset,,,GhostFace-v3,MODERATE,0.195200,trimmed_cropped_NoouVP4U2ag.mp4,True,True,False
visomaster_GhostFace-v3_06136,ignore,,,not_selected_in_deterministic_random_subset,,,GhostFace-v3,MODERATE,0.215600,trimmed_cropped__LaxjSkz1i0.mp4,True,True,False
visomaster_GhostFace-v3_06137,ignore,,,not_selected_in_deterministic_random_subset,,,GhostFace-v3,MODERATE,0.172500,trimmed_cropped_8IYWrLBIBnE.mp4,True,True,False
visomaster_GhostFace-v3_06138,ignore,,,minimal_tier_excluded,,,GhostFace-v3,MINIMAL,0.136800,trimmed_cropped_wzPrTjE_esA.mp4,True,True,False
visomaster_GhostFace-v3_06139,ignore,,,not_selected_in_deterministic_random_subset,,,GhostFace-v3,MODERATE,0.153600,trimmed_cropped_bP4YOxP--vg.mp4,True,True,False
visomaster_GhostFace-v3_06140,ignore,,,not_selected_in_deterministic_random_subset,,,GhostFace-v3,MODERATE,0.219900,trimmed_cropped_xiHt8IFOYS4.mp4,True,True,False
visomaster_GhostFace-v3_06141,ignore,,,not_selected_in_deterministic_random_subset,,,GhostFace-v3,MODERATE,0.187000,trimmed_cropped_cICNHNd2EjI.mp4,True,True,False
visomaster_GhostFace-v3_06142,ignore,,,not_selected_in_deterministic_random_subset,,,GhostFace-v3,MODERATE,0.197100,trimmed_cropped_cnQXjuqDnyc.mp4,True,True,False
visomaster_GhostFace-v3_06143,ignore,,,not_selected_in_deterministic_random_subset,,,GhostFace-v3,MODERATE,0.185600,trimmed_cropped_pO6K5eLNrbs.mp4,True,True,False
visomaster_GhostFace-v3_06144,ignore,,,not_selected_in_deterministic_random_subset,,,GhostFace-v3,MODERATE,0.165600,trimmed_cropped_pAJ98LZyszk.mp4,True,True,False
visomaster_GhostFace-v3_06145,ignore,,,minimal_tier_excluded,,,GhostFace-v3,MINIMAL,0.114900,trimmed_cropped_J-zZJbA8fgc.mp4,True,True,False
visomaster_GhostFace-v3_06146,ignore,,,not_selected_in_deterministic_random_subset,,,GhostFace-v3,MODERATE,0.198200,trimmed_cropped_rsLK1riLvDc.mp4,True,True,False
visomaster_GhostFace-v3_06147,ignore,,,not_selected_in_deterministic_random_subset,,,GhostFace-v3,MODERATE,0.247600,trimmed_cropped_sdhSYl4yzBk.mp4,True,True,False
visomaster_GhostFace-v3_06148,ignore,,,not_selected_in_deterministic_random_subset,,,GhostFace-v3,MODERATE,0.182600,trimmed_cropped_miMHV3CzrCo.mp4,True,True,False
visomaster_GhostFace-v3_06149,ignore,,,not_selected_in_deterministic_random_subset,,,GhostFace-v3,MODERATE,0.173000,trimmed_cropped__qEbL2Cftkc.mp4,True,True,False
visomaster_GhostFace-v3_06150,ignore,,,not_selected_in_deterministic_random_subset,,,GhostFace-v3,MODERATE,0.183300,trimmed_cropped_V938ALzKMJo.mp4,True,True,False
visomaster_GhostFace-v3_06151,ignore,,,not_selected_in_deterministic_random_subset,,,GhostFace-v3,MODERATE,0.203300,trimmed_cropped_Q96sRpbKzEs.mp4,True,True,False
visomaster_GhostFace-v3_06152,ignore,,,not_selected_in_deterministic_random_subset,,,GhostFace-v3,MODERATE,0.180200,trimmed_cropped_4G9qZkURDlw.mp4,True,True,False
visomaster_GhostFace-v3_06153,ignore,,,not_selected_in_deterministic_random_subset,,,GhostFace-v3,MODERATE,0.206200,trimmed_cropped_qBPQZNZd_iU.mp4,True,True,False
visomaster_GhostFace-v3_06154,ignore,,,not_selected_in_deterministic_random_subset,,,GhostFace-v3,MODERATE,0.163100,trimmed_cropped_SJVC7AXCmTk.mp4,True,True,False
visomaster_GhostFace-v3_06155,ignore,,,minimal_tier_excluded,,,GhostFace-v3,MINIMAL,0.141900,trimmed_cropped_LzYFN6ucW7c.mp4,True,True,False
visomaster_GhostFace-v3_06156,ignore,,,minimal_tier_excluded,,,GhostFace-v3,MINIMAL,0.102900,trimmed_cropped_mBclEUHCGUY.mp4,True,True,False
visomaster_GhostFace-v3_06157,ignore,,,not_selected_in_deterministic_random_subset,,,GhostFace-v3,MODERATE,0.187100,trimmed_cropped_hcICtivPnUw.mp4,True,True,False
visomaster_GhostFace-v3_06158,ignore,,,not_selected_in_deterministic_random_subset,,,GhostFace-v3,MODERATE,0.180500,trimmed_cropped_wfuQnGA9izE.mp4,True,True,False
visomaster_GhostFace-v3_06159,ignore,,,not_selected_in_deterministic_random_subset,,,GhostFace-v3,MODERATE,0.243300,trimmed_cropped_IiOQ6D8-Juk.mp4,True,True,False
visomaster_GhostFace-v3_06160,ignore,,,minimal_tier_excluded,,,GhostFace-v3,MINIMAL,0.142800,trimmed_cropped_ejLiQ_5d8wc.mp4,True,True,False
visomaster_GhostFace-v3_06161,ignore,,,minimal_tier_excluded,,,GhostFace-v3,MINIMAL,0.118900,trimmed_cropped_VLzi9LeWuPk.mp4,True,True,False
visomaster_GhostFace-v3_06162,ignore,,,minimal_tier_excluded,,,GhostFace-v3,MINIMAL,0.123800,trimmed_cropped_zG_Q50JDeLo.mp4,True,True,False
visomaster_GhostFace-v3_06163,ignore,,,not_selected_in_deterministic_random_subset,,,GhostFace-v3,MODERATE,0.288100,trimmed_cropped_oghCh-KYIRo.mp4,True,True,False
visomaster_GhostFace-v3_06164,ignore,,,minimal_tier_excluded,,,GhostFace-v3,MINIMAL,0.112900,trimmed_cropped_v6vpJ9TK27Q.mp4,True,True,False
visomaster_GhostFace-v3_06165,keep,visomaster hints,baseline_cropped,retain_as_weak_signal_baseline_subset,GhostFace-v3|MODERATE,20260417,GhostFace-v3,MODERATE,0.163900,trimmed_cropped_hliFGESqbA4.mp4,True,True,False
visomaster_GhostFace-v3_06166,ignore,,,not_selected_in_deterministic_random_subset,,,GhostFace-v3,MODERATE,0.176400,trimmed_cropped_W4-0V5p2wBQ.mp4,True,True,False
visomaster_GhostFace-v3_06167,ignore,,,not_selected_in_deterministic_random_subset,,,GhostFace-v3,MODERATE,0.232400,trimmed_cropped_Ftow7dSpaiY.mp4,True,True,False
visomaster_GhostFace-v3_06168,keep,visomaster hints,baseline_cropped,retain_as_weak_signal_baseline_subset,GhostFace-v3|MODERATE,20260417,GhostFace-v3,MODERATE,0.275500,trimmed_cropped_OGvkHmDF3vE.mp4,True,True,False
visomaster_GhostFace-v3_06169,keep,visomaster hints,baseline_cropped,retain_as_weak_signal_baseline_subset,GhostFace-v3|STRONG,20260417,GhostFace-v3,STRONG,0.308100,trimmed_cropped_ROPPU5A3IFw.mp4,True,True,False
visomaster_GhostFace-v3_06170,ignore,,,not_selected_in_deterministic_random_subset,,,GhostFace-v3,MODERATE,0.171500,trimmed_cropped_tgyd0KFJo7c.mp4,True,True,False
visomaster_GhostFace-v3_06171,ignore,,,not_selected_in_deterministic_random_subset,,,GhostFace-v3,MODERATE,0.204500,trimmed_cropped_z8GdQ6rgNk8.mp4,True,True,False
visomaster_GhostFace-v3_06172,keep,visomaster hints,baseline_cropped,retain_as_weak_signal_baseline_subset,GhostFace-v3|STRONG,20260417,GhostFace-v3,STRONG,0.382400,trimmed_cropped_NoouVP4U2ag.mp4,True,True,False
visomaster_GhostFace-v3_06173,ignore,,,minimal_tier_excluded,,,GhostFace-v3,MINIMAL,0.125200,a6RujPPl85s.mp4,True,True,False
visomaster_GhostFace-v3_06174,keep,visomaster hints,baseline_cropped,retain_as_weak_signal_baseline_subset,GhostFace-v3|MODERATE,20260417,GhostFace-v3,MODERATE,0.196100,trimmed_cropped_iJOtpBzKXsY.mp4,True,True,False
visomaster_GhostFace-v3_06175,ignore,,,not_selected_in_deterministic_random_subset,,,GhostFace-v3,MODERATE,0.273700,trimmed_cropped_R2ZAIzXvFS8.mp4,True,True,False
visomaster_GhostFace-v3_06176,keep,visomaster hints,baseline_cropped,retain_as_weak_signal_baseline_subset,GhostFace-v3|MODERATE,20260417,GhostFace-v3,MODERATE,0.224700,trimmed_cropped_mIL_wE192ac.mp4,True,True,False
visomaster_GhostFace-v3_06177,ignore,,,minimal_tier_excluded,,,GhostFace-v3,MINIMAL,0.139400,trimmed_cropped_TdKWfTZQ2yI.mp4,True,True,False
visomaster_GhostFace-v3_06178,ignore,,,not_selected_in_deterministic_random_subset,,,GhostFace-v3,MODERATE,0.220600,trimmed_cropped_h4ZLuk_X8u0.mp4,True,True,False
visomaster_GhostFace-v3_06179,ignore,,,not_selected_in_deterministic_random_subset,,,GhostFace-v3,MODERATE,0.189200,trimmed_cropped_TfbEwfYjKl4.mp4,True,True,False
visomaster_GhostFace-v3_06180,ignore,,,not_selected_in_deterministic_random_subset,,,GhostFace-v3,STRONG,0.437600,trimmed_cropped_cKzUuQyZjFo.mp4,True,True,False
visomaster_GhostFace-v3_06181,ignore,,,not_selected_in_deterministic_random_subset,,,GhostFace-v3,MODERATE,0.244400,trimmed_cropped_Q8xF71vbkqU.mp4,True,True,False
visomaster_GhostFace-v3_06182,ignore,,,not_selected_in_deterministic_random_subset,,,GhostFace-v3,MODERATE,0.176400,trimmed_cropped_-S6SL7FjsLY.mp4,True,True,False
visomaster_GhostFace-v3_06183,ignore,,,not_selected_in_deterministic_random_subset,,,GhostFace-v3,MODERATE,0.230800,trimmed_cropped_hIN9l0-RgBk.mp4,True,True,False
visomaster_GhostFace-v3_06184,ignore,,,not_selected_in_deterministic_random_subset,,,GhostFace-v3,MODERATE,0.177800,trimmed_cropped_wGSnvU0JdnA.mp4,True,True,False
visomaster_GhostFace-v3_06185,ignore,,,not_selected_in_deterministic_random_subset,,,GhostFace-v3,MODERATE,0.184000,trimmed_cropped_gfJ97Vt5Wx8.mp4,True,True,False
visomaster_GhostFace-v3_06186,ignore,,,not_selected_in_deterministic_random_subset,,,GhostFace-v3,MODERATE,0.197600,trimmed_cropped_dCSWY2Q_ISM.mp4,True,True,False
visomaster_GhostFace-v3_06187,ignore,,,not_selected_in_deterministic_random_subset,,,GhostFace-v3,STRONG,0.365000,trimmed_cropped_9EDmPce8gno.mp4,True,True,False
visomaster_GhostFace-v3_06188,ignore,,,not_selected_in_deterministic_random_subset,,,GhostFace-v3,MODERATE,0.153400,trimmed_cropped_3vUkZheWCCI.mp4,True,True,False
visomaster_GhostFace-v3_06189,ignore,,,minimal_tier_excluded,,,GhostFace-v3,MINIMAL,0.116300,trimmed_cropped_zv70ukfXr84.mp4,True,True,False
visomaster_GhostFace-v3_06190,ignore,,,minimal_tier_excluded,,,GhostFace-v3,MINIMAL,0.104500,trimmed_cropped_r1EvmaiBnhw.mp4,True,True,False
visomaster_GhostFace-v3_06191,ignore,,,not_selected_in_deterministic_random_subset,,,GhostFace-v3,MODERATE,0.182000,trimmed_cropped_RMHvVMxrVuM.mp4,True,True,False
visomaster_GhostFace-v3_06192,ignore,,,not_selected_in_deterministic_random_subset,,,GhostFace-v3,MODERATE,0.224700,trimmed_cropped_RpDJowcKkj4.mp4,True,True,False
visomaster_GhostFace-v3_06193,ignore,,,not_selected_in_deterministic_random_subset,,,GhostFace-v3,MODERATE,0.194700,trimmed_cropped_VCIqWfFSYM8.mp4,True,True,False
visomaster_GhostFace-v3_06194,ignore,,,minimal_tier_excluded,,,GhostFace-v3,MINIMAL,0.115100,trimmed_cropped_Dr_3nXbPB_A.mp4,True,True,False
visomaster_GhostFace-v3_06195,ignore,,,not_selected_in_deterministic_random_subset,,,GhostFace-v3,MODERATE,0.257500,trimmed_cropped_Cf9FniisIK4.mp4,True,True,False
visomaster_GhostFace-v3_06196,ignore,,,not_selected_in_deterministic_random_subset,,,GhostFace-v3,MODERATE,0.234000,trimmed_cropped_chVPkr9y0qQ.mp4,True,True,False
visomaster_GhostFace-v3_06197,ignore,,,not_selected_in_deterministic_random_subset,,,GhostFace-v3,MODERATE,0.175900,trimmed_cropped_AFZHeTMGdlk.mp4,True,True,False
visomaster_GhostFace-v3_06198,ignore,,,minimal_tier_excluded,,,GhostFace-v3,MINIMAL,0.135900,trimmed_cropped_Y2AmeCHF8Sg.mp4,True,True,False
visomaster_GhostFace-v3_06199,ignore,,,minimal_tier_excluded,,,GhostFace-v3,MINIMAL,0.125400,trimmed_cropped_65L_7PY-RQQ.mp4,True,True,False
visomaster_GhostFace-v3_06200,ignore,,,not_selected_in_deterministic_random_subset,,,GhostFace-v3,STRONG,0.394200,trimmed_cropped_sgT6c3Ab7OU.mp4,True,True,False
visomaster_GhostFace-v3_06201,ignore,,,minimal_tier_excluded,,,GhostFace-v3,MINIMAL,0.084200,trimmed_cropped_6fp3TGFB3kc.mp4,True,True,False
visomaster_GhostFace-v3_06202,ignore,,,not_selected_in_deterministic_random_subset,,,GhostFace-v3,MODERATE,0.175100,trimmed_cropped_6P3F0gaIiMQ.mp4,True,True,False
visomaster_GhostFace-v3_06203,ignore,,,not_selected_in_deterministic_random_subset,,,GhostFace-v3,MODERATE,0.223800,trimmed_cropped_2pozcQMn5TQ.mp4,True,True,False
visomaster_GhostFace-v3_06204,ignore,,,minimal_tier_excluded,,,GhostFace-v3,MINIMAL,0.110400,trimmed_cropped_4_CFmzPjzm8.mp4,True,True,False
visomaster_GhostFace-v3_06205,ignore,,,not_selected_in_deterministic_random_subset,,,GhostFace-v3,MODERATE,0.286700,trimmed_cropped_kwrEpVE0U_I.mp4,True,True,False
visomaster_GhostFace-v3_06206,ignore,,,not_selected_in_deterministic_random_subset,,,GhostFace-v3,MODERATE,0.173500,trimmed_cropped_PA33oZn3Gy4.mp4,True,True,False
visomaster_GhostFace-v3_06207,ignore,,,not_selected_in_deterministic_random_subset,,,GhostFace-v3,MODERATE,0.169000,trimmed_cropped__0QcNwDRZpo.mp4,True,True,False
visomaster_GhostFace-v3_06208,ignore,,,not_selected_in_deterministic_random_subset,,,GhostFace-v3,MODERATE,0.153700,trimmed_cropped_zv70ukfXr84.mp4,True,True,False
visomaster_GhostFace-v3_06209,ignore,,,minimal_tier_excluded,,,GhostFace-v3,MINIMAL,0.124700,trimmed_cropped_qYiuglHmNJQ.mp4,True,True,False
visomaster_GhostFace-v3_06210,ignore,,,minimal_tier_excluded,,,GhostFace-v3,MINIMAL,0.094900,trimmed_cropped_R5orcCuprG4.mp4,True,True,False
visomaster_GhostFace-v3_06211,ignore,,,not_selected_in_deterministic_random_subset,,,GhostFace-v3,MODERATE,0.154300,trimmed_cropped_CSn1wyQCFVU.mp4,True,True,False
visomaster_GhostFace-v3_06212,ignore,,,not_selected_in_deterministic_random_subset,,,GhostFace-v3,MODERATE,0.225300,trimmed_cropped_XTWHXaHijUI.mp4,True,True,False
visomaster_GhostFace-v3_06213,ignore,,,not_selected_in_deterministic_random_subset,,,GhostFace-v3,STRONG,0.368000,trimmed_cropped_tgyd0KFJo7c.mp4,True,True,False
visomaster_GhostFace-v3_06214,ignore,,,not_selected_in_deterministic_random_subset,,,GhostFace-v3,MODERATE,0.152600,trimmed_cropped_WyjuXUL5WGM.mp4,True,True,False
visomaster_GhostFace-v3_06215,ignore,,,not_selected_in_deterministic_random_subset,,,GhostFace-v3,MODERATE,0.186700,trimmed_cropped_y9ckToTJpJQ.mp4,True,True,False
visomaster_GhostFace-v3_06216,ignore,,,not_selected_in_deterministic_random_subset,,,GhostFace-v3,MODERATE,0.252100,trimmed_cropped_19XTpT2Blqg.mp4,True,True,False
visomaster_GhostFace-v3_06217,keep,visomaster hints,baseline_cropped,retain_as_weak_signal_baseline_subset,GhostFace-v3|STRONG,20260417,GhostFace-v3,STRONG,0.302300,trimmed_cropped_-8XybHI-dIo.mp4,True,True,False
visomaster_GhostFace-v3_06218,ignore,,,not_selected_in_deterministic_random_subset,,,GhostFace-v3,MODERATE,0.152200,trimmed_cropped_KltspYUg7sc.mp4,True,True,False
visomaster_GhostFace-v3_06219,ignore,,,not_selected_in_deterministic_random_subset,,,GhostFace-v3,MODERATE,0.173200,trimmed_cropped_eiLYmFybX2c.mp4,True,True,False
visomaster_GhostFace-v3_06220,ignore,,,minimal_tier_excluded,,,GhostFace-v3,MINIMAL,0.147200,trimmed_cropped_zKmqRC22VOw.mp4,True,True,False
visomaster_GhostFace-v3_06221,keep,visomaster hints,baseline_cropped,retain_as_weak_signal_baseline_subset,GhostFace-v3|STRONG,20260417,GhostFace-v3,STRONG,0.462100,trimmed_cropped_jgbm0lqSsRQ.mp4,True,True,False
visomaster_GhostFace-v3_06222,ignore,,,not_selected_in_deterministic_random_subset,,,GhostFace-v3,MODERATE,0.197200,trimmed_cropped_me6lKI-OdLY.mp4,True,True,False
visomaster_GhostFace-v3_06223,keep,visomaster hints,baseline_cropped,retain_as_weak_signal_baseline_subset,GhostFace-v3|STRONG,20260417,GhostFace-v3,STRONG,0.342000,trimmed_cropped_Nm28aC9EU_Y.mp4,True,True,False
visomaster_GhostFace-v3_06224,ignore,,,minimal_tier_excluded,,,GhostFace-v3,MINIMAL,0.108800,trimmed_cropped_Jcxyw_X9pUI.mp4,True,True,False
visomaster_GhostFace-v3_06225,ignore,,,minimal_tier_excluded,,,GhostFace-v3,MINIMAL,0.149400,trimmed_cropped_me6lKI-OdLY.mp4,True,True,False
visomaster_GhostFace-v3_06226,ignore,,,minimal_tier_excluded,,,GhostFace-v3,MINIMAL,0.134100,trimmed_cropped_L9sPjhy0CFY.mp4,True,True,False
visomaster_GhostFace-v3_06227,keep,visomaster hints,baseline_cropped,retain_as_weak_signal_baseline_subset,GhostFace-v3|STRONG,20260417,GhostFace-v3,STRONG,0.401900,trimmed_cropped_o3bnKPfzi5A.mp4,True,True,False
visomaster_GhostFace-v3_06228,keep,visomaster hints,baseline_cropped,retain_as_weak_signal_baseline_subset,GhostFace-v3|MODERATE,20260417,GhostFace-v3,MODERATE,0.279900,trimmed_cropped_gfJ97Vt5Wx8.mp4,True,True,False
visomaster_GhostFace-v3_06229,ignore,,,not_selected_in_deterministic_random_subset,,,GhostFace-v3,MODERATE,0.193600,trimmed_cropped_nm7n1UVXSc8.mp4,True,True,False
visomaster_GhostFace-v3_06230,ignore,,,not_selected_in_deterministic_random_subset,,,GhostFace-v3,MODERATE,0.158700,trimmed_cropped_OJvGPLxyJnY.mp4,True,True,False
visomaster_GhostFace-v3_06231,ignore,,,not_selected_in_deterministic_random_subset,,,GhostFace-v3,MODERATE,0.211700,trimmed_cropped_KS-pdZy1cfQ.mp4,True,True,False
visomaster_GhostFace-v3_06232,ignore,,,not_selected_in_deterministic_random_subset,,,GhostFace-v3,MODERATE,0.190500,trimmed_cropped_zLWxMbfxGMc.mp4,True,True,False
visomaster_GhostFace-v3_06233,ignore,,,not_selected_in_deterministic_random_subset,,,GhostFace-v3,MODERATE,0.173100,trimmed_cropped_xQ7tSaIhdkY.mp4,True,True,False
visomaster_GhostFace-v3_06234,ignore,,,not_selected_in_deterministic_random_subset,,,GhostFace-v3,STRONG,0.307200,trimmed_cropped_hvUtJoNGjvg.mp4,True,True,False
visomaster_GhostFace-v3_06235,ignore,,,not_selected_in_deterministic_random_subset,,,GhostFace-v3,MODERATE,0.226400,trimmed_cropped_BcUsHHMhiK4.mp4,True,True,False
visomaster_GhostFace-v3_06236,ignore,,,not_selected_in_deterministic_random_subset,,,GhostFace-v3,STRONG,0.376000,trimmed_cropped_2tP0nUW8QHM.mp4,True,True,False
visomaster_GhostFace-v3_06237,ignore,,,minimal_tier_excluded,,,GhostFace-v3,MINIMAL,0.149100,trimmed_cropped_rPhFWdOYZ7w.mp4,True,True,False
visomaster_GhostFace-v3_06238,keep,visomaster hints,baseline_cropped,retain_as_weak_signal_baseline_subset,GhostFace-v3|STRONG,20260417,GhostFace-v3,STRONG,0.331800,trimmed_cropped_exZWrvheHY0.mp4,True,True,False
visomaster_GhostFace-v3_06239,ignore,,,not_selected_in_deterministic_random_subset,,,GhostFace-v3,MODERATE,0.152500,trimmed_cropped_EvYQz1u3Nww.mp4,True,True,False
visomaster_GhostFace-v3_06240,ignore,,,not_selected_in_deterministic_random_subset,,,GhostFace-v3,MODERATE,0.283100,trimmed_cropped_JyfkpH6902c.mp4,True,True,False
visomaster_GhostFace-v3_06241,keep,visomaster hints,baseline_cropped,retain_as_weak_signal_baseline_subset,GhostFace-v3|MODERATE,20260417,GhostFace-v3,MODERATE,0.207500,trimmed_cropped_lx3t39gu7gk.mp4,True,True,False
visomaster_GhostFace-v3_06242,keep,visomaster hints,baseline_cropped,retain_as_weak_signal_baseline_subset,GhostFace-v3|MODERATE,20260417,GhostFace-v3,MODERATE,0.193200,trimmed_cropped_TtzDEBFmUvY.mp4,True,True,False
visomaster_GhostFace-v3_06243,ignore,,,not_selected_in_deterministic_random_subset,,,GhostFace-v3,MODERATE,0.219800,trimmed_cropped_YhVTy0U7B2Y.mp4,True,True,False
visomaster_GhostFace-v3_06244,ignore,,,not_selected_in_deterministic_random_subset,,,GhostFace-v3,MODERATE,0.232800,trimmed_cropped_YK6rXk9hLbE.mp4,True,True,False
visomaster_GhostFace-v3_06245,keep,visomaster hints,baseline_cropped,retain_as_weak_signal_baseline_subset,GhostFace-v3|MODERATE,20260417,GhostFace-v3,MODERATE,0.245400,trimmed_cropped_yGjd0XVfxhk.mp4,True,True,False
visomaster_GhostFace-v3_06246,ignore,,,not_selected_in_deterministic_random_subset,,,GhostFace-v3,MODERATE,0.196200,trimmed_cropped_joukpbKyNBI.mp4,True,True,False
visomaster_GhostFace-v3_06247,ignore,,,not_selected_in_deterministic_random_subset,,,GhostFace-v3,MODERATE,0.285600,trimmed_cropped_5WlTBaZB42k.mp4,True,True,False
visomaster_GhostFace-v3_06248,ignore,,,not_selected_in_deterministic_random_subset,,,GhostFace-v3,MODERATE,0.173400,trimmed_cropped_Ljo1zZlM0S8.mp4,True,True,False
visomaster_GhostFace-v3_06249,ignore,,,not_selected_in_deterministic_random_subset,,,GhostFace-v3,MODERATE,0.206700,trimmed_cropped_5ICYMMKdo1Y.mp4,True,True,False
visomaster_GhostFace-v3_06250,keep,visomaster hints,baseline_cropped,retain_as_weak_signal_baseline_subset,GhostFace-v3|STRONG,20260417,GhostFace-v3,STRONG,0.352800,trimmed_cropped_ZnUj4Z4PloA.mp4,True,True,False
visomaster_GhostFace-v3_06251,ignore,,,minimal_tier_excluded,,,GhostFace-v3,MINIMAL,0.117200,trimmed_cropped_E6Jsz59ikpk.mp4,True,True,False
visomaster_GhostFace-v3_06252,ignore,,,not_selected_in_deterministic_random_subset,,,GhostFace-v3,MODERATE,0.297900,trimmed_cropped_1JxBeersFEU.mp4,True,True,False
visomaster_GhostFace-v3_06253,ignore,,,minimal_tier_excluded,,,GhostFace-v3,MINIMAL,0.112200,trimmed_cropped_D6aJ7V5AyiY.mp4,True,True,False
visomaster_GhostFace-v3_06254,ignore,,,not_selected_in_deterministic_random_subset,,,GhostFace-v3,STRONG,0.337600,trimmed_cropped_fqCsFXKNp60.mp4,True,True,False
visomaster_GhostFace-v3_06255,ignore,,,not_selected_in_deterministic_random_subset,,,GhostFace-v3,MODERATE,0.167100,trimmed_cropped_7R5mqRlhNKo.mp4,True,True,False
visomaster_GhostFace-v3_06256,keep,visomaster hints,baseline_cropped,retain_as_weak_signal_baseline_subset,GhostFace-v3|STRONG,20260417,GhostFace-v3,STRONG,0.327000,trimmed_cropped_nGus-GgmXD0.mp4,True,True,False
visomaster_GhostFace-v3_06257,ignore,,,not_selected_in_deterministic_random_subset,,,GhostFace-v3,MODERATE,0.237700,trimmed_cropped_kGDyhdxM-N0.mp4,True,True,False
visomaster_GhostFace-v3_06258,keep,visomaster hints,baseline_cropped,retain_as_weak_signal_baseline_subset,GhostFace-v3|STRONG,20260417,GhostFace-v3,STRONG,0.311200,trimmed_cropped_jODe8YNlNNI.mp4,True,True,False
visomaster_GhostFace-v3_06259,ignore,,,not_selected_in_deterministic_random_subset,,,GhostFace-v3,STRONG,0.318200,trimmed_cropped_QtW2Pkne8_M.mp4,True,True,False
visomaster_GhostFace-v3_06260,ignore,,,not_selected_in_deterministic_random_subset,,,GhostFace-v3,MODERATE,0.150800,trimmed_cropped_9XXJKNxmCTg.mp4,True,True,False
visomaster_GhostFace-v3_06261,ignore,,,not_selected_in_deterministic_random_subset,,,GhostFace-v3,MODERATE,0.182000,trimmed_cropped_UL-0irwrmhA.mp4,True,True,False
visomaster_GhostFace-v3_06262,keep,visomaster hints,baseline_cropped,retain_as_weak_signal_baseline_subset,GhostFace-v3|STRONG,20260417,GhostFace-v3,STRONG,0.303400,trimmed_cropped_0X8T__S4Fjc.mp4,True,True,False
visomaster_GhostFace-v3_06263,ignore,,,not_selected_in_deterministic_random_subset,,,GhostFace-v3,MODERATE,0.182400,trimmed_cropped_EvNcOyh-kYQ.mp4,True,True,False
visomaster_GhostFace-v3_06264,ignore,,,not_selected_in_deterministic_random_subset,,,GhostFace-v3,MODERATE,0.277400,trimmed_cropped_NZnoKQ_uieI.mp4,True,True,False
visomaster_GhostFace-v3_06265,ignore,,,not_selected_in_deterministic_random_subset,,,GhostFace-v3,MODERATE,0.215500,trimmed_cropped_cQNQRawWFkM.mp4,True,True,False
visomaster_GhostFace-v3_06266,ignore,,,not_selected_in_deterministic_random_subset,,,GhostFace-v3,MODERATE,0.175800,trimmed_cropped_ly8TJGR2xJw.mp4,True,True,False
visomaster_GhostFace-v3_06267,ignore,,,not_selected_in_deterministic_random_subset,,,GhostFace-v3,MODERATE,0.170700,trimmed_cropped_ZNVa_nyxUYg.mp4,True,True,False
visomaster_GhostFace-v3_06268,ignore,,,not_selected_in_deterministic_random_subset,,,GhostFace-v3,STRONG,0.307200,trimmed_cropped_kfdkrKSNwnw.mp4,True,True,False
visomaster_GhostFace-v3_06269,ignore,,,not_selected_in_deterministic_random_subset,,,GhostFace-v3,MODERATE,0.154500,trimmed_cropped_zv70ukfXr84.mp4,True,True,False
visomaster_GhostFace-v3_06270,ignore,,,not_selected_in_deterministic_random_subset,,,GhostFace-v3,MODERATE,0.219400,trimmed_cropped_X7EcMgX0X-s.mp4,True,True,False
visomaster_GhostFace-v3_06271,ignore,,,not_selected_in_deterministic_random_subset,,,GhostFace-v3,MODERATE,0.177500,trimmed_cropped_PKjqi7IZfdA.mp4,True,True,False
visomaster_GhostFace-v3_06272,ignore,,,not_selected_in_deterministic_random_subset,,,GhostFace-v3,MODERATE,0.202700,trimmed_cropped_biMtQ_pdHZg.mp4,True,True,False
visomaster_GhostFace-v3_06273,ignore,,,not_selected_in_deterministic_random_subset,,,GhostFace-v3,MODERATE,0.212900,trimmed_cropped_PUOy4k8H-kM.mp4,True,True,False
visomaster_GhostFace-v3_06274,ignore,,,not_selected_in_deterministic_random_subset,,,GhostFace-v3,MODERATE,0.179600,trimmed_cropped_YtH84jINWoA.mp4,True,True,False
visomaster_GhostFace-v3_06275,ignore,,,not_selected_in_deterministic_random_subset,,,GhostFace-v3,MODERATE,0.277300,trimmed_cropped_G0zGbvUfm9A.mp4,True,True,False
visomaster_GhostFace-v3_06276,ignore,,,not_selected_in_deterministic_random_subset,,,GhostFace-v3,MODERATE,0.262500,trimmed_cropped_Xzi3fQlORW0.mp4,True,True,False
visomaster_GhostFace-v3_06277,ignore,,,not_selected_in_deterministic_random_subset,,,GhostFace-v3,MODERATE,0.177300,trimmed_cropped_V938ALzKMJo.mp4,True,True,False
visomaster_GhostFace-v3_06278,ignore,,,not_selected_in_deterministic_random_subset,,,GhostFace-v3,MODERATE,0.181500,trimmed_cropped_YnkB1q3UYwk.mp4,True,True,False
visomaster_GhostFace-v3_06279,ignore,,,minimal_tier_excluded,,,GhostFace-v3,MINIMAL,0.119700,trimmed_cropped_gl4QE96Lx_U.mp4,True,True,False
visomaster_GhostFace-v3_06280,keep,visomaster hints,baseline_cropped,retain_as_weak_signal_baseline_subset,GhostFace-v3|STRONG,20260417,GhostFace-v3,STRONG,0.321600,trimmed_cropped_itz0UnIikgs.mp4,True,True,False
visomaster_GhostFace-v3_06281,ignore,,,minimal_tier_excluded,,,GhostFace-v3,MINIMAL,0.122600,trimmed_cropped_rWOU_BrqLts.mp4,True,True,False
visomaster_GhostFace-v3_06282,ignore,,,not_selected_in_deterministic_random_subset,,,GhostFace-v3,MODERATE,0.189000,trimmed_cropped_Yl3vvAtxt-Y.mp4,True,True,False
visomaster_GhostFace-v3_06283,ignore,,,not_selected_in_deterministic_random_subset,,,GhostFace-v3,MODERATE,0.188200,trimmed_cropped_Obq1a-a7EP0.mp4,True,True,False
visomaster_GhostFace-v3_06284,ignore,,,minimal_tier_excluded,,,GhostFace-v3,MINIMAL,0.066100,trimmed_cropped_6fp3TGFB3kc.mp4,True,True,False
visomaster_GhostFace-v3_06285,keep,visomaster hints,baseline_cropped,retain_as_weak_signal_baseline_subset,GhostFace-v3|MODERATE,20260417,GhostFace-v3,MODERATE,0.174500,trimmed_cropped_2jdBwvV17rU.mp4,True,True,False
visomaster_GhostFace-v3_06286,ignore,,,minimal_tier_excluded,,,GhostFace-v3,MINIMAL,0.141900,trimmed_cropped_8Y5-DR13Re8.mp4,True,True,False
visomaster_GhostFace-v3_06287,ignore,,,minimal_tier_excluded,,,GhostFace-v3,MINIMAL,0.141300,trimmed_cropped_oq4xjeSJf8g.mp4,True,True,False
visomaster_GhostFace-v3_06288,ignore,,,not_selected_in_deterministic_random_subset,,,GhostFace-v3,MODERATE,0.275900,trimmed_cropped_fyhNlUGxlHc.mp4,True,True,False
visomaster_GhostFace-v3_06289,ignore,,,minimal_tier_excluded,,,GhostFace-v3,MINIMAL,0.136500,trimmed_cropped_NfQY1ritEd0.mp4,True,True,False
visomaster_GhostFace-v3_06290,ignore,,,not_selected_in_deterministic_random_subset,,,GhostFace-v3,MODERATE,0.239400,trimmed_cropped_8dqvQaLD7k4.mp4,True,True,False
visomaster_GhostFace-v3_06291,ignore,,,not_selected_in_deterministic_random_subset,,,GhostFace-v3,MODERATE,0.234600,trimmed_cropped_oo6Yt7rLQDU.mp4,True,True,False
visomaster_GhostFace-v3_06292,ignore,,,minimal_tier_excluded,,,GhostFace-v3,MINIMAL,0.138600,trimmed_cropped_rXjb9KDBJgc.mp4,True,True,False
visomaster_GhostFace-v3_06293,keep,visomaster hints,baseline_cropped,retain_as_weak_signal_baseline_subset,GhostFace-v3|MODERATE,20260417,GhostFace-v3,MODERATE,0.160000,trimmed_cropped_lYX-KRmyUX4.mp4,True,True,False
visomaster_GhostFace-v3_06294,keep,visomaster hints,baseline_cropped,retain_as_weak_signal_baseline_subset,GhostFace-v3|STRONG,20260417,GhostFace-v3,STRONG,0.391600,trimmed_cropped_dmOmVs_ahZU.mp4,True,True,False
visomaster_GhostFace-v3_06295,ignore,,,minimal_tier_excluded,,,GhostFace-v3,MINIMAL,0.116500,trimmed_cropped_YAVrWNwZS-w.mp4,True,True,False
visomaster_GhostFace-v3_06296,ignore,,,not_selected_in_deterministic_random_subset,,,GhostFace-v3,MODERATE,0.228800,trimmed_cropped_pVmkk6zIDGY.mp4,True,True,False
visomaster_GhostFace-v3_06297,ignore,,,not_selected_in_deterministic_random_subset,,,GhostFace-v3,MODERATE,0.221500,trimmed_cropped_E0EwDgmiTIk.mp4,True,True,False
visomaster_GhostFace-v3_06298,ignore,,,not_selected_in_deterministic_random_subset,,,GhostFace-v3,MODERATE,0.230100,trimmed_cropped_d8NH2FEnDQ4.mp4,True,True,False
visomaster_GhostFace-v3_06299,ignore,,,not_selected_in_deterministic_random_subset,,,GhostFace-v3,MODERATE,0.175200,trimmed_cropped_nk1JD3d4_0o.mp4,True,True,False
visomaster_GhostFace-v3_06300,ignore,,,not_selected_in_deterministic_random_subset,,,GhostFace-v3,MODERATE,0.266000,trimmed_cropped_uQE0Z_Y3XnE.mp4,True,True,False
visomaster_GhostFace-v3_06301,ignore,,,not_selected_in_deterministic_random_subset,,,GhostFace-v3,MODERATE,0.173000,trimmed_cropped_xPPU19zzu9M.mp4,True,True,False
visomaster_GhostFace-v3_06302,ignore,,,not_selected_in_deterministic_random_subset,,,GhostFace-v3,MODERATE,0.256100,trimmed_cropped_swKWktU37CE.mp4,True,True,False
visomaster_GhostFace-v3_06303,ignore,,,not_selected_in_deterministic_random_subset,,,GhostFace-v3,MODERATE,0.151100,trimmed_cropped_65L_7PY-RQQ.mp4,True,True,False
visomaster_GhostFace-v3_06304,ignore,,,not_selected_in_deterministic_random_subset,,,GhostFace-v3,MODERATE,0.195600,trimmed_cropped_z-ZnLtFgGwY.mp4,True,True,False
visomaster_GhostFace-v3_06305,ignore,,,minimal_tier_excluded,,,GhostFace-v3,MINIMAL,0.131600,trimmed_cropped_d7aQPPXAuQI.mp4,True,True,False
visomaster_GhostFace-v3_06306,keep,visomaster hints,baseline_cropped,retain_as_weak_signal_baseline_subset,GhostFace-v3|STRONG,20260417,GhostFace-v3,STRONG,0.445800,trimmed_cropped_SkfYQlKgXeM.mp4,True,True,False
visomaster_GhostFace-v3_06307,ignore,,,not_selected_in_deterministic_random_subset,,,GhostFace-v3,MODERATE,0.175200,trimmed_cropped_RC-Aq3HgDDc.mp4,True,True,False
visomaster_GhostFace-v3_06308,ignore,,,not_selected_in_deterministic_random_subset,,,GhostFace-v3,MODERATE,0.257800,trimmed_cropped_DOiMQI2XWqM.mp4,True,True,False
visomaster_GhostFace-v3_06309,ignore,,,minimal_tier_excluded,,,GhostFace-v3,MINIMAL,0.025300,trimmed_cropped_JkmY20onHmg.mp4,True,True,False
visomaster_GhostFace-v3_06310,ignore,,,not_selected_in_deterministic_random_subset,,,GhostFace-v3,STRONG,0.431600,trimmed_cropped_QgcwZ3NX9Z8.mp4,True,True,False
visomaster_GhostFace-v3_06311,ignore,,,not_selected_in_deterministic_random_subset,,,GhostFace-v3,MODERATE,0.207900,trimmed_cropped_Xc5p-r4CmcI.mp4,True,True,False
visomaster_GhostFace-v3_06312,ignore,,,not_selected_in_deterministic_random_subset,,,GhostFace-v3,MODERATE,0.182800,9MZPeILslNg.mp4,True,True,False
visomaster_GhostFace-v3_06313,ignore,,,minimal_tier_excluded,,,GhostFace-v3,MINIMAL,0.139600,trimmed_cropped_ttqfgrrmMiM.mp4,True,True,False
visomaster_GhostFace-v3_06314,ignore,,,not_selected_in_deterministic_random_subset,,,GhostFace-v3,MODERATE,0.171400,trimmed_cropped_qA93x3Kg9RY.mp4,True,True,False
visomaster_GhostFace-v3_06315,ignore,,,not_selected_in_deterministic_random_subset,,,GhostFace-v3,MODERATE,0.284100,trimmed_cropped_sfqwjOBhrLM.mp4,True,True,False
visomaster_GhostFace-v3_06316,ignore,,,not_selected_in_deterministic_random_subset,,,GhostFace-v3,MODERATE,0.249600,trimmed_cropped_BNTB6ZtGXcQ.mp4,True,True,False
visomaster_GhostFace-v3_06317,ignore,,,not_selected_in_deterministic_random_subset,,,GhostFace-v3,MODERATE,0.221400,trimmed_cropped_9ViJDq-HXEY.mp4,True,True,False
visomaster_GhostFace-v3_06318,ignore,,,not_selected_in_deterministic_random_subset,,,GhostFace-v3,MODERATE,0.228200,trimmed_cropped_OBJg16dMxyE.mp4,True,True,False
visomaster_GhostFace-v3_06319,keep,visomaster hints,baseline_cropped,retain_as_weak_signal_baseline_subset,GhostFace-v3|MODERATE,20260417,GhostFace-v3,MODERATE,0.272200,trimmed_cropped_vLTvYlMeIZU.mp4,True,True,False
visomaster_GhostFace-v3_06320,ignore,,,not_selected_in_deterministic_random_subset,,,GhostFace-v3,MODERATE,0.213700,trimmed_cropped_uZjcYH5Qqsw.mp4,True,True,False
visomaster_GhostFace-v3_06321,ignore,,,minimal_tier_excluded,,,GhostFace-v3,MINIMAL,0.020700,trimmed_cropped_JkmY20onHmg.mp4,True,True,False
visomaster_GhostFace-v3_06322,ignore,,,minimal_tier_excluded,,,GhostFace-v3,MINIMAL,0.098200,trimmed_cropped_Tz7obrBnVto.mp4,True,True,False
visomaster_GhostFace-v3_06323,keep,visomaster hints,baseline_cropped,retain_as_weak_signal_baseline_subset,GhostFace-v3|MODERATE,20260417,GhostFace-v3,MODERATE,0.243100,trimmed_cropped_i0Md64tSKIQ.mp4,True,True,False
visomaster_GhostFace-v3_06324,keep,visomaster hints,baseline_cropped,retain_as_weak_signal_baseline_subset,GhostFace-v3|MODERATE,20260417,GhostFace-v3,MODERATE,0.159900,trimmed_cropped_Aqpl2vUjZ74.mp4,True,True,False
visomaster_GhostFace-v3_06325,ignore,,,minimal_tier_excluded,,,GhostFace-v3,MINIMAL,0.130000,trimmed_cropped_IBgc4ngDQDk.mp4,True,True,False
visomaster_GhostFace-v3_06326,ignore,,,minimal_tier_excluded,,,GhostFace-v3,MINIMAL,0.103900,trimmed_cropped_vpJxcnDrKvw.mp4,True,True,False
visomaster_GhostFace-v3_06327,keep,visomaster hints,baseline_cropped,retain_as_weak_signal_baseline_subset,GhostFace-v3|MODERATE,20260417,GhostFace-v3,MODERATE,0.183700,trimmed_cropped_yQrKslKjuZ4.mp4,True,True,False
visomaster_GhostFace-v3_06328,ignore,,,not_selected_in_deterministic_random_subset,,,GhostFace-v3,MODERATE,0.256000,trimmed_cropped_8evDGJorSYQ.mp4,True,True,False
visomaster_GhostFace-v3_06329,ignore,,,not_selected_in_deterministic_random_subset,,,GhostFace-v3,MODERATE,0.258300,trimmed_cropped__fyD_TsuUCk.mp4,True,True,False
visomaster_GhostFace-v3_06330,ignore,,,not_selected_in_deterministic_random_subset,,,GhostFace-v3,MODERATE,0.225700,trimmed_cropped_WU27GhsbaRI.mp4,True,True,False
visomaster_GhostFace-v3_06331,ignore,,,not_selected_in_deterministic_random_subset,,,GhostFace-v3,STRONG,0.468000,trimmed_cropped_KdfpiRiG9W8.mp4,True,True,False
visomaster_GhostFace-v3_06332,ignore,,,not_selected_in_deterministic_random_subset,,,GhostFace-v3,MODERATE,0.174300,trimmed_cropped_hkTIjn4Ph0s.mp4,True,True,False
visomaster_GhostFace-v3_06333,ignore,,,minimal_tier_excluded,,,GhostFace-v3,MINIMAL,0.136000,trimmed_cropped_piuIe123Hx8.mp4,True,True,False
visomaster_GhostFace-v3_06334,ignore,,,not_selected_in_deterministic_random_subset,,,GhostFace-v3,MODERATE,0.168900,trimmed_cropped_KecVKUB4pWM.mp4,True,True,False
visomaster_GhostFace-v3_06335,ignore,,,minimal_tier_excluded,,,GhostFace-v3,MINIMAL,0.115300,trimmed_cropped_MXisiBodjD0.mp4,True,True,False
visomaster_GhostFace-v3_06336,ignore,,,minimal_tier_excluded,,,GhostFace-v3,MINIMAL,0.122400,trimmed_cropped_l5aQFc4omCs.mp4,True,True,False
visomaster_GhostFace-v3_06337,ignore,,,minimal_tier_excluded,,,GhostFace-v3,MINIMAL,0.122500,trimmed_cropped_yCuH_4nLK58.mp4,True,True,False
visomaster_GhostFace-v3_06338,ignore,,,not_selected_in_deterministic_random_subset,,,GhostFace-v3,MODERATE,0.241000,trimmed_cropped_n27uty3fwAY.mp4,True,True,False
visomaster_GhostFace-v3_06339,ignore,,,not_selected_in_deterministic_random_subset,,,GhostFace-v3,MODERATE,0.165400,trimmed_cropped_jJNN6jv3mO4.mp4,True,True,False
visomaster_GhostFace-v3_06340,ignore,,,minimal_tier_excluded,,,GhostFace-v3,MINIMAL,0.116300,trimmed_cropped_IZ_3clZ4_j0.mp4,True,True,False
visomaster_GhostFace-v3_06341,ignore,,,not_selected_in_deterministic_random_subset,,,GhostFace-v3,MODERATE,0.195200,trimmed_cropped_P6OETlt_aDU.mp4,True,True,False
visomaster_GhostFace-v3_06342,keep,visomaster hints,baseline_cropped,retain_as_weak_signal_baseline_subset,GhostFace-v3|MODERATE,20260417,GhostFace-v3,MODERATE,0.291500,trimmed_cropped_2UE6-pAQPrc.mp4,True,True,False
visomaster_GhostFace-v3_06343,ignore,,,not_selected_in_deterministic_random_subset,,,GhostFace-v3,MODERATE,0.196100,trimmed_cropped_a7E3D230Bss.mp4,True,True,False
visomaster_GhostFace-v3_06344,keep,visomaster hints,baseline_cropped,retain_as_weak_signal_baseline_subset,GhostFace-v3|MODERATE,20260417,GhostFace-v3,MODERATE,0.193800,trimmed_cropped_-ADaLBo8crA.mp4,True,True,False
visomaster_GhostFace-v3_06345,ignore,,,not_selected_in_deterministic_random_subset,,,GhostFace-v3,MODERATE,0.174700,trimmed_cropped_8_LhNQURCsY.mp4,True,True,False
visomaster_GhostFace-v3_06346,ignore,,,not_selected_in_deterministic_random_subset,,,GhostFace-v3,STRONG,0.321400,trimmed_cropped_9139YOZLSys.mp4,True,True,False
visomaster_GhostFace-v3_06347,ignore,,,not_selected_in_deterministic_random_subset,,,GhostFace-v3,MODERATE,0.260500,trimmed_cropped_CE3Anroq_8I.mp4,True,True,False
visomaster_GhostFace-v3_06348,keep,visomaster hints,baseline_cropped,retain_as_weak_signal_baseline_subset,GhostFace-v3|STRONG,20260417,GhostFace-v3,STRONG,0.324500,trimmed_cropped_L5efC72r4PA.mp4,True,True,False
visomaster_GhostFace-v3_06349,ignore,,,not_selected_in_deterministic_random_subset,,,GhostFace-v3,MODERATE,0.288300,trimmed_cropped_uf9uDiXf29E.mp4,True,True,False
visomaster_GhostFace-v3_06350,keep,visomaster hints,baseline_cropped,retain_as_weak_signal_baseline_subset,GhostFace-v3|STRONG,20260417,GhostFace-v3,STRONG,0.302100,trimmed_cropped_-ClW6eHBxAg.mp4,True,True,False
visomaster_GhostFace-v3_06351,ignore,,,not_selected_in_deterministic_random_subset,,,GhostFace-v3,MODERATE,0.216700,trimmed_cropped_OpQONN9MMKk.mp4,True,True,False
visomaster_GhostFace-v3_06352,ignore,,,not_selected_in_deterministic_random_subset,,,GhostFace-v3,MODERATE,0.194000,trimmed_cropped_I13Jh0V2s9A.mp4,True,True,False
visomaster_GhostFace-v3_06353,ignore,,,not_selected_in_deterministic_random_subset,,,GhostFace-v3,MODERATE,0.187900,trimmed_cropped_igxvF1tSOGc.mp4,True,True,False
visomaster_GhostFace-v3_06354,ignore,,,not_selected_in_deterministic_random_subset,,,GhostFace-v3,MODERATE,0.207100,trimmed_cropped_EztUw-VDnZs.mp4,True,True,False
visomaster_GhostFace-v3_06355,ignore,,,not_selected_in_deterministic_random_subset,,,GhostFace-v3,MODERATE,0.156800,trimmed_cropped_L7iM4Xe3KLk.mp4,True,True,False
visomaster_GhostFace-v3_06356,ignore,,,not_selected_in_deterministic_random_subset,,,GhostFace-v3,MODERATE,0.205500,trimmed_cropped_hT6ZEMIWY_E.mp4,True,True,False
visomaster_GhostFace-v3_06357,keep,visomaster hints,baseline_cropped,retain_as_weak_signal_baseline_subset,GhostFace-v3|STRONG,20260417,GhostFace-v3,STRONG,0.323000,trimmed_cropped_HdKoJDm7NLY.mp4,True,True,False
visomaster_GhostFace-v3_06358,ignore,,,not_selected_in_deterministic_random_subset,,,GhostFace-v3,MODERATE,0.271800,trimmed_cropped_8AiefSZWjzo.mp4,True,True,False
visomaster_GhostFace-v3_06359,ignore,,,not_selected_in_deterministic_random_subset,,,GhostFace-v3,STRONG,0.305900,trimmed_cropped_7whKArd2EKo.mp4,True,True,False
visomaster_GhostFace-v3_06360,ignore,,,not_selected_in_deterministic_random_subset,,,GhostFace-v3,MODERATE,0.203400,trimmed_cropped_DmSkXP8Fh9A.mp4,True,True,False
visomaster_GhostFace-v3_06361,keep,visomaster hints,baseline_cropped,retain_as_weak_signal_baseline_subset,GhostFace-v3|MODERATE,20260417,GhostFace-v3,MODERATE,0.183500,trimmed_cropped_65L_7PY-RQQ.mp4,True,True,False
visomaster_GhostFace-v3_06362,ignore,,,minimal_tier_excluded,,,GhostFace-v3,MINIMAL,0.147800,trimmed_cropped_VRiZdsEXq2A.mp4,True,True,False
visomaster_GhostFace-v3_06363,ignore,,,not_selected_in_deterministic_random_subset,,,GhostFace-v3,MODERATE,0.180100,trimmed_cropped_n3LWnX5TUt0.mp4,True,True,False
visomaster_GhostFace-v3_06364,ignore,,,not_selected_in_deterministic_random_subset,,,GhostFace-v3,MODERATE,0.282100,trimmed_cropped_1vYqeXUYa4w.mp4,True,True,False
visomaster_GhostFace-v3_06365,keep,visomaster hints,baseline_cropped,retain_as_weak_signal_baseline_subset,GhostFace-v3|MODERATE,20260417,GhostFace-v3,MODERATE,0.217400,trimmed_cropped_NxrmgUcWJMM.mp4,True,True,False
visomaster_GhostFace-v3_06366,ignore,,,not_selected_in_deterministic_random_subset,,,GhostFace-v3,MODERATE,0.289700,trimmed_cropped_cICNHNd2EjI.mp4,True,True,False
visomaster_GhostFace-v3_06367,ignore,,,not_selected_in_deterministic_random_subset,,,GhostFace-v3,MODERATE,0.193600,trimmed_cropped_yEzR87_wc7E.mp4,True,True,False
visomaster_GhostFace-v3_06368,ignore,,,not_selected_in_deterministic_random_subset,,,GhostFace-v3,MODERATE,0.159300,trimmed_cropped_-ZWTa-xaDsc.mp4,True,True,False
visomaster_GhostFace-v3_06369,ignore,,,minimal_tier_excluded,,,GhostFace-v3,MINIMAL,0.139200,trimmed_cropped_WTzTPBtmLd4.mp4,True,True,False
visomaster_GhostFace-v3_06370,ignore,,,not_selected_in_deterministic_random_subset,,,GhostFace-v3,MODERATE,0.247000,trimmed_cropped_LlrifBoT0eg.mp4,True,True,False
visomaster_GhostFace-v3_06371,ignore,,,not_selected_in_deterministic_random_subset,,,GhostFace-v3,MODERATE,0.177700,trimmed_cropped_8Wq3mmYIw2I.mp4,True,True,False
visomaster_GhostFace-v3_06372,ignore,,,not_selected_in_deterministic_random_subset,,,GhostFace-v3,MODERATE,0.151100,trimmed_cropped_1LiqGQv6wEA.mp4,True,True,False
visomaster_GhostFace-v3_06373,ignore,,,not_selected_in_deterministic_random_subset,,,GhostFace-v3,MODERATE,0.213400,trimmed_cropped_9ll-fnaagas.mp4,True,True,False
visomaster_GhostFace-v3_06374,ignore,,,minimal_tier_excluded,,,GhostFace-v3,MINIMAL,0.118600,trimmed_cropped_-N8J9R6_oqY.mp4,True,True,False
visomaster_GhostFace-v3_06375,ignore,,,not_selected_in_deterministic_random_subset,,,GhostFace-v3,MODERATE,0.271700,trimmed_cropped_3RCAMrV4_OQ.mp4,True,True,False
visomaster_GhostFace-v3_06376,ignore,,,minimal_tier_excluded,,,GhostFace-v3,MINIMAL,0.118100,trimmed_cropped_ILJPjW5-_sc.mp4,True,True,False
visomaster_GhostFace-v3_06377,ignore,,,minimal_tier_excluded,,,GhostFace-v3,MINIMAL,0.097600,trimmed_cropped_BjmXOmWjuj0.mp4,True,True,False
visomaster_GhostFace-v3_06378,ignore,,,not_selected_in_deterministic_random_subset,,,GhostFace-v3,MODERATE,0.167700,trimmed_cropped_BfcDfYc6HZ0.mp4,True,True,False
visomaster_GhostFace-v3_06379,keep,visomaster hints,baseline_cropped,retain_as_weak_signal_baseline_subset,GhostFace-v3|STRONG,20260417,GhostFace-v3,STRONG,0.390900,trimmed_cropped_qWx-yOjdjus.mp4,True,True,False
visomaster_GhostFace-v3_06380,ignore,,,not_selected_in_deterministic_random_subset,,,GhostFace-v3,MODERATE,0.285000,trimmed_cropped_YYREO4e1xq0.mp4,True,True,False
visomaster_GhostFace-v3_06381,ignore,,,not_selected_in_deterministic_random_subset,,,GhostFace-v3,STRONG,0.334800,trimmed_cropped_wwJu9l9nNZA.mp4,True,True,False
visomaster_GhostFace-v3_06382,keep,visomaster hints,baseline_cropped,retain_as_weak_signal_baseline_subset,GhostFace-v3|MODERATE,20260417,GhostFace-v3,MODERATE,0.181600,trimmed_cropped_lky9DikmPLU.mp4,True,True,False
visomaster_GhostFace-v3_06383,ignore,,,minimal_tier_excluded,,,GhostFace-v3,MINIMAL,0.146400,trimmed_cropped_Q7Kw9tcNg_I.mp4,True,True,False
visomaster_GhostFace-v3_06384,ignore,,,not_selected_in_deterministic_random_subset,,,GhostFace-v3,MODERATE,0.210200,trimmed_cropped_SaoRywmNxhg.mp4,True,True,False
visomaster_GhostFace-v3_06385,ignore,,,not_selected_in_deterministic_random_subset,,,GhostFace-v3,MODERATE,0.172500,trimmed_cropped_I60Thzqv2Xg.mp4,True,True,False
visomaster_GhostFace-v3_06386,ignore,,,not_selected_in_deterministic_random_subset,,,GhostFace-v3,MODERATE,0.251700,trimmed_cropped_ZnIkzq6UbhE.mp4,True,True,False
visomaster_GhostFace-v3_06387,ignore,,,not_selected_in_deterministic_random_subset,,,GhostFace-v3,STRONG,0.388200,trimmed_cropped_35g7IB8kjOI.mp4,True,True,False
visomaster_GhostFace-v3_06388,ignore,,,not_selected_in_deterministic_random_subset,,,GhostFace-v3,MODERATE,0.258300,trimmed_cropped_87_xffzFXE4.mp4,True,True,False
visomaster_GhostFace-v3_06389,keep,visomaster hints,baseline_cropped,retain_as_weak_signal_baseline_subset,GhostFace-v3|STRONG,20260417,GhostFace-v3,STRONG,0.326400,trimmed_cropped_WZh9TKnIEWc.mp4,True,True,False
visomaster_GhostFace-v3_06390,ignore,,,not_selected_in_deterministic_random_subset,,,GhostFace-v3,STRONG,0.328400,trimmed_cropped_hu7DLh0KF1I.mp4,True,True,False
visomaster_GhostFace-v3_06391,ignore,,,not_selected_in_deterministic_random_subset,,,GhostFace-v3,MODERATE,0.170100,trimmed_cropped__bMaKnVIzts.mp4,True,True,False
visomaster_GhostFace-v3_06392,keep,visomaster hints,baseline_cropped,retain_as_weak_signal_baseline_subset,GhostFace-v3|STRONG,20260417,GhostFace-v3,STRONG,0.311500,trimmed_cropped_SitofemCn1g.mp4,True,True,False
visomaster_GhostFace-v3_06393,ignore,,,not_selected_in_deterministic_random_subset,,,GhostFace-v3,STRONG,0.378800,trimmed_cropped_bGyEF5zTxJY.mp4,True,True,False
visomaster_GhostFace-v3_06394,ignore,,,not_selected_in_deterministic_random_subset,,,GhostFace-v3,MODERATE,0.150800,trimmed_cropped_QBq0OMRQfvA.mp4,True,True,False
visomaster_GhostFace-v3_06395,keep,visomaster hints,baseline_cropped,retain_as_weak_signal_baseline_subset,GhostFace-v3|MODERATE,20260417,GhostFace-v3,MODERATE,0.248500,trimmed_cropped_mREMh9_fjeQ.mp4,True,True,False
visomaster_GhostFace-v3_06396,ignore,,,not_selected_in_deterministic_random_subset,,,GhostFace-v3,MODERATE,0.203100,trimmed_cropped_xOAdQgURASE.mp4,True,True,False
visomaster_GhostFace-v3_06397,ignore,,,not_selected_in_deterministic_random_subset,,,GhostFace-v3,MODERATE,0.291000,trimmed_cropped_Y2RGwCZlUy0.mp4,True,True,False
visomaster_GhostFace-v3_06398,keep,visomaster hints,baseline_cropped,retain_as_weak_signal_baseline_subset,GhostFace-v3|STRONG,20260417,GhostFace-v3,STRONG,0.324400,trimmed_cropped__5p-OcteMlI.mp4,True,True,False
visomaster_GhostFace-v3_06399,ignore,,,not_selected_in_deterministic_random_subset,,,GhostFace-v3,MODERATE,0.191300,trimmed_cropped_z_QqIgEkGes.mp4,True,True,False
visomaster_GhostFace-v3_06400,ignore,,,not_selected_in_deterministic_random_subset,,,GhostFace-v3,MODERATE,0.207000,trimmed_cropped_4MtcLph61Wk.mp4,True,True,False
visomaster_GhostFace-v3_06401,keep,visomaster hints,baseline_cropped,retain_as_weak_signal_baseline_subset,GhostFace-v3|MODERATE,20260417,GhostFace-v3,MODERATE,0.156900,trimmed_cropped_NBp3rV-WAk0.mp4,True,True,False
visomaster_GhostFace-v3_06402,keep,visomaster hints,baseline_cropped,retain_as_weak_signal_baseline_subset,GhostFace-v3|STRONG,20260417,GhostFace-v3,STRONG,0.374300,trimmed_cropped_UP01b84U0qY.mp4,True,True,False
visomaster_GhostFace-v3_06403,ignore,,,minimal_tier_excluded,,,GhostFace-v3,MINIMAL,0.098100,trimmed_cropped_WlGTJAz4k9w.mp4,True,True,False
visomaster_GhostFace-v3_06404,ignore,,,not_selected_in_deterministic_random_subset,,,GhostFace-v3,MODERATE,0.188400,trimmed_cropped_QkL8VWXcgp8.mp4,True,True,False
visomaster_GhostFace-v3_06405,ignore,,,minimal_tier_excluded,,,GhostFace-v3,MINIMAL,0.119300,trimmed_cropped_7Uu-tjpSCMg.mp4,True,True,False
visomaster_GhostFace-v3_06406,ignore,,,not_selected_in_deterministic_random_subset,,,GhostFace-v3,MODERATE,0.198600,trimmed_cropped_ZToc84KZ33c.mp4,True,True,False
visomaster_GhostFace-v3_06407,keep,visomaster hints,baseline_cropped,retain_as_weak_signal_baseline_subset,GhostFace-v3|STRONG,20260417,GhostFace-v3,STRONG,0.468000,trimmed_cropped_SkfYQlKgXeM.mp4,True,True,False
visomaster_GhostFace-v3_06408,keep,visomaster hints,baseline_cropped,retain_as_weak_signal_baseline_subset,GhostFace-v3|MODERATE,20260417,GhostFace-v3,MODERATE,0.160200,trimmed_cropped_grhHJHhTUOo.mp4,True,True,False
visomaster_GhostFace-v3_06409,keep,visomaster hints,baseline_cropped,retain_as_weak_signal_baseline_subset,GhostFace-v3|STRONG,20260417,GhostFace-v3,STRONG,0.408500,trimmed_cropped_XeJrh4ovdWA.mp4,True,True,False
visomaster_GhostFace-v3_06410,keep,visomaster hints,baseline_cropped,retain_as_weak_signal_baseline_subset,GhostFace-v3|MODERATE,20260417,GhostFace-v3,MODERATE,0.210500,trimmed_cropped_St6XYigdrhQ.mp4,True,True,False
visomaster_GhostFace-v3_06411,ignore,,,not_selected_in_deterministic_random_subset,,,GhostFace-v3,MODERATE,0.176000,trimmed_cropped_IGg8c2h1tcs.mp4,True,True,False
visomaster_GhostFace-v3_06412,ignore,,,not_selected_in_deterministic_random_subset,,,GhostFace-v3,MODERATE,0.192200,trimmed_cropped_1ggoGFP11KU.mp4,True,True,False
visomaster_GhostFace-v3_06413,ignore,,,not_selected_in_deterministic_random_subset,,,GhostFace-v3,MODERATE,0.160200,trimmed_cropped_OHL7CyKoHPE.mp4,True,True,False
visomaster_GhostFace-v3_06414,ignore,,,not_selected_in_deterministic_random_subset,,,GhostFace-v3,MODERATE,0.203100,trimmed_cropped_LXm09YS-3BQ.mp4,True,True,False
visomaster_GhostFace-v3_06415,ignore,,,not_selected_in_deterministic_random_subset,,,GhostFace-v3,MODERATE,0.248900,trimmed_cropped_E6hDkFuRQJo.mp4,True,True,False
visomaster_GhostFace-v3_06416,ignore,,,not_selected_in_deterministic_random_subset,,,GhostFace-v3,MODERATE,0.171400,trimmed_cropped_Xl86SS0FHF4.mp4,True,True,False
visomaster_GhostFace-v3_06417,ignore,,,minimal_tier_excluded,,,GhostFace-v3,MINIMAL,0.100600,trimmed_cropped_qBPQZNZd_iU.mp4,True,True,False
visomaster_GhostFace-v3_06418,ignore,,,not_selected_in_deterministic_random_subset,,,GhostFace-v3,STRONG,0.344100,trimmed_cropped_-zi4Lqe_BS4.mp4,True,True,False
visomaster_GhostFace-v3_06419,ignore,,,not_selected_in_deterministic_random_subset,,,GhostFace-v3,MODERATE,0.250600,trimmed_cropped_AHziFLq9PQs.mp4,True,True,False
visomaster_GhostFace-v3_06420,keep,visomaster hints,baseline_cropped,retain_as_weak_signal_baseline_subset,GhostFace-v3|STRONG,20260417,GhostFace-v3,STRONG,0.338500,trimmed_cropped_WhRLxvhIwXw.mp4,True,True,False
visomaster_GhostFace-v3_06421,keep,visomaster hints,baseline_cropped,retain_as_weak_signal_baseline_subset,GhostFace-v3|STRONG,20260417,GhostFace-v3,STRONG,0.376100,trimmed_cropped__-WZK8H1eGs.mp4,True,True,False
visomaster_GhostFace-v3_06422,ignore,,,not_selected_in_deterministic_random_subset,,,GhostFace-v3,MODERATE,0.236800,trimmed_65oA2iU3qeM.mp4,True,True,False
visomaster_GhostFace-v3_06423,ignore,,,minimal_tier_excluded,,,GhostFace-v3,MINIMAL,0.142000,trimmed_cropped_Mgk9kyGziXo.mp4,True,True,False
visomaster_GhostFace-v3_06424,ignore,,,not_selected_in_deterministic_random_subset,,,GhostFace-v3,MODERATE,0.270000,trimmed_cropped_kqlWNh34N1A.mp4,True,True,False
visomaster_GhostFace-v3_06425,ignore,,,not_selected_in_deterministic_random_subset,,,GhostFace-v3,MODERATE,0.172000,trimmed_cropped_2eZnNjLOrjc.mp4,True,True,False
visomaster_GhostFace-v3_06426,keep,visomaster hints,baseline_cropped,retain_as_weak_signal_baseline_subset,GhostFace-v3|MODERATE,20260417,GhostFace-v3,MODERATE,0.158200,trimmed_cropped_PFJmckWpWB0.mp4,True,True,False
visomaster_GhostFace-v3_06427,ignore,,,minimal_tier_excluded,,,GhostFace-v3,MINIMAL,0.025800,trimmed_cropped_U-kVfKuy4Ts.mp4,True,True,False
visomaster_GhostFace-v3_06428,ignore,,,not_selected_in_deterministic_random_subset,,,GhostFace-v3,MODERATE,0.233600,trimmed_cropped_5gUEFikvO7Q.mp4,True,True,False
visomaster_GhostFace-v3_06429,ignore,,,not_selected_in_deterministic_random_subset,,,GhostFace-v3,MODERATE,0.275000,trimmed_cropped_MN9WzWL3Trw.mp4,True,True,False
visomaster_GhostFace-v3_06430,keep,visomaster hints,baseline_cropped,retain_as_weak_signal_baseline_subset,GhostFace-v3|STRONG,20260417,GhostFace-v3,STRONG,0.356900,trimmed_cropped_9wJY59NWNz8.mp4,True,True,False
visomaster_GhostFace-v3_06431,ignore,,,not_selected_in_deterministic_random_subset,,,GhostFace-v3,MODERATE,0.175300,trimmed_cropped_JauV5k-pE2k.mp4,True,True,False
visomaster_GhostFace-v3_06432,ignore,,,minimal_tier_excluded,,,GhostFace-v3,MINIMAL,0.147600,trimmed_cropped_ZWxK9GqiJfY.mp4,True,True,False
visomaster_GhostFace-v3_06433,ignore,,,not_selected_in_deterministic_random_subset,,,GhostFace-v3,MODERATE,0.260600,trimmed_cropped_oW5zQXC4OEw.mp4,True,True,False
visomaster_GhostFace-v3_06434,ignore,,,not_selected_in_deterministic_random_subset,,,GhostFace-v3,MODERATE,0.196700,trimmed_cropped_eiLYmFybX2c.mp4,True,True,False
visomaster_GhostFace-v3_06435,ignore,,,not_selected_in_deterministic_random_subset,,,GhostFace-v3,MODERATE,0.156500,trimmed_cropped_FExzsWJA3Lo.mp4,True,True,False
visomaster_GhostFace-v3_06436,ignore,,,not_selected_in_deterministic_random_subset,,,GhostFace-v3,MODERATE,0.225600,trimmed_cropped_BeN5YIrnP0I.mp4,True,True,False
visomaster_GhostFace-v3_06437,ignore,,,minimal_tier_excluded,,,GhostFace-v3,MINIMAL,0.129300,trimmed_cropped_v7-mcGzi_g4.mp4,True,True,False
visomaster_GhostFace-v3_06438,ignore,,,not_selected_in_deterministic_random_subset,,,GhostFace-v3,MODERATE,0.191700,trimmed_cropped_Be_1GfvsLfI.mp4,True,True,False
visomaster_GhostFace-v3_06439,ignore,,,minimal_tier_excluded,,,GhostFace-v3,MINIMAL,0.110500,trimmed_cropped_w9q3u0DnTcU.mp4,True,True,False
visomaster_GhostFace-v3_06440,ignore,,,minimal_tier_excluded,,,GhostFace-v3,MINIMAL,0.138200,trimmed_cropped_9ZoapN2FZpY.mp4,True,True,False
visomaster_GhostFace-v3_06441,keep,visomaster hints,baseline_cropped,retain_as_weak_signal_baseline_subset,GhostFace-v3|MODERATE,20260417,GhostFace-v3,MODERATE,0.246900,trimmed_cropped_bAAWYiFHqGU.mp4,True,True,False
visomaster_GhostFace-v3_06442,ignore,,,minimal_tier_excluded,,,GhostFace-v3,MINIMAL,0.110900,trimmed_cropped_kxXJ-qMbpV0.mp4,True,True,False
visomaster_GhostFace-v3_06443,ignore,,,not_selected_in_deterministic_random_subset,,,GhostFace-v3,MODERATE,0.185600,trimmed_cropped_s6UIiKmgozw.mp4,True,True,False
visomaster_GhostFace-v3_06444,keep,visomaster hints,baseline_cropped,retain_as_weak_signal_baseline_subset,GhostFace-v3|MODERATE,20260417,GhostFace-v3,MODERATE,0.155800,trimmed_cropped_8bZj5qre_oQ.mp4,True,True,False
visomaster_GhostFace-v3_06445,ignore,,,not_selected_in_deterministic_random_subset,,,GhostFace-v3,MODERATE,0.210500,trimmed_cropped_YBEz13OfLgM.mp4,True,True,False
visomaster_GhostFace-v3_06446,ignore,,,not_selected_in_deterministic_random_subset,,,GhostFace-v3,MODERATE,0.168300,trimmed_cropped_vHbKucZq3nI.mp4,True,True,False
visomaster_GhostFace-v3_06447,ignore,,,not_selected_in_deterministic_random_subset,,,GhostFace-v3,MODERATE,0.171200,trimmed_cropped_1permCfWX_0.mp4,True,True,False
visomaster_GhostFace-v3_06448,ignore,,,not_selected_in_deterministic_random_subset,,,GhostFace-v3,MODERATE,0.232000,trimmed_cropped_yVLnEdExo8Y.mp4,True,True,False
visomaster_GhostFace-v3_06449,ignore,,,not_selected_in_deterministic_random_subset,,,GhostFace-v3,MODERATE,0.204600,trimmed_cropped_x8DBZ4tsx9A.mp4,True,True,False
visomaster_GhostFace-v3_06450,ignore,,,minimal_tier_excluded,,,GhostFace-v3,MINIMAL,0.137800,trimmed_cropped_0UmJ4E0ZV3I.mp4,True,True,False
visomaster_GhostFace-v3_06451,ignore,,,not_selected_in_deterministic_random_subset,,,GhostFace-v3,MODERATE,0.225100,trimmed_cropped_5iEJ8q99VjQ.mp4,True,True,False
visomaster_GhostFace-v3_06452,keep,visomaster hints,baseline_cropped,retain_as_weak_signal_baseline_subset,GhostFace-v3|MODERATE,20260417,GhostFace-v3,MODERATE,0.176500,trimmed_cropped_E-d-6RvWg24.mp4,True,True,False
visomaster_GhostFace-v3_06453,ignore,,,not_selected_in_deterministic_random_subset,,,GhostFace-v3,MODERATE,0.210600,trimmed_cropped_Ao3LRO8KJog.mp4,True,True,False
visomaster_GhostFace-v3_06454,ignore,,,not_selected_in_deterministic_random_subset,,,GhostFace-v3,MODERATE,0.212400,trimmed_cropped_HjLIJbPMxgI.mp4,True,True,False
visomaster_GhostFace-v3_06455,ignore,,,not_selected_in_deterministic_random_subset,,,GhostFace-v3,MODERATE,0.175400,trimmed_cropped_o22pEErv11I.mp4,True,True,False
visomaster_GhostFace-v3_06456,keep,visomaster hints,baseline_cropped,retain_as_weak_signal_baseline_subset,GhostFace-v3|MODERATE,20260417,GhostFace-v3,MODERATE,0.210800,trimmed_cropped_PaiIoFMnvNg.mp4,True,True,False
visomaster_GhostFace-v3_06457,ignore,,,not_selected_in_deterministic_random_subset,,,GhostFace-v3,MODERATE,0.159400,trimmed_cropped_OsUzw_UitmQ.mp4,True,True,False
visomaster_GhostFace-v3_06458,ignore,,,minimal_tier_excluded,,,GhostFace-v3,MINIMAL,0.114900,trimmed_cropped_FV87eY44CyE.mp4,True,True,False
visomaster_GhostFace-v3_06459,ignore,,,not_selected_in_deterministic_random_subset,,,GhostFace-v3,MODERATE,0.222700,trimmed_cropped_Sy1Xsi-4leU.mp4,True,True,False
visomaster_GhostFace-v3_06460,ignore,,,not_selected_in_deterministic_random_subset,,,GhostFace-v3,MODERATE,0.274800,trimmed_cropped_2O6tnoqw0xQ.mp4,True,True,False
visomaster_GhostFace-v3_06461,ignore,,,minimal_tier_excluded,,,GhostFace-v3,MINIMAL,0.105300,trimmed_cropped_PPo9BU755OM.mp4,True,True,False
visomaster_GhostFace-v3_06462,ignore,,,not_selected_in_deterministic_random_subset,,,GhostFace-v3,MODERATE,0.171400,trimmed_cropped_Oztrq_Zx9X0.mp4,True,True,False
visomaster_GhostFace-v3_06463,ignore,,,not_selected_in_deterministic_random_subset,,,GhostFace-v3,MODERATE,0.199500,trimmed_cropped_-sNiuQ5Jw38.mp4,True,True,False
visomaster_GhostFace-v3_06464,keep,visomaster hints,baseline_cropped,retain_as_weak_signal_baseline_subset,GhostFace-v3|MODERATE,20260417,GhostFace-v3,MODERATE,0.173800,trimmed_cropped_KltspYUg7sc.mp4,True,True,False
visomaster_GhostFace-v3_06465,ignore,,,not_selected_in_deterministic_random_subset,,,GhostFace-v3,MODERATE,0.184000,trimmed_cropped_jgBtXOUxjVM.mp4,True,True,False
visomaster_GhostFace-v3_06466,ignore,,,not_selected_in_deterministic_random_subset,,,GhostFace-v3,MODERATE,0.225400,trimmed_cropped_CwfcFuRP_5M.mp4,True,True,False
visomaster_GhostFace-v3_06467,keep,visomaster hints,baseline_cropped,retain_as_weak_signal_baseline_subset,GhostFace-v3|STRONG,20260417,GhostFace-v3,STRONG,0.303600,trimmed_cropped_gcKT1viynFE.mp4,True,True,False
visomaster_GhostFace-v3_06468,ignore,,,minimal_tier_excluded,,,GhostFace-v3,MINIMAL,0.093800,trimmed_cropped_ZK7rZ-NdqIg.mp4,True,True,False
visomaster_GhostFace-v3_06469,ignore,,,not_selected_in_deterministic_random_subset,,,GhostFace-v3,STRONG,0.379800,trimmed_cropped_kwrC81_0dxA.mp4,True,True,False
visomaster_GhostFace-v3_06470,ignore,,,not_selected_in_deterministic_random_subset,,,GhostFace-v3,MODERATE,0.159100,trimmed_cropped_jpOYlfuM1IE.mp4,True,True,False
visomaster_GhostFace-v3_06471,ignore,,,not_selected_in_deterministic_random_subset,,,GhostFace-v3,MODERATE,0.154100,trimmed_cropped_oNl1oYc_d30.mp4,True,True,False
visomaster_GhostFace-v3_06472,ignore,,,not_selected_in_deterministic_random_subset,,,GhostFace-v3,MODERATE,0.192600,trimmed_cropped_LobTJYG8ICo.mp4,True,True,False
visomaster_GhostFace-v3_06473,keep,visomaster hints,baseline_cropped,retain_as_weak_signal_baseline_subset,GhostFace-v3|MODERATE,20260417,GhostFace-v3,MODERATE,0.161400,trimmed_cropped_mhWMnBeFN30.mp4,True,True,False
visomaster_GhostFace-v3_06474,ignore,,,not_selected_in_deterministic_random_subset,,,GhostFace-v3,MODERATE,0.152200,trimmed_cropped_Q1EbWeHgETI.mp4,True,True,False
visomaster_GhostFace-v3_06475,keep,visomaster hints,baseline_cropped,retain_as_weak_signal_baseline_subset,GhostFace-v3|MODERATE,20260417,GhostFace-v3,MODERATE,0.227900,trimmed_cropped_ICxFv77No_0.mp4,True,True,False
visomaster_GhostFace-v3_06476,ignore,,,minimal_tier_excluded,,,GhostFace-v3,MINIMAL,0.145000,trimmed_cropped_FybrOZQbqjg.mp4,True,True,False
visomaster_GhostFace-v3_06477,ignore,,,not_selected_in_deterministic_random_subset,,,GhostFace-v3,MODERATE,0.181700,trimmed_cropped_avj0eTyQg4s.mp4,True,True,False
visomaster_GhostFace-v3_06478,ignore,,,not_selected_in_deterministic_random_subset,,,GhostFace-v3,MODERATE,0.152600,trimmed_cropped_vOcUn4wFnuQ.mp4,True,True,False
visomaster_GhostFace-v3_06479,ignore,,,not_selected_in_deterministic_random_subset,,,GhostFace-v3,MODERATE,0.152000,trimmed_cropped_s2Aj3dOHnqE.mp4,True,True,False
visomaster_GhostFace-v3_06480,ignore,,,not_selected_in_deterministic_random_subset,,,GhostFace-v3,MODERATE,0.244500,trimmed_cropped_iavx4s2_Ojo.mp4,True,True,False
visomaster_GhostFace-v3_06481,ignore,,,minimal_tier_excluded,,,GhostFace-v3,MINIMAL,0.132600,trimmed_cropped_4uhiOmUrRoo.mp4,True,True,False
visomaster_GhostFace-v3_06482,ignore,,,not_selected_in_deterministic_random_subset,,,GhostFace-v3,MODERATE,0.233700,trimmed_cropped_BXFb5JQgR74.mp4,True,True,False
visomaster_GhostFace-v3_06483,ignore,,,not_selected_in_deterministic_random_subset,,,GhostFace-v3,MODERATE,0.182600,trimmed_cropped_byXwUuNFkp8.mp4,True,True,False
visomaster_GhostFace-v3_06484,keep,visomaster hints,baseline_cropped,retain_as_weak_signal_baseline_subset,GhostFace-v3|STRONG,20260417,GhostFace-v3,STRONG,0.300300,trimmed_cropped_bGyEF5zTxJY.mp4,True,True,False
visomaster_GhostFace-v3_06485,ignore,,,not_selected_in_deterministic_random_subset,,,GhostFace-v3,MODERATE,0.255000,trimmed_cropped_k57rKgze-Cc.mp4,True,True,False
visomaster_GhostFace-v3_06486,ignore,,,not_selected_in_deterministic_random_subset,,,GhostFace-v3,MODERATE,0.168600,trimmed_cropped_gGpI7qdJm6w.mp4,True,True,False
visomaster_GhostFace-v3_06487,ignore,,,not_selected_in_deterministic_random_subset,,,GhostFace-v3,MODERATE,0.245500,trimmed_cropped_QY4e7Fq42Y0.mp4,True,True,False
visomaster_GhostFace-v3_06488,ignore,,,minimal_tier_excluded,,,GhostFace-v3,MINIMAL,0.129200,trimmed_cropped_i6_k0GPPO1c.mp4,True,True,False
visomaster_GhostFace-v3_06489,ignore,,,not_selected_in_deterministic_random_subset,,,GhostFace-v3,MODERATE,0.246500,trimmed_cropped_7DfktnTLI1o.mp4,True,True,False
visomaster_GhostFace-v3_06490,ignore,,,not_selected_in_deterministic_random_subset,,,GhostFace-v3,MODERATE,0.207200,trimmed_cropped_7whKArd2EKo.mp4,True,True,False
visomaster_GhostFace-v3_06491,ignore,,,not_selected_in_deterministic_random_subset,,,GhostFace-v3,MODERATE,0.179400,trimmed_cropped_49sfcS8GO-g.mp4,True,True,False
visomaster_GhostFace-v3_06492,ignore,,,not_selected_in_deterministic_random_subset,,,GhostFace-v3,MODERATE,0.262700,trimmed_cropped_pqY1nWVfrKg.mp4,True,True,False
visomaster_GhostFace-v3_06493,ignore,,,not_selected_in_deterministic_random_subset,,,GhostFace-v3,MODERATE,0.157100,trimmed_cropped_UhnDzOd2Hnk.mp4,True,True,False
visomaster_GhostFace-v3_06494,ignore,,,not_selected_in_deterministic_random_subset,,,GhostFace-v3,MODERATE,0.271600,trimmed_cropped_6t_vMoW-pAY.mp4,True,True,False
visomaster_GhostFace-v3_06495,ignore,,,not_selected_in_deterministic_random_subset,,,GhostFace-v3,MODERATE,0.228900,trimmed_cropped_EDzZAu5cNM8.mp4,True,True,False
visomaster_GhostFace-v3_06496,ignore,,,minimal_tier_excluded,,,GhostFace-v3,MINIMAL,0.123300,trimmed_cropped__dTqCwQ65gM.mp4,True,True,False
visomaster_GhostFace-v3_06497,ignore,,,not_selected_in_deterministic_random_subset,,,GhostFace-v3,MODERATE,0.193400,trimmed_cropped_P6OETlt_aDU.mp4,True,True,False
visomaster_GhostFace-v3_06498,ignore,,,minimal_tier_excluded,,,GhostFace-v3,MINIMAL,0.127300,trimmed_cropped_0DdlfUWfckw.mp4,True,True,False
visomaster_GhostFace-v3_06499,keep,visomaster hints,baseline_cropped,retain_as_weak_signal_baseline_subset,GhostFace-v3|STRONG,20260417,GhostFace-v3,STRONG,0.342100,trimmed_cropped_zVUWR1YQUbI.mp4,True,True,False
visomaster_GhostFace-v3_06500,keep,visomaster hints,baseline_cropped,retain_as_weak_signal_baseline_subset,GhostFace-v3|MODERATE,20260417,GhostFace-v3,MODERATE,0.226600,trimmed_cropped_KRIyMJwX37w.mp4,True,True,False
visomaster_GhostFace-v3_06501,ignore,,,not_selected_in_deterministic_random_subset,,,GhostFace-v3,MODERATE,0.211000,trimmed_cropped_1ggoGFP11KU.mp4,True,True,False
visomaster_GhostFace-v3_06502,ignore,,,minimal_tier_excluded,,,GhostFace-v3,MINIMAL,0.018000,trimmed_cropped__DDeF00hglI.mp4,True,True,False
visomaster_GhostFace-v3_06503,ignore,,,minimal_tier_excluded,,,GhostFace-v3,MINIMAL,0.017000,trimmed_cropped_H13lQd5SJpk.mp4,True,True,False
visomaster_GhostFace-v3_06504,ignore,,,minimal_tier_excluded,,,GhostFace-v3,MINIMAL,0.031700,trimmed_cropped_-8ovbcp2b8Q.mp4,True,True,False
visomaster_GhostFace-v3_06505,ignore,,,minimal_tier_excluded,,,GhostFace-v3,MINIMAL,0.012500,trimmed_cropped_FcLIQmHTaPc.mp4,True,True,False
visomaster_GhostFace-v3_06506,ignore,,,minimal_tier_excluded,,,GhostFace-v3,MINIMAL,0.022500,trimmed_cropped_47HA9ZvRAIc.mp4,True,True,False
visomaster_GhostFace-v3_06507,ignore,,,minimal_tier_excluded,,,GhostFace-v3,MINIMAL,0.017700,trimmed_cropped_ZfnYfrXXu_I.mp4,True,True,False
visomaster_GhostFace-v3_06508,ignore,,,minimal_tier_excluded,,,GhostFace-v3,MINIMAL,0.014700,trimmed_cropped_fKrAzy0TLws.mp4,True,True,False
visomaster_GhostFace-v3_06509,ignore,,,minimal_tier_excluded,,,GhostFace-v3,MINIMAL,0.025100,trimmed_cropped_a7E3D230Bss.mp4,True,True,False
visomaster_GhostFace-v3_06510,ignore,,,minimal_tier_excluded,,,GhostFace-v3,MINIMAL,0.010700,trimmed_cropped_AHrwj4ZrMQU.mp4,True,True,False
visomaster_GhostFace-v3_06511,ignore,,,minimal_tier_excluded,,,GhostFace-v3,MINIMAL,0.020700,trimmed_cropped_SMp7ainRdKk.mp4,True,True,False
visomaster_GhostFace-v3_06512,ignore,,,minimal_tier_excluded,,,GhostFace-v3,MINIMAL,0.021500,trimmed_cropped_fBud71lgy2k.mp4,True,True,False
visomaster_GhostFace-v3_06513,ignore,,,minimal_tier_excluded,,,GhostFace-v3,MINIMAL,0.029400,trimmed_cropped_2B2-33RYHhY.mp4,True,True,False
visomaster_GhostFace-v3_06514,ignore,,,minimal_tier_excluded,,,GhostFace-v3,MINIMAL,0.032800,trimmed_cropped_KKmhavUpkro.mp4,True,True,False
visomaster_GhostFace-v3_06515,ignore,,,minimal_tier_excluded,,,GhostFace-v3,MINIMAL,0.014500,trimmed_cropped_OqSYD9L6Mmc.mp4,True,True,False
visomaster_GhostFace-v3_06516,ignore,,,minimal_tier_excluded,,,GhostFace-v3,MINIMAL,0.019900,trimmed_cropped_H9mzR7-wDSY.mp4,True,True,False
visomaster_GhostFace-v3_06517,ignore,,,minimal_tier_excluded,,,GhostFace-v3,MINIMAL,0.021500,trimmed_cropped_j_Gib_svO_0.mp4,True,True,False
visomaster_GhostFace-v3_06518,ignore,,,minimal_tier_excluded,,,GhostFace-v3,MINIMAL,0.022500,trimmed_cropped_zGOkywmNZfE.mp4,True,True,False
visomaster_GhostFace-v3_06519,ignore,,,minimal_tier_excluded,,,GhostFace-v3,MINIMAL,0.018200,trimmed_cropped_WyZe0f8rPYI.mp4,True,True,False
visomaster_GhostFace-v3_06520,ignore,,,minimal_tier_excluded,,,GhostFace-v3,MINIMAL,0.012200,trimmed_cropped_WUu3BYpACTI.mp4,True,True,False
visomaster_GhostFace-v3_06521,ignore,,,minimal_tier_excluded,,,GhostFace-v3,MINIMAL,0.005100,trimmed_cropped_Q8vZQmZCL1k.mp4,True,True,False
visomaster_GhostFace-v3_06522,ignore,,,minimal_tier_excluded,,,GhostFace-v3,MINIMAL,0.013100,trimmed_cropped_AJIh8ftq67g.mp4,True,True,False
visomaster_GhostFace-v3_06523,ignore,,,minimal_tier_excluded,,,GhostFace-v3,MINIMAL,0.010900,trimmed_cropped_Ne3uPnVVBoI.mp4,True,True,False
visomaster_GhostFace-v3_06524,ignore,,,minimal_tier_excluded,,,GhostFace-v3,MINIMAL,0.011900,trimmed_cropped_WGTklvdMHHc.mp4,True,True,False
visomaster_GhostFace-v3_06525,ignore,,,minimal_tier_excluded,,,GhostFace-v3,MINIMAL,0.019100,trimmed_cropped_pGxjRa0ODqo.mp4,True,True,False
visomaster_GhostFace-v3_06526,ignore,,,minimal_tier_excluded,,,GhostFace-v3,MINIMAL,0.016400,trimmed_cropped__5-CA1PUiZE.mp4,True,True,False
visomaster_GhostFace-v3_06527,ignore,,,minimal_tier_excluded,,,GhostFace-v3,MINIMAL,0.016500,trimmed_cropped_wrEUw0H7G_w.mp4,True,True,False
visomaster_GhostFace-v3_06528,ignore,,,minimal_tier_excluded,,,GhostFace-v3,MINIMAL,0.024100,trimmed_cropped_bgy2e0nnVvY.mp4,True,True,False
visomaster_GhostFace-v3_06529,ignore,,,minimal_tier_excluded,,,GhostFace-v3,MINIMAL,0.023800,trimmed_cropped_K7_xY2IZVFI.mp4,True,True,False
visomaster_GhostFace-v3_06530,ignore,,,minimal_tier_excluded,,,GhostFace-v3,MINIMAL,0.007600,trimmed_cropped_4_CFmzPjzm8.mp4,True,True,False
visomaster_GhostFace-v3_06531,ignore,,,minimal_tier_excluded,,,GhostFace-v3,MINIMAL,0.014300,trimmed_cropped_dPnVEdkq5lw.mp4,True,True,False
visomaster_GhostFace-v3_06532,ignore,,,minimal_tier_excluded,,,GhostFace-v3,MINIMAL,0.011200,trimmed_cropped_W6R328Z1a-E.mp4,True,True,False
visomaster_GhostFace-v3_06533,ignore,,,minimal_tier_excluded,,,GhostFace-v3,MINIMAL,0.007900,trimmed_cropped_xiydK3QIvdg.mp4,True,True,False
visomaster_GhostFace-v3_06534,ignore,,,minimal_tier_excluded,,,GhostFace-v3,MINIMAL,0.013500,trimmed_cropped_F6dPAV082hE.mp4,True,True,False
visomaster_GhostFace-v3_06535,ignore,,,minimal_tier_excluded,,,GhostFace-v3,MINIMAL,0.015600,trimmed_cropped_9dfp59Rn3Ls.mp4,True,True,False
visomaster_GhostFace-v3_06536,ignore,,,minimal_tier_excluded,,,GhostFace-v3,MINIMAL,0.033000,trimmed_cropped_yvPZ3FZDOpQ.mp4,True,True,False
visomaster_GhostFace-v3_06537,ignore,,,minimal_tier_excluded,,,GhostFace-v3,MINIMAL,0.014600,trimmed_cropped_I9M6vVzzsyQ.mp4,True,True,False
visomaster_GhostFace-v3_06538,ignore,,,minimal_tier_excluded,,,GhostFace-v3,MINIMAL,0.013500,trimmed_cropped_F6dPAV082hE.mp4,True,True,False
visomaster_GhostFace-v3_06539,ignore,,,not_selected_in_deterministic_random_subset,,,GhostFace-v3,MODERATE,0.210300,trimmed_cropped_1tyZ4AiwrtY.mp4,True,True,False
visomaster_GhostFace-v3_06540,ignore,,,minimal_tier_excluded,,,GhostFace-v3,MINIMAL,0.020800,trimmed_cropped_05WinKM39HY.mp4,True,True,False
visomaster_GhostFace-v3_06541,ignore,,,minimal_tier_excluded,,,GhostFace-v3,MINIMAL,0.022400,trimmed_cropped_DEYGRSrAnr4.mp4,True,True,False
visomaster_GhostFace-v3_06542,ignore,,,minimal_tier_excluded,,,GhostFace-v3,MINIMAL,0.018500,trimmed_cropped_lvCiuynF4Kw.mp4,True,True,False
visomaster_GhostFace-v3_06543,ignore,,,minimal_tier_excluded,,,GhostFace-v3,MINIMAL,0.024800,1CyWy95uEb0.mp4,True,True,False
visomaster_GhostFace-v3_06544,ignore,,,minimal_tier_excluded,,,GhostFace-v3,MINIMAL,0.032200,trimmed_cropped_T70bejLXDmE.mp4,True,True,False
visomaster_GhostFace-v3_06545,ignore,,,minimal_tier_excluded,,,GhostFace-v3,MINIMAL,0.017600,trimmed_cropped_QNp1qMcRqh8.mp4,True,True,False
visomaster_GhostFace-v3_06546,ignore,,,minimal_tier_excluded,,,GhostFace-v3,MINIMAL,0.042800,trimmed_cropped_TFRGmtmGAek.mp4,True,True,False
visomaster_GhostFace-v3_06547,ignore,,,minimal_tier_excluded,,,GhostFace-v3,MINIMAL,0.017800,trimmed_cropped_ZTl0yGklq7w.mp4,True,True,False
visomaster_GhostFace-v3_06548,ignore,,,minimal_tier_excluded,,,GhostFace-v3,MINIMAL,0.011800,trimmed_cropped_2C2ntkxFllQ.mp4,True,True,False
visomaster_GhostFace-v3_06549,ignore,,,minimal_tier_excluded,,,GhostFace-v3,MINIMAL,0.013200,trimmed_cropped_CStrhjEznIE.mp4,True,True,False
visomaster_GhostFace-v3_06550,ignore,,,minimal_tier_excluded,,,GhostFace-v3,MINIMAL,0.014500,trimmed_cropped_TtzDEBFmUvY.mp4,True,True,False
visomaster_GhostFace-v3_06551,ignore,,,minimal_tier_excluded,,,GhostFace-v3,MINIMAL,0.014100,trimmed_cropped_G5lMFjME9qI.mp4,True,True,False
visomaster_GhostFace-v3_06552,ignore,,,minimal_tier_excluded,,,GhostFace-v3,MINIMAL,0.014600,trimmed_cropped_-XNkBzaA8Os.mp4,True,True,False
visomaster_GhostFace-v3_06553,ignore,,,minimal_tier_excluded,,,GhostFace-v3,MINIMAL,0.020200,trimmed_cropped_Ak6JTENwtSs.mp4,True,True,False
visomaster_GhostFace-v3_06554,ignore,,,minimal_tier_excluded,,,GhostFace-v3,MINIMAL,0.011600,trimmed_cropped_mQHR5hI5nXE.mp4,True,True,False
visomaster_GhostFace-v3_06555,ignore,,,minimal_tier_excluded,,,GhostFace-v3,MINIMAL,0.015300,trimmed_cropped_auGFtzfRIjQ.mp4,True,True,False
visomaster_GhostFace-v3_06556,ignore,,,minimal_tier_excluded,,,GhostFace-v3,MINIMAL,0.024700,trimmed_cropped_r4ucMXaYZso.mp4,True,True,False
visomaster_GhostFace-v3_06557,ignore,,,minimal_tier_excluded,,,GhostFace-v3,MINIMAL,0.020000,trimmed_cropped_a0qmZC4xJLY.mp4,True,True,False
visomaster_GhostFace-v3_06558,ignore,,,minimal_tier_excluded,,,GhostFace-v3,MINIMAL,0.015300,trimmed_cropped_CvvRwWFDtiA.mp4,True,True,False
visomaster_GhostFace-v3_06559,ignore,,,minimal_tier_excluded,,,GhostFace-v3,MINIMAL,0.045600,trimmed_cropped_J-UopPtcHcI.mp4,True,True,False
visomaster_GhostFace-v3_06560,ignore,,,minimal_tier_excluded,,,GhostFace-v3,MINIMAL,0.021900,trimmed_cropped_AYNWuYjega0.mp4,True,True,False
visomaster_GhostFace-v3_06561,ignore,,,minimal_tier_excluded,,,GhostFace-v3,MINIMAL,0.010200,trimmed_cropped_ApLROrY9cz0.mp4,True,True,False
visomaster_GhostFace-v3_06562,ignore,,,minimal_tier_excluded,,,GhostFace-v3,MINIMAL,0.027600,trimmed_cropped_-n8FP7Ncq8A.mp4,True,True,False
visomaster_GhostFace-v3_06563,ignore,,,minimal_tier_excluded,,,GhostFace-v3,MINIMAL,0.012600,trimmed_cropped__eKcn7bKxkk.mp4,True,True,False
visomaster_GhostFace-v3_06564,ignore,,,minimal_tier_excluded,,,GhostFace-v3,MINIMAL,0.013000,trimmed_cropped_Qt24fyPymVM.mp4,True,True,False
visomaster_GhostFace-v3_06565,ignore,,,minimal_tier_excluded,,,GhostFace-v3,MINIMAL,0.011500,trimmed_cropped_EvYQz1u3Nww.mp4,True,True,False
visomaster_GhostFace-v3_06566,ignore,,,minimal_tier_excluded,,,GhostFace-v3,MINIMAL,0.025100,trimmed_cropped_rajrNOpMKZ0.mp4,True,True,False
visomaster_GhostFace-v3_06567,ignore,,,minimal_tier_excluded,,,GhostFace-v3,MINIMAL,0.014000,trimmed_cropped_y8jpFTbSOMU.mp4,True,True,False
visomaster_GhostFace-v3_06568,ignore,,,minimal_tier_excluded,,,GhostFace-v3,MINIMAL,0.009300,trimmed_cropped_4uhiOmUrRoo.mp4,True,True,False
visomaster_GhostFace-v3_06569,ignore,,,minimal_tier_excluded,,,GhostFace-v3,MINIMAL,0.117600,trimmed_cropped_VwROhnbauWo.mp4,True,True,False
visomaster_GhostFace-v3_06570,ignore,,,minimal_tier_excluded,,,GhostFace-v3,MINIMAL,0.036200,trimmed_2A15PqMe-Gg.mp4,True,True,False
visomaster_GhostFace-v3_06571,ignore,,,not_selected_in_deterministic_random_subset,,,GhostFace-v3,MODERATE,0.154800,trimmed_cropped_x0P_LcPNoMk.mp4,True,True,False
visomaster_GhostFace-v3_06572,ignore,,,minimal_tier_excluded,,,GhostFace-v3,MINIMAL,0.020500,trimmed_cropped_0vzjahB2oF8.mp4,True,True,False
visomaster_GhostFace-v3_06573,ignore,,,minimal_tier_excluded,,,GhostFace-v3,MINIMAL,0.017000,trimmed_cropped_2Jr9G4yiLVk.mp4,True,True,False
visomaster_GhostFace-v3_06574,ignore,,,minimal_tier_excluded,,,GhostFace-v3,MINIMAL,0.021400,trimmed_cropped_z7Hl51dFrcU.mp4,True,True,False
visomaster_GhostFace-v3_06575,ignore,,,minimal_tier_excluded,,,GhostFace-v3,MINIMAL,0.011800,trimmed_cropped_0RttyrfstH0.mp4,True,True,False
visomaster_GhostFace-v3_06576,ignore,,,minimal_tier_excluded,,,GhostFace-v3,MINIMAL,0.012500,trimmed_cropped_FcLIQmHTaPc.mp4,True,True,False
visomaster_GhostFace-v3_06577,ignore,,,minimal_tier_excluded,,,GhostFace-v3,MINIMAL,0.019400,trimmed_cropped_hgDI-OyDZuc.mp4,True,True,False
visomaster_GhostFace-v3_06578,ignore,,,minimal_tier_excluded,,,GhostFace-v3,MINIMAL,0.015000,trimmed_cropped_SpZqmZPtj9I.mp4,True,True,False
visomaster_GhostFace-v3_06579,ignore,,,minimal_tier_excluded,,,GhostFace-v3,MINIMAL,0.015600,trimmed_cropped_9W2VWrPafGU.mp4,True,True,False
visomaster_GhostFace-v3_06580,ignore,,,minimal_tier_excluded,,,GhostFace-v3,MINIMAL,0.014600,trimmed_cropped_-bsfOduQTe8.mp4,True,True,False
visomaster_GhostFace-v3_06581,ignore,,,minimal_tier_excluded,,,GhostFace-v3,MINIMAL,0.024500,trimmed_cropped_RS0lrXm_F7A.mp4,True,True,False
visomaster_GhostFace-v3_06582,ignore,,,minimal_tier_excluded,,,GhostFace-v3,MINIMAL,0.014100,trimmed_cropped_G5lMFjME9qI.mp4,True,True,False
visomaster_GhostFace-v3_06583,ignore,,,minimal_tier_excluded,,,GhostFace-v3,MINIMAL,0.006900,trimmed_cropped_9ACtZxGev5I.mp4,True,True,False
visomaster_GhostFace-v3_06584,ignore,,,minimal_tier_excluded,,,GhostFace-v3,MINIMAL,0.012200,trimmed_cropped_fLKzBDIuar4.mp4,True,True,False
visomaster_GhostFace-v3_06585,ignore,,,minimal_tier_excluded,,,GhostFace-v3,MINIMAL,0.022900,trimmed_cropped_qDYuLSt80Hw.mp4,True,True,False
visomaster_GhostFace-v3_06586,ignore,,,minimal_tier_excluded,,,GhostFace-v3,MINIMAL,0.012400,trimmed_cropped_3cBOucChc3s.mp4,True,True,False
visomaster_GhostFace-v3_06587,ignore,,,minimal_tier_excluded,,,GhostFace-v3,MINIMAL,0.016800,trimmed_cropped_6T6w6jm9Zt0.mp4,True,True,False
visomaster_GhostFace-v3_06588,ignore,,,minimal_tier_excluded,,,GhostFace-v3,MINIMAL,0.009200,trimmed_cropped_6h3Ni6mH4PI.mp4,True,True,False
visomaster_GhostFace-v3_06589,ignore,,,minimal_tier_excluded,,,GhostFace-v3,MINIMAL,0.020400,trimmed_cropped_kWSYuskD-zM.mp4,True,True,False
visomaster_GhostFace-v3_06590,ignore,,,minimal_tier_excluded,,,GhostFace-v3,MINIMAL,0.005900,trimmed_cropped_CwNzkhXH8uI.mp4,True,True,False
visomaster_GhostFace-v3_06591,ignore,,,minimal_tier_excluded,,,GhostFace-v3,MINIMAL,0.018300,trimmed_cropped_IhWC4Mg5ILE.mp4,True,True,False
visomaster_GhostFace-v3_06592,ignore,,,minimal_tier_excluded,,,GhostFace-v3,MINIMAL,0.011900,trimmed_cropped_vM-wc4G5k8s.mp4,True,True,False
visomaster_GhostFace-v3_06593,ignore,,,minimal_tier_excluded,,,GhostFace-v3,MINIMAL,0.021300,trimmed_cropped_dulqzxpUq9Y.mp4,True,True,False
visomaster_GhostFace-v3_06594,ignore,,,not_selected_in_deterministic_random_subset,,,GhostFace-v3,STRONG,0.311900,trimmed_cropped_Q_Ik9bT1swI.mp4,True,True,False
visomaster_GhostFace-v3_06595,ignore,,,minimal_tier_excluded,,,GhostFace-v3,MINIMAL,0.018400,trimmed_cropped_9s2fLtRBBGE.mp4,True,True,False
visomaster_GhostFace-v3_06596,ignore,,,minimal_tier_excluded,,,GhostFace-v3,MINIMAL,0.025300,trimmed_cropped_dotjaAOMF0o.mp4,True,True,False
visomaster_GhostFace-v3_06597,ignore,,,minimal_tier_excluded,,,GhostFace-v3,MINIMAL,0.016100,trimmed_cropped_ab2QRaqC-MA.mp4,True,True,False
visomaster_GhostFace-v3_06598,ignore,,,minimal_tier_excluded,,,GhostFace-v3,MINIMAL,0.030800,trimmed_cropped_CGhbxdzaT9Q.mp4,True,True,False
visomaster_GhostFace-v3_06599,ignore,,,minimal_tier_excluded,,,GhostFace-v3,MINIMAL,0.017600,trimmed_cropped_vVygI1tWWBY.mp4,True,True,False
visomaster_GhostFace-v3_06600,ignore,,,minimal_tier_excluded,,,GhostFace-v3,MINIMAL,0.037400,trimmed_cropped__9dY9vdkQV4.mp4,True,True,False
visomaster_GhostFace-v3_06601,ignore,,,minimal_tier_excluded,,,GhostFace-v3,MINIMAL,0.020300,trimmed_cropped_qT35E4ddBj8.mp4,True,True,False
visomaster_InStyleSwapper256-A_10000,keep,visomaster hints (teams),teams_pair_complete,retain_as_weak_signal_after_teams,,,InStyleSwapper256-A,STRONG,0.306100,trimmed_cropped_ButRfdD8WpI.mp4,True,True,True
visomaster_InStyleSwapper256-A_10001,keep,visomaster hints (teams),teams_pair_complete,retain_as_weak_signal_after_teams,,,InStyleSwapper256-A,MINIMAL,0.149600,trimmed_cropped_pKIseTzarIc.mp4,True,True,True
visomaster_InStyleSwapper256-A_10002,keep,visomaster hints (teams),teams_pair_complete,retain_as_weak_signal_after_teams,,,InStyleSwapper256-A,MINIMAL,0.125300,trimmed_cropped_AeppyNtQplE.mp4,True,True,True
visomaster_InStyleSwapper256-A_10003,keep,visomaster hints (teams),teams_pair_complete,retain_as_weak_signal_after_teams,,,InStyleSwapper256-A,MODERATE,0.257800,trimmed_cropped_B9j-PEA8Qkk.mp4,True,True,True
visomaster_InStyleSwapper256-A_10004,keep,visomaster hints (teams),teams_pair_complete,retain_as_weak_signal_after_teams,,,InStyleSwapper256-A,MINIMAL,0.089900,trimmed_cropped_RK56XSKnYM8.mp4,True,True,True
visomaster_InStyleSwapper256-A_10005,keep,visomaster hints (teams),teams_pair_complete,retain_as_weak_signal_after_teams,,,InStyleSwapper256-A,MINIMAL,0.132400,trimmed_cropped_lK8HnPKx910.mp4,True,True,True
visomaster_InStyleSwapper256-A_10006,keep,visomaster hints (teams),teams_pair_complete,retain_as_weak_signal_after_teams,,,InStyleSwapper256-A,MINIMAL,0.127000,trimmed_cropped_bErXgkRGmJE.mp4,True,True,True
visomaster_InStyleSwapper256-A_10007,keep,visomaster hints (teams),teams_pair_complete,retain_as_weak_signal_after_teams,,,InStyleSwapper256-A,MINIMAL,0.127400,trimmed_cropped_ZcRABEgddhY.mp4,True,True,True
visomaster_InStyleSwapper256-A_10008,ignore,,,not_selected_in_deterministic_random_subset,,,InStyleSwapper256-A,MODERATE,0.205300,trimmed_cropped_uy-qiEm0P1Y.mp4,True,True,False
visomaster_InStyleSwapper256-A_10009,keep,visomaster hints (teams),teams_pair_complete,retain_as_weak_signal_after_teams,,,InStyleSwapper256-A,MODERATE,0.238500,trimmed_cropped_Fg3C-hVCmjY.mp4,True,True,True
visomaster_InStyleSwapper256-A_10010,keep,visomaster hints (teams),teams_pair_complete,retain_as_weak_signal_after_teams,,,InStyleSwapper256-A,MODERATE,0.154500,trimmed_cropped_-HYSYbHx-zM.mp4,True,True,True
visomaster_InStyleSwapper256-A_10011,keep,visomaster hints (teams),teams_pair_complete,retain_as_weak_signal_after_teams,,,InStyleSwapper256-A,MINIMAL,0.140800,trimmed_cropped_80e1QiFZtnc.mp4,True,True,True
visomaster_InStyleSwapper256-A_10012,keep,visomaster hints (teams),teams_pair_complete,retain_as_weak_signal_after_teams,,,InStyleSwapper256-A,MINIMAL,0.122400,trimmed_cropped_dN8tO2QxTiM.mp4,True,True,True
visomaster_InStyleSwapper256-A_10013,keep,visomaster hints (teams),teams_pair_complete,retain_as_weak_signal_after_teams,,,InStyleSwapper256-A,MINIMAL,0.066500,trimmed_cropped_55Z6OFlVBAI.mp4,True,True,True
visomaster_InStyleSwapper256-A_10014,keep,visomaster hints (teams),teams_pair_complete,retain_as_weak_signal_after_teams,,,InStyleSwapper256-A,MODERATE,0.210300,trimmed_cropped_Z_OAUFCsylg.mp4,True,True,True
visomaster_InStyleSwapper256-A_10015,keep,visomaster hints (teams),teams_pair_complete,retain_as_weak_signal_after_teams,,,InStyleSwapper256-A,MODERATE,0.258600,trimmed_cropped_pAJ98LZyszk.mp4,True,True,True
visomaster_InStyleSwapper256-A_10016,keep,visomaster hints (teams),teams_pair_complete,retain_as_weak_signal_after_teams,,,InStyleSwapper256-A,STRONG,0.487500,trimmed_cropped_YL8bV-r516g.mp4,True,True,True
visomaster_InStyleSwapper256-A_10017,keep,visomaster hints (teams),teams_pair_complete,retain_as_weak_signal_after_teams,,,InStyleSwapper256-A,MINIMAL,0.082900,trimmed_cropped_rywt3LDWDvA.mp4,True,True,True
visomaster_InStyleSwapper256-A_10018,keep,visomaster hints (teams),teams_pair_complete,retain_as_weak_signal_after_teams,,,InStyleSwapper256-A,MINIMAL,0.125900,trimmed_cropped_ArQOSWAq0a8.mp4,True,True,True
visomaster_InStyleSwapper256-A_10019,keep,visomaster hints (teams),teams_pair_complete,retain_as_weak_signal_after_teams,,,InStyleSwapper256-A,MINIMAL,0.084000,trimmed_cropped_QP0K6lz9E_Y.mp4,True,True,True
visomaster_InStyleSwapper256-A_10020,keep,visomaster hints (teams),teams_pair_complete,retain_as_weak_signal_after_teams,,,InStyleSwapper256-A,MODERATE,0.151900,trimmed_cropped_CSG9GIjd9Ig.mp4,True,True,True
visomaster_InStyleSwapper256-A_10021,keep,visomaster hints (teams),teams_pair_complete,retain_as_weak_signal_after_teams,,,InStyleSwapper256-A,MODERATE,0.176600,trimmed_cropped_1IcGANZFS1Q.mp4,True,True,True
visomaster_InStyleSwapper256-A_10022,keep,visomaster hints (teams),teams_pair_complete,retain_as_weak_signal_after_teams,,,InStyleSwapper256-A,STRONG,0.413400,trimmed_cropped_x7RqdQB7XjA.mp4,True,True,True
visomaster_InStyleSwapper256-A_10023,keep,visomaster hints (teams),teams_pair_complete,retain_as_weak_signal_after_teams,,,InStyleSwapper256-A,MODERATE,0.205100,trimmed_cropped_h-CzsVZ_wAA.mp4,True,True,True
visomaster_InStyleSwapper256-A_10024,keep,visomaster hints (teams),teams_pair_complete,retain_as_weak_signal_after_teams,,,InStyleSwapper256-A,MODERATE,0.150000,trimmed_cropped_nqBskO4fr7k.mp4,True,True,True
visomaster_InStyleSwapper256-A_10025,keep,visomaster hints (teams),teams_pair_complete,retain_as_weak_signal_after_teams,,,InStyleSwapper256-A,MODERATE,0.296800,trimmed_cropped_Mv94GralSJI.mp4,True,True,True
visomaster_InStyleSwapper256-A_10026,keep,visomaster hints (teams),teams_pair_complete,retain_as_weak_signal_after_teams,,,InStyleSwapper256-A,MINIMAL,0.123100,trimmed_CKQbssDF3v8.mp4,True,True,True
visomaster_InStyleSwapper256-A_10027,keep,visomaster hints (teams),teams_pair_complete,retain_as_weak_signal_after_teams,,,InStyleSwapper256-A,MINIMAL,0.141600,trimmed_cropped_bPY6c_1hoNY.mp4,True,True,True
visomaster_InStyleSwapper256-A_10028,keep,visomaster hints (teams),teams_pair_complete,retain_as_weak_signal_after_teams,,,InStyleSwapper256-A,MINIMAL,0.097900,trimmed_cropped_P1jBfKDCRfg.mp4,True,True,True
visomaster_InStyleSwapper256-A_10029,keep,visomaster hints (teams),teams_pair_complete,retain_as_weak_signal_after_teams,,,InStyleSwapper256-A,MODERATE,0.228000,trimmed_cropped_ACwX7_-0tAQ.mp4,True,True,True
visomaster_InStyleSwapper256-A_10030,keep,visomaster hints (teams),teams_pair_complete,retain_as_weak_signal_after_teams,,,InStyleSwapper256-A,MODERATE,0.295800,trimmed_cropped_E0EwDgmiTIk.mp4,True,True,True
visomaster_InStyleSwapper256-A_10031,keep,visomaster hints (teams),teams_pair_complete,retain_as_weak_signal_after_teams,,,InStyleSwapper256-A,MODERATE,0.223700,trimmed_cropped_9zwk11m22xI.mp4,True,True,True
visomaster_InStyleSwapper256-A_10032,keep,visomaster hints (teams),teams_pair_complete,retain_as_weak_signal_after_teams,,,InStyleSwapper256-A,MINIMAL,0.111400,Bhc1hpkEeos.mp4,True,True,True
visomaster_InStyleSwapper256-A_10033,keep,visomaster hints (teams),teams_pair_complete,retain_as_weak_signal_after_teams,,,InStyleSwapper256-A,MODERATE,0.166200,trimmed_cropped_ZCVpr0126dE.mp4,True,True,True
visomaster_InStyleSwapper256-A_10034,keep,visomaster hints (teams),teams_pair_complete,retain_as_weak_signal_after_teams,,,InStyleSwapper256-A,MINIMAL,0.132900,trimmed_cropped_H15lVTJhXn8.mp4,True,True,True
visomaster_InStyleSwapper256-A_10035,keep,visomaster hints (teams),teams_pair_complete,retain_as_weak_signal_after_teams,,,InStyleSwapper256-A,MODERATE,0.256100,trimmed_cropped_DmSkXP8Fh9A.mp4,True,True,True
visomaster_InStyleSwapper256-A_10036,ignore,,,minimal_tier_excluded,,,InStyleSwapper256-A,MINIMAL,0.137200,trimmed_cropped_hen5sUXnvIk.mp4,True,True,False
visomaster_InStyleSwapper256-A_10037,keep,visomaster hints,baseline_cropped,retain_as_weak_signal_baseline_subset,InStyleSwapper256-A|STRONG,20260417,InStyleSwapper256-A,STRONG,0.363300,trimmed_cropped_2nn2nAOMYRo.mp4,True,True,False
visomaster_InStyleSwapper256-A_10038,ignore,,,minimal_tier_excluded,,,InStyleSwapper256-A,MINIMAL,0.146400,trimmed_cropped_o0ZQTxLNM2s.mp4,True,True,False
visomaster_InStyleSwapper256-A_10039,ignore,,,minimal_tier_excluded,,,InStyleSwapper256-A,MINIMAL,0.101100,trimmed_cropped_RyOMjSmCxxQ.mp4,True,True,False
visomaster_InStyleSwapper256-A_10040,keep,visomaster hints,baseline_cropped,retain_as_weak_signal_baseline_subset,InStyleSwapper256-A|STRONG,20260417,InStyleSwapper256-A,STRONG,0.435100,trimmed_cropped_OLwTFvuUk0A.mp4,True,True,False
visomaster_InStyleSwapper256-A_10041,ignore,,,not_selected_in_deterministic_random_subset,,,InStyleSwapper256-A,MODERATE,0.217500,trimmed_cropped_-8XybHI-dIo.mp4,True,True,False
visomaster_InStyleSwapper256-A_10042,ignore,,,minimal_tier_excluded,,,InStyleSwapper256-A,MINIMAL,0.118500,trimmed_cropped_4y71bFc-irQ.mp4,True,True,False
visomaster_InStyleSwapper256-A_10043,keep,visomaster hints,baseline_cropped,retain_as_weak_signal_baseline_subset,InStyleSwapper256-A|STRONG,20260417,InStyleSwapper256-A,STRONG,0.386600,trimmed_cropped_IlhelIb_Dz4.mp4,True,True,False
visomaster_InStyleSwapper256-A_10044,ignore,,,not_selected_in_deterministic_random_subset,,,InStyleSwapper256-A,MODERATE,0.178600,trimmed_cropped_oV7xJcZyZS4.mp4,True,True,False
visomaster_InStyleSwapper256-A_10045,ignore,,,not_selected_in_deterministic_random_subset,,,InStyleSwapper256-A,MODERATE,0.217200,trimmed_cropped_w6iAo5xfpkM.mp4,True,True,False
visomaster_InStyleSwapper256-A_10046,ignore,,,not_selected_in_deterministic_random_subset,,,InStyleSwapper256-A,MODERATE,0.178200,trimmed_cropped_hZBIUKr1GNo.mp4,True,True,False
visomaster_InStyleSwapper256-A_10047,ignore,,,minimal_tier_excluded,,,InStyleSwapper256-A,MINIMAL,0.138000,trimmed_cropped__eKcn7bKxkk.mp4,True,True,False
visomaster_InStyleSwapper256-A_10048,ignore,,,minimal_tier_excluded,,,InStyleSwapper256-A,MINIMAL,0.133900,trimmed_cropped_Fz7yUewFniY.mp4,True,True,False
visomaster_InStyleSwapper256-A_10049,ignore,,,not_selected_in_deterministic_random_subset,,,InStyleSwapper256-A,MODERATE,0.222600,trimmed_cropped_GkFyUg1mCeM.mp4,True,True,False
visomaster_InStyleSwapper256-A_10050,keep,visomaster hints,baseline_cropped,retain_as_weak_signal_baseline_subset,InStyleSwapper256-A|STRONG,20260417,InStyleSwapper256-A,STRONG,0.366300,trimmed_cropped_UYlA5Gzm-nk.mp4,True,True,False
visomaster_InStyleSwapper256-A_10051,keep,visomaster hints,baseline_cropped,retain_as_weak_signal_baseline_subset,InStyleSwapper256-A|MODERATE,20260417,InStyleSwapper256-A,MODERATE,0.156500,trimmed_cropped_ixAwiPk1vg0.mp4,True,True,False
visomaster_InStyleSwapper256-A_10052,ignore,,,minimal_tier_excluded,,,InStyleSwapper256-A,MINIMAL,0.132500,trimmed_cropped_NiJu8fPjHLE.mp4,True,True,False
visomaster_InStyleSwapper256-A_10053,ignore,,,not_selected_in_deterministic_random_subset,,,InStyleSwapper256-A,MODERATE,0.185100,trimmed_cropped_VZEHHJQv9A8.mp4,True,True,False
visomaster_InStyleSwapper256-A_10054,keep,visomaster hints,baseline_cropped,retain_as_weak_signal_baseline_subset,InStyleSwapper256-A|STRONG,20260417,InStyleSwapper256-A,STRONG,0.334600,trimmed_cropped_HhaWIVK6ERI.mp4,True,True,False
visomaster_InStyleSwapper256-A_10055,keep,visomaster hints,baseline_cropped,retain_as_weak_signal_baseline_subset,InStyleSwapper256-A|STRONG,20260417,InStyleSwapper256-A,STRONG,0.336300,trimmed_cropped_-zQUr2zpDyU.mp4,True,True,False
visomaster_InStyleSwapper256-A_10056,ignore,,,not_selected_in_deterministic_random_subset,,,InStyleSwapper256-A,MODERATE,0.258600,trimmed_cropped_7dHKNklE1_c.mp4,True,True,False
visomaster_InStyleSwapper256-A_10057,ignore,,,minimal_tier_excluded,,,InStyleSwapper256-A,MINIMAL,0.106900,trimmed_cropped_ZWxK9GqiJfY.mp4,True,True,False
visomaster_InStyleSwapper256-A_10058,ignore,,,minimal_tier_excluded,,,InStyleSwapper256-A,MINIMAL,0.118700,trimmed_cropped_c78GnlSHKvM.mp4,True,True,False
visomaster_InStyleSwapper256-A_10059,ignore,,,not_selected_in_deterministic_random_subset,,,InStyleSwapper256-A,MODERATE,0.165800,trimmed_cropped_LAsX1Y1iz60.mp4,True,True,False
visomaster_InStyleSwapper256-A_10060,ignore,,,not_selected_in_deterministic_random_subset,,,InStyleSwapper256-A,MODERATE,0.167000,trimmed_cropped_fTGivYvrsYQ.mp4,True,True,False
visomaster_InStyleSwapper256-A_10061,ignore,,,not_selected_in_deterministic_random_subset,,,InStyleSwapper256-A,MODERATE,0.203800,trimmed_cropped_9onOBDU8uGM.mp4,True,True,False
visomaster_InStyleSwapper256-A_10062,ignore,,,not_selected_in_deterministic_random_subset,,,InStyleSwapper256-A,MODERATE,0.273900,trimmed_cropped_q5iH8gPJfpk.mp4,True,True,False
visomaster_InStyleSwapper256-A_10063,keep,visomaster hints,baseline_cropped,retain_as_weak_signal_baseline_subset,InStyleSwapper256-A|MODERATE,20260417,InStyleSwapper256-A,MODERATE,0.221200,trimmed_cropped_aK99-xV5oXw.mp4,True,True,False
visomaster_InStyleSwapper256-A_10064,ignore,,,not_selected_in_deterministic_random_subset,,,InStyleSwapper256-A,MODERATE,0.160100,trimmed_cropped_q2B12dxIa7Q.mp4,True,True,False
visomaster_InStyleSwapper256-A_10065,keep,visomaster hints,baseline_cropped,retain_as_weak_signal_baseline_subset,InStyleSwapper256-A|MODERATE,20260417,InStyleSwapper256-A,MODERATE,0.158200,trimmed_cropped_t_5LrfAqDC4.mp4,True,True,False
visomaster_InStyleSwapper256-A_10066,keep,visomaster hints,baseline_cropped,retain_as_weak_signal_baseline_subset,InStyleSwapper256-A|MODERATE,20260417,InStyleSwapper256-A,MODERATE,0.158700,trimmed_cropped_26bfEo3OpRc.mp4,True,True,False
visomaster_InStyleSwapper256-A_10067,ignore,,,not_selected_in_deterministic_random_subset,,,InStyleSwapper256-A,MODERATE,0.205300,trimmed_cropped_YZiq5EZs4sg.mp4,True,True,False
visomaster_InStyleSwapper256-A_10068,ignore,,,not_selected_in_deterministic_random_subset,,,InStyleSwapper256-A,MODERATE,0.158400,trimmed_cropped_ed1I4bWjgpM.mp4,True,True,False
visomaster_InStyleSwapper256-A_10069,keep,visomaster hints,baseline_cropped,retain_as_weak_signal_baseline_subset,InStyleSwapper256-A|STRONG,20260417,InStyleSwapper256-A,STRONG,0.397100,trimmed_cropped_4ICdVRAObUA.mp4,True,True,False
visomaster_InStyleSwapper256-A_10070,ignore,,,minimal_tier_excluded,,,InStyleSwapper256-A,MINIMAL,0.113700,trimmed_cropped_Lfm9R5c9Tho.mp4,True,True,False
visomaster_InStyleSwapper256-A_10071,ignore,,,not_selected_in_deterministic_random_subset,,,InStyleSwapper256-A,MODERATE,0.203500,trimmed_cropped_K4abynadEdM.mp4,True,True,False
visomaster_InStyleSwapper256-A_10072,ignore,,,not_selected_in_deterministic_random_subset,,,InStyleSwapper256-A,MODERATE,0.194300,trimmed_cropped_P38Bu9aHsrM.mp4,True,True,False
visomaster_InStyleSwapper256-A_10073,ignore,,,not_selected_in_deterministic_random_subset,,,InStyleSwapper256-A,MODERATE,0.251000,trimmed_cropped_p9ltaHVQ8B4.mp4,True,True,False
visomaster_InStyleSwapper256-A_10074,ignore,,,not_selected_in_deterministic_random_subset,,,InStyleSwapper256-A,MODERATE,0.154700,trimmed_cropped_Mt9wrQEMFMc.mp4,True,True,False
visomaster_InStyleSwapper256-A_10075,ignore,,,not_selected_in_deterministic_random_subset,,,InStyleSwapper256-A,MODERATE,0.219600,trimmed_cropped_rfQTf8NA73s.mp4,True,True,False
visomaster_InStyleSwapper256-A_10076,ignore,,,minimal_tier_excluded,,,InStyleSwapper256-A,MINIMAL,0.140400,trimmed_cropped__WYwFencGEs.mp4,True,True,False
visomaster_InStyleSwapper256-A_10077,ignore,,,minimal_tier_excluded,,,InStyleSwapper256-A,MINIMAL,0.077200,trimmed_cropped_GkgxAXA3f7g.mp4,True,True,False
visomaster_InStyleSwapper256-A_10078,keep,visomaster hints,baseline_cropped,retain_as_weak_signal_baseline_subset,InStyleSwapper256-A|MODERATE,20260417,InStyleSwapper256-A,MODERATE,0.177200,trimmed_cropped_8ZP245NLIrc.mp4,True,True,False
visomaster_InStyleSwapper256-A_10079,ignore,,,minimal_tier_excluded,,,InStyleSwapper256-A,MINIMAL,0.085800,trimmed_cropped_25hS6hc6BTo.mp4,True,True,False
visomaster_InStyleSwapper256-A_10080,ignore,,,not_selected_in_deterministic_random_subset,,,InStyleSwapper256-A,MODERATE,0.270600,trimmed_cropped_m6itGA887rI.mp4,True,True,False
visomaster_InStyleSwapper256-A_10081,ignore,,,not_selected_in_deterministic_random_subset,,,InStyleSwapper256-A,MODERATE,0.299900,trimmed_cropped_xiydK3QIvdg.mp4,True,True,False
visomaster_InStyleSwapper256-A_10082,ignore,,,minimal_tier_excluded,,,InStyleSwapper256-A,MINIMAL,0.112700,trimmed_cropped_2dUAjrwd-8I.mp4,True,True,False
visomaster_InStyleSwapper256-A_10083,ignore,,,minimal_tier_excluded,,,InStyleSwapper256-A,MINIMAL,0.088500,trimmed_cropped_809AyVkGJBc.mp4,True,True,False
visomaster_InStyleSwapper256-A_10084,ignore,,,minimal_tier_excluded,,,InStyleSwapper256-A,MINIMAL,0.109300,trimmed_cropped_jIOqbxwhprw.mp4,True,True,False
visomaster_InStyleSwapper256-A_10085,ignore,,,not_selected_in_deterministic_random_subset,,,InStyleSwapper256-A,MODERATE,0.172300,trimmed_cropped_8Wq3mmYIw2I.mp4,True,True,False
visomaster_InStyleSwapper256-A_10086,ignore,,,not_selected_in_deterministic_random_subset,,,InStyleSwapper256-A,STRONG,0.352300,trimmed_cropped_13v2zc5q188.mp4,True,True,False
visomaster_InStyleSwapper256-A_10087,ignore,,,not_selected_in_deterministic_random_subset,,,InStyleSwapper256-A,MODERATE,0.221000,trimmed_cropped_n85rokXWxcs.mp4,True,True,False
visomaster_InStyleSwapper256-A_10088,ignore,,,minimal_tier_excluded,,,InStyleSwapper256-A,MINIMAL,0.101500,trimmed_cropped_ZToc84KZ33c.mp4,True,True,False
visomaster_InStyleSwapper256-A_10089,ignore,,,not_selected_in_deterministic_random_subset,,,InStyleSwapper256-A,MODERATE,0.211800,trimmed_cropped_eQm_RzsWLQ0.mp4,True,True,False
visomaster_InStyleSwapper256-A_10090,keep,visomaster hints,baseline_cropped,retain_as_weak_signal_baseline_subset,InStyleSwapper256-A|MODERATE,20260417,InStyleSwapper256-A,MODERATE,0.251700,trimmed_cropped_aiXVA-Dn-D8.mp4,True,True,False
visomaster_InStyleSwapper256-A_10091,ignore,,,minimal_tier_excluded,,,InStyleSwapper256-A,MINIMAL,0.119100,trimmed_cropped_m3tQAgg44sE.mp4,True,True,False
visomaster_InStyleSwapper256-A_10092,ignore,,,minimal_tier_excluded,,,InStyleSwapper256-A,MINIMAL,0.108900,trimmed_aaLIYjRHka8.mp4,True,True,False
visomaster_InStyleSwapper256-A_10093,keep,visomaster hints,baseline_cropped,retain_as_weak_signal_baseline_subset,InStyleSwapper256-A|STRONG,20260417,InStyleSwapper256-A,STRONG,0.312100,trimmed_cropped_rmxnkfAOtTw.mp4,True,True,False
visomaster_InStyleSwapper256-A_10094,ignore,,,not_selected_in_deterministic_random_subset,,,InStyleSwapper256-A,MODERATE,0.283400,trimmed_cropped_AC80JfVJnGI.mp4,True,True,False
visomaster_InStyleSwapper256-A_10095,ignore,,,not_selected_in_deterministic_random_subset,,,InStyleSwapper256-A,MODERATE,0.169600,trimmed_cropped_iavx4s2_Ojo.mp4,True,True,False
visomaster_InStyleSwapper256-A_10096,ignore,,,not_selected_in_deterministic_random_subset,,,InStyleSwapper256-A,MODERATE,0.154100,trimmed_cropped_P9LRRus9g3Q.mp4,True,True,False
visomaster_InStyleSwapper256-A_10097,ignore,,,minimal_tier_excluded,,,InStyleSwapper256-A,MINIMAL,0.141200,trimmed_cropped_Grjx8VSTBq0.mp4,True,True,False
visomaster_InStyleSwapper256-A_10098,keep,visomaster hints,baseline_cropped,retain_as_weak_signal_baseline_subset,InStyleSwapper256-A|STRONG,20260417,InStyleSwapper256-A,STRONG,0.383100,trimmed_cropped_2nn2nAOMYRo.mp4,True,True,False
visomaster_InStyleSwapper256-A_10099,ignore,,,not_selected_in_deterministic_random_subset,,,InStyleSwapper256-A,MODERATE,0.168900,trimmed_cropped_Nb_fhoA2Fkk.mp4,True,True,False
visomaster_InStyleSwapper256-A_10100,keep,visomaster hints,baseline_cropped,retain_as_weak_signal_baseline_subset,InStyleSwapper256-A|MODERATE,20260417,InStyleSwapper256-A,MODERATE,0.216500,trimmed_cropped_wnYtITkWAYA.mp4,True,True,False
visomaster_InStyleSwapper256-A_10101,ignore,,,not_selected_in_deterministic_random_subset,,,InStyleSwapper256-A,MODERATE,0.255700,trimmed_cropped_B-GeV07nnb4.mp4,True,True,False
visomaster_InStyleSwapper256-A_10102,ignore,,,not_selected_in_deterministic_random_subset,,,InStyleSwapper256-A,MODERATE,0.200800,trimmed_cropped_Coi0Hghj-MI.mp4,True,True,False
visomaster_InStyleSwapper256-A_10103,ignore,,,minimal_tier_excluded,,,InStyleSwapper256-A,MINIMAL,0.130000,trimmed_cropped_EmiAcYmvnQg.mp4,True,True,False
visomaster_InStyleSwapper256-A_10104,ignore,,,minimal_tier_excluded,,,InStyleSwapper256-A,MINIMAL,0.127700,trimmed_cropped_8BINsUu94-k.mp4,True,True,False
visomaster_InStyleSwapper256-A_10105,ignore,,,minimal_tier_excluded,,,InStyleSwapper256-A,MINIMAL,0.137900,trimmed_cropped_b8Cc-27P9Ts.mp4,True,True,False
visomaster_InStyleSwapper256-A_10106,keep,visomaster hints,baseline_cropped,retain_as_weak_signal_baseline_subset,InStyleSwapper256-A|MODERATE,20260417,InStyleSwapper256-A,MODERATE,0.292200,trimmed_cropped_TiE4m_O-22Q.mp4,True,True,False
visomaster_InStyleSwapper256-A_10107,keep,visomaster hints,baseline_cropped,retain_as_weak_signal_baseline_subset,InStyleSwapper256-A|MODERATE,20260417,InStyleSwapper256-A,MODERATE,0.237800,trimmed_cropped_eElacb3lDOs.mp4,True,True,False
visomaster_InStyleSwapper256-A_10108,ignore,,,not_selected_in_deterministic_random_subset,,,InStyleSwapper256-A,MODERATE,0.158400,trimmed_cropped_RC-Aq3HgDDc.mp4,True,True,False
visomaster_InStyleSwapper256-A_10109,ignore,,,not_selected_in_deterministic_random_subset,,,InStyleSwapper256-A,MODERATE,0.249600,trimmed_cropped_irmrmWBYs8Y.mp4,True,True,False
visomaster_InStyleSwapper256-A_10110,ignore,,,minimal_tier_excluded,,,InStyleSwapper256-A,MINIMAL,0.089600,trimmed_cropped_0IextHJaar4.mp4,True,True,False
visomaster_InStyleSwapper256-A_10111,ignore,,,not_selected_in_deterministic_random_subset,,,InStyleSwapper256-A,MODERATE,0.258700,trimmed_cropped_4XkHggw_J7Y.mp4,True,True,False
visomaster_InStyleSwapper256-A_10112,ignore,,,minimal_tier_excluded,,,InStyleSwapper256-A,MINIMAL,0.116000,trimmed_cropped_mbqKGf7FsCY.mp4,True,True,False
visomaster_InStyleSwapper256-A_10113,ignore,,,minimal_tier_excluded,,,InStyleSwapper256-A,MINIMAL,0.114900,trimmed_cropped_V938ALzKMJo.mp4,True,True,False
visomaster_InStyleSwapper256-A_10114,keep,visomaster hints,baseline_cropped,retain_as_weak_signal_baseline_subset,InStyleSwapper256-A|STRONG,20260417,InStyleSwapper256-A,STRONG,0.415500,trimmed_cropped_ZSPwG1udOYg.mp4,True,True,False
visomaster_InStyleSwapper256-A_10115,keep,visomaster hints,baseline_cropped,retain_as_weak_signal_baseline_subset,InStyleSwapper256-A|MODERATE,20260417,InStyleSwapper256-A,MODERATE,0.177800,trimmed_cropped_vX1rwBuCgKk.mp4,True,True,False
visomaster_InStyleSwapper256-A_10116,keep,visomaster hints,baseline_cropped,retain_as_weak_signal_baseline_subset,InStyleSwapper256-A|MODERATE,20260417,InStyleSwapper256-A,MODERATE,0.191100,trimmed_cropped_WlHqNJ1GhBo.mp4,True,True,False
visomaster_InStyleSwapper256-A_10117,keep,visomaster hints,baseline_cropped,retain_as_weak_signal_baseline_subset,InStyleSwapper256-A|MODERATE,20260417,InStyleSwapper256-A,MODERATE,0.170000,trimmed_cropped_bSMSXMZV6_E.mp4,True,True,False
visomaster_InStyleSwapper256-A_10118,keep,visomaster hints,baseline_cropped,retain_as_weak_signal_baseline_subset,InStyleSwapper256-A|STRONG,20260417,InStyleSwapper256-A,STRONG,0.357500,trimmed_cropped_gc9cIoUELyE.mp4,True,True,False
visomaster_InStyleSwapper256-A_10119,ignore,,,not_selected_in_deterministic_random_subset,,,InStyleSwapper256-A,MODERATE,0.289100,trimmed_cropped_kTyuOPNEjdo.mp4,True,True,False
visomaster_InStyleSwapper256-A_10120,ignore,,,not_selected_in_deterministic_random_subset,,,InStyleSwapper256-A,MODERATE,0.288600,trimmed_cropped_AvtWBNRF8vE.mp4,True,True,False
visomaster_InStyleSwapper256-A_10121,keep,visomaster hints,baseline_cropped,retain_as_weak_signal_baseline_subset,InStyleSwapper256-A|STRONG,20260417,InStyleSwapper256-A,STRONG,0.319500,trimmed_cropped_QmuEHwBmiHA.mp4,True,True,False
visomaster_InStyleSwapper256-A_10122,ignore,,,minimal_tier_excluded,,,InStyleSwapper256-A,MINIMAL,0.126700,trimmed_cropped_hEvqj0h6RGY.mp4,True,True,False
visomaster_InStyleSwapper256-A_10123,ignore,,,minimal_tier_excluded,,,InStyleSwapper256-A,MINIMAL,0.110100,trimmed_cropped_4VgsR9Ko89k.mp4,True,True,False
visomaster_InStyleSwapper256-A_10124,ignore,,,minimal_tier_excluded,,,InStyleSwapper256-A,MINIMAL,0.122300,trimmed_cropped_WXiZi_Z0ZLQ.mp4,True,True,False
visomaster_InStyleSwapper256-A_10125,ignore,,,minimal_tier_excluded,,,InStyleSwapper256-A,MINIMAL,0.116700,trimmed_cropped_1permCfWX_0.mp4,True,True,False
visomaster_InStyleSwapper256-A_10126,keep,visomaster hints,baseline_cropped,retain_as_weak_signal_baseline_subset,InStyleSwapper256-A|STRONG,20260417,InStyleSwapper256-A,STRONG,0.327900,trimmed_cropped_RgLZO4542Uw.mp4,True,True,False
visomaster_InStyleSwapper256-A_10127,ignore,,,minimal_tier_excluded,,,InStyleSwapper256-A,MINIMAL,0.146500,trimmed_cropped_ylS3SMfsa9g.mp4,True,True,False
visomaster_InStyleSwapper256-A_10128,ignore,,,not_selected_in_deterministic_random_subset,,,InStyleSwapper256-A,MODERATE,0.210100,trimmed_cropped_rxQ0hXbGu_4.mp4,True,True,False
visomaster_InStyleSwapper256-A_10129,ignore,,,not_selected_in_deterministic_random_subset,,,InStyleSwapper256-A,MODERATE,0.218600,trimmed_cropped_M_HcFLa0b1Q.mp4,True,True,False
visomaster_InStyleSwapper256-A_10130,ignore,,,not_selected_in_deterministic_random_subset,,,InStyleSwapper256-A,MODERATE,0.266000,trimmed_cropped_ywWkSZqyFsU.mp4,True,True,False
visomaster_InStyleSwapper256-A_10131,keep,visomaster hints,baseline_cropped,retain_as_weak_signal_baseline_subset,InStyleSwapper256-A|STRONG,20260417,InStyleSwapper256-A,STRONG,0.332200,trimmed_cropped_SpwGL8M5ogc.mp4,True,True,False
visomaster_InStyleSwapper256-A_10132,ignore,,,minimal_tier_excluded,,,InStyleSwapper256-A,MINIMAL,0.121200,trimmed_cropped_iNmvOxC4srs.mp4,True,True,False
visomaster_InStyleSwapper256-A_10133,ignore,,,not_selected_in_deterministic_random_subset,,,InStyleSwapper256-A,MODERATE,0.214300,trimmed_cropped_tLKQezaz2IA.mp4,True,True,False
visomaster_InStyleSwapper256-A_10134,ignore,,,minimal_tier_excluded,,,InStyleSwapper256-A,MINIMAL,0.099200,trimmed_cropped_cz61NUE-XMg.mp4,True,True,False
visomaster_InStyleSwapper256-A_10135,ignore,,,minimal_tier_excluded,,,InStyleSwapper256-A,MINIMAL,0.115500,trimmed_cropped_LUABvJZmpwI.mp4,True,True,False
visomaster_InStyleSwapper256-A_10136,keep,visomaster hints,baseline_cropped,retain_as_weak_signal_baseline_subset,InStyleSwapper256-A|STRONG,20260417,InStyleSwapper256-A,STRONG,0.314800,trimmed_cropped_Jqlog5bzkBU.mp4,True,True,False
visomaster_InStyleSwapper256-A_10137,ignore,,,minimal_tier_excluded,,,InStyleSwapper256-A,MINIMAL,0.098400,trimmed_cropped_PB0GlO-abvQ.mp4,True,True,False
visomaster_InStyleSwapper256-A_10138,ignore,,,minimal_tier_excluded,,,InStyleSwapper256-A,MINIMAL,0.112600,trimmed_cropped_26bfEo3OpRc.mp4,True,True,False
visomaster_InStyleSwapper256-A_10139,ignore,,,minimal_tier_excluded,,,InStyleSwapper256-A,MINIMAL,0.063500,trimmed_cropped_m4gPDTgt3zo.mp4,True,True,False
visomaster_InStyleSwapper256-A_10140,keep,visomaster hints,baseline_cropped,retain_as_weak_signal_baseline_subset,InStyleSwapper256-A|MODERATE,20260417,InStyleSwapper256-A,MODERATE,0.278600,trimmed_cropped_enurW2VPeks.mp4,True,True,False
visomaster_InStyleSwapper256-A_10141,ignore,,,minimal_tier_excluded,,,InStyleSwapper256-A,MINIMAL,0.147200,trimmed_cropped_ZR0IcqX1jFA.mp4,True,True,False
visomaster_InStyleSwapper256-A_10142,ignore,,,minimal_tier_excluded,,,InStyleSwapper256-A,MINIMAL,0.092700,trimmed_cropped_DlfmsUvUAKE.mp4,True,True,False
visomaster_InStyleSwapper256-A_10143,ignore,,,not_selected_in_deterministic_random_subset,,,InStyleSwapper256-A,MODERATE,0.191200,trimmed_cropped_nigkJaAQFDk.mp4,True,True,False
visomaster_InStyleSwapper256-A_10144,ignore,,,not_selected_in_deterministic_random_subset,,,InStyleSwapper256-A,MODERATE,0.157300,trimmed_cropped_CIZDFRgJnHo.mp4,True,True,False
visomaster_InStyleSwapper256-A_10145,keep,visomaster hints,baseline_cropped,retain_as_weak_signal_baseline_subset,InStyleSwapper256-A|STRONG,20260417,InStyleSwapper256-A,STRONG,0.344900,trimmed_cropped_ZaFwHP9D2AM.mp4,True,True,False
visomaster_InStyleSwapper256-A_10146,ignore,,,not_selected_in_deterministic_random_subset,,,InStyleSwapper256-A,MODERATE,0.151700,trimmed_cropped_GmDsE0MhGGc.mp4,True,True,False
visomaster_InStyleSwapper256-A_10147,ignore,,,minimal_tier_excluded,,,InStyleSwapper256-A,MINIMAL,0.103100,trimmed_cropped_Q96sRpbKzEs.mp4,True,True,False
visomaster_InStyleSwapper256-A_10148,keep,visomaster hints,baseline_cropped,retain_as_weak_signal_baseline_subset,InStyleSwapper256-A|MODERATE,20260417,InStyleSwapper256-A,MODERATE,0.177200,trimmed_cropped_UKfEzh5cgMY.mp4,True,True,False
visomaster_InStyleSwapper256-A_10149,ignore,,,minimal_tier_excluded,,,InStyleSwapper256-A,MINIMAL,0.139700,trimmed_cropped_ZclDX-VAUak.mp4,True,True,False
visomaster_InStyleSwapper256-A_10150,ignore,,,minimal_tier_excluded,,,InStyleSwapper256-A,MINIMAL,0.142500,trimmed_cropped_bPY6c_1hoNY.mp4,True,True,False
visomaster_InStyleSwapper256-A_10151,keep,visomaster hints,baseline_cropped,retain_as_weak_signal_baseline_subset,InStyleSwapper256-A|MODERATE,20260417,InStyleSwapper256-A,MODERATE,0.169000,trimmed_cropped_0S4cMnIRXjo.mp4,True,True,False
visomaster_InStyleSwapper256-A_10152,ignore,,,minimal_tier_excluded,,,InStyleSwapper256-A,MINIMAL,0.103100,trimmed_cropped_UvK7RHsWTH8.mp4,True,True,False
visomaster_InStyleSwapper256-A_10153,keep,visomaster hints,baseline_cropped,retain_as_weak_signal_baseline_subset,InStyleSwapper256-A|STRONG,20260417,InStyleSwapper256-A,STRONG,0.326400,trimmed_cropped_khTjnJ1aRn4.mp4,True,True,False
visomaster_InStyleSwapper256-A_10154,ignore,,,not_selected_in_deterministic_random_subset,,,InStyleSwapper256-A,MODERATE,0.160500,trimmed_cropped_JrzqpNuY8rc.mp4,True,True,False
visomaster_InStyleSwapper256-A_10155,ignore,,,minimal_tier_excluded,,,InStyleSwapper256-A,MINIMAL,0.118400,trimmed_cropped_8XDRoglubcI.mp4,True,True,False
visomaster_InStyleSwapper256-A_10156,ignore,,,not_selected_in_deterministic_random_subset,,,InStyleSwapper256-A,MODERATE,0.215000,trimmed_cropped_WEk2v1GQyG8.mp4,True,True,False
visomaster_InStyleSwapper256-A_10157,ignore,,,minimal_tier_excluded,,,InStyleSwapper256-A,MINIMAL,0.091000,trimmed_cropped_2IdETpNGBlo.mp4,True,True,False
visomaster_InStyleSwapper256-A_10158,ignore,,,minimal_tier_excluded,,,InStyleSwapper256-A,MINIMAL,0.132600,trimmed_cropped_VcnIDx616aE.mp4,True,True,False
visomaster_InStyleSwapper256-A_10159,ignore,,,not_selected_in_deterministic_random_subset,,,InStyleSwapper256-A,MODERATE,0.248700,trimmed_cropped_-9rGb7muhTI.mp4,True,True,False
visomaster_InStyleSwapper256-A_10160,ignore,,,minimal_tier_excluded,,,InStyleSwapper256-A,MINIMAL,0.077800,trimmed_cropped_mVy02_BEweg.mp4,True,True,False
visomaster_InStyleSwapper256-A_10161,ignore,,,minimal_tier_excluded,,,InStyleSwapper256-A,MINIMAL,0.128900,trimmed_cropped_hsUMOen23Wc.mp4,True,True,False
visomaster_InStyleSwapper256-A_10162,ignore,,,minimal_tier_excluded,,,InStyleSwapper256-A,MINIMAL,0.123000,trimmed_cropped_9FyZ7cl75yQ.mp4,True,True,False
visomaster_InStyleSwapper256-A_10163,ignore,,,minimal_tier_excluded,,,InStyleSwapper256-A,MINIMAL,0.120500,trimmed_cropped_zH83OY8tQWQ.mp4,True,True,False
visomaster_InStyleSwapper256-A_10164,ignore,,,minimal_tier_excluded,,,InStyleSwapper256-A,MINIMAL,0.131000,trimmed_cropped_XYj0f9xgwMM.mp4,True,True,False
visomaster_InStyleSwapper256-A_10165,ignore,,,minimal_tier_excluded,,,InStyleSwapper256-A,MINIMAL,0.134000,trimmed_cropped_w7AKi_TgrrA.mp4,True,True,False
visomaster_InStyleSwapper256-A_10166,ignore,,,minimal_tier_excluded,,,InStyleSwapper256-A,MINIMAL,0.098000,trimmed_cropped_gl4QE96Lx_U.mp4,True,True,False
visomaster_InStyleSwapper256-A_10167,ignore,,,minimal_tier_excluded,,,InStyleSwapper256-A,MINIMAL,0.133300,trimmed_cropped_a7E3D230Bss.mp4,True,True,False
visomaster_InStyleSwapper256-A_10168,ignore,,,minimal_tier_excluded,,,InStyleSwapper256-A,MINIMAL,0.107600,trimmed_cropped_vM-wc4G5k8s.mp4,True,True,False
visomaster_InStyleSwapper256-A_10169,ignore,,,minimal_tier_excluded,,,InStyleSwapper256-A,MINIMAL,0.103300,trimmed_cropped_fzK4kLOrdkM.mp4,True,True,False
visomaster_InStyleSwapper256-A_10170,keep,visomaster hints,baseline_cropped,retain_as_weak_signal_baseline_subset,InStyleSwapper256-A|MODERATE,20260417,InStyleSwapper256-A,MODERATE,0.297400,trimmed_cropped_VDiBpGPVdS0.mp4,True,True,False
visomaster_InStyleSwapper256-A_10171,ignore,,,not_selected_in_deterministic_random_subset,,,InStyleSwapper256-A,MODERATE,0.277600,trimmed_cropped_pUrxA2UPODo.mp4,True,True,False
visomaster_InStyleSwapper256-A_10172,ignore,,,minimal_tier_excluded,,,InStyleSwapper256-A,MINIMAL,0.123100,trimmed_cropped_cdGbiLuzEVI.mp4,True,True,False
visomaster_InStyleSwapper256-A_10173,ignore,,,minimal_tier_excluded,,,InStyleSwapper256-A,MINIMAL,0.128300,trimmed_cropped_3465QbFfM3w.mp4,True,True,False
visomaster_InStyleSwapper256-A_10174,keep,visomaster hints,baseline_cropped,retain_as_weak_signal_baseline_subset,InStyleSwapper256-A|MODERATE,20260417,InStyleSwapper256-A,MODERATE,0.161500,trimmed_cropped_TrnPZnRCL8w.mp4,True,True,False
visomaster_InStyleSwapper256-A_10175,ignore,,,minimal_tier_excluded,,,InStyleSwapper256-A,MINIMAL,0.118000,trimmed_cropped_B-GeV07nnb4.mp4,True,True,False
visomaster_InStyleSwapper256-A_10176,ignore,,,not_selected_in_deterministic_random_subset,,,InStyleSwapper256-A,MODERATE,0.216900,trimmed_cropped_Q2b9ZSDu9fI.mp4,True,True,False
visomaster_InStyleSwapper256-A_10177,ignore,,,not_selected_in_deterministic_random_subset,,,InStyleSwapper256-A,MODERATE,0.156900,trimmed_cropped_0PCZq_eQOeQ.mp4,True,True,False
visomaster_InStyleSwapper256-A_10178,ignore,,,not_selected_in_deterministic_random_subset,,,InStyleSwapper256-A,MODERATE,0.250700,trimmed_cropped_xA10NnUnqDA.mp4,True,True,False
visomaster_InStyleSwapper256-A_10179,ignore,,,not_selected_in_deterministic_random_subset,,,InStyleSwapper256-A,MODERATE,0.225200,trimmed_cropped_qh3yIfNhbBs.mp4,True,True,False
visomaster_InStyleSwapper256-A_10180,ignore,,,minimal_tier_excluded,,,InStyleSwapper256-A,MINIMAL,0.125300,trimmed_cropped_Od-jVetxESs.mp4,True,True,False
visomaster_InStyleSwapper256-A_10181,ignore,,,not_selected_in_deterministic_random_subset,,,InStyleSwapper256-A,MODERATE,0.272800,trimmed_cropped_9139YOZLSys.mp4,True,True,False
visomaster_InStyleSwapper256-A_10182,ignore,,,not_selected_in_deterministic_random_subset,,,InStyleSwapper256-A,MODERATE,0.163600,trimmed_cropped_wnYtITkWAYA.mp4,True,True,False
visomaster_InStyleSwapper256-A_10183,ignore,,,not_selected_in_deterministic_random_subset,,,InStyleSwapper256-A,MODERATE,0.228800,trimmed_cropped_ROPPU5A3IFw.mp4,True,True,False
visomaster_InStyleSwapper256-A_10184,ignore,,,minimal_tier_excluded,,,InStyleSwapper256-A,MINIMAL,0.146900,trimmed_cropped_yNVYaZdqdRI.mp4,True,True,False
visomaster_InStyleSwapper256-A_10185,ignore,,,minimal_tier_excluded,,,InStyleSwapper256-A,MINIMAL,0.148000,trimmed_cropped_jvDKqiZ2_xM.mp4,True,True,False
visomaster_InStyleSwapper256-A_10186,ignore,,,not_selected_in_deterministic_random_subset,,,InStyleSwapper256-A,MODERATE,0.201700,trimmed_cropped_fExAt688_j8.mp4,True,True,False
visomaster_InStyleSwapper256-A_10187,ignore,,,not_selected_in_deterministic_random_subset,,,InStyleSwapper256-A,MODERATE,0.260900,trimmed_cropped_3O8T27MMA9Y.mp4,True,True,False
visomaster_InStyleSwapper256-A_10188,ignore,,,not_selected_in_deterministic_random_subset,,,InStyleSwapper256-A,MODERATE,0.214700,trimmed_cropped_FHiN0OPr-5g.mp4,True,True,False
visomaster_InStyleSwapper256-A_10189,ignore,,,minimal_tier_excluded,,,InStyleSwapper256-A,MINIMAL,0.031000,trimmed_cropped_JkmY20onHmg.mp4,True,True,False
visomaster_InStyleSwapper256-A_10190,ignore,,,not_selected_in_deterministic_random_subset,,,InStyleSwapper256-A,MODERATE,0.185900,trimmed_cropped_BSdFdJGCv-4.mp4,True,True,False
visomaster_InStyleSwapper256-A_10191,ignore,,,minimal_tier_excluded,,,InStyleSwapper256-A,MINIMAL,0.093100,trimmed_cropped_eGnAnNzmnkg.mp4,True,True,False
visomaster_InStyleSwapper256-A_10192,keep,visomaster hints,baseline_cropped,retain_as_weak_signal_baseline_subset,InStyleSwapper256-A|MODERATE,20260417,InStyleSwapper256-A,MODERATE,0.225400,trimmed_cropped_bZEkczyl7NI.mp4,True,True,False
visomaster_InStyleSwapper256-A_10193,ignore,,,not_selected_in_deterministic_random_subset,,,InStyleSwapper256-A,MODERATE,0.183000,trimmed_cropped_jflyjt6gXNY.mp4,True,True,False
visomaster_InStyleSwapper256-A_10194,ignore,,,minimal_tier_excluded,,,InStyleSwapper256-A,MINIMAL,0.128200,trimmed_cropped_Gh61DBg47aU.mp4,True,True,False
visomaster_InStyleSwapper256-A_10195,ignore,,,minimal_tier_excluded,,,InStyleSwapper256-A,MINIMAL,0.107400,trimmed_cropped_TfbEwfYjKl4.mp4,True,True,False
visomaster_InStyleSwapper256-A_10196,ignore,,,not_selected_in_deterministic_random_subset,,,InStyleSwapper256-A,MODERATE,0.167900,trimmed_cropped_QP0K6lz9E_Y.mp4,True,True,False
visomaster_InStyleSwapper256-A_10197,keep,visomaster hints,baseline_cropped,retain_as_weak_signal_baseline_subset,InStyleSwapper256-A|MODERATE,20260417,InStyleSwapper256-A,MODERATE,0.162800,trimmed_cropped_KRIyMJwX37w.mp4,True,True,False
visomaster_InStyleSwapper256-A_10198,ignore,,,minimal_tier_excluded,,,InStyleSwapper256-A,MINIMAL,0.109000,trimmed_cropped_EssOiXP13cc.mp4,True,True,False
visomaster_InStyleSwapper256-A_10199,ignore,,,not_selected_in_deterministic_random_subset,,,InStyleSwapper256-A,MODERATE,0.176900,trimmed_cropped_eAiZVjksz1k.mp4,True,True,False
visomaster_InStyleSwapper256-A_10200,keep,visomaster hints,baseline_cropped,retain_as_weak_signal_baseline_subset,InStyleSwapper256-A|STRONG,20260417,InStyleSwapper256-A,STRONG,0.328500,trimmed_cropped_AEBJDDrY0iw.mp4,True,True,False
visomaster_InStyleSwapper256-A_10201,ignore,,,not_selected_in_deterministic_random_subset,,,InStyleSwapper256-A,MODERATE,0.256000,trimmed_cropped_VAUCavMFswY.mp4,True,True,False
visomaster_InStyleSwapper256-A_10202,ignore,,,minimal_tier_excluded,,,InStyleSwapper256-A,MINIMAL,0.012200,trimmed_cropped_qAPIbZH6fjg.mp4,True,True,False
visomaster_InStyleSwapper256-A_10203,ignore,,,minimal_tier_excluded,,,InStyleSwapper256-A,MINIMAL,0.016800,trimmed_cropped_rxQ0hXbGu_4.mp4,True,True,False
visomaster_InStyleSwapper256-A_10204,ignore,,,minimal_tier_excluded,,,InStyleSwapper256-A,MINIMAL,0.019300,trimmed_cropped_Xcd2baTMuM0.mp4,True,True,False
visomaster_InStyleSwapper256-A_10205,ignore,,,minimal_tier_excluded,,,InStyleSwapper256-A,MINIMAL,0.011300,trimmed_cropped_hVjLYxSOuBM.mp4,True,True,False
visomaster_InStyleSwapper256-A_10206,ignore,,,minimal_tier_excluded,,,InStyleSwapper256-A,MINIMAL,0.016700,trimmed_Vot504zylt0.mp4,True,True,False
visomaster_InStyleSwapper256-A_10207,ignore,,,minimal_tier_excluded,,,InStyleSwapper256-A,MINIMAL,0.016000,trimmed_cropped_r0eTaB2k2O4.mp4,True,True,False
visomaster_InStyleSwapper256-A_10208,ignore,,,minimal_tier_excluded,,,InStyleSwapper256-A,MINIMAL,0.019600,trimmed_cropped_z-ZnLtFgGwY.mp4,True,True,False
visomaster_InStyleSwapper256-A_10209,ignore,,,minimal_tier_excluded,,,InStyleSwapper256-A,MINIMAL,0.013100,trimmed_cropped_VV7TfGiCEnI.mp4,True,True,False
visomaster_InStyleSwapper256-A_10210,ignore,,,minimal_tier_excluded,,,InStyleSwapper256-A,MINIMAL,0.010400,trimmed_cropped_XBqN8p0p69U.mp4,True,True,False
visomaster_InStyleSwapper256-A_10211,ignore,,,minimal_tier_excluded,,,InStyleSwapper256-A,MINIMAL,0.020300,trimmed_cropped_BRpaSF6EU-I.mp4,True,True,False
visomaster_InStyleSwapper256-A_10212,ignore,,,minimal_tier_excluded,,,InStyleSwapper256-A,MINIMAL,0.019900,trimmed_cropped_swKWktU37CE.mp4,True,True,False
visomaster_InStyleSwapper256-A_10213,ignore,,,minimal_tier_excluded,,,InStyleSwapper256-A,MINIMAL,0.017200,trimmed_cropped_PNrrSgT8rxc.mp4,True,True,False
visomaster_InStyleSwapper256-A_10214,ignore,,,minimal_tier_excluded,,,InStyleSwapper256-A,MINIMAL,0.048500,trimmed_cropped_QgcwZ3NX9Z8.mp4,True,True,False
visomaster_InStyleSwapper256-A_10215,ignore,,,minimal_tier_excluded,,,InStyleSwapper256-A,MINIMAL,0.016400,trimmed_cropped_PwT4U0ENPGg.mp4,True,True,False
visomaster_InStyleSwapper256-A_10216,ignore,,,minimal_tier_excluded,,,InStyleSwapper256-A,MINIMAL,0.014200,trimmed_cropped_szui77GbOCY.mp4,True,True,False
visomaster_InStyleSwapper256-A_10217,ignore,,,minimal_tier_excluded,,,InStyleSwapper256-A,MINIMAL,0.032300,trimmed_cropped_qDYuLSt80Hw.mp4,True,True,False
visomaster_InStyleSwapper256-A_10218,ignore,,,minimal_tier_excluded,,,InStyleSwapper256-A,MINIMAL,0.015600,trimmed_cropped_0aNpEEjQaGM.mp4,True,True,False
visomaster_InStyleSwapper256-A_10219,ignore,,,minimal_tier_excluded,,,InStyleSwapper256-A,MINIMAL,0.030500,trimmed_cropped_RK56XSKnYM8.mp4,True,True,False
visomaster_InStyleSwapper256-A_10220,ignore,,,minimal_tier_excluded,,,InStyleSwapper256-A,MINIMAL,0.024000,trimmed_cropped_RN_k5CNA5_A.mp4,True,True,False
visomaster_InStyleSwapper256-A_10221,ignore,,,minimal_tier_excluded,,,InStyleSwapper256-A,MINIMAL,0.020900,trimmed_cropped_NkbrXm6O1L4.mp4,True,True,False
visomaster_InStyleSwapper256-A_10222,ignore,,,minimal_tier_excluded,,,InStyleSwapper256-A,MINIMAL,0.011300,trimmed_cropped_8ztTb2MmEc8.mp4,True,True,False
visomaster_InStyleSwapper256-A_10223,ignore,,,minimal_tier_excluded,,,InStyleSwapper256-A,MINIMAL,0.007800,trimmed_cropped_OImZ40W4Gn4.mp4,True,True,False
visomaster_InStyleSwapper256-A_10224,ignore,,,minimal_tier_excluded,,,InStyleSwapper256-A,MINIMAL,0.015900,trimmed_cropped_k_CUVqOWaR4.mp4,True,True,False
visomaster_InStyleSwapper256-A_10225,ignore,,,minimal_tier_excluded,,,InStyleSwapper256-A,MINIMAL,0.020900,trimmed_cropped_OgtozIP14Rg.mp4,True,True,False
visomaster_InStyleSwapper256-A_10226,ignore,,,minimal_tier_excluded,,,InStyleSwapper256-A,MINIMAL,0.011400,trimmed_cropped_b2IYNZu6SpY.mp4,True,True,False
visomaster_InStyleSwapper256-A_10227,ignore,,,minimal_tier_excluded,,,InStyleSwapper256-A,MINIMAL,0.016200,trimmed_cropped_Xzi3fQlORW0.mp4,True,True,False
visomaster_InStyleSwapper256-A_10228,ignore,,,minimal_tier_excluded,,,InStyleSwapper256-A,MINIMAL,0.023000,trimmed_cropped_xUVNSOEftqI.mp4,True,True,False
visomaster_InStyleSwapper256-A_10229,ignore,,,minimal_tier_excluded,,,InStyleSwapper256-A,MINIMAL,0.019900,trimmed_cropped_GP9p-xdK4Dk.mp4,True,True,False
visomaster_InStyleSwapper256-A_10230,ignore,,,minimal_tier_excluded,,,InStyleSwapper256-A,MINIMAL,0.010000,trimmed_cropped_TeyJDLCcJbU.mp4,True,True,False
visomaster_InStyleSwapper256-A_10231,ignore,,,minimal_tier_excluded,,,InStyleSwapper256-A,MINIMAL,0.016000,trimmed_cropped_Od-jVetxESs.mp4,True,True,False
visomaster_InStyleSwapper256-A_10232,ignore,,,minimal_tier_excluded,,,InStyleSwapper256-A,MINIMAL,0.034400,trimmed_cropped_VRWzJ1kA3ak.mp4,True,True,False
visomaster_InStyleSwapper256-A_10233,ignore,,,minimal_tier_excluded,,,InStyleSwapper256-A,MINIMAL,0.010300,trimmed_cropped_7V8orO_Slzs.mp4,True,True,False
visomaster_InStyleSwapper256-A_10234,ignore,,,minimal_tier_excluded,,,InStyleSwapper256-A,MINIMAL,0.012200,trimmed_cropped_cPOea3SjGpw.mp4,True,True,False
visomaster_InStyleSwapper256-A_10235,ignore,,,minimal_tier_excluded,,,InStyleSwapper256-A,MINIMAL,0.015500,trimmed_cropped_ImmzOmjlhKQ.mp4,True,True,False
visomaster_InStyleSwapper256-A_10236,ignore,,,minimal_tier_excluded,,,InStyleSwapper256-A,MINIMAL,0.021700,trimmed_cropped_kTyuOPNEjdo.mp4,True,True,False
visomaster_InStyleSwapper256-A_10237,ignore,,,minimal_tier_excluded,,,InStyleSwapper256-A,MINIMAL,0.008600,trimmed_cropped_qYTrfHGX7io.mp4,True,True,False
visomaster_InStyleSwapper256-A_10238,ignore,,,minimal_tier_excluded,,,InStyleSwapper256-A,MINIMAL,0.011800,trimmed_cropped_ietyWtvcEFo.mp4,True,True,False
visomaster_InStyleSwapper256-A_10239,ignore,,,minimal_tier_excluded,,,InStyleSwapper256-A,MINIMAL,0.023800,trimmed_cropped_ItmDR9tTEAc.mp4,True,True,False
visomaster_InStyleSwapper256-A_10240,ignore,,,minimal_tier_excluded,,,InStyleSwapper256-A,MINIMAL,0.010700,trimmed_cropped_5zmNArtlnbE.mp4,True,True,False
visomaster_InStyleSwapper256-A_10241,ignore,,,minimal_tier_excluded,,,InStyleSwapper256-A,MINIMAL,0.010200,trimmed_cropped_Tu1UVHzg6eY.mp4,True,True,False
visomaster_InStyleSwapper256-A_10242,ignore,,,minimal_tier_excluded,,,InStyleSwapper256-A,MINIMAL,0.009600,trimmed_cropped_IDVNRtqk8rU.mp4,True,True,False
visomaster_InStyleSwapper256-A_10243,ignore,,,minimal_tier_excluded,,,InStyleSwapper256-A,MINIMAL,0.017700,trimmed_cropped_5DHrSigQVyw.mp4,True,True,False
visomaster_InStyleSwapper256-A_10244,ignore,,,minimal_tier_excluded,,,InStyleSwapper256-A,MINIMAL,0.013000,trimmed_cropped_kLDW4U1ApVs.mp4,True,True,False
visomaster_InStyleSwapper256-A_10245,ignore,,,minimal_tier_excluded,,,InStyleSwapper256-A,MINIMAL,0.010400,trimmed_cropped_RH2gCVgqfSU.mp4,True,True,False
visomaster_InStyleSwapper256-A_10246,ignore,,,minimal_tier_excluded,,,InStyleSwapper256-A,MINIMAL,0.018700,trimmed_cropped_EIJLJ1Yy9IY.mp4,True,True,False
visomaster_InStyleSwapper256-A_10247,ignore,,,minimal_tier_excluded,,,InStyleSwapper256-A,MINIMAL,0.016000,trimmed_cropped_wrEUw0H7G_w.mp4,True,True,False
visomaster_InStyleSwapper256-A_10248,ignore,,,minimal_tier_excluded,,,InStyleSwapper256-A,MINIMAL,0.019600,trimmed_cropped_JauV5k-pE2k.mp4,True,True,False
visomaster_InStyleSwapper256-A_10249,ignore,,,minimal_tier_excluded,,,InStyleSwapper256-A,MINIMAL,0.014600,trimmed_cropped_zFS7oN0uVLI.mp4,True,True,False
visomaster_InStyleSwapper256-A_10250,ignore,,,minimal_tier_excluded,,,InStyleSwapper256-A,MINIMAL,0.024700,trimmed_cropped_NXFTbj_Whoc.mp4,True,True,False
visomaster_InStyleSwapper256-A_10251,ignore,,,minimal_tier_excluded,,,InStyleSwapper256-A,MINIMAL,0.029900,trimmed_cropped_rTvU58RRWl0.mp4,True,True,False
visomaster_InStyleSwapper256-A_10252,ignore,,,minimal_tier_excluded,,,InStyleSwapper256-A,MINIMAL,0.013800,trimmed_cropped_p6B9c1iYWNs.mp4,True,True,False
visomaster_InStyleSwapper256-A_10253,ignore,,,minimal_tier_excluded,,,InStyleSwapper256-A,MINIMAL,0.015300,trimmed_cropped_zLpGLJv4Zd8.mp4,True,True,False
visomaster_InStyleSwapper256-A_10254,ignore,,,minimal_tier_excluded,,,InStyleSwapper256-A,MINIMAL,0.017700,trimmed_cropped_hliFGESqbA4.mp4,True,True,False
visomaster_InStyleSwapper256-A_10255,ignore,,,minimal_tier_excluded,,,InStyleSwapper256-A,MINIMAL,0.036800,trimmed_cropped_VQ41tLyR1pk.mp4,True,True,False
visomaster_InStyleSwapper256-A_10256,ignore,,,minimal_tier_excluded,,,InStyleSwapper256-A,MINIMAL,0.016800,trimmed_cropped_dtgHRFtw5ds.mp4,True,True,False
visomaster_InStyleSwapper256-A_10257,ignore,,,minimal_tier_excluded,,,InStyleSwapper256-A,MINIMAL,0.013400,trimmed_cropped_IOafzU2u-ZI.mp4,True,True,False
visomaster_InStyleSwapper256-A_10258,ignore,,,minimal_tier_excluded,,,InStyleSwapper256-A,MINIMAL,0.020800,trimmed_cropped_Muxovq8uwpI.mp4,True,True,False
visomaster_InStyleSwapper256-A_10259,ignore,,,minimal_tier_excluded,,,InStyleSwapper256-A,MINIMAL,0.018300,trimmed_cropped_BbH5UR1-4FI.mp4,True,True,False
visomaster_InStyleSwapper256-A_10260,ignore,,,minimal_tier_excluded,,,InStyleSwapper256-A,MINIMAL,0.019500,trimmed_cropped_h4-LpnLcEME.mp4,True,True,False
visomaster_InStyleSwapper256-A_10261,ignore,,,minimal_tier_excluded,,,InStyleSwapper256-A,MINIMAL,0.014200,trimmed_cropped_k6zUQqGuiFc.mp4,True,True,False
visomaster_InStyleSwapper256-A_10262,ignore,,,minimal_tier_excluded,,,InStyleSwapper256-A,MINIMAL,0.030500,trimmed_cropped_hhWLhx5gpRQ.mp4,True,True,False
visomaster_InStyleSwapper256-A_10263,ignore,,,minimal_tier_excluded,,,InStyleSwapper256-A,MINIMAL,0.011100,trimmed_cropped_SLoTBF1qS_U.mp4,True,True,False
visomaster_InStyleSwapper256-A_10264,ignore,,,minimal_tier_excluded,,,InStyleSwapper256-A,MINIMAL,0.010500,trimmed_cropped_a9z8NVpf3HQ.mp4,True,True,False
visomaster_InStyleSwapper256-A_10265,ignore,,,minimal_tier_excluded,,,InStyleSwapper256-A,MINIMAL,0.014900,trimmed_cropped_EMGWiPTuw_E.mp4,True,True,False
visomaster_InStyleSwapper256-A_10266,ignore,,,minimal_tier_excluded,,,InStyleSwapper256-A,MINIMAL,0.021300,trimmed_cropped_x2yV3M7DeYI.mp4,True,True,False
visomaster_InStyleSwapper256-A_10267,ignore,,,minimal_tier_excluded,,,InStyleSwapper256-A,MINIMAL,0.027100,trimmed_cropped_namEOFBoeUY.mp4,True,True,False
visomaster_InStyleSwapper256-A_10268,ignore,,,minimal_tier_excluded,,,InStyleSwapper256-A,MINIMAL,0.015900,trimmed_cropped_WxDiNbSZUm0.mp4,True,True,False
visomaster_InStyleSwapper256-A_10269,ignore,,,minimal_tier_excluded,,,InStyleSwapper256-A,MINIMAL,0.014000,trimmed_cropped_jgbm0lqSsRQ.mp4,True,True,False
visomaster_InStyleSwapper256-A_10270,ignore,,,minimal_tier_excluded,,,InStyleSwapper256-A,MINIMAL,0.013100,trimmed_cropped_TyIW-2MrcXk.mp4,True,True,False
visomaster_InStyleSwapper256-A_10271,ignore,,,minimal_tier_excluded,,,InStyleSwapper256-A,MINIMAL,0.011600,trimmed_cropped_b_UGXbH6L2A.mp4,True,True,False
visomaster_InStyleSwapper256-A_10272,ignore,,,minimal_tier_excluded,,,InStyleSwapper256-A,MINIMAL,0.010900,trimmed_cropped_lYX-KRmyUX4.mp4,True,True,False
visomaster_InStyleSwapper256-A_10273,keep,visomaster hints,baseline_cropped,retain_as_weak_signal_baseline_subset,InStyleSwapper256-A|STRONG,20260417,InStyleSwapper256-A,STRONG,0.517600,trimmed_cropped_KdfpiRiG9W8.mp4,True,True,False
visomaster_InStyleSwapper256-A_10274,ignore,,,minimal_tier_excluded,,,InStyleSwapper256-A,MINIMAL,0.019200,trimmed_cropped_dHqUm4M6KIY.mp4,True,True,False
visomaster_InStyleSwapper256-A_10275,ignore,,,minimal_tier_excluded,,,InStyleSwapper256-A,MINIMAL,0.012100,trimmed_cropped_asWraTfIqq0.mp4,True,True,False
visomaster_InStyleSwapper256-A_10276,ignore,,,minimal_tier_excluded,,,InStyleSwapper256-A,MINIMAL,0.010800,trimmed_cropped_EEX44D4UrnA.mp4,True,True,False
visomaster_InStyleSwapper256-A_10277,ignore,,,minimal_tier_excluded,,,InStyleSwapper256-A,MINIMAL,0.041400,trimmed_cropped_jkVRqOQMDZ4.mp4,True,True,False
visomaster_InStyleSwapper256-A_10278,ignore,,,minimal_tier_excluded,,,InStyleSwapper256-A,MINIMAL,0.023600,trimmed_cropped_TejzyeDdXDo.mp4,True,True,False
visomaster_InStyleSwapper256-A_10279,ignore,,,minimal_tier_excluded,,,InStyleSwapper256-A,MINIMAL,0.016500,trimmed_cropped_OUoINHcKCkw.mp4,True,True,False
visomaster_InStyleSwapper256-A_10280,ignore,,,minimal_tier_excluded,,,InStyleSwapper256-A,MINIMAL,0.012700,trimmed_cropped_DlIuSpaUGzs.mp4,True,True,False
visomaster_InStyleSwapper256-A_10281,ignore,,,minimal_tier_excluded,,,InStyleSwapper256-A,MINIMAL,0.012200,trimmed_cropped_M8TXfHrXrJs.mp4,True,True,False
visomaster_InStyleSwapper256-A_10282,ignore,,,minimal_tier_excluded,,,InStyleSwapper256-A,MINIMAL,0.011600,trimmed_cropped_DJkX04TS5_A.mp4,True,True,False
visomaster_InStyleSwapper256-A_10283,ignore,,,minimal_tier_excluded,,,InStyleSwapper256-A,MINIMAL,0.009000,trimmed_cropped_Y12uycZ-yys.mp4,True,True,False
visomaster_InStyleSwapper256-A_10284,ignore,,,minimal_tier_excluded,,,InStyleSwapper256-A,MINIMAL,0.018600,trimmed_cropped_s7yVS4DN-I8.mp4,True,True,False
visomaster_InStyleSwapper256-A_10285,ignore,,,minimal_tier_excluded,,,InStyleSwapper256-A,MINIMAL,0.020800,trimmed_cropped_K-QERTwJvIY.mp4,True,True,False
visomaster_InStyleSwapper256-A_10286,ignore,,,minimal_tier_excluded,,,InStyleSwapper256-A,MINIMAL,0.011800,trimmed_cropped_XnnJw3Hy51o.mp4,True,True,False
visomaster_InStyleSwapper256-A_10287,ignore,,,minimal_tier_excluded,,,InStyleSwapper256-A,MINIMAL,0.017500,trimmed_cropped_hvfs4jIYHrI.mp4,True,True,False
visomaster_InStyleSwapper256-A_10288,ignore,,,minimal_tier_excluded,,,InStyleSwapper256-A,MINIMAL,0.018300,trimmed_cropped_SkfYQlKgXeM.mp4,True,True,False
visomaster_InStyleSwapper256-A_10289,ignore,,,minimal_tier_excluded,,,InStyleSwapper256-A,MINIMAL,0.014500,trimmed_cropped_Lrby3dGlFdM.mp4,True,True,False
visomaster_InStyleSwapper256-A_10290,ignore,,,minimal_tier_excluded,,,InStyleSwapper256-A,MINIMAL,0.018900,trimmed_cropped_qPUS82_yuM8.mp4,True,True,False
visomaster_InStyleSwapper256-A_10291,ignore,,,minimal_tier_excluded,,,InStyleSwapper256-A,MINIMAL,0.012600,trimmed_cropped_tCe8peiRN-M.mp4,True,True,False
visomaster_InStyleSwapper256-A_10292,ignore,,,minimal_tier_excluded,,,InStyleSwapper256-A,MINIMAL,0.017100,trimmed_cropped_T8opucP3PRo.mp4,True,True,False
visomaster_InStyleSwapper256-A_10293,ignore,,,minimal_tier_excluded,,,InStyleSwapper256-A,MINIMAL,0.006700,trimmed_cropped_aGg5MFkqZq8.mp4,True,True,False
visomaster_InStyleSwapper256-A_10294,ignore,,,minimal_tier_excluded,,,InStyleSwapper256-A,MINIMAL,0.008800,trimmed_cropped_8KZ8-KCRpTU.mp4,True,True,False
visomaster_InStyleSwapper256-A_10295,ignore,,,minimal_tier_excluded,,,InStyleSwapper256-A,MINIMAL,0.046100,trimmed_cropped_CGhbxdzaT9Q.mp4,True,True,False
visomaster_InStyleSwapper256-A_10296,ignore,,,minimal_tier_excluded,,,InStyleSwapper256-A,MINIMAL,0.029600,trimmed_cropped_vCEurARQhoo.mp4,True,True,False
visomaster_InStyleSwapper256-A_10297,ignore,,,minimal_tier_excluded,,,InStyleSwapper256-A,MINIMAL,0.031100,trimmed_cropped_GJlNR4khvwY.mp4,True,True,False
visomaster_InStyleSwapper256-A_10298,ignore,,,minimal_tier_excluded,,,InStyleSwapper256-A,MINIMAL,0.015100,trimmed_cropped_ZU6Biimi19s.mp4,True,True,False
visomaster_InStyleSwapper256-A_10299,ignore,,,minimal_tier_excluded,,,InStyleSwapper256-A,MINIMAL,0.014800,trimmed_cropped_zGeTxghlP-w.mp4,True,True,False
visomaster_InStyleSwapper256-A_10300,ignore,,,minimal_tier_excluded,,,InStyleSwapper256-A,MINIMAL,0.012900,trimmed_cropped_Kj8zS4DGr4s.mp4,True,True,False
visomaster_InStyleSwapper256-A_10301,ignore,,,minimal_tier_excluded,,,InStyleSwapper256-A,MINIMAL,0.022700,trimmed_cropped_iGFG3XSW8NI.mp4,True,True,False
visomaster_InStyleSwapper256-A_10302,ignore,,,not_selected_in_deterministic_random_subset,,,InStyleSwapper256-A,MODERATE,0.175600,trimmed_cropped_2q-35ReQ04E.mp4,True,True,False
visomaster_InStyleSwapper256-A_10303,ignore,,,not_selected_in_deterministic_random_subset,,,InStyleSwapper256-A,MODERATE,0.228800,trimmed_cropped_GZYsrGY4KeU.mp4,True,True,False
visomaster_InStyleSwapper256-A_10304,ignore,,,not_selected_in_deterministic_random_subset,,,InStyleSwapper256-A,MODERATE,0.248300,trimmed_cropped_-n8FP7Ncq8A.mp4,True,True,False
visomaster_InStyleSwapper256-A_10305,keep,visomaster hints,baseline_cropped,retain_as_weak_signal_baseline_subset,InStyleSwapper256-A|STRONG,20260417,InStyleSwapper256-A,STRONG,0.327000,trimmed_cropped_gylK28rb37Y.mp4,True,True,False
visomaster_InStyleSwapper256-A_10306,keep,visomaster hints,baseline_cropped,retain_as_weak_signal_baseline_subset,InStyleSwapper256-A|STRONG,20260417,InStyleSwapper256-A,STRONG,0.395600,trimmed_cropped_U9wak7g5yQA.mp4,True,True,False
visomaster_InStyleSwapper256-A_10307,keep,visomaster hints,baseline_cropped,retain_as_weak_signal_baseline_subset,InStyleSwapper256-A|STRONG,20260417,InStyleSwapper256-A,STRONG,0.326600,trimmed_cropped_j4OVkKRUbDk.mp4,True,True,False
visomaster_InStyleSwapper256-A_10308,ignore,,,minimal_tier_excluded,,,InStyleSwapper256-A,MINIMAL,0.142500,trimmed_cropped_VZjrCbTy-IE.mp4,True,True,False
visomaster_InStyleSwapper256-A_10309,keep,visomaster hints,baseline_cropped,retain_as_weak_signal_baseline_subset,InStyleSwapper256-A|MODERATE,20260417,InStyleSwapper256-A,MODERATE,0.200100,trimmed_cropped__9Ycv7lOgXQ.mp4,True,True,False
visomaster_InStyleSwapper256-A_10310,keep,visomaster hints,baseline_cropped,retain_as_weak_signal_baseline_subset,InStyleSwapper256-A|MODERATE,20260417,InStyleSwapper256-A,MODERATE,0.154000,trimmed_cropped_ZkRIQ_JH6eE.mp4,True,True,False
visomaster_InStyleSwapper256-A_10311,ignore,,,not_selected_in_deterministic_random_subset,,,InStyleSwapper256-A,MODERATE,0.176200,trimmed_cropped_jIOqbxwhprw.mp4,True,True,False
visomaster_InStyleSwapper256-A_10312,ignore,,,not_selected_in_deterministic_random_subset,,,InStyleSwapper256-A,MODERATE,0.261900,trimmed_cropped_eS0P4GM4zdA.mp4,True,True,False
visomaster_InStyleSwapper256-A_10313,ignore,,,minimal_tier_excluded,,,InStyleSwapper256-A,MINIMAL,0.143300,trimmed_cropped_UW5NP_MWPL0.mp4,True,True,False
visomaster_InStyleSwapper256-A_10314,ignore,,,not_selected_in_deterministic_random_subset,,,InStyleSwapper256-A,MODERATE,0.209400,trimmed_cropped_kvFiTdmKSIQ.mp4,True,True,False
visomaster_InStyleSwapper256-A_10315,keep,visomaster hints,baseline_cropped,retain_as_weak_signal_baseline_subset,InStyleSwapper256-A|MODERATE,20260417,InStyleSwapper256-A,MODERATE,0.273200,trimmed_cropped_gJdur5oTdSY.mp4,True,True,False
visomaster_InStyleSwapper256-A_10316,ignore,,,not_selected_in_deterministic_random_subset,,,InStyleSwapper256-A,MODERATE,0.234900,trimmed_cropped_gRT9-i0Z-5g.mp4,True,True,False
visomaster_InStyleSwapper256-A_10317,keep,visomaster hints,baseline_cropped,retain_as_weak_signal_baseline_subset,InStyleSwapper256-A|STRONG,20260417,InStyleSwapper256-A,STRONG,0.330000,trimmed_cropped_AcaCEknl-5w.mp4,True,True,False
visomaster_InStyleSwapper256-A_10318,keep,visomaster hints,baseline_cropped,retain_as_weak_signal_baseline_subset,InStyleSwapper256-A|MODERATE,20260417,InStyleSwapper256-A,MODERATE,0.259900,trimmed_cropped_ac5xhoL_enw.mp4,True,True,False
visomaster_InStyleSwapper256-A_10319,keep,visomaster hints,baseline_cropped,retain_as_weak_signal_baseline_subset,InStyleSwapper256-A|STRONG,20260417,InStyleSwapper256-A,STRONG,0.311800,trimmed_cropped_u5v332XCGac.mp4,True,True,False
visomaster_InStyleSwapper256-A_10320,ignore,,,minimal_tier_excluded,,,InStyleSwapper256-A,MINIMAL,0.130800,trimmed_cropped_qYiuglHmNJQ.mp4,True,True,False
visomaster_InStyleSwapper256-A_10321,keep,visomaster hints,baseline_cropped,retain_as_weak_signal_baseline_subset,InStyleSwapper256-A|STRONG,20260417,InStyleSwapper256-A,STRONG,0.346400,trimmed_cropped_1vYqeXUYa4w.mp4,True,True,False
visomaster_InStyleSwapper256-A_10322,ignore,,,minimal_tier_excluded,,,InStyleSwapper256-A,MINIMAL,0.149600,trimmed_cropped_bP4YOxP--vg.mp4,True,True,False
visomaster_InStyleSwapper256-A_10323,ignore,,,not_selected_in_deterministic_random_subset,,,InStyleSwapper256-A,MODERATE,0.157300,trimmed_cropped_8Szaxa8CYyM.mp4,True,True,False
visomaster_InStyleSwapper256-A_10324,keep,visomaster hints,baseline_cropped,retain_as_weak_signal_baseline_subset,InStyleSwapper256-A|MODERATE,20260417,InStyleSwapper256-A,MODERATE,0.163900,trimmed_cropped_OGvkHmDF3vE.mp4,True,True,False
visomaster_InStyleSwapper256-A_10325,keep,visomaster hints,baseline_cropped,retain_as_weak_signal_baseline_subset,InStyleSwapper256-A|MODERATE,20260417,InStyleSwapper256-A,MODERATE,0.254900,trimmed_cropped_ToTZleh6Zb8.mp4,True,True,False
visomaster_InStyleSwapper256-A_10326,ignore,,,not_selected_in_deterministic_random_subset,,,InStyleSwapper256-A,MODERATE,0.241500,trimmed_cropped_iiI9gMJfFAI.mp4,True,True,False
visomaster_InStyleSwapper256-A_10327,ignore,,,minimal_tier_excluded,,,InStyleSwapper256-A,MINIMAL,0.135500,trimmed_cropped_cyFJgk-Q_R8.mp4,True,True,False
visomaster_InStyleSwapper256-A_10328,ignore,,,minimal_tier_excluded,,,InStyleSwapper256-A,MINIMAL,0.136500,trimmed_cropped_BbH5UR1-4FI.mp4,True,True,False
visomaster_InStyleSwapper256-A_10329,keep,visomaster hints,baseline_cropped,retain_as_weak_signal_baseline_subset,InStyleSwapper256-A|STRONG,20260417,InStyleSwapper256-A,STRONG,0.397700,trimmed_cropped_9K5zm8II18A.mp4,True,True,False
visomaster_InStyleSwapper256-A_10330,ignore,,,not_selected_in_deterministic_random_subset,,,InStyleSwapper256-A,MODERATE,0.187300,trimmed_cropped_qWx-yOjdjus.mp4,True,True,False
visomaster_InStyleSwapper256-A_10331,ignore,,,minimal_tier_excluded,,,InStyleSwapper256-A,MINIMAL,0.099000,trimmed_cropped_1ihGVzdTbWk.mp4,True,True,False
visomaster_InStyleSwapper256-A_10332,ignore,,,minimal_tier_excluded,,,InStyleSwapper256-A,MINIMAL,0.107800,trimmed_cropped_UYlA5Gzm-nk.mp4,True,True,False
visomaster_InStyleSwapper256-A_10333,ignore,,,not_selected_in_deterministic_random_subset,,,InStyleSwapper256-A,MODERATE,0.221900,trimmed_cropped_6BOXqZZ67Pc.mp4,True,True,False
visomaster_InStyleSwapper256-A_10334,ignore,,,not_selected_in_deterministic_random_subset,,,InStyleSwapper256-A,MODERATE,0.220900,trimmed_cropped_R5v8b5RyH9M.mp4,True,True,False
visomaster_InStyleSwapper256-A_10335,ignore,,,minimal_tier_excluded,,,InStyleSwapper256-A,MINIMAL,0.109200,trimmed_cropped_R47tX-ql_Is.mp4,True,True,False
visomaster_InStyleSwapper256-A_10336,keep,visomaster hints,baseline_cropped,retain_as_weak_signal_baseline_subset,InStyleSwapper256-A|STRONG,20260417,InStyleSwapper256-A,STRONG,0.308500,trimmed_cropped_fZnXFVOyGpQ.mp4,True,True,False
visomaster_InStyleSwapper256-A_10337,ignore,,,minimal_tier_excluded,,,InStyleSwapper256-A,MINIMAL,0.129900,trimmed_cropped_I5A_HbYXpIs.mp4,True,True,False
visomaster_InStyleSwapper256-A_10338,ignore,,,minimal_tier_excluded,,,InStyleSwapper256-A,MINIMAL,0.117000,trimmed_cropped_E8HT6YeadRo.mp4,True,True,False
visomaster_InStyleSwapper256-A_10339,ignore,,,minimal_tier_excluded,,,InStyleSwapper256-A,MINIMAL,0.138000,trimmed_cropped_mX0MoVH6rDM.mp4,True,True,False
visomaster_InStyleSwapper256-A_10340,ignore,,,not_selected_in_deterministic_random_subset,,,InStyleSwapper256-A,MODERATE,0.247800,trimmed_cropped_kxXJ-qMbpV0.mp4,True,True,False
visomaster_InStyleSwapper256-A_10341,ignore,,,minimal_tier_excluded,,,InStyleSwapper256-A,MINIMAL,0.147100,trimmed_cropped_8BINsUu94-k.mp4,True,True,False
visomaster_InStyleSwapper256-A_10342,ignore,,,minimal_tier_excluded,,,InStyleSwapper256-A,MINIMAL,0.145600,trimmed_cropped_KQ21ITKxSGA.mp4,True,True,False
visomaster_InStyleSwapper256-A_10343,ignore,,,minimal_tier_excluded,,,InStyleSwapper256-A,MINIMAL,0.081700,trimmed_cropped_EC1q6oDmOPY.mp4,True,True,False
visomaster_InStyleSwapper256-A_10344,ignore,,,minimal_tier_excluded,,,InStyleSwapper256-A,MINIMAL,0.148300,trimmed_cropped_tFBVxdUSU68.mp4,True,True,False
visomaster_InStyleSwapper256-A_10345,keep,visomaster hints,baseline_cropped,retain_as_weak_signal_baseline_subset,InStyleSwapper256-A|MODERATE,20260417,InStyleSwapper256-A,MODERATE,0.160500,trimmed_cropped_X2tLGpQ3sQU.mp4,True,True,False
visomaster_InStyleSwapper256-A_10346,ignore,,,minimal_tier_excluded,,,InStyleSwapper256-A,MINIMAL,0.135900,trimmed_cropped_LgMSqC748Us.mp4,True,True,False
visomaster_InStyleSwapper256-A_10347,ignore,,,not_selected_in_deterministic_random_subset,,,InStyleSwapper256-A,MODERATE,0.172500,trimmed_cropped_eXfapMk8Flk.mp4,True,True,False
visomaster_InStyleSwapper256-A_10348,ignore,,,minimal_tier_excluded,,,InStyleSwapper256-A,MINIMAL,0.129600,trimmed_cropped_9mC-G0t-CqE.mp4,True,True,False
visomaster_InStyleSwapper256-A_10349,ignore,,,minimal_tier_excluded,,,InStyleSwapper256-A,MINIMAL,0.103200,trimmed_cropped_FrdsEO-HhgQ.mp4,True,True,False
visomaster_InStyleSwapper256-A_10350,ignore,,,minimal_tier_excluded,,,InStyleSwapper256-A,MINIMAL,0.091300,trimmed_cropped_-6hYTX5bETY.mp4,True,True,False
visomaster_InStyleSwapper256-A_10351,keep,visomaster hints,baseline_cropped,retain_as_weak_signal_baseline_subset,InStyleSwapper256-A|STRONG,20260417,InStyleSwapper256-A,STRONG,0.354900,trimmed_cropped_49SRBaY1HCY.mp4,True,True,False
visomaster_InStyleSwapper256-A_10352,ignore,,,minimal_tier_excluded,,,InStyleSwapper256-A,MINIMAL,0.148200,trimmed_cropped_U92ekiLjLng.mp4,True,True,False
visomaster_InStyleSwapper256-A_10353,ignore,,,not_selected_in_deterministic_random_subset,,,InStyleSwapper256-A,MODERATE,0.189900,trimmed_cropped_B4ODXZ4si2U.mp4,True,True,False
visomaster_InStyleSwapper256-A_10354,keep,visomaster hints,baseline_cropped,retain_as_weak_signal_baseline_subset,InStyleSwapper256-A|MODERATE,20260417,InStyleSwapper256-A,MODERATE,0.240700,trimmed_cropped_CUjisIIaVBo.mp4,True,True,False
visomaster_InStyleSwapper256-A_10355,ignore,,,minimal_tier_excluded,,,InStyleSwapper256-A,MINIMAL,0.127700,trimmed_cropped_pgE90m99OCQ.mp4,True,True,False
visomaster_InStyleSwapper256-A_10356,ignore,,,minimal_tier_excluded,,,InStyleSwapper256-A,MINIMAL,0.116000,trimmed_cropped_3kjvY5tyI2o.mp4,True,True,False
visomaster_InStyleSwapper256-A_10357,ignore,,,minimal_tier_excluded,,,InStyleSwapper256-A,MINIMAL,0.102700,trimmed_cropped_geq27fCp9-w.mp4,True,True,False
visomaster_InStyleSwapper256-A_10358,ignore,,,not_selected_in_deterministic_random_subset,,,InStyleSwapper256-A,MODERATE,0.194400,trimmed_cropped_E-d-6RvWg24.mp4,True,True,False
visomaster_InStyleSwapper256-A_10359,ignore,,,minimal_tier_excluded,,,InStyleSwapper256-A,MINIMAL,0.077700,trimmed_cropped_2tK7YsUEA5o.mp4,True,True,False
visomaster_InStyleSwapper256-A_10360,ignore,,,minimal_tier_excluded,,,InStyleSwapper256-A,MINIMAL,0.148900,trimmed_cropped_-XNkBzaA8Os.mp4,True,True,False
visomaster_InStyleSwapper256-A_10361,ignore,,,minimal_tier_excluded,,,InStyleSwapper256-A,MINIMAL,0.055600,trimmed_cropped_ZJxCeCot0Lc.mp4,True,True,False
visomaster_InStyleSwapper256-A_10362,ignore,,,not_selected_in_deterministic_random_subset,,,InStyleSwapper256-A,MODERATE,0.266300,trimmed_cropped_s6UIiKmgozw.mp4,True,True,False
visomaster_InStyleSwapper256-A_10363,ignore,,,minimal_tier_excluded,,,InStyleSwapper256-A,MINIMAL,0.117800,trimmed_cropped_Hcc3QMroFHY.mp4,True,True,False
visomaster_InStyleSwapper256-A_10364,ignore,,,not_selected_in_deterministic_random_subset,,,InStyleSwapper256-A,MODERATE,0.161600,trimmed_cropped_L9sPjhy0CFY.mp4,True,True,False
visomaster_InStyleSwapper256-A_10365,ignore,,,not_selected_in_deterministic_random_subset,,,InStyleSwapper256-A,MODERATE,0.161800,trimmed_cropped_mIL_wE192ac.mp4,True,True,False
visomaster_InStyleSwapper256-A_10366,ignore,,,not_selected_in_deterministic_random_subset,,,InStyleSwapper256-A,MODERATE,0.194900,trimmed_cropped_q5iH8gPJfpk.mp4,True,True,False
visomaster_InStyleSwapper256-A_10367,ignore,,,minimal_tier_excluded,,,InStyleSwapper256-A,MINIMAL,0.135400,trimmed_cropped_NiJu8fPjHLE.mp4,True,True,False
visomaster_InStyleSwapper256-A_10368,keep,visomaster hints,baseline_cropped,retain_as_weak_signal_baseline_subset,InStyleSwapper256-A|MODERATE,20260417,InStyleSwapper256-A,MODERATE,0.161300,trimmed_cropped_McgK7MzPrD8.mp4,True,True,False
visomaster_InStyleSwapper256-A_10369,ignore,,,not_selected_in_deterministic_random_subset,,,InStyleSwapper256-A,MODERATE,0.158000,trimmed_cropped__AwTgvT8tws.mp4,True,True,False
visomaster_InStyleSwapper256-A_10370,ignore,,,not_selected_in_deterministic_random_subset,,,InStyleSwapper256-A,MODERATE,0.236600,trimmed_cropped_GkgxAXA3f7g.mp4,True,True,False
visomaster_InStyleSwapper256-A_10371,ignore,,,not_selected_in_deterministic_random_subset,,,InStyleSwapper256-A,MODERATE,0.162800,trimmed_cropped_pv4qthbD3zY.mp4,True,True,False
visomaster_InStyleSwapper256-A_10372,ignore,,,not_selected_in_deterministic_random_subset,,,InStyleSwapper256-A,MODERATE,0.173800,trimmed_cropped_mZXQxtazAfk.mp4,True,True,False
visomaster_InStyleSwapper256-A_10373,ignore,,,minimal_tier_excluded,,,InStyleSwapper256-A,MINIMAL,0.146900,trimmed_cropped_szui77GbOCY.mp4,True,True,False
visomaster_InStyleSwapper256-A_10374,ignore,,,minimal_tier_excluded,,,InStyleSwapper256-A,MINIMAL,0.114400,trimmed_cropped_QgcwZ3NX9Z8.mp4,True,True,False
visomaster_InStyleSwapper256-A_10375,keep,visomaster hints,baseline_cropped,retain_as_weak_signal_baseline_subset,InStyleSwapper256-A|MODERATE,20260417,InStyleSwapper256-A,MODERATE,0.193100,trimmed_cropped_kKoO5I73F3E.mp4,True,True,False
visomaster_InStyleSwapper256-A_10376,ignore,,,not_selected_in_deterministic_random_subset,,,InStyleSwapper256-A,MODERATE,0.227200,trimmed_cropped_oo6Yt7rLQDU.mp4,True,True,False
visomaster_InStyleSwapper256-A_10377,ignore,,,minimal_tier_excluded,,,InStyleSwapper256-A,MINIMAL,0.115800,trimmed_cropped_peCMaMOZKXw.mp4,True,True,False
visomaster_InStyleSwapper256-A_10378,keep,visomaster hints,baseline_cropped,retain_as_weak_signal_baseline_subset,InStyleSwapper256-A|STRONG,20260417,InStyleSwapper256-A,STRONG,0.317800,trimmed_cropped_F_JEJ9pfNYA.mp4,True,True,False
visomaster_InStyleSwapper256-A_10379,ignore,,,minimal_tier_excluded,,,InStyleSwapper256-A,MINIMAL,0.150000,trimmed_cropped_edW_08iXesY.mp4,True,True,False
visomaster_InStyleSwapper256-A_10380,ignore,,,minimal_tier_excluded,,,InStyleSwapper256-A,MINIMAL,0.076900,trimmed_cropped_FOOAdLMMyUk.mp4,True,True,False
visomaster_InStyleSwapper256-A_10381,keep,visomaster hints,baseline_cropped,retain_as_weak_signal_baseline_subset,InStyleSwapper256-A|STRONG,20260417,InStyleSwapper256-A,STRONG,0.417900,trimmed_cropped_KCBfNxzjDZQ.mp4,True,True,False
visomaster_InStyleSwapper256-A_10382,ignore,,,not_selected_in_deterministic_random_subset,,,InStyleSwapper256-A,MODERATE,0.156500,trimmed_cropped_R1_iCch6w-Y.mp4,True,True,False
visomaster_InStyleSwapper256-A_10383,ignore,,,not_selected_in_deterministic_random_subset,,,InStyleSwapper256-A,MODERATE,0.217800,trimmed_cropped_nPp7NRxZ5dE.mp4,True,True,False
visomaster_InStyleSwapper256-A_10384,ignore,,,minimal_tier_excluded,,,InStyleSwapper256-A,MINIMAL,0.133800,trimmed_cropped_2FvtxH-SPFA.mp4,True,True,False
visomaster_InStyleSwapper256-A_10385,keep,visomaster hints,baseline_cropped,retain_as_weak_signal_baseline_subset,InStyleSwapper256-A|STRONG,20260417,InStyleSwapper256-A,STRONG,0.446600,trimmed_cropped_aj6LrXqBKjs.mp4,True,True,False
visomaster_InStyleSwapper256-A_10386,keep,visomaster hints,baseline_cropped,retain_as_weak_signal_baseline_subset,InStyleSwapper256-A|MODERATE,20260417,InStyleSwapper256-A,MODERATE,0.187800,trimmed_cropped_KRIyMJwX37w.mp4,True,True,False
visomaster_InStyleSwapper256-A_10387,ignore,,,not_selected_in_deterministic_random_subset,,,InStyleSwapper256-A,MODERATE,0.256500,trimmed_cropped_O-mDJL-KCdQ.mp4,True,True,False
visomaster_InStyleSwapper256-A_10388,ignore,,,missing_tier_metadata_companion,,,InStyleSwapper256-A,,,,True,False,False
visomaster_InStyleSwapper256-A_10389,ignore,,,minimal_tier_excluded,,,InStyleSwapper256-A,MINIMAL,0.107600,trimmed_cropped_SGq35srfgz8.mp4,True,True,False
visomaster_InStyleSwapper256-A_10390,ignore,,,not_selected_in_deterministic_random_subset,,,InStyleSwapper256-A,MODERATE,0.214200,trimmed_cropped_RSmI98_OuCs.mp4,True,True,False
visomaster_InStyleSwapper256-A_10391,ignore,,,not_selected_in_deterministic_random_subset,,,InStyleSwapper256-A,MODERATE,0.184300,trimmed_cropped_E8HT6YeadRo.mp4,True,True,False
visomaster_InStyleSwapper256-A_10392,ignore,,,not_selected_in_deterministic_random_subset,,,InStyleSwapper256-A,MODERATE,0.151200,trimmed_cropped_BU3iL9XrHDM.mp4,True,True,False
visomaster_InStyleSwapper256-A_10393,keep,visomaster hints,baseline_cropped,retain_as_weak_signal_baseline_subset,InStyleSwapper256-A|MODERATE,20260417,InStyleSwapper256-A,MODERATE,0.265200,trimmed_cropped_ToTZleh6Zb8.mp4,True,True,False
visomaster_InStyleSwapper256-A_10394,ignore,,,minimal_tier_excluded,,,InStyleSwapper256-A,MINIMAL,0.135200,trimmed_cropped_QgcwZ3NX9Z8.mp4,True,True,False
visomaster_InStyleSwapper256-A_10395,ignore,,,minimal_tier_excluded,,,InStyleSwapper256-A,MINIMAL,0.086500,trimmed_cropped_FWDD1XCDlU8.mp4,True,True,False
visomaster_InStyleSwapper256-A_10396,ignore,,,minimal_tier_excluded,,,InStyleSwapper256-A,MINIMAL,0.134600,trimmed_cropped_ORtmPOLZ43M.mp4,True,True,False
visomaster_InStyleSwapper256-A_10397,ignore,,,minimal_tier_excluded,,,InStyleSwapper256-A,MINIMAL,0.084500,trimmed_cropped_TfbEwfYjKl4.mp4,True,True,False
visomaster_InStyleSwapper256-A_10398,keep,visomaster hints,baseline_cropped,retain_as_weak_signal_baseline_subset,InStyleSwapper256-A|MODERATE,20260417,InStyleSwapper256-A,MODERATE,0.208800,trimmed_cropped_9mYlWR2g5fk.mp4,True,True,False
visomaster_InStyleSwapper256-A_10399,ignore,,,minimal_tier_excluded,,,InStyleSwapper256-A,MINIMAL,0.136800,trimmed_cropped_P5SNIrwgBN8.mp4,True,True,False
visomaster_InStyleSwapper256-A_10400,ignore,,,not_selected_in_deterministic_random_subset,,,InStyleSwapper256-A,MODERATE,0.152200,trimmed_cropped_0GPYGMY4_vw.mp4,True,True,False
visomaster_InStyleSwapper256-A_10401,ignore,,,minimal_tier_excluded,,,InStyleSwapper256-A,MINIMAL,0.108900,trimmed_cropped_ohdad--6JA8.mp4,True,True,False
visomaster_InStyleSwapper256-A_10402,ignore,,,minimal_tier_excluded,,,InStyleSwapper256-A,MINIMAL,0.089500,trimmed_cropped_OZxiWwasSaE.mp4,True,True,False
visomaster_InStyleSwapper256-A_10403,ignore,,,minimal_tier_excluded,,,InStyleSwapper256-A,MINIMAL,0.129600,trimmed_cropped_Gy2WAKwMf40.mp4,True,True,False
visomaster_InStyleSwapper256-A_10404,ignore,,,minimal_tier_excluded,,,InStyleSwapper256-A,MINIMAL,0.060400,trimmed_cropped_Chypjp4z1dg.mp4,True,True,False
visomaster_InStyleSwapper256-A_10405,ignore,,,minimal_tier_excluded,,,InStyleSwapper256-A,MINIMAL,0.140200,trimmed_cropped_7b0FxBYOhKU.mp4,True,True,False
visomaster_InStyleSwapper256-A_10406,keep,visomaster hints,baseline_cropped,retain_as_weak_signal_baseline_subset,InStyleSwapper256-A|MODERATE,20260417,InStyleSwapper256-A,MODERATE,0.259200,trimmed_cropped_Kx8LjMIV0z8.mp4,True,True,False
visomaster_InStyleSwapper256-A_10407,ignore,,,minimal_tier_excluded,,,InStyleSwapper256-A,MINIMAL,0.059000,trimmed_cropped_hVjLYxSOuBM.mp4,True,True,False
visomaster_InStyleSwapper256-A_10408,ignore,,,not_selected_in_deterministic_random_subset,,,InStyleSwapper256-A,MODERATE,0.216100,trimmed_cropped_DFzN9WOL8zQ.mp4,True,True,False
visomaster_InStyleSwapper256-A_10409,ignore,,,not_selected_in_deterministic_random_subset,,,InStyleSwapper256-A,MODERATE,0.215300,trimmed_cropped_ljAmkMZno6w.mp4,True,True,False
visomaster_InStyleSwapper256-A_10410,keep,visomaster hints,baseline_cropped,retain_as_weak_signal_baseline_subset,InStyleSwapper256-A|MODERATE,20260417,InStyleSwapper256-A,MODERATE,0.194600,trimmed_cropped_mZXQxtazAfk.mp4,True,True,False
visomaster_InStyleSwapper256-A_10411,ignore,,,minimal_tier_excluded,,,InStyleSwapper256-A,MINIMAL,0.134400,trimmed_cropped_iGQEadxVy8A.mp4,True,True,False
visomaster_InStyleSwapper256-A_10412,ignore,,,minimal_tier_excluded,,,InStyleSwapper256-A,MINIMAL,0.133300,trimmed_cropped_h_R3jJjMhGk.mp4,True,True,False
visomaster_InStyleSwapper256-A_10413,ignore,,,minimal_tier_excluded,,,InStyleSwapper256-A,MINIMAL,0.097100,trimmed_cropped_9MVRX_ZlFTM.mp4,True,True,False
visomaster_InStyleSwapper256-A_10414,ignore,,,not_selected_in_deterministic_random_subset,,,InStyleSwapper256-A,MODERATE,0.164100,trimmed_cropped_qnIx0_X9SXI.mp4,True,True,False
visomaster_InStyleSwapper256-A_10415,ignore,,,not_selected_in_deterministic_random_subset,,,InStyleSwapper256-A,MODERATE,0.195100,trimmed_cropped_X2tLGpQ3sQU.mp4,True,True,False
visomaster_InStyleSwapper256-A_10416,keep,visomaster hints,baseline_cropped,retain_as_weak_signal_baseline_subset,InStyleSwapper256-A|MODERATE,20260417,InStyleSwapper256-A,MODERATE,0.250800,trimmed_cropped_iOW2wyUqgRI.mp4,True,True,False
visomaster_InStyleSwapper256-A_10417,ignore,,,not_selected_in_deterministic_random_subset,,,InStyleSwapper256-A,MODERATE,0.290100,trimmed_cropped_u9oADKCHUwM.mp4,True,True,False
visomaster_InStyleSwapper256-A_10418,keep,visomaster hints,baseline_cropped,retain_as_weak_signal_baseline_subset,InStyleSwapper256-A|MODERATE,20260417,InStyleSwapper256-A,MODERATE,0.193200,trimmed_cropped_K3xxvYX-DLU.mp4,True,True,False
visomaster_InStyleSwapper256-A_10419,ignore,,,minimal_tier_excluded,,,InStyleSwapper256-A,MINIMAL,0.120100,trimmed_cropped_J7Qr2BQnDDo.mp4,True,True,False
visomaster_InStyleSwapper256-A_10420,ignore,,,not_selected_in_deterministic_random_subset,,,InStyleSwapper256-A,MODERATE,0.171900,trimmed_cropped_5wnRB2VsoFk.mp4,True,True,False
visomaster_InStyleSwapper256-A_10421,ignore,,,not_selected_in_deterministic_random_subset,,,InStyleSwapper256-A,MODERATE,0.207900,trimmed_cropped_wqQ8uy7mLAk.mp4,True,True,False
visomaster_InStyleSwapper256-A_10422,ignore,,,minimal_tier_excluded,,,InStyleSwapper256-A,MINIMAL,0.045100,trimmed_cropped_cTA96sywmE8.mp4,True,True,False
visomaster_InStyleSwapper256-A_10423,ignore,,,not_selected_in_deterministic_random_subset,,,InStyleSwapper256-A,MODERATE,0.273500,trimmed_cropped_4ZRIfXoEKXk.mp4,True,True,False
visomaster_InStyleSwapper256-A_10424,keep,visomaster hints,baseline_cropped,retain_as_weak_signal_baseline_subset,InStyleSwapper256-A|MODERATE,20260417,InStyleSwapper256-A,MODERATE,0.167300,trimmed_cropped_4uhiOmUrRoo.mp4,True,True,False
visomaster_InStyleSwapper256-A_10425,ignore,,,minimal_tier_excluded,,,InStyleSwapper256-A,MINIMAL,0.119400,trimmed_cropped_WvnhPgnMjW0.mp4,True,True,False
visomaster_InStyleSwapper256-A_10426,ignore,,,not_selected_in_deterministic_random_subset,,,InStyleSwapper256-A,MODERATE,0.206900,trimmed_cropped_kHNTVefIRKo.mp4,True,True,False
visomaster_InStyleSwapper256-A_10427,ignore,,,minimal_tier_excluded,,,InStyleSwapper256-A,MINIMAL,0.116700,trimmed_cropped_2LhVGN9paiY.mp4,True,True,False
visomaster_InStyleSwapper256-A_10428,ignore,,,minimal_tier_excluded,,,InStyleSwapper256-A,MINIMAL,0.121600,trimmed_cropped__yCmDFaolks.mp4,True,True,False
visomaster_InStyleSwapper256-A_10429,ignore,,,minimal_tier_excluded,,,InStyleSwapper256-A,MINIMAL,0.116500,trimmed_cropped_4kFF-d72lLM.mp4,True,True,False
visomaster_InStyleSwapper256-A_10430,ignore,,,minimal_tier_excluded,,,InStyleSwapper256-A,MINIMAL,0.122800,trimmed_cropped_Lfm9R5c9Tho.mp4,True,True,False
visomaster_InStyleSwapper256-A_10431,keep,visomaster hints,baseline_cropped,retain_as_weak_signal_baseline_subset,InStyleSwapper256-A|STRONG,20260417,InStyleSwapper256-A,STRONG,0.321100,trimmed_cropped_ylS3SMfsa9g.mp4,True,True,False
visomaster_InStyleSwapper256-A_10432,ignore,,,not_selected_in_deterministic_random_subset,,,InStyleSwapper256-A,MODERATE,0.229500,trimmed_cropped_7NzMXpl3dUQ.mp4,True,True,False
visomaster_InStyleSwapper256-A_10433,ignore,,,minimal_tier_excluded,,,InStyleSwapper256-A,MINIMAL,0.104900,trimmed_cropped_sj9cL-Pei3Q.mp4,True,True,False
visomaster_InStyleSwapper256-A_10434,ignore,,,minimal_tier_excluded,,,InStyleSwapper256-A,MINIMAL,0.127600,trimmed_cropped_ExWw3T8bvD4.mp4,True,True,False
visomaster_InStyleSwapper256-A_10435,ignore,,,not_selected_in_deterministic_random_subset,,,InStyleSwapper256-A,MODERATE,0.181200,trimmed_cropped_i5gLvv_bs4A.mp4,True,True,False
visomaster_InStyleSwapper256-A_10436,ignore,,,not_selected_in_deterministic_random_subset,,,InStyleSwapper256-A,MODERATE,0.191300,trimmed_cropped_sc-Jn5G4s08.mp4,True,True,False
visomaster_InStyleSwapper256-A_10437,keep,visomaster hints,baseline_cropped,retain_as_weak_signal_baseline_subset,InStyleSwapper256-A|STRONG,20260417,InStyleSwapper256-A,STRONG,0.343200,trimmed_cropped_hIN9l0-RgBk.mp4,True,True,False
visomaster_InStyleSwapper256-A_10438,ignore,,,not_selected_in_deterministic_random_subset,,,InStyleSwapper256-A,MODERATE,0.269000,trimmed_cropped_x6LhWJbaM3s.mp4,True,True,False
visomaster_InStyleSwapper256-A_10439,ignore,,,not_selected_in_deterministic_random_subset,,,InStyleSwapper256-A,MODERATE,0.226500,trimmed_cropped_P2riNI5ui1I.mp4,True,True,False
visomaster_InStyleSwapper256-A_10440,ignore,,,not_selected_in_deterministic_random_subset,,,InStyleSwapper256-A,MODERATE,0.212300,trimmed_cropped_9E93tvfG93c.mp4,True,True,False
visomaster_InStyleSwapper256-A_10441,ignore,,,minimal_tier_excluded,,,InStyleSwapper256-A,MINIMAL,0.058400,trimmed_cropped_J-zZJbA8fgc.mp4,True,True,False
visomaster_InStyleSwapper256-A_10442,ignore,,,minimal_tier_excluded,,,InStyleSwapper256-A,MINIMAL,0.110600,trimmed_cropped_TwSLTuRwScA.mp4,True,True,False
visomaster_InStyleSwapper256-A_10443,keep,visomaster hints,baseline_cropped,retain_as_weak_signal_baseline_subset,InStyleSwapper256-A|MODERATE,20260417,InStyleSwapper256-A,MODERATE,0.180900,trimmed_cropped_GJlNR4khvwY.mp4,True,True,False
visomaster_InStyleSwapper256-A_10444,ignore,,,minimal_tier_excluded,,,InStyleSwapper256-A,MINIMAL,0.099900,trimmed_cropped_sbwHhPY-P_M.mp4,True,True,False
visomaster_InStyleSwapper256-A_10445,ignore,,,minimal_tier_excluded,,,InStyleSwapper256-A,MINIMAL,0.103500,trimmed_cropped_8OZhwSCp_Z8.mp4,True,True,False
visomaster_InStyleSwapper256-A_10446,ignore,,,not_selected_in_deterministic_random_subset,,,InStyleSwapper256-A,MODERATE,0.256200,trimmed_cropped_bdjg9o6ufag.mp4,True,True,False
visomaster_InStyleSwapper256-A_10447,ignore,,,minimal_tier_excluded,,,InStyleSwapper256-A,MINIMAL,0.140100,trimmed_cropped_JpAnubUIemk.mp4,True,True,False
visomaster_InStyleSwapper256-A_10448,ignore,,,minimal_tier_excluded,,,InStyleSwapper256-A,MINIMAL,0.111200,trimmed_cropped_0nB7M-ZGNz0.mp4,True,True,False
visomaster_InStyleSwapper256-A_10449,ignore,,,minimal_tier_excluded,,,InStyleSwapper256-A,MINIMAL,0.109900,trimmed_cropped_nze1rb71MoE.mp4,True,True,False
visomaster_InStyleSwapper256-A_10450,ignore,,,minimal_tier_excluded,,,InStyleSwapper256-A,MINIMAL,0.081300,trimmed_cropped_4PuTn4JutZA.mp4,True,True,False
visomaster_InStyleSwapper256-A_10451,ignore,,,not_selected_in_deterministic_random_subset,,,InStyleSwapper256-A,MODERATE,0.214900,trimmed_cropped_f7WIR-RKOqA.mp4,True,True,False
visomaster_InStyleSwapper256-A_10452,ignore,,,minimal_tier_excluded,,,InStyleSwapper256-A,MINIMAL,0.102100,trimmed_cropped_6fp3TGFB3kc.mp4,True,True,False
visomaster_InStyleSwapper256-A_10453,ignore,,,minimal_tier_excluded,,,InStyleSwapper256-A,MINIMAL,0.110600,trimmed_cropped_YB5aBA-msP4.mp4,True,True,False
visomaster_InStyleSwapper256-A_10454,ignore,,,minimal_tier_excluded,,,InStyleSwapper256-A,MINIMAL,0.137500,trimmed_cropped_QokJCeaQ6Jk.mp4,True,True,False
visomaster_InStyleSwapper256-A_10455,keep,visomaster hints,baseline_cropped,retain_as_weak_signal_baseline_subset,InStyleSwapper256-A|STRONG,20260417,InStyleSwapper256-A,STRONG,0.354000,trimmed_cropped_vJqRf_Oy1XM.mp4,True,True,False
visomaster_InStyleSwapper256-A_10456,ignore,,,minimal_tier_excluded,,,InStyleSwapper256-A,MINIMAL,0.087500,trimmed_cropped_P1jBfKDCRfg.mp4,True,True,False
visomaster_InStyleSwapper256-A_10457,ignore,,,minimal_tier_excluded,,,InStyleSwapper256-A,MINIMAL,0.104400,trimmed_cropped_VcnIDx616aE.mp4,True,True,False
visomaster_InStyleSwapper256-A_10458,ignore,,,not_selected_in_deterministic_random_subset,,,InStyleSwapper256-A,MODERATE,0.198100,trimmed_cropped_vY4-FFyDa-k.mp4,True,True,False
visomaster_InStyleSwapper256-A_10459,ignore,,,not_selected_in_deterministic_random_subset,,,InStyleSwapper256-A,MODERATE,0.214000,trimmed_cropped_M4lM-qQPNIw.mp4,True,True,False
visomaster_InStyleSwapper256-A_10460,keep,visomaster hints,baseline_cropped,retain_as_weak_signal_baseline_subset,InStyleSwapper256-A|STRONG,20260417,InStyleSwapper256-A,STRONG,0.509000,trimmed_cropped_2q-35ReQ04E.mp4,True,True,False
visomaster_InStyleSwapper256-A_10461,ignore,,,not_selected_in_deterministic_random_subset,,,InStyleSwapper256-A,MODERATE,0.230300,trimmed_cropped_MGc-BzXfIcI.mp4,True,True,False
visomaster_InStyleSwapper256-A_10462,ignore,,,minimal_tier_excluded,,,InStyleSwapper256-A,MINIMAL,0.080300,trimmed_cropped_76jbyv8kf40.mp4,True,True,False
visomaster_InStyleSwapper256-A_10463,ignore,,,minimal_tier_excluded,,,InStyleSwapper256-A,MINIMAL,0.121800,trimmed_cropped_PG1P07t-ddc.mp4,True,True,False
visomaster_InStyleSwapper256-A_10464,ignore,,,minimal_tier_excluded,,,InStyleSwapper256-A,MINIMAL,0.093100,trimmed_cropped_HoDZE4ubbsc.mp4,True,True,False
visomaster_InStyleSwapper256-A_10465,ignore,,,minimal_tier_excluded,,,InStyleSwapper256-A,MINIMAL,0.120600,trimmed_cropped_Be_1GfvsLfI.mp4,True,True,False
visomaster_InStyleSwapper256-A_10466,ignore,,,minimal_tier_excluded,,,InStyleSwapper256-A,MINIMAL,0.090800,trimmed_cropped_b2IYNZu6SpY.mp4,True,True,False
visomaster_InStyleSwapper256-A_10467,ignore,,,minimal_tier_excluded,,,InStyleSwapper256-A,MINIMAL,0.077500,trimmed_cropped_j-2X3D7xdkM.mp4,True,True,False
visomaster_InStyleSwapper256-A_10468,ignore,,,not_selected_in_deterministic_random_subset,,,InStyleSwapper256-A,MODERATE,0.177500,trimmed_cropped_cYE1pbzvuIM.mp4,True,True,False
visomaster_InStyleSwapper256-A_10469,ignore,,,not_selected_in_deterministic_random_subset,,,InStyleSwapper256-A,MODERATE,0.237500,trimmed_cropped_RqhfijDF23w.mp4,True,True,False
visomaster_InStyleSwapper256-A_10470,ignore,,,minimal_tier_excluded,,,InStyleSwapper256-A,MINIMAL,0.130600,trimmed_cropped_lYX-KRmyUX4.mp4,True,True,False
visomaster_InStyleSwapper256-A_10471,ignore,,,minimal_tier_excluded,,,InStyleSwapper256-A,MINIMAL,0.136800,trimmed_cropped_Kv-4ngHPb7Q.mp4,True,True,False
visomaster_InStyleSwapper256-A_10472,ignore,,,minimal_tier_excluded,,,InStyleSwapper256-A,MINIMAL,0.086300,trimmed_cropped_aFfaoVqXdi4.mp4,True,True,False
visomaster_InStyleSwapper256-A_10473,keep,visomaster hints,baseline_cropped,retain_as_weak_signal_baseline_subset,InStyleSwapper256-A|MODERATE,20260417,InStyleSwapper256-A,MODERATE,0.286300,trimmed_cropped_QOB-JH2tZNI.mp4,True,True,False
visomaster_InStyleSwapper256-A_10474,keep,visomaster hints,baseline_cropped,retain_as_weak_signal_baseline_subset,InStyleSwapper256-A|STRONG,20260417,InStyleSwapper256-A,STRONG,0.312700,trimmed_cropped_MKIl4lnUZhg.mp4,True,True,False
visomaster_InStyleSwapper256-A_10475,ignore,,,minimal_tier_excluded,,,InStyleSwapper256-A,MINIMAL,0.144300,trimmed_cropped_yQrKslKjuZ4.mp4,True,True,False
visomaster_InStyleSwapper256-A_10476,ignore,,,minimal_tier_excluded,,,InStyleSwapper256-A,MINIMAL,0.107700,trimmed_cropped_TlBddgReXJ0.mp4,True,True,False
visomaster_InStyleSwapper256-A_10477,ignore,,,minimal_tier_excluded,,,InStyleSwapper256-A,MINIMAL,0.112500,trimmed_cropped_9as4XKvel9U.mp4,True,True,False
visomaster_InStyleSwapper256-A_10478,ignore,,,not_selected_in_deterministic_random_subset,,,InStyleSwapper256-A,MODERATE,0.167900,trimmed_cropped_hq12zUSdKAo.mp4,True,True,False
visomaster_InStyleSwapper256-A_10479,ignore,,,not_selected_in_deterministic_random_subset,,,InStyleSwapper256-A,MODERATE,0.290000,trimmed_cropped_kQziPD51y3Y.mp4,True,True,False
visomaster_InStyleSwapper256-A_10480,keep,visomaster hints,baseline_cropped,retain_as_weak_signal_baseline_subset,InStyleSwapper256-A|STRONG,20260417,InStyleSwapper256-A,STRONG,0.310200,trimmed_cropped_hsUMOen23Wc.mp4,True,True,False
visomaster_InStyleSwapper256-A_10481,ignore,,,minimal_tier_excluded,,,InStyleSwapper256-A,MINIMAL,0.123000,trimmed_cropped_z_QqIgEkGes.mp4,True,True,False
visomaster_InStyleSwapper256-A_10482,ignore,,,minimal_tier_excluded,,,InStyleSwapper256-A,MINIMAL,0.140300,trimmed_cropped_2dUAjrwd-8I.mp4,True,True,False
visomaster_InStyleSwapper256-A_10483,ignore,,,minimal_tier_excluded,,,InStyleSwapper256-A,MINIMAL,0.083000,trimmed_cropped_W6R328Z1a-E.mp4,True,True,False
visomaster_InStyleSwapper256-A_10484,ignore,,,not_selected_in_deterministic_random_subset,,,InStyleSwapper256-A,MODERATE,0.185300,trimmed_cropped_U27iKxvXTfs.mp4,True,True,False
visomaster_InStyleSwapper256-A_10485,ignore,,,not_selected_in_deterministic_random_subset,,,InStyleSwapper256-A,MODERATE,0.226200,trimmed_cropped_fuuJMQDy9ME.mp4,True,True,False
visomaster_InStyleSwapper256-A_10486,keep,visomaster hints,baseline_cropped,retain_as_weak_signal_baseline_subset,InStyleSwapper256-A|STRONG,20260417,InStyleSwapper256-A,STRONG,0.453300,trimmed_cropped_mXjwp2A8jhs.mp4,True,True,False
visomaster_InStyleSwapper256-A_10487,ignore,,,not_selected_in_deterministic_random_subset,,,InStyleSwapper256-A,MODERATE,0.291900,trimmed_cropped_8XdcPEDF0bQ.mp4,True,True,False
visomaster_InStyleSwapper256-A_10488,ignore,,,not_selected_in_deterministic_random_subset,,,InStyleSwapper256-A,MODERATE,0.155900,trimmed_cropped_o3bnKPfzi5A.mp4,True,True,False
visomaster_InStyleSwapper256-A_10489,ignore,,,minimal_tier_excluded,,,InStyleSwapper256-A,MINIMAL,0.100700,trimmed_cropped_faiNGpmxYT0.mp4,True,True,False
visomaster_InStyleSwapper256-A_10490,ignore,,,minimal_tier_excluded,,,InStyleSwapper256-A,MINIMAL,0.119700,trimmed_cropped_MYKwiVIRvzs.mp4,True,True,False
visomaster_InStyleSwapper256-A_10491,keep,visomaster hints,baseline_cropped,retain_as_weak_signal_baseline_subset,InStyleSwapper256-A|MODERATE,20260417,InStyleSwapper256-A,MODERATE,0.211900,trimmed_cropped_q5iH8gPJfpk.mp4,True,True,False
visomaster_InStyleSwapper256-A_10492,ignore,,,minimal_tier_excluded,,,InStyleSwapper256-A,MINIMAL,0.087300,trimmed_cropped_r7Pu_2SzLyA.mp4,True,True,False
visomaster_InStyleSwapper256-A_10493,ignore,,,not_selected_in_deterministic_random_subset,,,InStyleSwapper256-A,MODERATE,0.284600,trimmed_cropped_aS8qPzJSloU.mp4,True,True,False
visomaster_InStyleSwapper256-A_10494,ignore,,,minimal_tier_excluded,,,InStyleSwapper256-A,MINIMAL,0.147500,trimmed_cropped_ZEuwYsGX0U8.mp4,True,True,False
visomaster_InStyleSwapper256-A_10495,ignore,,,not_selected_in_deterministic_random_subset,,,InStyleSwapper256-A,MODERATE,0.156500,trimmed_cropped_mR45aTETYx8.mp4,True,True,False
visomaster_InStyleSwapper256-A_10496,keep,visomaster hints,baseline_cropped,retain_as_weak_signal_baseline_subset,InStyleSwapper256-A|STRONG,20260417,InStyleSwapper256-A,STRONG,0.306400,trimmed_cropped_BNTB6ZtGXcQ.mp4,True,True,False
visomaster_InStyleSwapper256-A_10497,ignore,,,not_selected_in_deterministic_random_subset,,,InStyleSwapper256-A,MODERATE,0.252300,trimmed_cropped_cCMmsvCNILI.mp4,True,True,False
visomaster_InStyleSwapper256-A_10498,keep,visomaster hints,baseline_cropped,retain_as_weak_signal_baseline_subset,InStyleSwapper256-A|STRONG,20260417,InStyleSwapper256-A,STRONG,0.339300,trimmed_cropped_ZNzTjeyr78o.mp4,True,True,False
visomaster_InStyleSwapper256-A_10499,ignore,,,not_selected_in_deterministic_random_subset,,,InStyleSwapper256-A,MODERATE,0.150100,trimmed_cropped_uKTIkZTKok0.mp4,True,True,False
visomaster_InStyleSwapper256-A_10500,ignore,,,not_selected_in_deterministic_random_subset,,,InStyleSwapper256-A,MODERATE,0.195100,trimmed_cropped_elqZylCKzoA.mp4,True,True,False
visomaster_InStyleSwapper256-A_10501,ignore,,,not_selected_in_deterministic_random_subset,,,InStyleSwapper256-A,MODERATE,0.261300,trimmed_cropped_Y5sjOnuAHVg.mp4,True,True,False
visomaster_InStyleSwapper256-A_10502,ignore,,,minimal_tier_excluded,,,InStyleSwapper256-A,MINIMAL,0.029100,trimmed_cropped_Fl-aKRdzLyQ.mp4,True,True,False
visomaster_InStyleSwapper256-A_10503,ignore,,,minimal_tier_excluded,,,InStyleSwapper256-A,MINIMAL,0.012700,trimmed_cropped_iapE8apyCl0.mp4,True,True,False
visomaster_InStyleSwapper256-A_10504,ignore,,,minimal_tier_excluded,,,InStyleSwapper256-A,MINIMAL,0.031400,trimmed_cropped_8R8HYaOOxP8.mp4,True,True,False
visomaster_InStyleSwapper256-A_10505,ignore,,,minimal_tier_excluded,,,InStyleSwapper256-A,MINIMAL,0.021400,trimmed_cropped_5zlzdQe7nig.mp4,True,True,False
visomaster_InStyleSwapper256-A_10506,ignore,,,minimal_tier_excluded,,,InStyleSwapper256-A,MINIMAL,0.010700,trimmed_cropped_n27uty3fwAY.mp4,True,True,False
visomaster_InStyleSwapper256-A_10507,ignore,,,minimal_tier_excluded,,,InStyleSwapper256-A,MINIMAL,0.026900,trimmed_cropped_OHnEWajZF_A.mp4,True,True,False
visomaster_InStyleSwapper256-A_10508,ignore,,,minimal_tier_excluded,,,InStyleSwapper256-A,MINIMAL,0.021800,trimmed_cropped_F8ZTxPoeT4o.mp4,True,True,False
visomaster_InStyleSwapper256-A_10509,ignore,,,minimal_tier_excluded,,,InStyleSwapper256-A,MINIMAL,0.008700,trimmed_cropped_zWoIZoVhXf4.mp4,True,True,False
visomaster_InStyleSwapper256-A_10510,ignore,,,minimal_tier_excluded,,,InStyleSwapper256-A,MINIMAL,0.026500,trimmed_cropped_L5sz9t8IPiU.mp4,True,True,False
visomaster_InStyleSwapper256-A_10511,ignore,,,minimal_tier_excluded,,,InStyleSwapper256-A,MINIMAL,0.024600,trimmed_cropped_ppB3DEAKz_w.mp4,True,True,False
visomaster_InStyleSwapper256-A_10512,ignore,,,minimal_tier_excluded,,,InStyleSwapper256-A,MINIMAL,0.025900,trimmed_cropped_VZjrCbTy-IE.mp4,True,True,False
visomaster_InStyleSwapper256-A_10513,ignore,,,minimal_tier_excluded,,,InStyleSwapper256-A,MINIMAL,0.015500,trimmed_cropped_GBymay8VySM.mp4,True,True,False
visomaster_InStyleSwapper256-A_10514,ignore,,,minimal_tier_excluded,,,InStyleSwapper256-A,MINIMAL,0.011400,trimmed_cropped_KYZcVgSI0cw.mp4,True,True,False
visomaster_InStyleSwapper256-A_10515,ignore,,,minimal_tier_excluded,,,InStyleSwapper256-A,MINIMAL,0.018100,trimmed_cropped_RYJ6AryDxJQ.mp4,True,True,False
visomaster_InStyleSwapper256-A_10516,ignore,,,minimal_tier_excluded,,,InStyleSwapper256-A,MINIMAL,0.024000,trimmed_cropped_AeppyNtQplE.mp4,True,True,False
visomaster_InStyleSwapper256-A_10517,ignore,,,minimal_tier_excluded,,,InStyleSwapper256-A,MINIMAL,0.009500,trimmed_cropped_zdELu9nUn6Q.mp4,True,True,False
visomaster_InStyleSwapper256-A_10518,ignore,,,minimal_tier_excluded,,,InStyleSwapper256-A,MINIMAL,0.017000,trimmed_cropped__J8GlOzxRzk.mp4,True,True,False
visomaster_InStyleSwapper256-A_10519,ignore,,,minimal_tier_excluded,,,InStyleSwapper256-A,MINIMAL,0.011200,trimmed_cropped_wrveNygjvb0.mp4,True,True,False
visomaster_InStyleSwapper256-A_10520,ignore,,,minimal_tier_excluded,,,InStyleSwapper256-A,MINIMAL,0.014800,trimmed_cropped_uZjcYH5Qqsw.mp4,True,True,False
visomaster_InStyleSwapper256-A_10521,ignore,,,minimal_tier_excluded,,,InStyleSwapper256-A,MINIMAL,0.021900,trimmed_cropped_unDEnDbkpuk.mp4,True,True,False
visomaster_InStyleSwapper256-A_10522,ignore,,,minimal_tier_excluded,,,InStyleSwapper256-A,MINIMAL,0.012600,trimmed_cropped_397jy6faKqE.mp4,True,True,False
visomaster_InStyleSwapper256-A_10523,ignore,,,minimal_tier_excluded,,,InStyleSwapper256-A,MINIMAL,0.015600,trimmed_cropped_9W2VWrPafGU.mp4,True,True,False
visomaster_InStyleSwapper256-A_10524,ignore,,,minimal_tier_excluded,,,InStyleSwapper256-A,MINIMAL,0.016200,trimmed_cropped_0wAQJmtDrp8.mp4,True,True,False
visomaster_InStyleSwapper256-A_10525,ignore,,,minimal_tier_excluded,,,InStyleSwapper256-A,MINIMAL,0.033200,trimmed_cropped_uzNH-GxBD3A.mp4,True,True,False
visomaster_InStyleSwapper256-A_10526,ignore,,,minimal_tier_excluded,,,InStyleSwapper256-A,MINIMAL,0.028800,trimmed_cropped_bcGLdaS5ci4.mp4,True,True,False
visomaster_InStyleSwapper256-A_10527,ignore,,,minimal_tier_excluded,,,InStyleSwapper256-A,MINIMAL,0.012100,trimmed_cropped_pLl0Hph9nbk.mp4,True,True,False
visomaster_InStyleSwapper256-A_10528,ignore,,,minimal_tier_excluded,,,InStyleSwapper256-A,MINIMAL,0.114500,trimmed_cropped_g8hcu7orKM8.mp4,True,True,False
visomaster_InStyleSwapper256-A_10529,ignore,,,minimal_tier_excluded,,,InStyleSwapper256-A,MINIMAL,0.018800,trimmed_cropped_JbKYFEJGp-E.mp4,True,True,False
visomaster_InStyleSwapper256-A_10530,ignore,,,minimal_tier_excluded,,,InStyleSwapper256-A,MINIMAL,0.017000,trimmed_cropped_DCIWhQ_OqaM.mp4,True,True,False
visomaster_InStyleSwapper256-A_10531,ignore,,,minimal_tier_excluded,,,InStyleSwapper256-A,MINIMAL,0.034000,trimmed_cropped_-GdZjMOKPWo.mp4,True,True,False
visomaster_InStyleSwapper256-A_10532,ignore,,,minimal_tier_excluded,,,InStyleSwapper256-A,MINIMAL,0.009500,trimmed_cropped_zdELu9nUn6Q.mp4,True,True,False
visomaster_InStyleSwapper256-A_10533,ignore,,,minimal_tier_excluded,,,InStyleSwapper256-A,MINIMAL,0.021200,trimmed_cropped_5_f1IpAB9Gs.mp4,True,True,False
visomaster_InStyleSwapper256-A_10534,ignore,,,minimal_tier_excluded,,,InStyleSwapper256-A,MINIMAL,0.021900,trimmed_cropped_umwPQFUY75Q.mp4,True,True,False
visomaster_InStyleSwapper256-A_10535,ignore,,,minimal_tier_excluded,,,InStyleSwapper256-A,MINIMAL,0.013200,trimmed_cropped_EVoU4RkbPWg.mp4,True,True,False
visomaster_InStyleSwapper256-A_10536,ignore,,,minimal_tier_excluded,,,InStyleSwapper256-A,MINIMAL,0.020700,trimmed_cropped_rqbdUlQ0stQ.mp4,True,True,False
visomaster_InStyleSwapper256-A_10537,ignore,,,minimal_tier_excluded,,,InStyleSwapper256-A,MINIMAL,0.014200,trimmed_cropped_5dEXIOiAsaw.mp4,True,True,False
visomaster_InStyleSwapper256-A_10538,ignore,,,minimal_tier_excluded,,,InStyleSwapper256-A,MINIMAL,0.019500,trimmed_cropped_JEaiQ9R6F8g.mp4,True,True,False
visomaster_InStyleSwapper256-A_10539,ignore,,,minimal_tier_excluded,,,InStyleSwapper256-A,MINIMAL,0.017700,trimmed_cropped_MZB0JO63YVs.mp4,True,True,False
visomaster_InStyleSwapper256-A_10540,ignore,,,minimal_tier_excluded,,,InStyleSwapper256-A,MINIMAL,0.012100,trimmed_cropped_nzr7tfBSNIM.mp4,True,True,False
visomaster_InStyleSwapper256-A_10541,ignore,,,minimal_tier_excluded,,,InStyleSwapper256-A,MINIMAL,0.017800,trimmed_cropped_EvqFdl7S5Zo.mp4,True,True,False
visomaster_InStyleSwapper256-A_10542,ignore,,,minimal_tier_excluded,,,InStyleSwapper256-A,MINIMAL,0.019800,trimmed_cropped_2eZnNjLOrjc.mp4,True,True,False
visomaster_InStyleSwapper256-A_10543,ignore,,,minimal_tier_excluded,,,InStyleSwapper256-A,MINIMAL,0.027600,trimmed_cropped_TNz30_3OVn4.mp4,True,True,False
visomaster_InStyleSwapper256-A_10544,ignore,,,minimal_tier_excluded,,,InStyleSwapper256-A,MINIMAL,0.017600,trimmed_cropped_FmyiAOj1yvU.mp4,True,True,False
visomaster_InStyleSwapper256-A_10545,ignore,,,minimal_tier_excluded,,,InStyleSwapper256-A,MINIMAL,0.015800,trimmed_cropped_bvwi6KhY8q0.mp4,True,True,False
visomaster_InStyleSwapper256-A_10546,ignore,,,minimal_tier_excluded,,,InStyleSwapper256-A,MINIMAL,0.021800,trimmed_cropped_F8ZTxPoeT4o.mp4,True,True,False
visomaster_InStyleSwapper256-A_10547,ignore,,,minimal_tier_excluded,,,InStyleSwapper256-A,MINIMAL,0.021300,trimmed_cropped_9wJY59NWNz8.mp4,True,True,False
visomaster_InStyleSwapper256-A_10548,ignore,,,minimal_tier_excluded,,,InStyleSwapper256-A,MINIMAL,0.023800,trimmed_cropped_ACXsZ23sm_8.mp4,True,True,False
visomaster_InStyleSwapper256-A_10549,ignore,,,minimal_tier_excluded,,,InStyleSwapper256-A,MINIMAL,0.014200,trimmed_cropped_E0fjZuBEATI.mp4,True,True,False
visomaster_InStyleSwapper256-A_10550,ignore,,,minimal_tier_excluded,,,InStyleSwapper256-A,MINIMAL,0.010700,trimmed_cropped_Sy1Xsi-4leU.mp4,True,True,False
visomaster_InStyleSwapper256-A_10551,ignore,,,minimal_tier_excluded,,,InStyleSwapper256-A,MINIMAL,0.037500,trimmed_cropped_8Szaxa8CYyM.mp4,True,True,False
visomaster_InStyleSwapper256-A_10552,ignore,,,minimal_tier_excluded,,,InStyleSwapper256-A,MINIMAL,0.031000,trimmed_cropped_kZCKCnlFhhU.mp4,True,True,False
visomaster_InStyleSwapper256-A_10553,ignore,,,minimal_tier_excluded,,,InStyleSwapper256-A,MINIMAL,0.046400,trimmed_cropped_mJm-5bFvN3k.mp4,True,True,False
visomaster_InStyleSwapper256-A_10554,ignore,,,minimal_tier_excluded,,,InStyleSwapper256-A,MINIMAL,0.011800,trimmed_cropped_uKTIkZTKok0.mp4,True,True,False
visomaster_InStyleSwapper256-A_10555,ignore,,,minimal_tier_excluded,,,InStyleSwapper256-A,MINIMAL,0.019700,trimmed_cropped_L7AuMKiB8l8.mp4,True,True,False
visomaster_InStyleSwapper256-A_10556,ignore,,,minimal_tier_excluded,,,InStyleSwapper256-A,MINIMAL,0.013800,trimmed_cropped_DBZJMQhvK5o.mp4,True,True,False
visomaster_InStyleSwapper256-A_10557,ignore,,,minimal_tier_excluded,,,InStyleSwapper256-A,MINIMAL,0.014600,trimmed_cropped_4X6sMrdacnU.mp4,True,True,False
visomaster_InStyleSwapper256-A_10558,ignore,,,minimal_tier_excluded,,,InStyleSwapper256-A,MINIMAL,0.008500,trimmed_cropped_tSfjtp2cyjk.mp4,True,True,False
visomaster_InStyleSwapper256-A_10559,ignore,,,minimal_tier_excluded,,,InStyleSwapper256-A,MINIMAL,0.015900,trimmed_cropped_9nqjnTXzqAk.mp4,True,True,False
visomaster_InStyleSwapper256-A_10560,ignore,,,minimal_tier_excluded,,,InStyleSwapper256-A,MINIMAL,0.013700,trimmed_cropped_zdNkCw-w2S8.mp4,True,True,False
visomaster_InStyleSwapper256-A_10561,ignore,,,minimal_tier_excluded,,,InStyleSwapper256-A,MINIMAL,0.029400,trimmed_cropped_m1IEaKG-ZL0.mp4,True,True,False
visomaster_InStyleSwapper256-A_10562,ignore,,,minimal_tier_excluded,,,InStyleSwapper256-A,MINIMAL,0.013200,trimmed_cropped_f9JPsX-7WEQ.mp4,True,True,False
visomaster_InStyleSwapper256-A_10563,ignore,,,minimal_tier_excluded,,,InStyleSwapper256-A,MINIMAL,0.033900,trimmed_cropped_5KNVj-wT8rE.mp4,True,True,False
visomaster_InStyleSwapper256-A_10564,ignore,,,minimal_tier_excluded,,,InStyleSwapper256-A,MINIMAL,0.039200,trimmed_cropped_9l4s490rfgY.mp4,True,True,False
visomaster_InStyleSwapper256-A_10565,ignore,,,minimal_tier_excluded,,,InStyleSwapper256-A,MINIMAL,0.019900,trimmed_cropped_4K_Yn2jMSZQ.mp4,True,True,False
visomaster_InStyleSwapper256-A_10566,ignore,,,minimal_tier_excluded,,,InStyleSwapper256-A,MINIMAL,0.012500,trimmed_cropped_XprP2YacUGc.mp4,True,True,False
visomaster_InStyleSwapper256-A_10567,ignore,,,minimal_tier_excluded,,,InStyleSwapper256-A,MINIMAL,0.014500,trimmed_cropped_nOk3n3NEjjA.mp4,True,True,False
visomaster_InStyleSwapper256-A_10568,ignore,,,minimal_tier_excluded,,,InStyleSwapper256-A,MINIMAL,0.011400,trimmed_cropped_NKguUoBhxFM.mp4,True,True,False
visomaster_InStyleSwapper256-A_10569,ignore,,,minimal_tier_excluded,,,InStyleSwapper256-A,MINIMAL,0.010800,trimmed_cropped_vI3vkJBvEoY.mp4,True,True,False
visomaster_InStyleSwapper256-A_10570,ignore,,,minimal_tier_excluded,,,InStyleSwapper256-A,MINIMAL,0.013700,trimmed_cropped__EOA7DtfGV0.mp4,True,True,False
visomaster_InStyleSwapper256-A_10571,ignore,,,minimal_tier_excluded,,,InStyleSwapper256-A,MINIMAL,0.023400,trimmed_cropped_emT4xsO79jQ.mp4,True,True,False
visomaster_InStyleSwapper256-A_10572,ignore,,,minimal_tier_excluded,,,InStyleSwapper256-A,MINIMAL,0.027600,trimmed_cropped_RSmI98_OuCs.mp4,True,True,False
visomaster_InStyleSwapper256-A_10573,ignore,,,minimal_tier_excluded,,,InStyleSwapper256-A,MINIMAL,0.013600,trimmed_cropped_M5f1QBE2mpM.mp4,True,True,False
visomaster_InStyleSwapper256-A_10574,ignore,,,minimal_tier_excluded,,,InStyleSwapper256-A,MINIMAL,0.032200,trimmed_cropped_B5oE7dICEkM.mp4,True,True,False
visomaster_InStyleSwapper256-A_10575,ignore,,,minimal_tier_excluded,,,InStyleSwapper256-A,MINIMAL,0.011700,trimmed_cropped_80e1QiFZtnc.mp4,True,True,False
visomaster_InStyleSwapper256-A_10576,ignore,,,minimal_tier_excluded,,,InStyleSwapper256-A,MINIMAL,0.017300,trimmed_cropped_RpDJowcKkj4.mp4,True,True,False
visomaster_InStyleSwapper256-A_10577,ignore,,,minimal_tier_excluded,,,InStyleSwapper256-A,MINIMAL,0.016200,trimmed_cropped_f85f4OaiIXQ.mp4,True,True,False
visomaster_InStyleSwapper256-A_10578,ignore,,,minimal_tier_excluded,,,InStyleSwapper256-A,MINIMAL,0.022900,trimmed_cropped_34V1bVLf6-k.mp4,True,True,False
visomaster_InStyleSwapper256-A_10579,ignore,,,minimal_tier_excluded,,,InStyleSwapper256-A,MINIMAL,0.024300,trimmed_cropped_19i9AvZNGZ0.mp4,True,True,False
visomaster_InStyleSwapper256-A_10580,ignore,,,minimal_tier_excluded,,,InStyleSwapper256-A,MINIMAL,0.015400,trimmed_cropped_CwfcFuRP_5M.mp4,True,True,False
visomaster_InStyleSwapper256-A_10581,ignore,,,minimal_tier_excluded,,,InStyleSwapper256-A,MINIMAL,0.014600,trimmed_cropped_Wefhetywdng.mp4,True,True,False
visomaster_InStyleSwapper256-A_10582,ignore,,,minimal_tier_excluded,,,InStyleSwapper256-A,MINIMAL,0.023400,trimmed_cropped_emT4xsO79jQ.mp4,True,True,False
visomaster_InStyleSwapper256-A_10583,ignore,,,minimal_tier_excluded,,,InStyleSwapper256-A,MINIMAL,0.031100,trimmed_cropped_g-Rdu4Yq1WA.mp4,True,True,False
visomaster_InStyleSwapper256-A_10584,ignore,,,minimal_tier_excluded,,,InStyleSwapper256-A,MINIMAL,0.015900,trimmed_cropped_O7DA9mtTSMU.mp4,True,True,False
visomaster_InStyleSwapper256-A_10585,ignore,,,minimal_tier_excluded,,,InStyleSwapper256-A,MINIMAL,0.016100,trimmed_94U7P2SiFWA.mp4,True,True,False
visomaster_InStyleSwapper256-A_10586,ignore,,,minimal_tier_excluded,,,InStyleSwapper256-A,MINIMAL,0.019600,trimmed_cropped_fofxtVWI2w4.mp4,True,True,False
visomaster_InStyleSwapper256-A_10587,ignore,,,minimal_tier_excluded,,,InStyleSwapper256-A,MINIMAL,0.010700,trimmed_cropped_dJ2n-rkwEec.mp4,True,True,False
visomaster_InStyleSwapper256-A_10588,ignore,,,minimal_tier_excluded,,,InStyleSwapper256-A,MINIMAL,0.033400,trimmed_cropped_hPL532ie900.mp4,True,True,False
visomaster_InStyleSwapper256-A_10589,ignore,,,minimal_tier_excluded,,,InStyleSwapper256-A,MINIMAL,0.027900,trimmed_cropped_Bm7UzL-V46w.mp4,True,True,False
visomaster_InStyleSwapper256-A_10590,ignore,,,minimal_tier_excluded,,,InStyleSwapper256-A,MINIMAL,0.023000,trimmed_cropped_8ifhPAM30QQ.mp4,True,True,False
visomaster_InStyleSwapper256-A_10591,ignore,,,minimal_tier_excluded,,,InStyleSwapper256-A,MINIMAL,0.019200,trimmed_cropped_kp46sieVRxg.mp4,True,True,False
visomaster_InStyleSwapper256-A_10592,ignore,,,minimal_tier_excluded,,,InStyleSwapper256-A,MINIMAL,0.012000,trimmed_cropped_Keg7AZeOBgI.mp4,True,True,False
visomaster_InStyleSwapper256-A_10593,ignore,,,minimal_tier_excluded,,,InStyleSwapper256-A,MINIMAL,0.010800,trimmed_cropped_ZCBaQpEq1U8.mp4,True,True,False
visomaster_InStyleSwapper256-A_10594,ignore,,,minimal_tier_excluded,,,InStyleSwapper256-A,MINIMAL,0.014500,trimmed_cropped_gekLHC6HpuM.mp4,True,True,False
visomaster_InStyleSwapper256-A_10595,ignore,,,minimal_tier_excluded,,,InStyleSwapper256-A,MINIMAL,0.015600,trimmed_cropped_9W2VWrPafGU.mp4,True,True,False
visomaster_InStyleSwapper256-A_10596,ignore,,,minimal_tier_excluded,,,InStyleSwapper256-A,MINIMAL,0.036700,trimmed_cropped_WU27GhsbaRI.mp4,True,True,False
visomaster_InStyleSwapper256-A_10597,ignore,,,minimal_tier_excluded,,,InStyleSwapper256-A,MINIMAL,0.055400,trimmed_cropped_xcHlt763H6I.mp4,True,True,False
visomaster_InStyleSwapper256-A_10598,ignore,,,minimal_tier_excluded,,,InStyleSwapper256-A,MINIMAL,0.024300,trimmed_cropped_19i9AvZNGZ0.mp4,True,True,False
visomaster_InStyleSwapper256-A_10599,ignore,,,minimal_tier_excluded,,,InStyleSwapper256-A,MINIMAL,0.011000,trimmed_cropped_OMo2B4ILzik.mp4,True,True,False
visomaster_InStyleSwapper256-A_10600,ignore,,,minimal_tier_excluded,,,InStyleSwapper256-A,MINIMAL,0.019200,trimmed_cropped_tMJ_Uw7ZA7w.mp4,True,True,False
visomaster_InStyleSwapper256-A_10601,ignore,,,minimal_tier_excluded,,,InStyleSwapper256-A,MINIMAL,0.024000,trimmed_cropped_NO_1ydgOZ2w.mp4,True,True,False
visomaster_InStyleSwapper256-B_12000,keep,visomaster hints (teams),teams_pair_complete,retain_as_weak_signal_after_teams,,,InStyleSwapper256-B,MODERATE,0.201500,trimmed_cropped_2tK7YsUEA5o.mp4,True,True,True
visomaster_InStyleSwapper256-B_12001,keep,visomaster hints (teams),teams_pair_complete,retain_as_weak_signal_after_teams,,,InStyleSwapper256-B,MODERATE,0.182500,trimmed_cropped_XVVAcXJIq5w.mp4,True,True,True
visomaster_InStyleSwapper256-B_12002,keep,visomaster hints (teams),teams_pair_complete,retain_as_weak_signal_after_teams,,,InStyleSwapper256-B,MODERATE,0.221000,trimmed_cropped_InV9_TJQSZs.mp4,True,True,True
visomaster_InStyleSwapper256-B_12003,keep,visomaster hints (teams),teams_pair_complete,retain_as_weak_signal_after_teams,,,InStyleSwapper256-B,MODERATE,0.259700,trimmed_cropped_5_f1IpAB9Gs.mp4,True,True,True
visomaster_InStyleSwapper256-B_12004,keep,visomaster hints (teams),teams_pair_complete,retain_as_weak_signal_after_teams,,,InStyleSwapper256-B,MINIMAL,0.113300,trimmed_8ZWBqyuAxDw.mp4,True,True,True
visomaster_InStyleSwapper256-B_12005,keep,visomaster hints (teams),teams_pair_complete,retain_as_weak_signal_after_teams,,,InStyleSwapper256-B,STRONG,0.355400,trimmed_cropped_KZd7HzsYVMI.mp4,True,True,True
visomaster_InStyleSwapper256-B_12006,keep,visomaster hints (teams),teams_pair_complete,retain_as_weak_signal_after_teams,,,InStyleSwapper256-B,MINIMAL,0.098900,trimmed_cropped_HotdEP45iY4.mp4,True,True,True
visomaster_InStyleSwapper256-B_12007,keep,visomaster hints (teams),teams_pair_complete,retain_as_weak_signal_after_teams,,,InStyleSwapper256-B,MINIMAL,0.095400,trimmed_cropped_5UUnvItyc4I.mp4,True,True,True
visomaster_InStyleSwapper256-B_12008,keep,visomaster hints (teams),teams_pair_complete,retain_as_weak_signal_after_teams,,,InStyleSwapper256-B,STRONG,0.334600,trimmed_cropped_UYvQ7TsDoOg.mp4,True,True,True
visomaster_InStyleSwapper256-B_12009,keep,visomaster hints (teams),teams_pair_complete,retain_as_weak_signal_after_teams,,,InStyleSwapper256-B,MODERATE,0.193500,trimmed_cropped_hgDI-OyDZuc.mp4,True,True,True
visomaster_InStyleSwapper256-B_12010,keep,visomaster hints (teams),teams_pair_complete,retain_as_weak_signal_after_teams,,,InStyleSwapper256-B,MODERATE,0.277900,trimmed_cropped_EYtapOKI_LE.mp4,True,True,True
visomaster_InStyleSwapper256-B_12011,keep,visomaster hints (teams),teams_pair_complete,retain_as_weak_signal_after_teams,,,InStyleSwapper256-B,MINIMAL,0.132100,trimmed_cropped_OGvkv0NGus8.mp4,True,True,True
visomaster_InStyleSwapper256-B_12012,keep,visomaster hints (teams),teams_pair_complete,retain_as_weak_signal_after_teams,,,InStyleSwapper256-B,MODERATE,0.235700,trimmed_cropped_JteEPbMHVb4.mp4,True,True,True
visomaster_InStyleSwapper256-B_12013,ignore,,,not_selected_in_deterministic_random_subset,,,InStyleSwapper256-B,MODERATE,0.188600,trimmed_cropped_lYX-KRmyUX4.mp4,True,True,False
visomaster_InStyleSwapper256-B_12014,keep,visomaster hints (teams),teams_pair_complete,retain_as_weak_signal_after_teams,,,InStyleSwapper256-B,MINIMAL,0.139700,trimmed_cropped_B4ODXZ4si2U.mp4,True,True,True
visomaster_InStyleSwapper256-B_12015,keep,visomaster hints (teams),teams_pair_complete,retain_as_weak_signal_after_teams,,,InStyleSwapper256-B,MODERATE,0.192200,trimmed_cropped_Ic3E7rqHMoc.mp4,True,True,True
visomaster_InStyleSwapper256-B_12016,keep,visomaster hints (teams),teams_pair_complete,retain_as_weak_signal_after_teams,,,InStyleSwapper256-B,MINIMAL,0.111400,trimmed_cropped_oLm8dEKPHCw.mp4,True,True,True
visomaster_InStyleSwapper256-B_12017,keep,visomaster hints (teams),teams_pair_complete,retain_as_weak_signal_after_teams,,,InStyleSwapper256-B,STRONG,0.328600,trimmed_cropped_XwpIWQLe5f8.mp4,True,True,True
visomaster_InStyleSwapper256-B_12018,keep,visomaster hints (teams),teams_pair_complete,retain_as_weak_signal_after_teams,,,InStyleSwapper256-B,STRONG,0.366700,trimmed_cropped_B-8OqUTQnIA.mp4,True,True,True
visomaster_InStyleSwapper256-B_12019,keep,visomaster hints (teams),teams_pair_complete,retain_as_weak_signal_after_teams,,,InStyleSwapper256-B,STRONG,0.419700,trimmed_cropped_AHziFLq9PQs.mp4,True,True,True
visomaster_InStyleSwapper256-B_12020,keep,visomaster hints (teams),teams_pair_complete,retain_as_weak_signal_after_teams,,,InStyleSwapper256-B,STRONG,0.392400,trimmed_cropped_X3xYyXE1pZM.mp4,True,True,True
visomaster_InStyleSwapper256-B_12021,keep,visomaster hints (teams),teams_pair_complete,retain_as_weak_signal_after_teams,,,InStyleSwapper256-B,STRONG,0.396500,trimmed_cropped_yGaOXtyy0Kk.mp4,True,True,True
visomaster_InStyleSwapper256-B_12022,keep,visomaster hints (teams),teams_pair_complete,retain_as_weak_signal_after_teams,,,InStyleSwapper256-B,STRONG,0.316800,trimmed_cropped_54UQfZXWYzk.mp4,True,True,True
visomaster_InStyleSwapper256-B_12023,keep,visomaster hints (teams),teams_pair_complete,retain_as_weak_signal_after_teams,,,InStyleSwapper256-B,MINIMAL,0.122600,trimmed_cropped_ciQBtlet_7w.mp4,True,True,True
visomaster_InStyleSwapper256-B_12024,keep,visomaster hints (teams),teams_pair_complete,retain_as_weak_signal_after_teams,,,InStyleSwapper256-B,MODERATE,0.197000,trimmed_cropped_LB8CAywLWgM.mp4,True,True,True
visomaster_InStyleSwapper256-B_12025,keep,visomaster hints (teams),teams_pair_complete,retain_as_weak_signal_after_teams,,,InStyleSwapper256-B,MODERATE,0.211900,trimmed_cropped_P2riNI5ui1I.mp4,True,True,True
visomaster_InStyleSwapper256-B_12026,keep,visomaster hints (teams),teams_pair_complete,retain_as_weak_signal_after_teams,,,InStyleSwapper256-B,MODERATE,0.205700,trimmed_cropped_AEBJDDrY0iw.mp4,True,True,True
visomaster_InStyleSwapper256-B_12027,keep,visomaster hints (teams),teams_pair_complete,retain_as_weak_signal_after_teams,,,InStyleSwapper256-B,MINIMAL,0.085500,trimmed_cropped_iULXEYfNh6A.mp4,True,True,True
visomaster_InStyleSwapper256-B_12028,keep,visomaster hints (teams),teams_pair_complete,retain_as_weak_signal_after_teams,,,InStyleSwapper256-B,MODERATE,0.153500,trimmed_cropped_81KhkfoSAVY.mp4,True,True,True
visomaster_InStyleSwapper256-B_12029,delete,,delete_from_bucket,explicit_named_bad_datapoint,,,InStyleSwapper256-B,STRONG,0.423500,trimmed_cropped_13hnp0rNS-Y.mp4,True,True,True
visomaster_InStyleSwapper256-B_12030,keep,visomaster hints (teams),teams_pair_complete,retain_as_weak_signal_after_teams,,,InStyleSwapper256-B,STRONG,0.457800,trimmed_cropped_grqrIkyGstg.mp4,True,True,True
visomaster_InStyleSwapper256-B_12031,keep,visomaster hints (teams),teams_pair_complete,retain_as_weak_signal_after_teams,,,InStyleSwapper256-B,MODERATE,0.167500,trimmed_cropped_OFd7ZydlwrU.mp4,True,True,True
visomaster_InStyleSwapper256-B_12032,keep,visomaster hints (teams),teams_pair_complete,retain_as_weak_signal_after_teams,,,InStyleSwapper256-B,MINIMAL,0.137900,trimmed_cropped_oZDyAQRMl1I.mp4,True,True,True
visomaster_InStyleSwapper256-B_12033,keep,visomaster hints (teams),teams_pair_complete,retain_as_weak_signal_after_teams,,,InStyleSwapper256-B,MODERATE,0.292000,trimmed_cropped_5S50D8vBaus.mp4,True,True,True
visomaster_InStyleSwapper256-B_12034,keep,visomaster hints (teams),teams_pair_complete,retain_as_weak_signal_after_teams,,,InStyleSwapper256-B,MINIMAL,0.149500,trimmed_cropped_OuGTGWPVdag.mp4,True,True,True
visomaster_InStyleSwapper256-B_12035,keep,visomaster hints (teams),teams_pair_complete,retain_as_weak_signal_after_teams,,,InStyleSwapper256-B,MODERATE,0.209700,trimmed_cropped_flfi38e0NKk.mp4,True,True,True
visomaster_InStyleSwapper256-B_12036,ignore,,,not_selected_in_deterministic_random_subset,,,InStyleSwapper256-B,MODERATE,0.203300,trimmed_cropped_Z7ph49t9-Bs.mp4,True,True,False
visomaster_InStyleSwapper256-B_12037,keep,visomaster hints (teams),teams_pair_complete,retain_as_weak_signal_after_teams,,,InStyleSwapper256-B,MODERATE,0.178600,trimmed_cropped_Y5JaJinV3xw.mp4,True,True,True
visomaster_InStyleSwapper256-B_12038,ignore,,,not_selected_in_deterministic_random_subset,,,InStyleSwapper256-B,MODERATE,0.178100,trimmed_cropped_LR99ntq-YlA.mp4,True,True,False
visomaster_InStyleSwapper256-B_12039,keep,visomaster hints,baseline_cropped,retain_as_weak_signal_baseline_subset,InStyleSwapper256-B|MODERATE,20260417,InStyleSwapper256-B,MODERATE,0.246400,trimmed_cropped_dnpMBkalpgk.mp4,True,True,False
visomaster_InStyleSwapper256-B_12040,ignore,,,minimal_tier_excluded,,,InStyleSwapper256-B,MINIMAL,0.091800,trimmed_cropped_-iFpxlhWawE.mp4,True,True,False
visomaster_InStyleSwapper256-B_12041,ignore,,,not_selected_in_deterministic_random_subset,,,InStyleSwapper256-B,MODERATE,0.275000,trimmed_cropped_Jk-kE_FqFKc.mp4,True,True,False
visomaster_InStyleSwapper256-B_12042,ignore,,,not_selected_in_deterministic_random_subset,,,InStyleSwapper256-B,MODERATE,0.163700,trimmed_cropped_iNmvOxC4srs.mp4,True,True,False
visomaster_InStyleSwapper256-B_12043,keep,visomaster hints,baseline_cropped,retain_as_weak_signal_baseline_subset,InStyleSwapper256-B|STRONG,20260417,InStyleSwapper256-B,STRONG,0.325700,trimmed_cropped_5VujhDCap-k.mp4,True,True,False
visomaster_InStyleSwapper256-B_12044,ignore,,,not_selected_in_deterministic_random_subset,,,InStyleSwapper256-B,MODERATE,0.150400,trimmed_cropped_zWIRFB7o-po.mp4,True,True,False
visomaster_InStyleSwapper256-B_12045,ignore,,,not_selected_in_deterministic_random_subset,,,InStyleSwapper256-B,MODERATE,0.241900,trimmed_cropped_MKIl4lnUZhg.mp4,True,True,False
visomaster_InStyleSwapper256-B_12046,ignore,,,minimal_tier_excluded,,,InStyleSwapper256-B,MINIMAL,0.130100,trimmed_cropped_rpRx7Ur1fJ8.mp4,True,True,False
visomaster_InStyleSwapper256-B_12047,ignore,,,minimal_tier_excluded,,,InStyleSwapper256-B,MINIMAL,0.107900,trimmed_cropped_KQ21ITKxSGA.mp4,True,True,False
visomaster_InStyleSwapper256-B_12048,ignore,,,minimal_tier_excluded,,,InStyleSwapper256-B,MINIMAL,0.120900,trimmed_cropped_HmpDm5iAmEo.mp4,True,True,False
visomaster_InStyleSwapper256-B_12049,ignore,,,not_selected_in_deterministic_random_subset,,,InStyleSwapper256-B,MODERATE,0.255600,trimmed_cropped_Q-SePX9STO0.mp4,True,True,False
visomaster_InStyleSwapper256-B_12050,ignore,,,minimal_tier_excluded,,,InStyleSwapper256-B,MINIMAL,0.147800,trimmed_cropped_zUN_-L2num0.mp4,True,True,False
visomaster_InStyleSwapper256-B_12051,ignore,,,minimal_tier_excluded,,,InStyleSwapper256-B,MINIMAL,0.102800,trimmed_cropped_pCVNTUDClZE.mp4,True,True,False
visomaster_InStyleSwapper256-B_12052,ignore,,,not_selected_in_deterministic_random_subset,,,InStyleSwapper256-B,MODERATE,0.151900,trimmed_cropped_Grjx8VSTBq0.mp4,True,True,False
visomaster_InStyleSwapper256-B_12053,ignore,,,not_selected_in_deterministic_random_subset,,,InStyleSwapper256-B,STRONG,0.343300,trimmed_cropped_FWDD1XCDlU8.mp4,True,True,False
visomaster_InStyleSwapper256-B_12054,ignore,,,minimal_tier_excluded,,,InStyleSwapper256-B,MINIMAL,0.133600,trimmed_cropped_YhYW85zivx8.mp4,True,True,False
visomaster_InStyleSwapper256-B_12055,keep,visomaster hints,baseline_cropped,retain_as_weak_signal_baseline_subset,InStyleSwapper256-B|STRONG,20260417,InStyleSwapper256-B,STRONG,0.337400,trimmed_cropped_Z1yCcZp_56U.mp4,True,True,False
visomaster_InStyleSwapper256-B_12056,ignore,,,not_selected_in_deterministic_random_subset,,,InStyleSwapper256-B,MODERATE,0.165300,trimmed_cropped_WqVipfdaDa0.mp4,True,True,False
visomaster_InStyleSwapper256-B_12057,ignore,,,not_selected_in_deterministic_random_subset,,,InStyleSwapper256-B,STRONG,0.358800,trimmed_cropped_AyeBBOipFuo.mp4,True,True,False
visomaster_InStyleSwapper256-B_12058,ignore,,,minimal_tier_excluded,,,InStyleSwapper256-B,MINIMAL,0.140500,trimmed_cropped_GrS_8F5d5lc.mp4,True,True,False
visomaster_InStyleSwapper256-B_12059,ignore,,,not_selected_in_deterministic_random_subset,,,InStyleSwapper256-B,MODERATE,0.285700,trimmed_cropped_YCkjdHR57pU.mp4,True,True,False
visomaster_InStyleSwapper256-B_12060,keep,visomaster hints,baseline_cropped,retain_as_weak_signal_baseline_subset,InStyleSwapper256-B|MODERATE,20260417,InStyleSwapper256-B,MODERATE,0.205100,trimmed_cropped_9luo2gAmXy4.mp4,True,True,False
visomaster_InStyleSwapper256-B_12061,ignore,,,not_selected_in_deterministic_random_subset,,,InStyleSwapper256-B,MODERATE,0.182700,trimmed_cropped_ksRRnjBeiLo.mp4,True,True,False
visomaster_InStyleSwapper256-B_12062,keep,visomaster hints,baseline_cropped,retain_as_weak_signal_baseline_subset,InStyleSwapper256-B|STRONG,20260417,InStyleSwapper256-B,STRONG,0.448000,trimmed_cropped_WEk2v1GQyG8.mp4,True,True,False
visomaster_InStyleSwapper256-B_12063,ignore,,,minimal_tier_excluded,,,InStyleSwapper256-B,MINIMAL,0.132500,trimmed_cropped_qkG_kYSaCYQ.mp4,True,True,False
visomaster_InStyleSwapper256-B_12064,ignore,,,not_selected_in_deterministic_random_subset,,,InStyleSwapper256-B,MODERATE,0.215500,trimmed_cropped_LaYNF3WqbsA.mp4,True,True,False
visomaster_InStyleSwapper256-B_12065,ignore,,,not_selected_in_deterministic_random_subset,,,InStyleSwapper256-B,MODERATE,0.294600,trimmed_cropped_QaGjQ33KVW0.mp4,True,True,False
visomaster_InStyleSwapper256-B_12066,ignore,,,minimal_tier_excluded,,,InStyleSwapper256-B,MINIMAL,0.095800,trimmed_cropped_vnyiHiB0M3c.mp4,True,True,False
visomaster_InStyleSwapper256-B_12067,ignore,,,minimal_tier_excluded,,,InStyleSwapper256-B,MINIMAL,0.145400,trimmed_cropped_mNarelgpCwM.mp4,True,True,False
visomaster_InStyleSwapper256-B_12068,ignore,,,not_selected_in_deterministic_random_subset,,,InStyleSwapper256-B,MODERATE,0.225700,trimmed_cropped_9snXwcW3QrI.mp4,True,True,False
visomaster_InStyleSwapper256-B_12069,ignore,,,not_selected_in_deterministic_random_subset,,,InStyleSwapper256-B,MODERATE,0.233000,trimmed_cropped_7XV1NN3u3G4.mp4,True,True,False
visomaster_InStyleSwapper256-B_12070,keep,visomaster hints,baseline_cropped,retain_as_weak_signal_baseline_subset,InStyleSwapper256-B|STRONG,20260417,InStyleSwapper256-B,STRONG,0.334500,trimmed_cropped_-5Uw8zdCMM8.mp4,True,True,False
visomaster_InStyleSwapper256-B_12071,ignore,,,not_selected_in_deterministic_random_subset,,,InStyleSwapper256-B,MODERATE,0.151700,trimmed_cropped_HqjtSyXaVno.mp4,True,True,False
visomaster_InStyleSwapper256-B_12072,ignore,,,not_selected_in_deterministic_random_subset,,,InStyleSwapper256-B,MODERATE,0.190500,trimmed_cropped_m4wEfag4AOg.mp4,True,True,False
visomaster_InStyleSwapper256-B_12073,ignore,,,not_selected_in_deterministic_random_subset,,,InStyleSwapper256-B,STRONG,0.334200,trimmed_cropped_62-f-qtDb7k.mp4,True,True,False
visomaster_InStyleSwapper256-B_12074,ignore,,,minimal_tier_excluded,,,InStyleSwapper256-B,MINIMAL,0.125900,trimmed_cropped_Ed_hvevjEok.mp4,True,True,False
visomaster_InStyleSwapper256-B_12075,ignore,,,not_selected_in_deterministic_random_subset,,,InStyleSwapper256-B,MODERATE,0.159500,trimmed_cropped_nPp7NRxZ5dE.mp4,True,True,False
visomaster_InStyleSwapper256-B_12076,ignore,,,minimal_tier_excluded,,,InStyleSwapper256-B,MINIMAL,0.131300,trimmed_cropped_IBpVX19LX_4.mp4,True,True,False
visomaster_InStyleSwapper256-B_12077,ignore,,,minimal_tier_excluded,,,InStyleSwapper256-B,MINIMAL,0.102500,trimmed_cropped_QPZ9uYaXxIA.mp4,True,True,False
visomaster_InStyleSwapper256-B_12078,ignore,,,minimal_tier_excluded,,,InStyleSwapper256-B,MINIMAL,0.106200,trimmed_cropped_QXqWBozFXTU.mp4,True,True,False
visomaster_InStyleSwapper256-B_12079,ignore,,,minimal_tier_excluded,,,InStyleSwapper256-B,MINIMAL,0.099000,trimmed_cropped_2eZnNjLOrjc.mp4,True,True,False
visomaster_InStyleSwapper256-B_12080,ignore,,,minimal_tier_excluded,,,InStyleSwapper256-B,MINIMAL,0.117400,trimmed_cropped_otPatfxWh_o.mp4,True,True,False
visomaster_InStyleSwapper256-B_12081,keep,visomaster hints,baseline_cropped,retain_as_weak_signal_baseline_subset,InStyleSwapper256-B|STRONG,20260417,InStyleSwapper256-B,STRONG,0.365900,trimmed_cropped_AzcQCOLEj0U.mp4,True,True,False
visomaster_InStyleSwapper256-B_12082,ignore,,,not_selected_in_deterministic_random_subset,,,InStyleSwapper256-B,MODERATE,0.207000,trimmed_cropped_kHNTVefIRKo.mp4,True,True,False
visomaster_InStyleSwapper256-B_12083,keep,visomaster hints,baseline_cropped,retain_as_weak_signal_baseline_subset,InStyleSwapper256-B|STRONG,20260417,InStyleSwapper256-B,STRONG,0.315800,trimmed_cropped_wsw-xUTFElo.mp4,True,True,False
visomaster_InStyleSwapper256-B_12084,ignore,,,not_selected_in_deterministic_random_subset,,,InStyleSwapper256-B,STRONG,0.317100,trimmed_cropped_3R6slycJ5Ys.mp4,True,True,False
visomaster_InStyleSwapper256-B_12085,ignore,,,minimal_tier_excluded,,,InStyleSwapper256-B,MINIMAL,0.135700,trimmed_cropped_CDVr0tvb5j4.mp4,True,True,False
visomaster_InStyleSwapper256-B_12086,keep,visomaster hints,baseline_cropped,retain_as_weak_signal_baseline_subset,InStyleSwapper256-B|MODERATE,20260417,InStyleSwapper256-B,MODERATE,0.259700,trimmed_cropped_5dEXIOiAsaw.mp4,True,True,False
visomaster_InStyleSwapper256-B_12087,ignore,,,minimal_tier_excluded,,,InStyleSwapper256-B,MINIMAL,0.144400,trimmed_cropped__5-CA1PUiZE.mp4,True,True,False
visomaster_InStyleSwapper256-B_12088,keep,visomaster hints,baseline_cropped,retain_as_weak_signal_baseline_subset,InStyleSwapper256-B|MODERATE,20260417,InStyleSwapper256-B,MODERATE,0.235900,trimmed_cropped_hen5sUXnvIk.mp4,True,True,False
visomaster_InStyleSwapper256-B_12089,ignore,,,minimal_tier_excluded,,,InStyleSwapper256-B,MINIMAL,0.123800,trimmed_cropped_DlfmsUvUAKE.mp4,True,True,False
visomaster_InStyleSwapper256-B_12090,ignore,,,not_selected_in_deterministic_random_subset,,,InStyleSwapper256-B,MODERATE,0.215400,trimmed_cropped_8XdcPEDF0bQ.mp4,True,True,False
visomaster_InStyleSwapper256-B_12091,ignore,,,not_selected_in_deterministic_random_subset,,,InStyleSwapper256-B,MODERATE,0.154900,trimmed_cropped_87YIp8VCS7Q.mp4,True,True,False
visomaster_InStyleSwapper256-B_12092,ignore,,,minimal_tier_excluded,,,InStyleSwapper256-B,MINIMAL,0.088300,trimmed_cropped_O3C5PkqWRCU.mp4,True,True,False
visomaster_InStyleSwapper256-B_12093,ignore,,,not_selected_in_deterministic_random_subset,,,InStyleSwapper256-B,MODERATE,0.164200,trimmed_cropped_Wz1QMBxMEkA.mp4,True,True,False
visomaster_InStyleSwapper256-B_12094,ignore,,,not_selected_in_deterministic_random_subset,,,InStyleSwapper256-B,MODERATE,0.153800,trimmed_cropped_XrUXvd9FV9o.mp4,True,True,False
visomaster_InStyleSwapper256-B_12095,ignore,,,not_selected_in_deterministic_random_subset,,,InStyleSwapper256-B,MODERATE,0.242200,trimmed_cropped_5KNVj-wT8rE.mp4,True,True,False
visomaster_InStyleSwapper256-B_12096,ignore,,,not_selected_in_deterministic_random_subset,,,InStyleSwapper256-B,MODERATE,0.156800,trimmed_cropped_nru8LyIOAVQ.mp4,True,True,False
visomaster_InStyleSwapper256-B_12097,ignore,,,minimal_tier_excluded,,,InStyleSwapper256-B,MINIMAL,0.108300,trimmed_cropped_YhYW85zivx8.mp4,True,True,False
visomaster_InStyleSwapper256-B_12098,ignore,,,minimal_tier_excluded,,,InStyleSwapper256-B,MINIMAL,0.121100,trimmed_cropped_tg7vhMT46sA.mp4,True,True,False
visomaster_InStyleSwapper256-B_12099,keep,visomaster hints,baseline_cropped,retain_as_weak_signal_baseline_subset,InStyleSwapper256-B|STRONG,20260417,InStyleSwapper256-B,STRONG,0.376600,trimmed_cropped_0yLQsC7p1cE.mp4,True,True,False
visomaster_InStyleSwapper256-B_12100,ignore,,,minimal_tier_excluded,,,InStyleSwapper256-B,MINIMAL,0.136700,trimmed_cropped_nk1JD3d4_0o.mp4,True,True,False
visomaster_InStyleSwapper256-B_12101,keep,visomaster hints,baseline_cropped,retain_as_weak_signal_baseline_subset,InStyleSwapper256-B|MODERATE,20260417,InStyleSwapper256-B,MODERATE,0.167800,trimmed_cropped_y42iVRTKEc8.mp4,True,True,False
visomaster_InStyleSwapper256-B_12102,ignore,,,not_selected_in_deterministic_random_subset,,,InStyleSwapper256-B,MODERATE,0.167800,trimmed_cropped_zd9xGTQ3HgA.mp4,True,True,False
visomaster_InStyleSwapper256-B_12103,ignore,,,not_selected_in_deterministic_random_subset,,,InStyleSwapper256-B,MODERATE,0.197000,trimmed_cropped_Hu6a6-mVYbY.mp4,True,True,False
visomaster_InStyleSwapper256-B_12104,ignore,,,not_selected_in_deterministic_random_subset,,,InStyleSwapper256-B,MODERATE,0.154100,trimmed_cropped_OmjJlPQgKeE.mp4,True,True,False
visomaster_InStyleSwapper256-B_12105,ignore,,,not_selected_in_deterministic_random_subset,,,InStyleSwapper256-B,MODERATE,0.197800,trimmed_cropped_ZhnDcPdS4NA.mp4,True,True,False
visomaster_InStyleSwapper256-B_12106,ignore,,,minimal_tier_excluded,,,InStyleSwapper256-B,MINIMAL,0.130800,trimmed_cropped_7b0FxBYOhKU.mp4,True,True,False
visomaster_InStyleSwapper256-B_12107,ignore,,,minimal_tier_excluded,,,InStyleSwapper256-B,MINIMAL,0.118900,trimmed_cropped_Kj8zS4DGr4s.mp4,True,True,False
visomaster_InStyleSwapper256-B_12108,ignore,,,not_selected_in_deterministic_random_subset,,,InStyleSwapper256-B,MODERATE,0.230100,trimmed_cropped_qcg7uyxomSc.mp4,True,True,False
visomaster_InStyleSwapper256-B_12109,keep,visomaster hints,baseline_cropped,retain_as_weak_signal_baseline_subset,InStyleSwapper256-B|STRONG,20260417,InStyleSwapper256-B,STRONG,0.321100,trimmed_cropped_ImmzOmjlhKQ.mp4,True,True,False
visomaster_InStyleSwapper256-B_12110,keep,visomaster hints,baseline_cropped,retain_as_weak_signal_baseline_subset,InStyleSwapper256-B|STRONG,20260417,InStyleSwapper256-B,STRONG,0.334000,trimmed_cropped_CpTJmHyy00s.mp4,True,True,False
visomaster_InStyleSwapper256-B_12111,keep,visomaster hints,baseline_cropped,retain_as_weak_signal_baseline_subset,InStyleSwapper256-B|STRONG,20260417,InStyleSwapper256-B,STRONG,0.468600,trimmed_cropped_TtzDEBFmUvY.mp4,True,True,False
visomaster_InStyleSwapper256-B_12112,ignore,,,not_selected_in_deterministic_random_subset,,,InStyleSwapper256-B,MODERATE,0.176800,trimmed_cropped_QQT_ZdbKBeg.mp4,True,True,False
visomaster_InStyleSwapper256-B_12113,ignore,,,not_selected_in_deterministic_random_subset,,,InStyleSwapper256-B,MODERATE,0.288900,trimmed_cropped_xWZmvyKAY3I.mp4,True,True,False
visomaster_InStyleSwapper256-B_12114,ignore,,,not_selected_in_deterministic_random_subset,,,InStyleSwapper256-B,MODERATE,0.255300,trimmed_cropped_ZSPwG1udOYg.mp4,True,True,False
visomaster_InStyleSwapper256-B_12115,ignore,,,missing_tier_metadata_companion,,,InStyleSwapper256-B,,,,True,False,False
visomaster_InStyleSwapper256-B_12116,ignore,,,minimal_tier_excluded,,,InStyleSwapper256-B,MINIMAL,0.148900,trimmed_cropped_ILQoWRt-Hlc.mp4,True,True,False
visomaster_InStyleSwapper256-B_12117,ignore,,,minimal_tier_excluded,,,InStyleSwapper256-B,MINIMAL,0.127900,trimmed_cropped_RN_k5CNA5_A.mp4,True,True,False
visomaster_InStyleSwapper256-B_12118,ignore,,,not_selected_in_deterministic_random_subset,,,InStyleSwapper256-B,MODERATE,0.220800,trimmed_cropped_dotjaAOMF0o.mp4,True,True,False
visomaster_InStyleSwapper256-B_12119,ignore,,,not_selected_in_deterministic_random_subset,,,InStyleSwapper256-B,MODERATE,0.220700,trimmed_cropped_wWpwMRUDVJc.mp4,True,True,False
visomaster_InStyleSwapper256-B_12120,ignore,,,not_selected_in_deterministic_random_subset,,,InStyleSwapper256-B,MODERATE,0.293400,trimmed_cropped_sWp-tu9Lcz0.mp4,True,True,False
visomaster_InStyleSwapper256-B_12121,keep,visomaster hints,baseline_cropped,retain_as_weak_signal_baseline_subset,InStyleSwapper256-B|MODERATE,20260417,InStyleSwapper256-B,MODERATE,0.152200,trimmed_cropped_5CWT61gw3JA.mp4,True,True,False
visomaster_InStyleSwapper256-B_12122,ignore,,,minimal_tier_excluded,,,InStyleSwapper256-B,MINIMAL,0.082600,trimmed_cropped_QgcwZ3NX9Z8.mp4,True,True,False
visomaster_InStyleSwapper256-B_12123,keep,visomaster hints,baseline_cropped,retain_as_weak_signal_baseline_subset,InStyleSwapper256-B|MODERATE,20260417,InStyleSwapper256-B,MODERATE,0.273900,trimmed_cropped_S6l6urHO3AQ.mp4,True,True,False
visomaster_InStyleSwapper256-B_12124,ignore,,,minimal_tier_excluded,,,InStyleSwapper256-B,MINIMAL,0.126600,trimmed_cropped_aYJ4ZaCooGc.mp4,True,True,False
visomaster_InStyleSwapper256-B_12125,ignore,,,minimal_tier_excluded,,,InStyleSwapper256-B,MINIMAL,0.106600,trimmed_cropped_60FWcgTpWDw.mp4,True,True,False
visomaster_InStyleSwapper256-B_12126,keep,visomaster hints,baseline_cropped,retain_as_weak_signal_baseline_subset,InStyleSwapper256-B|STRONG,20260417,InStyleSwapper256-B,STRONG,0.333000,trimmed_cropped_8_fg_jauX1k.mp4,True,True,False
visomaster_InStyleSwapper256-B_12127,ignore,,,minimal_tier_excluded,,,InStyleSwapper256-B,MINIMAL,0.133200,trimmed_cropped_7Uu-tjpSCMg.mp4,True,True,False
visomaster_InStyleSwapper256-B_12128,ignore,,,not_selected_in_deterministic_random_subset,,,InStyleSwapper256-B,MODERATE,0.171100,trimmed_cropped_nk1JD3d4_0o.mp4,True,True,False
visomaster_InStyleSwapper256-B_12129,ignore,,,minimal_tier_excluded,,,InStyleSwapper256-B,MINIMAL,0.138800,trimmed_cropped_sy0NNORX61g.mp4,True,True,False
visomaster_InStyleSwapper256-B_12130,keep,visomaster hints,baseline_cropped,retain_as_weak_signal_baseline_subset,InStyleSwapper256-B|MODERATE,20260417,InStyleSwapper256-B,MODERATE,0.164100,trimmed_cropped_--Tl7vxEsyw.mp4,True,True,False
visomaster_InStyleSwapper256-B_12131,ignore,,,minimal_tier_excluded,,,InStyleSwapper256-B,MINIMAL,0.146500,trimmed_cropped_ajiH4baqP1Y.mp4,True,True,False
visomaster_InStyleSwapper256-B_12132,ignore,,,not_selected_in_deterministic_random_subset,,,InStyleSwapper256-B,MODERATE,0.221200,trimmed_cropped_lK8HnPKx910.mp4,True,True,False
visomaster_InStyleSwapper256-B_12133,ignore,,,not_selected_in_deterministic_random_subset,,,InStyleSwapper256-B,MODERATE,0.156200,trimmed_cropped_PA33oZn3Gy4.mp4,True,True,False
visomaster_InStyleSwapper256-B_12134,ignore,,,not_selected_in_deterministic_random_subset,,,InStyleSwapper256-B,STRONG,0.372700,trimmed_cropped_4mDMvv-YnNU.mp4,True,True,False
visomaster_InStyleSwapper256-B_12135,ignore,,,not_selected_in_deterministic_random_subset,,,InStyleSwapper256-B,MODERATE,0.160200,trimmed_cropped_xkgLCdB2rd0.mp4,True,True,False
visomaster_InStyleSwapper256-B_12136,ignore,,,not_selected_in_deterministic_random_subset,,,InStyleSwapper256-B,MODERATE,0.191600,trimmed_cropped_h0p5_Cu9BoY.mp4,True,True,False
visomaster_InStyleSwapper256-B_12137,ignore,,,not_selected_in_deterministic_random_subset,,,InStyleSwapper256-B,MODERATE,0.195700,trimmed_cropped_AgCKz3nu_-0.mp4,True,True,False
visomaster_InStyleSwapper256-B_12138,ignore,,,minimal_tier_excluded,,,InStyleSwapper256-B,MINIMAL,0.083600,trimmed_cropped_EDzZAu5cNM8.mp4,True,True,False
visomaster_InStyleSwapper256-B_12139,ignore,,,minimal_tier_excluded,,,InStyleSwapper256-B,MINIMAL,0.148800,trimmed_cropped_YE7NfU2xl1I.mp4,True,True,False
visomaster_InStyleSwapper256-B_12140,ignore,,,minimal_tier_excluded,,,InStyleSwapper256-B,MINIMAL,0.107000,trimmed_cropped_0UmJ4E0ZV3I.mp4,True,True,False
visomaster_InStyleSwapper256-B_12141,ignore,,,not_selected_in_deterministic_random_subset,,,InStyleSwapper256-B,MODERATE,0.173700,trimmed_cropped_3RZP5NIZzBY.mp4,True,True,False
visomaster_InStyleSwapper256-B_12142,keep,visomaster hints,baseline_cropped,retain_as_weak_signal_baseline_subset,InStyleSwapper256-B|STRONG,20260417,InStyleSwapper256-B,STRONG,0.415300,trimmed_cropped_thGnk6aj1iM.mp4,True,True,False
visomaster_InStyleSwapper256-B_12143,ignore,,,not_selected_in_deterministic_random_subset,,,InStyleSwapper256-B,STRONG,0.411300,trimmed_cropped_nb1Mqg557K4.mp4,True,True,False
visomaster_InStyleSwapper256-B_12144,ignore,,,minimal_tier_excluded,,,InStyleSwapper256-B,MINIMAL,0.149200,trimmed_cropped_aZwtIIXAHwk.mp4,True,True,False
visomaster_InStyleSwapper256-B_12145,ignore,,,not_selected_in_deterministic_random_subset,,,InStyleSwapper256-B,MODERATE,0.155600,trimmed_cropped_KtroK0q87xU.mp4,True,True,False
visomaster_InStyleSwapper256-B_12146,ignore,,,minimal_tier_excluded,,,InStyleSwapper256-B,MINIMAL,0.125300,trimmed_cropped_9MVRX_ZlFTM.mp4,True,True,False
visomaster_InStyleSwapper256-B_12147,ignore,,,minimal_tier_excluded,,,InStyleSwapper256-B,MINIMAL,0.112400,trimmed_cropped_Xop5dt-yhOA.mp4,True,True,False
visomaster_InStyleSwapper256-B_12148,ignore,,,not_selected_in_deterministic_random_subset,,,InStyleSwapper256-B,MODERATE,0.170600,trimmed_cropped_3j_RKS2mLWw.mp4,True,True,False
visomaster_InStyleSwapper256-B_12149,ignore,,,not_selected_in_deterministic_random_subset,,,InStyleSwapper256-B,MODERATE,0.297100,trimmed_cropped_kwrC81_0dxA.mp4,True,True,False
visomaster_InStyleSwapper256-B_12150,ignore,,,minimal_tier_excluded,,,InStyleSwapper256-B,MINIMAL,0.123800,trimmed_cropped_gEPmkhUPQZ0.mp4,True,True,False
visomaster_InStyleSwapper256-B_12151,ignore,,,minimal_tier_excluded,,,InStyleSwapper256-B,MINIMAL,0.131500,trimmed_cropped_h5p2qg0Czeg.mp4,True,True,False
visomaster_InStyleSwapper256-B_12152,keep,visomaster hints,baseline_cropped,retain_as_weak_signal_baseline_subset,InStyleSwapper256-B|MODERATE,20260417,InStyleSwapper256-B,MODERATE,0.260900,trimmed_cropped_Jb2NcyTbNvE.mp4,True,True,False
visomaster_InStyleSwapper256-B_12153,ignore,,,minimal_tier_excluded,,,InStyleSwapper256-B,MINIMAL,0.110200,trimmed_cropped_X9NURKuWjT0.mp4,True,True,False
visomaster_InStyleSwapper256-B_12154,ignore,,,not_selected_in_deterministic_random_subset,,,InStyleSwapper256-B,MODERATE,0.232300,trimmed_cropped_qypgWId-5eM.mp4,True,True,False
visomaster_InStyleSwapper256-B_12155,ignore,,,not_selected_in_deterministic_random_subset,,,InStyleSwapper256-B,MODERATE,0.208600,trimmed_cropped_65L_7PY-RQQ.mp4,True,True,False
visomaster_InStyleSwapper256-B_12156,keep,visomaster hints,baseline_cropped,retain_as_weak_signal_baseline_subset,InStyleSwapper256-B|STRONG,20260417,InStyleSwapper256-B,STRONG,0.302200,trimmed_cropped_olMS-1VLciU.mp4,True,True,False
visomaster_InStyleSwapper256-B_12157,ignore,,,minimal_tier_excluded,,,InStyleSwapper256-B,MINIMAL,0.122300,trimmed_cropped_8VguUjyoIAA.mp4,True,True,False
visomaster_InStyleSwapper256-B_12158,ignore,,,not_selected_in_deterministic_random_subset,,,InStyleSwapper256-B,MODERATE,0.176900,trimmed_cropped_R7S448YBSBU.mp4,True,True,False
visomaster_InStyleSwapper256-B_12159,ignore,,,not_selected_in_deterministic_random_subset,,,InStyleSwapper256-B,STRONG,0.446100,trimmed_cropped_C6q3hHjCGtc.mp4,True,True,False
visomaster_InStyleSwapper256-B_12160,ignore,,,minimal_tier_excluded,,,InStyleSwapper256-B,MINIMAL,0.121300,trimmed_cropped_Pb5IKzvmADs.mp4,True,True,False
visomaster_InStyleSwapper256-B_12161,ignore,,,not_selected_in_deterministic_random_subset,,,InStyleSwapper256-B,MODERATE,0.232600,trimmed_cropped_7lb1OL4fIxg.mp4,True,True,False
visomaster_InStyleSwapper256-B_12162,keep,visomaster hints,baseline_cropped,retain_as_weak_signal_baseline_subset,InStyleSwapper256-B|MODERATE,20260417,InStyleSwapper256-B,MODERATE,0.164000,trimmed_cropped_aRYkFj3B4s4.mp4,True,True,False
visomaster_InStyleSwapper256-B_12163,ignore,,,not_selected_in_deterministic_random_subset,,,InStyleSwapper256-B,STRONG,0.311600,trimmed_cropped_lC9GQbW8bnE.mp4,True,True,False
visomaster_InStyleSwapper256-B_12164,ignore,,,not_selected_in_deterministic_random_subset,,,InStyleSwapper256-B,MODERATE,0.227200,trimmed_cropped_gylK28rb37Y.mp4,True,True,False
visomaster_InStyleSwapper256-B_12165,ignore,,,minimal_tier_excluded,,,InStyleSwapper256-B,MINIMAL,0.106400,trimmed_cropped_JJjYRN9nSQs.mp4,True,True,False
visomaster_InStyleSwapper256-B_12166,ignore,,,minimal_tier_excluded,,,InStyleSwapper256-B,MINIMAL,0.141600,trimmed_cropped_z088igEeSkk.mp4,True,True,False
visomaster_InStyleSwapper256-B_12167,ignore,,,minimal_tier_excluded,,,InStyleSwapper256-B,MINIMAL,0.106000,trimmed_cropped_esN0KaDm4Rk.mp4,True,True,False
visomaster_InStyleSwapper256-B_12168,ignore,,,not_selected_in_deterministic_random_subset,,,InStyleSwapper256-B,MODERATE,0.253500,trimmed_cropped_blvfZtqVX2w.mp4,True,True,False
visomaster_InStyleSwapper256-B_12169,ignore,,,not_selected_in_deterministic_random_subset,,,InStyleSwapper256-B,MODERATE,0.246300,trimmed_cropped_Q2b9ZSDu9fI.mp4,True,True,False
visomaster_InStyleSwapper256-B_12170,ignore,,,not_selected_in_deterministic_random_subset,,,InStyleSwapper256-B,MODERATE,0.170300,trimmed_cropped_0IDzY_WzaiA.mp4,True,True,False
visomaster_InStyleSwapper256-B_12171,ignore,,,minimal_tier_excluded,,,InStyleSwapper256-B,MINIMAL,0.132500,trimmed_cropped_JJjYRN9nSQs.mp4,True,True,False
visomaster_InStyleSwapper256-B_12172,keep,visomaster hints,baseline_cropped,retain_as_weak_signal_baseline_subset,InStyleSwapper256-B|STRONG,20260417,InStyleSwapper256-B,STRONG,0.333200,trimmed_cropped_L9ZRoqeh5ds.mp4,True,True,False
visomaster_InStyleSwapper256-B_12173,ignore,,,minimal_tier_excluded,,,InStyleSwapper256-B,MINIMAL,0.137900,trimmed_cropped__8UtzW5yCIk.mp4,True,True,False
visomaster_InStyleSwapper256-B_12174,ignore,,,not_selected_in_deterministic_random_subset,,,InStyleSwapper256-B,STRONG,0.347000,trimmed_cropped_z-4wFRFBzm0.mp4,True,True,False
visomaster_InStyleSwapper256-B_12175,ignore,,,not_selected_in_deterministic_random_subset,,,InStyleSwapper256-B,MODERATE,0.224000,_Py2KJWn0UI.mp4,True,True,False
visomaster_InStyleSwapper256-B_12176,keep,visomaster hints,baseline_cropped,retain_as_weak_signal_baseline_subset,InStyleSwapper256-B|MODERATE,20260417,InStyleSwapper256-B,MODERATE,0.176600,trimmed_cropped_3E8wf_ma7Mc.mp4,True,True,False
visomaster_InStyleSwapper256-B_12177,ignore,,,not_selected_in_deterministic_random_subset,,,InStyleSwapper256-B,MODERATE,0.231500,trimmed_cropped_VlooYAdgPXc.mp4,True,True,False
visomaster_InStyleSwapper256-B_12178,keep,visomaster hints,baseline_cropped,retain_as_weak_signal_baseline_subset,InStyleSwapper256-B|STRONG,20260417,InStyleSwapper256-B,STRONG,0.421400,trimmed_cropped_FHiN0OPr-5g.mp4,True,True,False
visomaster_InStyleSwapper256-B_12179,ignore,,,not_selected_in_deterministic_random_subset,,,InStyleSwapper256-B,MODERATE,0.258600,trimmed_cropped_DmSkXP8Fh9A.mp4,True,True,False
visomaster_InStyleSwapper256-B_12180,ignore,,,minimal_tier_excluded,,,InStyleSwapper256-B,MINIMAL,0.120300,trimmed_cropped_fzExKjr5rsI.mp4,True,True,False
visomaster_InStyleSwapper256-B_12181,ignore,,,minimal_tier_excluded,,,InStyleSwapper256-B,MINIMAL,0.075400,trimmed_cropped_edW_08iXesY.mp4,True,True,False
visomaster_InStyleSwapper256-B_12182,ignore,,,minimal_tier_excluded,,,InStyleSwapper256-B,MINIMAL,0.081500,trimmed_cropped_h4MzAhBpsYY.mp4,True,True,False
visomaster_InStyleSwapper256-B_12183,ignore,,,minimal_tier_excluded,,,InStyleSwapper256-B,MINIMAL,0.105100,Bhc1hpkEeos.mp4,True,True,False
visomaster_InStyleSwapper256-B_12184,ignore,,,not_selected_in_deterministic_random_subset,,,InStyleSwapper256-B,MODERATE,0.166900,trimmed_cropped_v5LKiZ0EoK4.mp4,True,True,False
visomaster_InStyleSwapper256-B_12185,ignore,,,minimal_tier_excluded,,,InStyleSwapper256-B,MINIMAL,0.120200,trimmed_OaSzRWDazr4.mp4,True,True,False
visomaster_InStyleSwapper256-B_12186,ignore,,,minimal_tier_excluded,,,InStyleSwapper256-B,MINIMAL,0.119200,trimmed_cropped_Ljo1zZlM0S8.mp4,True,True,False
visomaster_InStyleSwapper256-B_12187,ignore,,,not_selected_in_deterministic_random_subset,,,InStyleSwapper256-B,MODERATE,0.174000,trimmed_cropped_grhHJHhTUOo.mp4,True,True,False
visomaster_InStyleSwapper256-B_12188,ignore,,,not_selected_in_deterministic_random_subset,,,InStyleSwapper256-B,MODERATE,0.248300,trimmed_cropped_2s5DUKcSz9o.mp4,True,True,False
visomaster_InStyleSwapper256-B_12189,ignore,,,minimal_tier_excluded,,,InStyleSwapper256-B,MINIMAL,0.107600,trimmed_cropped_qYiuglHmNJQ.mp4,True,True,False
visomaster_InStyleSwapper256-B_12190,ignore,,,minimal_tier_excluded,,,InStyleSwapper256-B,MINIMAL,0.140200,trimmed_cropped_x8DBZ4tsx9A.mp4,True,True,False
visomaster_InStyleSwapper256-B_12191,ignore,,,minimal_tier_excluded,,,InStyleSwapper256-B,MINIMAL,0.085200,trimmed_cropped_szui77GbOCY.mp4,True,True,False
visomaster_InStyleSwapper256-B_12192,ignore,,,not_selected_in_deterministic_random_subset,,,InStyleSwapper256-B,STRONG,0.326900,trimmed_cropped_YQHT2YeN-U0.mp4,True,True,False
visomaster_InStyleSwapper256-B_12193,ignore,,,not_selected_in_deterministic_random_subset,,,InStyleSwapper256-B,MODERATE,0.191400,trimmed_cropped_WEwsuU5XpSk.mp4,True,True,False
visomaster_InStyleSwapper256-B_12194,ignore,,,not_selected_in_deterministic_random_subset,,,InStyleSwapper256-B,MODERATE,0.167700,trimmed_cropped_9MVRX_ZlFTM.mp4,True,True,False
visomaster_InStyleSwapper256-B_12195,keep,visomaster hints,baseline_cropped,retain_as_weak_signal_baseline_subset,InStyleSwapper256-B|STRONG,20260417,InStyleSwapper256-B,STRONG,0.349800,trimmed_cropped_5CWT61gw3JA.mp4,True,True,False
visomaster_InStyleSwapper256-B_12196,ignore,,,minimal_tier_excluded,,,InStyleSwapper256-B,MINIMAL,0.127400,trimmed_cropped_4w1gFv01BdM.mp4,True,True,False
visomaster_InStyleSwapper256-B_12197,ignore,,,not_selected_in_deterministic_random_subset,,,InStyleSwapper256-B,MODERATE,0.157600,trimmed_cropped_Ucel9A37G3M.mp4,True,True,False
visomaster_InStyleSwapper256-B_12198,ignore,,,minimal_tier_excluded,,,InStyleSwapper256-B,MINIMAL,0.139400,trimmed_cropped_MtF80Y6UVkM.mp4,True,True,False
visomaster_InStyleSwapper256-B_12199,keep,visomaster hints,baseline_cropped,retain_as_weak_signal_baseline_subset,InStyleSwapper256-B|STRONG,20260417,InStyleSwapper256-B,STRONG,0.313600,trimmed_cropped_F_JEJ9pfNYA.mp4,True,True,False
visomaster_InStyleSwapper256-B_12200,ignore,,,not_selected_in_deterministic_random_subset,,,InStyleSwapper256-B,MODERATE,0.189000,trimmed_cropped_iypoh8MRv1M.mp4,True,True,False
visomaster_InStyleSwapper256-B_12201,keep,visomaster hints,baseline_cropped,retain_as_weak_signal_baseline_subset,InStyleSwapper256-B|STRONG,20260417,InStyleSwapper256-B,STRONG,0.316600,Bhc1hpkEeos.mp4,True,True,False
visomaster_InStyleSwapper256-B_12202,ignore,,,minimal_tier_excluded,,,InStyleSwapper256-B,MINIMAL,0.016000,trimmed_cropped_VoOTI1QRWbQ.mp4,True,True,False
visomaster_InStyleSwapper256-B_12203,ignore,,,minimal_tier_excluded,,,InStyleSwapper256-B,MINIMAL,0.007800,trimmed_cropped_OImZ40W4Gn4.mp4,True,True,False
visomaster_InStyleSwapper256-B_12204,ignore,,,minimal_tier_excluded,,,InStyleSwapper256-B,MINIMAL,0.022400,trimmed_cropped_-vwIW5awW04.mp4,True,True,False
visomaster_InStyleSwapper256-B_12205,ignore,,,minimal_tier_excluded,,,InStyleSwapper256-B,MINIMAL,0.024500,trimmed_cropped_8BS7rD18y38.mp4,True,True,False
visomaster_InStyleSwapper256-B_12206,ignore,,,minimal_tier_excluded,,,InStyleSwapper256-B,MINIMAL,0.020800,trimmed_cropped_peCMaMOZKXw.mp4,True,True,False
visomaster_InStyleSwapper256-B_12207,ignore,,,minimal_tier_excluded,,,InStyleSwapper256-B,MINIMAL,0.010700,trimmed_cropped_iDJBXUxcC8E.mp4,True,True,False
visomaster_InStyleSwapper256-B_12208,ignore,,,minimal_tier_excluded,,,InStyleSwapper256-B,MINIMAL,0.023000,trimmed_cropped_OmjJlPQgKeE.mp4,True,True,False
visomaster_InStyleSwapper256-B_12209,ignore,,,minimal_tier_excluded,,,InStyleSwapper256-B,MINIMAL,0.011300,trimmed_cropped_SpG55mNdBxw.mp4,True,True,False
visomaster_InStyleSwapper256-B_12210,ignore,,,minimal_tier_excluded,,,InStyleSwapper256-B,MINIMAL,0.010800,trimmed_cropped_GYiK-bfo614.mp4,True,True,False
visomaster_InStyleSwapper256-B_12211,ignore,,,minimal_tier_excluded,,,InStyleSwapper256-B,MINIMAL,0.012900,trimmed_cropped_J8pBsn89bYo.mp4,True,True,False
visomaster_InStyleSwapper256-B_12212,ignore,,,minimal_tier_excluded,,,InStyleSwapper256-B,MINIMAL,0.013400,trimmed_cropped_rPhFWdOYZ7w.mp4,True,True,False
visomaster_InStyleSwapper256-B_12213,ignore,,,minimal_tier_excluded,,,InStyleSwapper256-B,MINIMAL,0.014800,trimmed_cropped_jQdjxfKJxF4.mp4,True,True,False
visomaster_InStyleSwapper256-B_12214,ignore,,,minimal_tier_excluded,,,InStyleSwapper256-B,MINIMAL,0.009800,trimmed_cropped_x6LhWJbaM3s.mp4,True,True,False
visomaster_InStyleSwapper256-B_12215,ignore,,,minimal_tier_excluded,,,InStyleSwapper256-B,MINIMAL,0.034000,trimmed_cropped_nnVNWZwKyGs.mp4,True,True,False
visomaster_InStyleSwapper256-B_12216,ignore,,,minimal_tier_excluded,,,InStyleSwapper256-B,MINIMAL,0.006300,trimmed_cropped_-EWkaEfRNN8.mp4,True,True,False
visomaster_InStyleSwapper256-B_12217,ignore,,,minimal_tier_excluded,,,InStyleSwapper256-B,MINIMAL,0.030800,trimmed_cropped_4dbcDeHtxD0.mp4,True,True,False
visomaster_InStyleSwapper256-B_12218,ignore,,,minimal_tier_excluded,,,InStyleSwapper256-B,MINIMAL,0.018100,trimmed_cropped_S_pb2KzIDK0.mp4,True,True,False
visomaster_InStyleSwapper256-B_12219,ignore,,,minimal_tier_excluded,,,InStyleSwapper256-B,MINIMAL,0.012100,trimmed_cropped_CdpZANr8XHE.mp4,True,True,False
visomaster_InStyleSwapper256-B_12220,ignore,,,minimal_tier_excluded,,,InStyleSwapper256-B,MINIMAL,0.010100,trimmed_cropped_rL48FS-99ac.mp4,True,True,False
visomaster_InStyleSwapper256-B_12221,ignore,,,minimal_tier_excluded,,,InStyleSwapper256-B,MINIMAL,0.008700,trimmed_cropped_5CWT61gw3JA.mp4,True,True,False
visomaster_InStyleSwapper256-B_12222,ignore,,,minimal_tier_excluded,,,InStyleSwapper256-B,MINIMAL,0.009200,trimmed_cropped_cKporSxcOAQ.mp4,True,True,False
visomaster_InStyleSwapper256-B_12223,ignore,,,minimal_tier_excluded,,,InStyleSwapper256-B,MINIMAL,0.011500,trimmed_cropped_0q0NLwZhw-c.mp4,True,True,False
visomaster_InStyleSwapper256-B_12224,ignore,,,minimal_tier_excluded,,,InStyleSwapper256-B,MINIMAL,0.028200,trimmed_cropped_XYj0f9xgwMM.mp4,True,True,False
visomaster_InStyleSwapper256-B_12225,ignore,,,minimal_tier_excluded,,,InStyleSwapper256-B,MINIMAL,0.008600,trimmed_cropped_axyKJZUiq0o.mp4,True,True,False
visomaster_InStyleSwapper256-B_12226,ignore,,,minimal_tier_excluded,,,InStyleSwapper256-B,MINIMAL,0.015700,trimmed_cropped_aLM5tHouOcg.mp4,True,True,False
visomaster_InStyleSwapper256-B_12227,ignore,,,minimal_tier_excluded,,,InStyleSwapper256-B,MINIMAL,0.009500,trimmed_cropped_RHpI8RO3rZg.mp4,True,True,False
visomaster_InStyleSwapper256-B_12228,ignore,,,minimal_tier_excluded,,,InStyleSwapper256-B,MINIMAL,0.023600,trimmed_cropped_iavx4s2_Ojo.mp4,True,True,False
visomaster_InStyleSwapper256-B_12229,ignore,,,minimal_tier_excluded,,,InStyleSwapper256-B,MINIMAL,0.016200,trimmed_cropped_19XTpT2Blqg.mp4,True,True,False
visomaster_InStyleSwapper256-B_12230,ignore,,,minimal_tier_excluded,,,InStyleSwapper256-B,MINIMAL,0.014400,trimmed_cropped_wyrZxcMIBG4.mp4,True,True,False
visomaster_InStyleSwapper256-B_12231,ignore,,,minimal_tier_excluded,,,InStyleSwapper256-B,MINIMAL,0.025500,trimmed_cropped_nKyzDgZ94RQ.mp4,True,True,False
visomaster_InStyleSwapper256-B_12232,ignore,,,minimal_tier_excluded,,,InStyleSwapper256-B,MINIMAL,0.011800,trimmed_cropped_8Y5-DR13Re8.mp4,True,True,False
visomaster_InStyleSwapper256-B_12233,ignore,,,minimal_tier_excluded,,,InStyleSwapper256-B,MINIMAL,0.024500,trimmed_cropped_mNarelgpCwM.mp4,True,True,False
visomaster_InStyleSwapper256-B_12234,ignore,,,minimal_tier_excluded,,,InStyleSwapper256-B,MINIMAL,0.013200,trimmed_cropped_UplNLYorayY.mp4,True,True,False
visomaster_InStyleSwapper256-B_12235,ignore,,,minimal_tier_excluded,,,InStyleSwapper256-B,MINIMAL,0.011400,trimmed_cropped_v4u2lHIWbxg.mp4,True,True,False
visomaster_InStyleSwapper256-B_12236,ignore,,,minimal_tier_excluded,,,InStyleSwapper256-B,MINIMAL,0.016200,trimmed_cropped_0X8T__S4Fjc.mp4,True,True,False
visomaster_InStyleSwapper256-B_12237,ignore,,,minimal_tier_excluded,,,InStyleSwapper256-B,MINIMAL,0.037300,trimmed_cropped_b_fm2v327s4.mp4,True,True,False
visomaster_InStyleSwapper256-B_12238,ignore,,,minimal_tier_excluded,,,InStyleSwapper256-B,MINIMAL,0.011900,trimmed_cropped_76jbyv8kf40.mp4,True,True,False
visomaster_InStyleSwapper256-B_12239,ignore,,,minimal_tier_excluded,,,InStyleSwapper256-B,MINIMAL,0.013600,trimmed_cropped_q4L_iAdKTOE.mp4,True,True,False
visomaster_InStyleSwapper256-B_12240,ignore,,,minimal_tier_excluded,,,InStyleSwapper256-B,MINIMAL,0.014900,trimmed_cropped_UWRVK7aehC8.mp4,True,True,False
visomaster_InStyleSwapper256-B_12241,ignore,,,minimal_tier_excluded,,,InStyleSwapper256-B,MINIMAL,0.009600,trimmed_cropped_-JjOwqS4HUQ.mp4,True,True,False
visomaster_InStyleSwapper256-B_12242,ignore,,,minimal_tier_excluded,,,InStyleSwapper256-B,MINIMAL,0.014000,trimmed_cropped_I13Jh0V2s9A.mp4,True,True,False
visomaster_InStyleSwapper256-B_12243,ignore,,,minimal_tier_excluded,,,InStyleSwapper256-B,MINIMAL,0.009800,trimmed_cropped_6MEfGxKiPaE.mp4,True,True,False
visomaster_InStyleSwapper256-B_12244,ignore,,,minimal_tier_excluded,,,InStyleSwapper256-B,MINIMAL,0.040900,trimmed_cropped_IGjkSKbJhbM.mp4,True,True,False
visomaster_InStyleSwapper256-B_12245,ignore,,,minimal_tier_excluded,,,InStyleSwapper256-B,MINIMAL,0.014200,trimmed_cropped_qpcR4HuzHZ0.mp4,True,True,False
visomaster_InStyleSwapper256-B_12246,ignore,,,minimal_tier_excluded,,,InStyleSwapper256-B,MINIMAL,0.017600,trimmed_cropped_lQTGPcCNIYc.mp4,True,True,False
visomaster_InStyleSwapper256-B_12247,ignore,,,minimal_tier_excluded,,,InStyleSwapper256-B,MINIMAL,0.013500,trimmed_cropped_fx-J7KQo1TA.mp4,True,True,False
visomaster_InStyleSwapper256-B_12248,ignore,,,minimal_tier_excluded,,,InStyleSwapper256-B,MINIMAL,0.011100,trimmed_cropped_XVpLWUlgWHs.mp4,True,True,False
visomaster_InStyleSwapper256-B_12249,ignore,,,minimal_tier_excluded,,,InStyleSwapper256-B,MINIMAL,0.022100,trimmed_cropped_VCdaElldPuA.mp4,True,True,False
visomaster_InStyleSwapper256-B_12250,ignore,,,minimal_tier_excluded,,,InStyleSwapper256-B,MINIMAL,0.012400,trimmed_cropped_icMesk2Jaqw.mp4,True,True,False
visomaster_InStyleSwapper256-B_12251,ignore,,,minimal_tier_excluded,,,InStyleSwapper256-B,MINIMAL,0.010400,trimmed_cropped_uAqjGt2W4aM.mp4,True,True,False
visomaster_InStyleSwapper256-B_12252,ignore,,,minimal_tier_excluded,,,InStyleSwapper256-B,MINIMAL,0.012800,trimmed_cropped_WlGTJAz4k9w.mp4,True,True,False
visomaster_InStyleSwapper256-B_12253,ignore,,,minimal_tier_excluded,,,InStyleSwapper256-B,MINIMAL,0.012600,trimmed_cropped_JnzKjPCL4QQ.mp4,True,True,False
visomaster_InStyleSwapper256-B_12254,ignore,,,minimal_tier_excluded,,,InStyleSwapper256-B,MINIMAL,0.009300,trimmed_cropped_zuHLTSJcg_M.mp4,True,True,False
visomaster_InStyleSwapper256-B_12255,ignore,,,minimal_tier_excluded,,,InStyleSwapper256-B,MINIMAL,0.020000,trimmed_cropped_I5Lr7zrNgVI.mp4,True,True,False
visomaster_InStyleSwapper256-B_12256,ignore,,,minimal_tier_excluded,,,InStyleSwapper256-B,MINIMAL,0.016500,trimmed_cropped_9-bT06lSk8E.mp4,True,True,False
visomaster_InStyleSwapper256-B_12257,ignore,,,minimal_tier_excluded,,,InStyleSwapper256-B,MINIMAL,0.013100,trimmed_cropped_9SjTNUJgrqY.mp4,True,True,False
visomaster_InStyleSwapper256-B_12258,ignore,,,minimal_tier_excluded,,,InStyleSwapper256-B,MINIMAL,0.027000,trimmed_cropped_wfuQnGA9izE.mp4,True,True,False
visomaster_InStyleSwapper256-B_12259,ignore,,,minimal_tier_excluded,,,InStyleSwapper256-B,MINIMAL,0.020800,trimmed_cropped_ldyggicHmQE.mp4,True,True,False
visomaster_InStyleSwapper256-B_12260,ignore,,,minimal_tier_excluded,,,InStyleSwapper256-B,MINIMAL,0.032200,trimmed_cropped_cct6ds7p20U.mp4,True,True,False
visomaster_InStyleSwapper256-B_12261,ignore,,,minimal_tier_excluded,,,InStyleSwapper256-B,MINIMAL,0.028100,trimmed_cropped_968bk3Mgca0.mp4,True,True,False
visomaster_InStyleSwapper256-B_12262,ignore,,,minimal_tier_excluded,,,InStyleSwapper256-B,MINIMAL,0.024900,trimmed_cropped_IMYWtB2QhJY.mp4,True,True,False
visomaster_InStyleSwapper256-B_12263,ignore,,,minimal_tier_excluded,,,InStyleSwapper256-B,MINIMAL,0.023800,trimmed_cropped_eoZG_4dbX8k.mp4,True,True,False
visomaster_InStyleSwapper256-B_12264,ignore,,,minimal_tier_excluded,,,InStyleSwapper256-B,MINIMAL,0.024400,trimmed_cropped_k4mPDkq-Nbg.mp4,True,True,False
visomaster_InStyleSwapper256-B_12265,ignore,,,minimal_tier_excluded,,,InStyleSwapper256-B,MINIMAL,0.013100,trimmed_cropped_JyfkpH6902c.mp4,True,True,False
visomaster_InStyleSwapper256-B_12266,ignore,,,minimal_tier_excluded,,,InStyleSwapper256-B,MINIMAL,0.021200,trimmed_cropped_JNCP50lvHFY.mp4,True,True,False
visomaster_InStyleSwapper256-B_12267,ignore,,,missing_tier_metadata_companion,,,InStyleSwapper256-B,,,,True,False,False
visomaster_InStyleSwapper256-B_12268,ignore,,,minimal_tier_excluded,,,InStyleSwapper256-B,MINIMAL,0.039000,trimmed_cropped_sOMXOQax2Dk.mp4,True,True,False
visomaster_InStyleSwapper256-B_12269,ignore,,,minimal_tier_excluded,,,InStyleSwapper256-B,MINIMAL,0.026100,trimmed_cropped_n4WenJwCHjw.mp4,True,True,False
visomaster_InStyleSwapper256-B_12270,ignore,,,minimal_tier_excluded,,,InStyleSwapper256-B,MINIMAL,0.023000,trimmed_cropped_8ePBWq-fDYE.mp4,True,True,False
visomaster_InStyleSwapper256-B_12271,ignore,,,minimal_tier_excluded,,,InStyleSwapper256-B,MINIMAL,0.023000,trimmed_cropped_wE_hVmAePzg.mp4,True,True,False
visomaster_InStyleSwapper256-B_12272,ignore,,,minimal_tier_excluded,,,InStyleSwapper256-B,MINIMAL,0.013800,trimmed_cropped_oXxSq5bS_lg.mp4,True,True,False
visomaster_InStyleSwapper256-B_12273,ignore,,,minimal_tier_excluded,,,InStyleSwapper256-B,MINIMAL,0.027400,trimmed_cropped_VcnIDx616aE.mp4,True,True,False
visomaster_InStyleSwapper256-B_12274,ignore,,,minimal_tier_excluded,,,InStyleSwapper256-B,MINIMAL,0.011400,trimmed_cropped_JSZ-_JMQXZY.mp4,True,True,False
visomaster_InStyleSwapper256-B_12275,ignore,,,minimal_tier_excluded,,,InStyleSwapper256-B,MINIMAL,0.014200,trimmed_cropped_zLe8CgWrEwc.mp4,True,True,False
visomaster_InStyleSwapper256-B_12276,ignore,,,minimal_tier_excluded,,,InStyleSwapper256-B,MINIMAL,0.016900,trimmed_cropped_9s2fLtRBBGE.mp4,True,True,False
visomaster_InStyleSwapper256-B_12277,ignore,,,minimal_tier_excluded,,,InStyleSwapper256-B,MINIMAL,0.010700,trimmed_cropped_jD-vHkiBJng.mp4,True,True,False
visomaster_InStyleSwapper256-B_12278,ignore,,,minimal_tier_excluded,,,InStyleSwapper256-B,MINIMAL,0.017000,trimmed_cropped_eyoIzokJf-Q.mp4,True,True,False
visomaster_InStyleSwapper256-B_12279,ignore,,,minimal_tier_excluded,,,InStyleSwapper256-B,MINIMAL,0.015600,trimmed_cropped_-rmeA1sQijw.mp4,True,True,False
visomaster_InStyleSwapper256-B_12280,ignore,,,minimal_tier_excluded,,,InStyleSwapper256-B,MINIMAL,0.026300,trimmed_cropped_-1muVDMvY4c.mp4,True,True,False
visomaster_InStyleSwapper256-B_12281,ignore,,,minimal_tier_excluded,,,InStyleSwapper256-B,MINIMAL,0.052700,trimmed_cropped_qA93x3Kg9RY.mp4,True,True,False
visomaster_InStyleSwapper256-B_12282,ignore,,,minimal_tier_excluded,,,InStyleSwapper256-B,MINIMAL,0.016400,trimmed_cropped_RnwYZ7DAvyQ.mp4,True,True,False
visomaster_InStyleSwapper256-B_12283,ignore,,,minimal_tier_excluded,,,InStyleSwapper256-B,MINIMAL,0.014300,trimmed_cropped_5VujhDCap-k.mp4,True,True,False
visomaster_InStyleSwapper256-B_12284,ignore,,,minimal_tier_excluded,,,InStyleSwapper256-B,MINIMAL,0.013700,trimmed_cropped_NhYDS54E7H4.mp4,True,True,False
visomaster_InStyleSwapper256-B_12285,ignore,,,minimal_tier_excluded,,,InStyleSwapper256-B,MINIMAL,0.009700,trimmed_cropped_DLulMfKzlWo.mp4,True,True,False
visomaster_InStyleSwapper256-B_12286,ignore,,,minimal_tier_excluded,,,InStyleSwapper256-B,MINIMAL,0.015900,trimmed_cropped_pX1NUyKzA60.mp4,True,True,False
visomaster_InStyleSwapper256-B_12287,ignore,,,minimal_tier_excluded,,,InStyleSwapper256-B,MINIMAL,0.017400,trimmed_cropped_HdrBAWKSwgM.mp4,True,True,False
visomaster_InStyleSwapper256-B_12288,ignore,,,minimal_tier_excluded,,,InStyleSwapper256-B,MINIMAL,0.014600,trimmed_cropped_VkKcTltzg58.mp4,True,True,False
visomaster_InStyleSwapper256-B_12289,ignore,,,minimal_tier_excluded,,,InStyleSwapper256-B,MINIMAL,0.026000,trimmed_cropped_wCYLp9Hmanw.mp4,True,True,False
visomaster_InStyleSwapper256-B_12290,ignore,,,minimal_tier_excluded,,,InStyleSwapper256-B,MINIMAL,0.012600,trimmed_cropped_3vUkZheWCCI.mp4,True,True,False
visomaster_InStyleSwapper256-B_12291,ignore,,,minimal_tier_excluded,,,InStyleSwapper256-B,MINIMAL,0.041400,trimmed_cropped_p5fzHhQGPIQ.mp4,True,True,False
visomaster_InStyleSwapper256-B_12292,ignore,,,minimal_tier_excluded,,,InStyleSwapper256-B,MINIMAL,0.011900,trimmed_cropped_76jbyv8kf40.mp4,True,True,False
visomaster_InStyleSwapper256-B_12293,ignore,,,minimal_tier_excluded,,,InStyleSwapper256-B,MINIMAL,0.023000,trimmed_cropped_GNdMVa4iIM0.mp4,True,True,False
visomaster_InStyleSwapper256-B_12294,ignore,,,minimal_tier_excluded,,,InStyleSwapper256-B,MINIMAL,0.019000,trimmed_cropped_-iEsJ3unXnw.mp4,True,True,False
visomaster_InStyleSwapper256-B_12295,ignore,,,minimal_tier_excluded,,,InStyleSwapper256-B,MINIMAL,0.113200,trimmed_cropped_JhVmG4tqT5I.mp4,True,True,False
visomaster_InStyleSwapper256-B_12296,ignore,,,minimal_tier_excluded,,,InStyleSwapper256-B,MINIMAL,0.039200,trimmed_cropped_LNuxMrQrll0.mp4,True,True,False
visomaster_InStyleSwapper256-B_12297,ignore,,,minimal_tier_excluded,,,InStyleSwapper256-B,MINIMAL,0.022900,trimmed_cropped_sWp-tu9Lcz0.mp4,True,True,False
visomaster_InStyleSwapper256-B_12298,ignore,,,minimal_tier_excluded,,,InStyleSwapper256-B,MINIMAL,0.011200,trimmed_cropped_kwrEpVE0U_I.mp4,True,True,False
visomaster_InStyleSwapper256-B_12299,ignore,,,minimal_tier_excluded,,,InStyleSwapper256-B,MINIMAL,0.012000,trimmed_cropped_vSmH9iIzIDE.mp4,True,True,False
visomaster_InStyleSwapper256-B_12300,ignore,,,minimal_tier_excluded,,,InStyleSwapper256-B,MINIMAL,0.044100,trimmed_cropped_Yh-yAVESYoQ.mp4,True,True,False
visomaster_InStyleSwapper256-B_12301,ignore,,,minimal_tier_excluded,,,InStyleSwapper256-B,MINIMAL,0.016100,trimmed_cropped_ycxeoxy8jw4.mp4,True,True,False
visomaster_InStyleSwapper256-B_12302,keep,visomaster hints,baseline_cropped,retain_as_weak_signal_baseline_subset,InStyleSwapper256-B|MODERATE,20260417,InStyleSwapper256-B,MODERATE,0.191400,trimmed_cropped_Vmpu4_CbfEo.mp4,True,True,False
visomaster_InStyleSwapper256-B_12303,ignore,,,minimal_tier_excluded,,,InStyleSwapper256-B,MINIMAL,0.144400,trimmed_cropped_kGDyhdxM-N0.mp4,True,True,False
visomaster_InStyleSwapper256-B_12304,ignore,,,not_selected_in_deterministic_random_subset,,,InStyleSwapper256-B,MODERATE,0.288400,trimmed_cropped_ZNzTjeyr78o.mp4,True,True,False
visomaster_InStyleSwapper256-B_12305,ignore,,,minimal_tier_excluded,,,InStyleSwapper256-B,MINIMAL,0.148400,trimmed_cropped_0a4dS7OJqz0.mp4,True,True,False
visomaster_InStyleSwapper256-B_12306,ignore,,,not_selected_in_deterministic_random_subset,,,InStyleSwapper256-B,MODERATE,0.194500,trimmed_cropped_UhBppaxLd3Y.mp4,True,True,False
visomaster_InStyleSwapper256-B_12307,ignore,,,not_selected_in_deterministic_random_subset,,,InStyleSwapper256-B,MODERATE,0.186000,trimmed_cropped_RfD-vo8wtls.mp4,True,True,False
visomaster_InStyleSwapper256-B_12308,ignore,,,not_selected_in_deterministic_random_subset,,,InStyleSwapper256-B,MODERATE,0.241200,trimmed_cropped_pTqOI9v59YY.mp4,True,True,False
visomaster_InStyleSwapper256-B_12309,ignore,,,not_selected_in_deterministic_random_subset,,,InStyleSwapper256-B,MODERATE,0.171300,trimmed_cropped_n-B8HWUqNMg.mp4,True,True,False
visomaster_InStyleSwapper256-B_12310,ignore,,,minimal_tier_excluded,,,InStyleSwapper256-B,MINIMAL,0.126400,trimmed_cropped_0d--14ZJXrc.mp4,True,True,False
visomaster_InStyleSwapper256-B_12311,ignore,,,minimal_tier_excluded,,,InStyleSwapper256-B,MINIMAL,0.094900,trimmed_cropped_9JqFp31ARkE.mp4,True,True,False
visomaster_InStyleSwapper256-B_12312,keep,visomaster hints,baseline_cropped,retain_as_weak_signal_baseline_subset,InStyleSwapper256-B|STRONG,20260417,InStyleSwapper256-B,STRONG,0.365500,trimmed_cropped_fWRLGNeHc94.mp4,True,True,False
visomaster_InStyleSwapper256-B_12313,ignore,,,not_selected_in_deterministic_random_subset,,,InStyleSwapper256-B,MODERATE,0.150200,trimmed_cropped_wP7bbQHRLRE.mp4,True,True,False
visomaster_InStyleSwapper256-B_12314,keep,visomaster hints,baseline_cropped,retain_as_weak_signal_baseline_subset,InStyleSwapper256-B|MODERATE,20260417,InStyleSwapper256-B,MODERATE,0.211700,trimmed_cropped_DM9ONMHsZrA.mp4,True,True,False
visomaster_InStyleSwapper256-B_12315,ignore,,,not_selected_in_deterministic_random_subset,,,InStyleSwapper256-B,MODERATE,0.204400,trimmed_cropped_-utyEm0QZMQ.mp4,True,True,False
visomaster_InStyleSwapper256-B_12316,ignore,,,not_selected_in_deterministic_random_subset,,,InStyleSwapper256-B,MODERATE,0.239300,trimmed_cropped_U2Q-IV7_lP4.mp4,True,True,False
visomaster_InStyleSwapper256-B_12317,ignore,,,minimal_tier_excluded,,,InStyleSwapper256-B,MINIMAL,0.118500,trimmed_cropped_5iEJ8q99VjQ.mp4,True,True,False
visomaster_InStyleSwapper256-B_12318,ignore,,,minimal_tier_excluded,,,InStyleSwapper256-B,MINIMAL,0.101000,trimmed_cropped_z-4wFRFBzm0.mp4,True,True,False
visomaster_InStyleSwapper256-B_12319,keep,visomaster hints,baseline_cropped,retain_as_weak_signal_baseline_subset,InStyleSwapper256-B|MODERATE,20260417,InStyleSwapper256-B,MODERATE,0.251100,trimmed_cropped_Fbkx8J1suTw.mp4,True,True,False
visomaster_InStyleSwapper256-B_12320,ignore,,,not_selected_in_deterministic_random_subset,,,InStyleSwapper256-B,MODERATE,0.292600,trimmed_cropped_1oCiPZD6LIM.mp4,True,True,False
visomaster_InStyleSwapper256-B_12321,ignore,,,not_selected_in_deterministic_random_subset,,,InStyleSwapper256-B,MODERATE,0.259000,trimmed_cropped_zJ-J19l9vFI.mp4,True,True,False
visomaster_InStyleSwapper256-B_12322,ignore,,,not_selected_in_deterministic_random_subset,,,InStyleSwapper256-B,MODERATE,0.194000,trimmed_cropped_KGfjJm_R6lM.mp4,True,True,False
visomaster_InStyleSwapper256-B_12323,ignore,,,minimal_tier_excluded,,,InStyleSwapper256-B,MINIMAL,0.140800,trimmed_cropped_Y2RGwCZlUy0.mp4,True,True,False
visomaster_InStyleSwapper256-B_12324,ignore,,,minimal_tier_excluded,,,InStyleSwapper256-B,MINIMAL,0.124600,trimmed_cropped_bErXgkRGmJE.mp4,True,True,False
visomaster_InStyleSwapper256-B_12325,ignore,,,not_selected_in_deterministic_random_subset,,,InStyleSwapper256-B,STRONG,0.430500,trimmed_cropped_K61hy9Vjw1I.mp4,True,True,False
visomaster_InStyleSwapper256-B_12326,ignore,,,minimal_tier_excluded,,,InStyleSwapper256-B,MINIMAL,0.025700,trimmed_cropped_JkmY20onHmg.mp4,True,True,False
visomaster_InStyleSwapper256-B_12327,ignore,,,minimal_tier_excluded,,,InStyleSwapper256-B,MINIMAL,0.068300,trimmed_cropped_JJjYRN9nSQs.mp4,True,True,False
visomaster_InStyleSwapper256-B_12328,ignore,,,not_selected_in_deterministic_random_subset,,,InStyleSwapper256-B,MODERATE,0.172400,trimmed_cropped_Z1yCcZp_56U.mp4,True,True,False
visomaster_InStyleSwapper256-B_12329,ignore,,,minimal_tier_excluded,,,InStyleSwapper256-B,MINIMAL,0.118100,trimmed_cropped_sG208WIDx_0.mp4,True,True,False
visomaster_InStyleSwapper256-B_12330,ignore,,,not_selected_in_deterministic_random_subset,,,InStyleSwapper256-B,MODERATE,0.162800,trimmed_cropped_I13Jh0V2s9A.mp4,True,True,False
visomaster_InStyleSwapper256-B_12331,keep,visomaster hints,baseline_cropped,retain_as_weak_signal_baseline_subset,InStyleSwapper256-B|STRONG,20260417,InStyleSwapper256-B,STRONG,0.338000,trimmed_cropped_7whKArd2EKo.mp4,True,True,False
visomaster_InStyleSwapper256-B_12332,ignore,,,minimal_tier_excluded,,,InStyleSwapper256-B,MINIMAL,0.121600,trimmed_cropped_ljwrjmi5Tew.mp4,True,True,False
visomaster_InStyleSwapper256-B_12333,ignore,,,minimal_tier_excluded,,,InStyleSwapper256-B,MINIMAL,0.149100,trimmed_cropped_zyaBdW0fwNY.mp4,True,True,False
visomaster_InStyleSwapper256-B_12334,keep,visomaster hints,baseline_cropped,retain_as_weak_signal_baseline_subset,InStyleSwapper256-B|STRONG,20260417,InStyleSwapper256-B,STRONG,0.346500,trimmed_cropped_Agqx8gQVnJQ.mp4,True,True,False
visomaster_InStyleSwapper256-B_12335,ignore,,,minimal_tier_excluded,,,InStyleSwapper256-B,MINIMAL,0.106000,trimmed_cropped_fTSLnMC2arM.mp4,True,True,False
visomaster_InStyleSwapper256-B_12336,ignore,,,not_selected_in_deterministic_random_subset,,,InStyleSwapper256-B,MODERATE,0.283400,trimmed_cropped_xS1zl_SMRbk.mp4,True,True,False
visomaster_InStyleSwapper256-B_12337,ignore,,,minimal_tier_excluded,,,InStyleSwapper256-B,MINIMAL,0.114100,trimmed_cropped_FmyiAOj1yvU.mp4,True,True,False
visomaster_InStyleSwapper256-B_12338,ignore,,,minimal_tier_excluded,,,InStyleSwapper256-B,MINIMAL,0.106000,trimmed_cropped_x0bWBCDwwQ8.mp4,True,True,False
visomaster_InStyleSwapper256-B_12339,ignore,,,not_selected_in_deterministic_random_subset,,,InStyleSwapper256-B,MODERATE,0.290900,trimmed_cropped_J3XecTVojxA.mp4,True,True,False
visomaster_InStyleSwapper256-B_12340,ignore,,,minimal_tier_excluded,,,InStyleSwapper256-B,MINIMAL,0.119900,trimmed_cropped_Sy1Xsi-4leU.mp4,True,True,False
visomaster_InStyleSwapper256-B_12341,ignore,,,minimal_tier_excluded,,,InStyleSwapper256-B,MINIMAL,0.119400,trimmed_cropped_Yl3vvAtxt-Y.mp4,True,True,False
visomaster_InStyleSwapper256-B_12342,ignore,,,not_selected_in_deterministic_random_subset,,,InStyleSwapper256-B,MODERATE,0.151700,trimmed_cropped_oSJmNDiZLhM.mp4,True,True,False
visomaster_InStyleSwapper256-B_12343,ignore,,,minimal_tier_excluded,,,InStyleSwapper256-B,MINIMAL,0.120200,trimmed_cropped_bvwi6KhY8q0.mp4,True,True,False
visomaster_InStyleSwapper256-B_12344,ignore,,,not_selected_in_deterministic_random_subset,,,InStyleSwapper256-B,MODERATE,0.229300,trimmed_cropped_ysBFlGYiYhE.mp4,True,True,False
visomaster_InStyleSwapper256-B_12345,ignore,,,minimal_tier_excluded,,,InStyleSwapper256-B,MINIMAL,0.091200,trimmed_cropped_sZyVWXH969s.mp4,True,True,False
visomaster_InStyleSwapper256-B_12346,ignore,,,minimal_tier_excluded,,,InStyleSwapper256-B,MINIMAL,0.113700,CIy_JLduv5s.mp4,True,True,False
visomaster_InStyleSwapper256-B_12347,keep,visomaster hints,baseline_cropped,retain_as_weak_signal_baseline_subset,InStyleSwapper256-B|STRONG,20260417,InStyleSwapper256-B,STRONG,0.390400,trimmed_cropped_pGxjRa0ODqo.mp4,True,True,False
visomaster_InStyleSwapper256-B_12348,ignore,,,minimal_tier_excluded,,,InStyleSwapper256-B,MINIMAL,0.132400,trimmed_cropped_VvXzahSpcy8.mp4,True,True,False
visomaster_InStyleSwapper256-B_12349,ignore,,,not_selected_in_deterministic_random_subset,,,InStyleSwapper256-B,STRONG,0.325900,trimmed_cropped_4h8YBF6ui_k.mp4,True,True,False
visomaster_InStyleSwapper256-B_12350,ignore,,,minimal_tier_excluded,,,InStyleSwapper256-B,MINIMAL,0.145500,trimmed_cropped_0UQp9FFTxcw.mp4,True,True,False
visomaster_InStyleSwapper256-B_12351,ignore,,,minimal_tier_excluded,,,InStyleSwapper256-B,MINIMAL,0.127800,trimmed_cropped_La8w6oGEeV0.mp4,True,True,False
visomaster_InStyleSwapper256-B_12352,keep,visomaster hints,baseline_cropped,retain_as_weak_signal_baseline_subset,InStyleSwapper256-B|MODERATE,20260417,InStyleSwapper256-B,MODERATE,0.184900,trimmed_cropped__HVxOHg1vy8.mp4,True,True,False
visomaster_InStyleSwapper256-B_12353,keep,visomaster hints,baseline_cropped,retain_as_weak_signal_baseline_subset,InStyleSwapper256-B|MODERATE,20260417,InStyleSwapper256-B,MODERATE,0.229700,trimmed_cropped_-sNiuQ5Jw38.mp4,True,True,False
visomaster_InStyleSwapper256-B_12354,ignore,,,not_selected_in_deterministic_random_subset,,,InStyleSwapper256-B,MODERATE,0.267900,trimmed_cropped_Wh860Ds08HE.mp4,True,True,False
visomaster_InStyleSwapper256-B_12355,ignore,,,not_selected_in_deterministic_random_subset,,,InStyleSwapper256-B,MODERATE,0.161000,trimmed_cropped_NKguUoBhxFM.mp4,True,True,False
visomaster_InStyleSwapper256-B_12356,keep,visomaster hints,baseline_cropped,retain_as_weak_signal_baseline_subset,InStyleSwapper256-B|STRONG,20260417,InStyleSwapper256-B,STRONG,0.342600,trimmed_cropped_nXVV4RxWLPk.mp4,True,True,False
visomaster_InStyleSwapper256-B_12357,keep,visomaster hints,baseline_cropped,retain_as_weak_signal_baseline_subset,InStyleSwapper256-B|MODERATE,20260417,InStyleSwapper256-B,MODERATE,0.289600,trimmed_cropped_8AiefSZWjzo.mp4,True,True,False
visomaster_InStyleSwapper256-B_12358,ignore,,,not_selected_in_deterministic_random_subset,,,InStyleSwapper256-B,MODERATE,0.281300,trimmed_cropped_MGc-BzXfIcI.mp4,True,True,False
visomaster_InStyleSwapper256-B_12359,ignore,,,not_selected_in_deterministic_random_subset,,,InStyleSwapper256-B,MODERATE,0.170200,trimmed_cropped_VbkYBPb1AjM.mp4,True,True,False
visomaster_InStyleSwapper256-B_12360,keep,visomaster hints,baseline_cropped,retain_as_weak_signal_baseline_subset,InStyleSwapper256-B|MODERATE,20260417,InStyleSwapper256-B,MODERATE,0.211000,trimmed_cropped_D8LaBpjy24k.mp4,True,True,False
visomaster_InStyleSwapper256-B_12361,ignore,,,not_selected_in_deterministic_random_subset,,,InStyleSwapper256-B,MODERATE,0.184000,trimmed_cropped_KQHSWn4fI3A.mp4,True,True,False
visomaster_InStyleSwapper256-B_12362,ignore,,,not_selected_in_deterministic_random_subset,,,InStyleSwapper256-B,MODERATE,0.152300,trimmed_cropped_kiiwMtQyxk0.mp4,True,True,False
visomaster_InStyleSwapper256-B_12363,keep,visomaster hints,baseline_cropped,retain_as_weak_signal_baseline_subset,InStyleSwapper256-B|STRONG,20260417,InStyleSwapper256-B,STRONG,0.337400,trimmed_cropped_vRWKw-4vT5g.mp4,True,True,False
visomaster_InStyleSwapper256-B_12364,ignore,,,minimal_tier_excluded,,,InStyleSwapper256-B,MINIMAL,0.110200,trimmed_cropped_st4XxXB07ng.mp4,True,True,False
visomaster_InStyleSwapper256-B_12365,keep,visomaster hints,baseline_cropped,retain_as_weak_signal_baseline_subset,InStyleSwapper256-B|MODERATE,20260417,InStyleSwapper256-B,MODERATE,0.161200,trimmed_cropped_LpsNkPVBTGM.mp4,True,True,False
visomaster_InStyleSwapper256-B_12366,ignore,,,minimal_tier_excluded,,,InStyleSwapper256-B,MINIMAL,0.078700,trimmed_cropped_X9NURKuWjT0.mp4,True,True,False
visomaster_InStyleSwapper256-B_12367,ignore,,,not_selected_in_deterministic_random_subset,,,InStyleSwapper256-B,MODERATE,0.171200,trimmed_cropped_Ib6QAkhWjtA.mp4,True,True,False
visomaster_InStyleSwapper256-B_12368,ignore,,,not_selected_in_deterministic_random_subset,,,InStyleSwapper256-B,MODERATE,0.193500,trimmed_cropped_Ok8fqessJFo.mp4,True,True,False
visomaster_InStyleSwapper256-B_12369,ignore,,,minimal_tier_excluded,,,InStyleSwapper256-B,MINIMAL,0.122300,trimmed_cropped_IfpKeBtT4MM.mp4,True,True,False
visomaster_InStyleSwapper256-B_12370,ignore,,,not_selected_in_deterministic_random_subset,,,InStyleSwapper256-B,MODERATE,0.206000,trimmed_cropped_4-ShHEOaZM0.mp4,True,True,False
visomaster_InStyleSwapper256-B_12371,ignore,,,minimal_tier_excluded,,,InStyleSwapper256-B,MINIMAL,0.102600,trimmed_cropped_2czok-lS-rU.mp4,True,True,False
visomaster_InStyleSwapper256-B_12372,ignore,,,minimal_tier_excluded,,,InStyleSwapper256-B,MINIMAL,0.139600,trimmed_cropped_K3I6RGVk97k.mp4,True,True,False
visomaster_InStyleSwapper256-B_12373,ignore,,,not_selected_in_deterministic_random_subset,,,InStyleSwapper256-B,STRONG,0.311200,trimmed_cropped_Pf_PAsuGNKs.mp4,True,True,False
visomaster_InStyleSwapper256-B_12374,ignore,,,minimal_tier_excluded,,,InStyleSwapper256-B,MINIMAL,0.089500,trimmed_cropped_Q7Kw9tcNg_I.mp4,True,True,False
visomaster_InStyleSwapper256-B_12375,ignore,,,minimal_tier_excluded,,,InStyleSwapper256-B,MINIMAL,0.117300,trimmed_cropped_rdOa9A7rHwM.mp4,True,True,False
visomaster_InStyleSwapper256-B_12376,ignore,,,not_selected_in_deterministic_random_subset,,,InStyleSwapper256-B,MODERATE,0.173900,trimmed_cropped_mu5uOmyDVkI.mp4,True,True,False
visomaster_InStyleSwapper256-B_12377,keep,visomaster hints,baseline_cropped,retain_as_weak_signal_baseline_subset,InStyleSwapper256-B|MODERATE,20260417,InStyleSwapper256-B,MODERATE,0.173400,trimmed_cropped_2vVRaQyB4W4.mp4,True,True,False
visomaster_InStyleSwapper256-B_12378,ignore,,,minimal_tier_excluded,,,InStyleSwapper256-B,MINIMAL,0.123000,trimmed_cropped_o_5cMShMLRU.mp4,True,True,False
visomaster_InStyleSwapper256-B_12379,ignore,,,not_selected_in_deterministic_random_subset,,,InStyleSwapper256-B,MODERATE,0.197100,trimmed_cropped_-wPRt9T-Q_c.mp4,True,True,False
visomaster_InStyleSwapper256-B_12380,keep,visomaster hints,baseline_cropped,retain_as_weak_signal_baseline_subset,InStyleSwapper256-B|STRONG,20260417,InStyleSwapper256-B,STRONG,0.368000,trimmed_cropped_YD6M7ioHZ_A.mp4,True,True,False
visomaster_InStyleSwapper256-B_12381,ignore,,,not_selected_in_deterministic_random_subset,,,InStyleSwapper256-B,MODERATE,0.237100,trimmed_cropped_qpcR4HuzHZ0.mp4,True,True,False
visomaster_InStyleSwapper256-B_12382,ignore,,,not_selected_in_deterministic_random_subset,,,InStyleSwapper256-B,MODERATE,0.291500,trimmed_cropped_YCkjdHR57pU.mp4,True,True,False
visomaster_InStyleSwapper256-B_12383,ignore,,,minimal_tier_excluded,,,InStyleSwapper256-B,MINIMAL,0.089700,trimmed_cropped_rUwnuC0qQyA.mp4,True,True,False
visomaster_InStyleSwapper256-B_12384,ignore,,,minimal_tier_excluded,,,InStyleSwapper256-B,MINIMAL,0.141000,trimmed_cropped_eElacb3lDOs.mp4,True,True,False
visomaster_InStyleSwapper256-B_12385,ignore,,,not_selected_in_deterministic_random_subset,,,InStyleSwapper256-B,MODERATE,0.189100,trimmed_cropped_xTk7DNegi7E.mp4,True,True,False
visomaster_InStyleSwapper256-B_12386,ignore,,,not_selected_in_deterministic_random_subset,,,InStyleSwapper256-B,MODERATE,0.191500,trimmed_cropped_nKyzDgZ94RQ.mp4,True,True,False
visomaster_InStyleSwapper256-B_12387,keep,visomaster hints,baseline_cropped,retain_as_weak_signal_baseline_subset,InStyleSwapper256-B|STRONG,20260417,InStyleSwapper256-B,STRONG,0.305100,trimmed_cropped_QVJN7dWbdPI.mp4,True,True,False
visomaster_InStyleSwapper256-B_12388,ignore,,,not_selected_in_deterministic_random_subset,,,InStyleSwapper256-B,MODERATE,0.163000,trimmed_cropped_jFfx1vmo1cM.mp4,True,True,False
visomaster_InStyleSwapper256-B_12389,ignore,,,not_selected_in_deterministic_random_subset,,,InStyleSwapper256-B,MODERATE,0.219100,trimmed_cropped_qCvGbOJ30Zc.mp4,True,True,False
visomaster_InStyleSwapper256-B_12390,ignore,,,minimal_tier_excluded,,,InStyleSwapper256-B,MINIMAL,0.106900,trimmed_cropped_sTvIqouweGs.mp4,True,True,False
visomaster_InStyleSwapper256-B_12391,ignore,,,minimal_tier_excluded,,,InStyleSwapper256-B,MINIMAL,0.113800,trimmed_cropped_6YKPgufQicY.mp4,True,True,False
visomaster_InStyleSwapper256-B_12392,ignore,,,not_selected_in_deterministic_random_subset,,,InStyleSwapper256-B,MODERATE,0.155200,trimmed_cropped_3lgsbVXKLW4.mp4,True,True,False
visomaster_InStyleSwapper256-B_12393,ignore,,,minimal_tier_excluded,,,InStyleSwapper256-B,MINIMAL,0.110300,trimmed_cropped_DcS2yAyQgVY.mp4,True,True,False
visomaster_InStyleSwapper256-B_12394,ignore,,,minimal_tier_excluded,,,InStyleSwapper256-B,MINIMAL,0.147200,trimmed_cropped_wCwcSIU561Y.mp4,True,True,False
visomaster_InStyleSwapper256-B_12395,delete,,delete_from_bucket,explicit_named_bad_datapoint,,,InStyleSwapper256-B,STRONG,0.470400,trimmed_cropped_VwROhnbauWo.mp4,True,True,False
visomaster_InStyleSwapper256-B_12396,ignore,,,not_selected_in_deterministic_random_subset,,,InStyleSwapper256-B,STRONG,0.330000,trimmed_cropped_hglG7CFlkD4.mp4,True,True,False
visomaster_InStyleSwapper256-B_12397,ignore,,,not_selected_in_deterministic_random_subset,,,InStyleSwapper256-B,MODERATE,0.171300,trimmed_cropped_xkfw2NKV6bY.mp4,True,True,False
visomaster_InStyleSwapper256-B_12398,keep,visomaster hints,baseline_cropped,retain_as_weak_signal_baseline_subset,InStyleSwapper256-B|STRONG,20260417,InStyleSwapper256-B,STRONG,0.341300,trimmed_cropped_vRWKw-4vT5g.mp4,True,True,False
visomaster_InStyleSwapper256-B_12399,keep,visomaster hints,baseline_cropped,retain_as_weak_signal_baseline_subset,InStyleSwapper256-B|MODERATE,20260417,InStyleSwapper256-B,MODERATE,0.264500,trimmed_cropped_m8LOEFnb2SI.mp4,True,True,False
visomaster_InStyleSwapper256-B_12400,ignore,,,not_selected_in_deterministic_random_subset,,,InStyleSwapper256-B,MODERATE,0.192100,trimmed_cropped__5-CA1PUiZE.mp4,True,True,False
visomaster_InStyleSwapper256-B_12401,ignore,,,not_selected_in_deterministic_random_subset,,,InStyleSwapper256-B,STRONG,0.313800,trimmed_cropped_OBJg16dMxyE.mp4,True,True,False
visomaster_InStyleSwapper256-B_12402,ignore,,,minimal_tier_excluded,,,InStyleSwapper256-B,MINIMAL,0.083700,trimmed_cropped_e85OtHbCk8E.mp4,True,True,False
visomaster_InStyleSwapper256-B_12403,keep,visomaster hints,baseline_cropped,retain_as_weak_signal_baseline_subset,InStyleSwapper256-B|STRONG,20260417,InStyleSwapper256-B,STRONG,0.306100,trimmed_cropped_JNCP50lvHFY.mp4,True,True,False
visomaster_InStyleSwapper256-B_12404,ignore,,,minimal_tier_excluded,,,InStyleSwapper256-B,MINIMAL,0.143200,trimmed_cropped_55Z6OFlVBAI.mp4,True,True,False
visomaster_InStyleSwapper256-B_12405,ignore,,,not_selected_in_deterministic_random_subset,,,InStyleSwapper256-B,MODERATE,0.173100,trimmed_cropped_dPnVEdkq5lw.mp4,True,True,False
visomaster_InStyleSwapper256-B_12406,ignore,,,not_selected_in_deterministic_random_subset,,,InStyleSwapper256-B,MODERATE,0.211400,trimmed_cropped_4mDMvv-YnNU.mp4,True,True,False
visomaster_InStyleSwapper256-B_12407,ignore,,,minimal_tier_excluded,,,InStyleSwapper256-B,MINIMAL,0.111500,trimmed_cropped_bY3WxPDSviE.mp4,True,True,False
visomaster_InStyleSwapper256-B_12408,ignore,,,minimal_tier_excluded,,,InStyleSwapper256-B,MINIMAL,0.098500,trimmed_cropped_21u-CekQ_V0.mp4,True,True,False
visomaster_InStyleSwapper256-B_12409,keep,visomaster hints,baseline_cropped,retain_as_weak_signal_baseline_subset,InStyleSwapper256-B|STRONG,20260417,InStyleSwapper256-B,STRONG,0.303400,trimmed_cropped_iNmvOxC4srs.mp4,True,True,False
visomaster_InStyleSwapper256-B_12410,ignore,,,not_selected_in_deterministic_random_subset,,,InStyleSwapper256-B,MODERATE,0.197600,trimmed_cropped_112LxNN5s_0.mp4,True,True,False
visomaster_InStyleSwapper256-B_12411,ignore,,,not_selected_in_deterministic_random_subset,,,InStyleSwapper256-B,STRONG,0.348900,trimmed_cropped_LVERxuILVuw.mp4,True,True,False
visomaster_InStyleSwapper256-B_12412,ignore,,,not_selected_in_deterministic_random_subset,,,InStyleSwapper256-B,MODERATE,0.161600,trimmed_cropped_6RAWaAR_phA.mp4,True,True,False
visomaster_InStyleSwapper256-B_12413,keep,visomaster hints,baseline_cropped,retain_as_weak_signal_baseline_subset,InStyleSwapper256-B|STRONG,20260417,InStyleSwapper256-B,STRONG,0.321000,trimmed_cropped_tkdb2OiI7hs.mp4,True,True,False
visomaster_InStyleSwapper256-B_12414,ignore,,,minimal_tier_excluded,,,InStyleSwapper256-B,MINIMAL,0.116400,trimmed_cropped_CHJ0lrr4xKo.mp4,True,True,False
visomaster_InStyleSwapper256-B_12415,ignore,,,minimal_tier_excluded,,,InStyleSwapper256-B,MINIMAL,0.093000,trimmed_cropped_XYj0f9xgwMM.mp4,True,True,False
visomaster_InStyleSwapper256-B_12416,ignore,,,minimal_tier_excluded,,,InStyleSwapper256-B,MINIMAL,0.102000,trimmed_cropped_rL48FS-99ac.mp4,True,True,False
visomaster_InStyleSwapper256-B_12417,ignore,,,not_selected_in_deterministic_random_subset,,,InStyleSwapper256-B,MODERATE,0.240000,trimmed_cropped_giuGu1AaOlc.mp4,True,True,False
visomaster_InStyleSwapper256-B_12418,ignore,,,minimal_tier_excluded,,,InStyleSwapper256-B,MINIMAL,0.116300,trimmed_cropped_Hcc3QMroFHY.mp4,True,True,False
visomaster_InStyleSwapper256-B_12419,ignore,,,not_selected_in_deterministic_random_subset,,,InStyleSwapper256-B,STRONG,0.542500,trimmed_cropped_5etX4Tl-mXo.mp4,True,True,False
visomaster_InStyleSwapper256-B_12420,keep,visomaster hints,baseline_cropped,retain_as_weak_signal_baseline_subset,InStyleSwapper256-B|MODERATE,20260417,InStyleSwapper256-B,MODERATE,0.160700,trimmed_cropped_klYbTS-xe-4.mp4,True,True,False
visomaster_InStyleSwapper256-B_12421,keep,visomaster hints,baseline_cropped,retain_as_weak_signal_baseline_subset,InStyleSwapper256-B|STRONG,20260417,InStyleSwapper256-B,STRONG,0.376600,trimmed_cropped_Q_Ik9bT1swI.mp4,True,True,False
visomaster_InStyleSwapper256-B_12422,ignore,,,minimal_tier_excluded,,,InStyleSwapper256-B,MINIMAL,0.098000,trimmed_cropped_auGFtzfRIjQ.mp4,True,True,False
visomaster_InStyleSwapper256-B_12423,ignore,,,not_selected_in_deterministic_random_subset,,,InStyleSwapper256-B,MODERATE,0.213400,trimmed_cropped_axyKJZUiq0o.mp4,True,True,False
visomaster_InStyleSwapper256-B_12424,ignore,,,not_selected_in_deterministic_random_subset,,,InStyleSwapper256-B,MODERATE,0.153900,trimmed_cropped_NZvy6nEGTFI.mp4,True,True,False
visomaster_InStyleSwapper256-B_12425,ignore,,,not_selected_in_deterministic_random_subset,,,InStyleSwapper256-B,MODERATE,0.151600,trimmed_cropped_MYKwiVIRvzs.mp4,True,True,False
visomaster_InStyleSwapper256-B_12426,ignore,,,not_selected_in_deterministic_random_subset,,,InStyleSwapper256-B,MODERATE,0.287100,trimmed_cropped_9E93tvfG93c.mp4,True,True,False
visomaster_InStyleSwapper256-B_12427,keep,visomaster hints,baseline_cropped,retain_as_weak_signal_baseline_subset,InStyleSwapper256-B|MODERATE,20260417,InStyleSwapper256-B,MODERATE,0.163000,trimmed_cropped_faiNGpmxYT0.mp4,True,True,False
visomaster_InStyleSwapper256-B_12428,keep,visomaster hints,baseline_cropped,retain_as_weak_signal_baseline_subset,InStyleSwapper256-B|MODERATE,20260417,InStyleSwapper256-B,MODERATE,0.152400,trimmed_cropped__2xa8DNa3hg.mp4,True,True,False
visomaster_InStyleSwapper256-B_12429,ignore,,,not_selected_in_deterministic_random_subset,,,InStyleSwapper256-B,STRONG,0.381900,trimmed_cropped_tkdb2OiI7hs.mp4,True,True,False
visomaster_InStyleSwapper256-B_12430,keep,visomaster hints,baseline_cropped,retain_as_weak_signal_baseline_subset,InStyleSwapper256-B|STRONG,20260417,InStyleSwapper256-B,STRONG,0.392900,trimmed_cropped_KP3j78XgNZs.mp4,True,True,False
visomaster_InStyleSwapper256-B_12431,ignore,,,not_selected_in_deterministic_random_subset,,,InStyleSwapper256-B,MODERATE,0.262700,trimmed_cropped_w6BigxLkWMs.mp4,True,True,False
visomaster_InStyleSwapper256-B_12432,ignore,,,not_selected_in_deterministic_random_subset,,,InStyleSwapper256-B,MODERATE,0.175800,trimmed_cropped_GFa4iEuFpU4.mp4,True,True,False
visomaster_InStyleSwapper256-B_12433,ignore,,,minimal_tier_excluded,,,InStyleSwapper256-B,MINIMAL,0.094600,trimmed_cropped_EIJLJ1Yy9IY.mp4,True,True,False
visomaster_InStyleSwapper256-B_12434,ignore,,,not_selected_in_deterministic_random_subset,,,InStyleSwapper256-B,STRONG,0.334100,trimmed_cropped_5ICYMMKdo1Y.mp4,True,True,False
visomaster_InStyleSwapper256-B_12435,ignore,,,minimal_tier_excluded,,,InStyleSwapper256-B,MINIMAL,0.083000,trimmed_cropped_2hJ9cALSI0k.mp4,True,True,False
visomaster_InStyleSwapper256-B_12436,keep,visomaster hints,baseline_cropped,retain_as_weak_signal_baseline_subset,InStyleSwapper256-B|MODERATE,20260417,InStyleSwapper256-B,MODERATE,0.292400,trimmed_cropped_jjmW4WAEj28.mp4,True,True,False
visomaster_InStyleSwapper256-B_12437,ignore,,,minimal_tier_excluded,,,InStyleSwapper256-B,MINIMAL,0.142800,trimmed_cropped_I5A_HbYXpIs.mp4,True,True,False
visomaster_InStyleSwapper256-B_12438,ignore,,,not_selected_in_deterministic_random_subset,,,InStyleSwapper256-B,MODERATE,0.153200,trimmed_cropped_R8Q3ce3ANfI.mp4,True,True,False
visomaster_InStyleSwapper256-B_12439,ignore,,,minimal_tier_excluded,,,InStyleSwapper256-B,MINIMAL,0.113700,trimmed_cropped_4cKuJx0LpQo.mp4,True,True,False
visomaster_InStyleSwapper256-B_12440,ignore,,,minimal_tier_excluded,,,InStyleSwapper256-B,MINIMAL,0.129100,trimmed_cropped_FAXmXGQ4Rsg.mp4,True,True,False
visomaster_InStyleSwapper256-B_12441,ignore,,,minimal_tier_excluded,,,InStyleSwapper256-B,MINIMAL,0.119500,trimmed_cropped_T_8PMiBneNA.mp4,True,True,False
visomaster_InStyleSwapper256-B_12442,ignore,,,not_selected_in_deterministic_random_subset,,,InStyleSwapper256-B,MODERATE,0.184500,trimmed_cropped_MmmNKD6IP0Q.mp4,True,True,False
visomaster_InStyleSwapper256-B_12443,ignore,,,not_selected_in_deterministic_random_subset,,,InStyleSwapper256-B,MODERATE,0.227700,trimmed_cropped_JEm8HIuH7Fo.mp4,True,True,False
visomaster_InStyleSwapper256-B_12444,ignore,,,not_selected_in_deterministic_random_subset,,,InStyleSwapper256-B,MODERATE,0.257400,trimmed_cropped_Qt5MHedN_mo.mp4,True,True,False
visomaster_InStyleSwapper256-B_12445,ignore,,,not_selected_in_deterministic_random_subset,,,InStyleSwapper256-B,MODERATE,0.174600,trimmed_cropped_sG208WIDx_0.mp4,True,True,False
visomaster_InStyleSwapper256-B_12446,ignore,,,minimal_tier_excluded,,,InStyleSwapper256-B,MINIMAL,0.117900,trimmed_cropped_vHbKucZq3nI.mp4,True,True,False
visomaster_InStyleSwapper256-B_12447,ignore,,,not_selected_in_deterministic_random_subset,,,InStyleSwapper256-B,MODERATE,0.189400,trimmed_cropped_ZdI-_yhWBvY.mp4,True,True,False
visomaster_InStyleSwapper256-B_12448,ignore,,,not_selected_in_deterministic_random_subset,,,InStyleSwapper256-B,MODERATE,0.296600,trimmed_cropped_Ca4FgX8XkrY.mp4,True,True,False
visomaster_InStyleSwapper256-B_12449,ignore,,,not_selected_in_deterministic_random_subset,,,InStyleSwapper256-B,MODERATE,0.168400,trimmed_cropped_BZpzzYLxyUc.mp4,True,True,False
visomaster_InStyleSwapper256-B_12450,keep,visomaster hints,baseline_cropped,retain_as_weak_signal_baseline_subset,InStyleSwapper256-B|MODERATE,20260417,InStyleSwapper256-B,MODERATE,0.219900,trimmed_cropped_jZyRArAmzKQ.mp4,True,True,False
visomaster_InStyleSwapper256-B_12451,keep,visomaster hints,baseline_cropped,retain_as_weak_signal_baseline_subset,InStyleSwapper256-B|MODERATE,20260417,InStyleSwapper256-B,MODERATE,0.185900,trimmed_cropped_GT_jmOQH4Zg.mp4,True,True,False
visomaster_InStyleSwapper256-B_12452,ignore,,,minimal_tier_excluded,,,InStyleSwapper256-B,MINIMAL,0.126000,trimmed_cropped_92QIcyqi9pM.mp4,True,True,False
visomaster_InStyleSwapper256-B_12453,ignore,,,minimal_tier_excluded,,,InStyleSwapper256-B,MINIMAL,0.078900,trimmed_cropped_rUwnuC0qQyA.mp4,True,True,False
visomaster_InStyleSwapper256-B_12454,ignore,,,not_selected_in_deterministic_random_subset,,,InStyleSwapper256-B,MODERATE,0.161700,trimmed_cropped_kgeozSkavDw.mp4,True,True,False
visomaster_InStyleSwapper256-B_12455,ignore,,,not_selected_in_deterministic_random_subset,,,InStyleSwapper256-B,MODERATE,0.210700,trimmed_cropped_2O6tnoqw0xQ.mp4,True,True,False
visomaster_InStyleSwapper256-B_12456,ignore,,,minimal_tier_excluded,,,InStyleSwapper256-B,MINIMAL,0.093500,trimmed_cropped_mgQx_mX-Xk0.mp4,True,True,False
visomaster_InStyleSwapper256-B_12457,keep,visomaster hints,baseline_cropped,retain_as_weak_signal_baseline_subset,InStyleSwapper256-B|STRONG,20260417,InStyleSwapper256-B,STRONG,0.407700,trimmed_cropped_8iTJpbF6v7w.mp4,True,True,False
visomaster_InStyleSwapper256-B_12458,ignore,,,minimal_tier_excluded,,,InStyleSwapper256-B,MINIMAL,0.107800,trimmed_cropped_nMnYVZBM_oA.mp4,True,True,False
visomaster_InStyleSwapper256-B_12459,ignore,,,minimal_tier_excluded,,,InStyleSwapper256-B,MINIMAL,0.130800,trimmed_cropped_8GCD8nIOCTA.mp4,True,True,False
visomaster_InStyleSwapper256-B_12460,ignore,,,not_selected_in_deterministic_random_subset,,,InStyleSwapper256-B,MODERATE,0.289600,trimmed_cropped_Z0njtNLfFPw.mp4,True,True,False
visomaster_InStyleSwapper256-B_12461,ignore,,,not_selected_in_deterministic_random_subset,,,InStyleSwapper256-B,MODERATE,0.155400,trimmed_cropped_terjr04_TGw.mp4,True,True,False
visomaster_InStyleSwapper256-B_12462,ignore,,,not_selected_in_deterministic_random_subset,,,InStyleSwapper256-B,STRONG,0.404000,trimmed_cropped__JsSJd3Qa1A.mp4,True,True,False
visomaster_InStyleSwapper256-B_12463,ignore,,,minimal_tier_excluded,,,InStyleSwapper256-B,MINIMAL,0.086700,trimmed_cropped_dvATnwVfFO8.mp4,True,True,False
visomaster_InStyleSwapper256-B_12464,ignore,,,minimal_tier_excluded,,,InStyleSwapper256-B,MINIMAL,0.105000,trimmed_cropped_ZR8HzPgc-8c.mp4,True,True,False
visomaster_InStyleSwapper256-B_12465,ignore,,,not_selected_in_deterministic_random_subset,,,InStyleSwapper256-B,MODERATE,0.192400,trimmed_cropped_Jn19OxwcNyU.mp4,True,True,False
visomaster_InStyleSwapper256-B_12466,ignore,,,not_selected_in_deterministic_random_subset,,,InStyleSwapper256-B,STRONG,0.403800,trimmed_cropped_DM9ONMHsZrA.mp4,True,True,False
visomaster_InStyleSwapper256-B_12467,ignore,,,not_selected_in_deterministic_random_subset,,,InStyleSwapper256-B,MODERATE,0.192900,trimmed_cropped_Chypjp4z1dg.mp4,True,True,False
visomaster_InStyleSwapper256-B_12468,ignore,,,not_selected_in_deterministic_random_subset,,,InStyleSwapper256-B,MODERATE,0.183700,trimmed_cropped_2tH7V-psloc.mp4,True,True,False
visomaster_InStyleSwapper256-B_12469,ignore,,,minimal_tier_excluded,,,InStyleSwapper256-B,MINIMAL,0.092200,trimmed_cropped_QmV5lV98i2s.mp4,True,True,False
visomaster_InStyleSwapper256-B_12470,ignore,,,not_selected_in_deterministic_random_subset,,,InStyleSwapper256-B,MODERATE,0.171900,trimmed_cropped_N1hSGVkgYyE.mp4,True,True,False
visomaster_InStyleSwapper256-B_12471,ignore,,,not_selected_in_deterministic_random_subset,,,InStyleSwapper256-B,MODERATE,0.259200,trimmed_cropped_cKporSxcOAQ.mp4,True,True,False
visomaster_InStyleSwapper256-B_12472,keep,visomaster hints,baseline_cropped,retain_as_weak_signal_baseline_subset,InStyleSwapper256-B|MODERATE,20260417,InStyleSwapper256-B,MODERATE,0.222300,trimmed_cropped_t-Ax2sKhDrY.mp4,True,True,False
visomaster_InStyleSwapper256-B_12473,ignore,,,not_selected_in_deterministic_random_subset,,,InStyleSwapper256-B,MODERATE,0.182000,trimmed_cropped_YHCN_ryuT-o.mp4,True,True,False
visomaster_InStyleSwapper256-B_12474,ignore,,,minimal_tier_excluded,,,InStyleSwapper256-B,MINIMAL,0.087400,trimmed_cropped_wrveNygjvb0.mp4,True,True,False
visomaster_InStyleSwapper256-B_12475,ignore,,,minimal_tier_excluded,,,InStyleSwapper256-B,MINIMAL,0.143600,trimmed_cropped_-qAZWIOnBB0.mp4,True,True,False
visomaster_InStyleSwapper256-B_12476,ignore,,,not_selected_in_deterministic_random_subset,,,InStyleSwapper256-B,MODERATE,0.241800,trimmed_cropped_Pj-b8XSYfso.mp4,True,True,False
visomaster_InStyleSwapper256-B_12477,ignore,,,minimal_tier_excluded,,,InStyleSwapper256-B,MINIMAL,0.074800,trimmed_cropped_xjlAB_bY1Xs.mp4,True,True,False
visomaster_InStyleSwapper256-B_12478,ignore,,,not_selected_in_deterministic_random_subset,,,InStyleSwapper256-B,MODERATE,0.215500,trimmed_cropped_QuKm02EW8OA.mp4,True,True,False
visomaster_InStyleSwapper256-B_12479,ignore,,,minimal_tier_excluded,,,InStyleSwapper256-B,MINIMAL,0.145500,trimmed_cropped_cdY_QGh7gAM.mp4,True,True,False
visomaster_InStyleSwapper256-B_12480,ignore,,,not_selected_in_deterministic_random_subset,,,InStyleSwapper256-B,MODERATE,0.223200,trimmed_cropped_eGnAnNzmnkg.mp4,True,True,False
visomaster_InStyleSwapper256-B_12481,keep,visomaster hints,baseline_cropped,retain_as_weak_signal_baseline_subset,InStyleSwapper256-B|MODERATE,20260417,InStyleSwapper256-B,MODERATE,0.220200,trimmed_cropped_81KhkfoSAVY.mp4,True,True,False
visomaster_InStyleSwapper256-B_12482,ignore,,,not_selected_in_deterministic_random_subset,,,InStyleSwapper256-B,MODERATE,0.195600,trimmed_cropped_-qAZWIOnBB0.mp4,True,True,False
visomaster_InStyleSwapper256-B_12483,ignore,,,minimal_tier_excluded,,,InStyleSwapper256-B,MINIMAL,0.078300,trimmed_cropped_nciucagQERM.mp4,True,True,False
visomaster_InStyleSwapper256-B_12484,ignore,,,not_selected_in_deterministic_random_subset,,,InStyleSwapper256-B,MODERATE,0.197000,trimmed_cropped_WEwsuU5XpSk.mp4,True,True,False
visomaster_InStyleSwapper256-B_12485,ignore,,,minimal_tier_excluded,,,InStyleSwapper256-B,MINIMAL,0.114300,trimmed_cropped_CCaqqx9E2cg.mp4,True,True,False
visomaster_InStyleSwapper256-B_12486,keep,visomaster hints,baseline_cropped,retain_as_weak_signal_baseline_subset,InStyleSwapper256-B|STRONG,20260417,InStyleSwapper256-B,STRONG,0.354500,trimmed_cropped_zOxjFwCylOs.mp4,True,True,False
visomaster_InStyleSwapper256-B_12487,ignore,,,minimal_tier_excluded,,,InStyleSwapper256-B,MINIMAL,0.122700,trimmed_cropped_cyFJgk-Q_R8.mp4,True,True,False
visomaster_InStyleSwapper256-B_12488,keep,visomaster hints,baseline_cropped,retain_as_weak_signal_baseline_subset,InStyleSwapper256-B|MODERATE,20260417,InStyleSwapper256-B,MODERATE,0.191000,trimmed_cropped_QmuEHwBmiHA.mp4,True,True,False
visomaster_InStyleSwapper256-B_12489,ignore,,,minimal_tier_excluded,,,InStyleSwapper256-B,MINIMAL,0.103700,trimmed_cropped_E6hDkFuRQJo.mp4,True,True,False
visomaster_InStyleSwapper256-B_12490,ignore,,,not_selected_in_deterministic_random_subset,,,InStyleSwapper256-B,MODERATE,0.160300,trimmed_cropped_UlQ7sjSJsoc.mp4,True,True,False
visomaster_InStyleSwapper256-B_12491,ignore,,,not_selected_in_deterministic_random_subset,,,InStyleSwapper256-B,MODERATE,0.264900,trimmed_cropped_hvfs4jIYHrI.mp4,True,True,False
visomaster_InStyleSwapper256-B_12492,ignore,,,not_selected_in_deterministic_random_subset,,,InStyleSwapper256-B,MODERATE,0.187700,trimmed_cropped_fuuJMQDy9ME.mp4,True,True,False
visomaster_InStyleSwapper256-B_12493,ignore,,,not_selected_in_deterministic_random_subset,,,InStyleSwapper256-B,MODERATE,0.165100,trimmed_cropped_2Eowr47O8cQ.mp4,True,True,False
visomaster_InStyleSwapper256-B_12494,ignore,,,not_selected_in_deterministic_random_subset,,,InStyleSwapper256-B,MODERATE,0.180900,trimmed_cropped_qcvaxVSEglc.mp4,True,True,False
visomaster_InStyleSwapper256-B_12495,keep,visomaster hints,baseline_cropped,retain_as_weak_signal_baseline_subset,InStyleSwapper256-B|STRONG,20260417,InStyleSwapper256-B,STRONG,0.535600,trimmed_cropped_WxDiNbSZUm0.mp4,True,True,False
visomaster_InStyleSwapper256-B_12496,ignore,,,not_selected_in_deterministic_random_subset,,,InStyleSwapper256-B,STRONG,0.403800,trimmed_cropped_cICNHNd2EjI.mp4,True,True,False
visomaster_InStyleSwapper256-B_12497,ignore,,,not_selected_in_deterministic_random_subset,,,InStyleSwapper256-B,MODERATE,0.265100,trimmed_cropped_QOB-JH2tZNI.mp4,True,True,False
visomaster_InStyleSwapper256-B_12498,ignore,,,minimal_tier_excluded,,,InStyleSwapper256-B,MINIMAL,0.108000,trimmed_cropped_9JBaAly4bPQ.mp4,True,True,False
visomaster_InStyleSwapper256-B_12499,ignore,,,not_selected_in_deterministic_random_subset,,,InStyleSwapper256-B,MODERATE,0.162800,trimmed_cropped_C8XPLz3f3yw.mp4,True,True,False
visomaster_InStyleSwapper256-B_12500,ignore,,,not_selected_in_deterministic_random_subset,,,InStyleSwapper256-B,MODERATE,0.179900,trimmed_cropped_O-U6H_xGRoM.mp4,True,True,False
visomaster_InStyleSwapper256-B_12501,ignore,,,not_selected_in_deterministic_random_subset,,,InStyleSwapper256-B,MODERATE,0.201400,trimmed_cropped_vM-wc4G5k8s.mp4,True,True,False
visomaster_InStyleSwapper256-B_12502,ignore,,,not_selected_in_deterministic_random_subset,,,InStyleSwapper256-B,MODERATE,0.156100,trimmed_cropped_njhbu7G5EDM.mp4,True,True,False
visomaster_InStyleSwapper256-B_12503,ignore,,,not_selected_in_deterministic_random_subset,,,InStyleSwapper256-B,MODERATE,0.154900,trimmed_cropped_nBdEfwtPTPA.mp4,True,True,False
visomaster_InStyleSwapper256-B_12504,ignore,,,not_selected_in_deterministic_random_subset,,,InStyleSwapper256-B,MODERATE,0.167400,trimmed_cropped_Y12uycZ-yys.mp4,True,True,False
visomaster_InStyleSwapper256-B_12505,ignore,,,not_selected_in_deterministic_random_subset,,,InStyleSwapper256-B,STRONG,0.347800,trimmed_cropped_h4MzAhBpsYY.mp4,True,True,False
visomaster_InStyleSwapper256-B_12506,keep,visomaster hints,baseline_cropped,retain_as_weak_signal_baseline_subset,InStyleSwapper256-B|MODERATE,20260417,InStyleSwapper256-B,MODERATE,0.192200,trimmed_cropped_1VmN-9YYnEM.mp4,True,True,False
visomaster_InStyleSwapper256-B_12507,keep,visomaster hints,baseline_cropped,retain_as_weak_signal_baseline_subset,InStyleSwapper256-B|MODERATE,20260417,InStyleSwapper256-B,MODERATE,0.209500,trimmed_cropped_bopcQSJKcD8.mp4,True,True,False
visomaster_InStyleSwapper256-B_12508,keep,visomaster hints,baseline_cropped,retain_as_weak_signal_baseline_subset,InStyleSwapper256-B|MODERATE,20260417,InStyleSwapper256-B,MODERATE,0.190400,trimmed_cropped_2EzOLhYNd84.mp4,True,True,False
visomaster_InStyleSwapper256-B_12509,ignore,,,minimal_tier_excluded,,,InStyleSwapper256-B,MINIMAL,0.141800,trimmed_cropped_kwrC81_0dxA.mp4,True,True,False
visomaster_InStyleSwapper256-B_12510,ignore,,,minimal_tier_excluded,,,InStyleSwapper256-B,MINIMAL,0.145000,trimmed_cropped_w6BigxLkWMs.mp4,True,True,False
visomaster_InStyleSwapper256-B_12511,keep,visomaster hints,baseline_cropped,retain_as_weak_signal_baseline_subset,InStyleSwapper256-B|MODERATE,20260417,InStyleSwapper256-B,MODERATE,0.235700,trimmed_cropped_QY4e7Fq42Y0.mp4,True,True,False
visomaster_InStyleSwapper256-B_12512,ignore,,,minimal_tier_excluded,,,InStyleSwapper256-B,MINIMAL,0.084300,trimmed_cropped_D6aJ7V5AyiY.mp4,True,True,False
visomaster_InStyleSwapper256-B_12513,keep,visomaster hints,baseline_cropped,retain_as_weak_signal_baseline_subset,InStyleSwapper256-B|STRONG,20260417,InStyleSwapper256-B,STRONG,0.317200,trimmed_cropped_3G_qb4DpKZw.mp4,True,True,False
visomaster_InStyleSwapper256-B_12514,ignore,,,not_selected_in_deterministic_random_subset,,,InStyleSwapper256-B,MODERATE,0.226500,trimmed_cropped_4kFF-d72lLM.mp4,True,True,False
visomaster_InStyleSwapper256-B_12515,ignore,,,not_selected_in_deterministic_random_subset,,,InStyleSwapper256-B,MODERATE,0.173100,trimmed_cropped_PT1qbloozAQ.mp4,True,True,False
visomaster_InStyleSwapper256-B_12516,ignore,,,not_selected_in_deterministic_random_subset,,,InStyleSwapper256-B,MODERATE,0.177900,trimmed_cropped_-ix25049wvg.mp4,True,True,False
visomaster_InStyleSwapper256-B_12517,keep,visomaster hints,baseline_cropped,retain_as_weak_signal_baseline_subset,InStyleSwapper256-B|STRONG,20260417,InStyleSwapper256-B,STRONG,0.503400,trimmed_cropped_IZB5AXn2dtM.mp4,True,True,False
visomaster_InStyleSwapper256-B_12518,ignore,,,minimal_tier_excluded,,,InStyleSwapper256-B,MINIMAL,0.125300,trimmed_cropped_3O1c_xr5UnQ.mp4,True,True,False
visomaster_InStyleSwapper256-B_12519,keep,visomaster hints,baseline_cropped,retain_as_weak_signal_baseline_subset,InStyleSwapper256-B|STRONG,20260417,InStyleSwapper256-B,STRONG,0.356400,trimmed_cropped_of4_TrpGrX0.mp4,True,True,False
visomaster_InStyleSwapper256-B_12520,ignore,,,minimal_tier_excluded,,,InStyleSwapper256-B,MINIMAL,0.136900,trimmed_cropped_0wAQJmtDrp8.mp4,True,True,False
visomaster_InStyleSwapper256-B_12521,ignore,,,minimal_tier_excluded,,,InStyleSwapper256-B,MINIMAL,0.124400,trimmed_cropped_JCeLDLCdi0c.mp4,True,True,False
visomaster_InStyleSwapper256-B_12522,ignore,,,not_selected_in_deterministic_random_subset,,,InStyleSwapper256-B,MODERATE,0.281700,trimmed_cropped_IUM0BMGQPRE.mp4,True,True,False
visomaster_InStyleSwapper256-B_12523,ignore,,,not_selected_in_deterministic_random_subset,,,InStyleSwapper256-B,MODERATE,0.217400,trimmed_cropped_kvFiTdmKSIQ.mp4,True,True,False
visomaster_InStyleSwapper256-B_12524,ignore,,,not_selected_in_deterministic_random_subset,,,InStyleSwapper256-B,MODERATE,0.215600,trimmed_cropped_n2dE35sJlh4.mp4,True,True,False
visomaster_InStyleSwapper256-B_12525,ignore,,,minimal_tier_excluded,,,InStyleSwapper256-B,MINIMAL,0.084000,trimmed_cropped_vuh3kZIlDk8.mp4,True,True,False
visomaster_InStyleSwapper256-B_12526,ignore,,,minimal_tier_excluded,,,InStyleSwapper256-B,MINIMAL,0.121500,trimmed_cropped_-1muVDMvY4c.mp4,True,True,False
visomaster_InStyleSwapper256-B_12527,ignore,,,not_selected_in_deterministic_random_subset,,,InStyleSwapper256-B,STRONG,0.428300,trimmed_cropped_5wWwelqp7_k.mp4,True,True,False
visomaster_InStyleSwapper256-B_12528,ignore,,,minimal_tier_excluded,,,InStyleSwapper256-B,MINIMAL,0.098700,trimmed_cropped_ooDQ3RwtErw.mp4,True,True,False
visomaster_InStyleSwapper256-B_12529,ignore,,,not_selected_in_deterministic_random_subset,,,InStyleSwapper256-B,MODERATE,0.223300,trimmed_cropped_vVygI1tWWBY.mp4,True,True,False
visomaster_InStyleSwapper256-B_12530,ignore,,,not_selected_in_deterministic_random_subset,,,InStyleSwapper256-B,MODERATE,0.233000,trimmed_cropped_1vYqeXUYa4w.mp4,True,True,False
visomaster_InStyleSwapper256-B_12531,ignore,,,minimal_tier_excluded,,,InStyleSwapper256-B,MINIMAL,0.084400,trimmed_cropped__T03BHra7uM.mp4,True,True,False
visomaster_InStyleSwapper256-B_12532,ignore,,,minimal_tier_excluded,,,InStyleSwapper256-B,MINIMAL,0.120800,trimmed_cropped_E-lq2ErdlXY.mp4,True,True,False
visomaster_InStyleSwapper256-B_12533,ignore,,,not_selected_in_deterministic_random_subset,,,InStyleSwapper256-B,STRONG,0.314100,trimmed_cropped_2tP0nUW8QHM.mp4,True,True,False
visomaster_InStyleSwapper256-B_12534,ignore,,,minimal_tier_excluded,,,InStyleSwapper256-B,MINIMAL,0.103100,trimmed_cropped_M9xt11JCz2A.mp4,True,True,False
visomaster_InStyleSwapper256-B_12535,ignore,,,not_selected_in_deterministic_random_subset,,,InStyleSwapper256-B,MODERATE,0.178900,trimmed_cropped_OMo2B4ILzik.mp4,True,True,False
visomaster_InStyleSwapper256-B_12536,ignore,,,not_selected_in_deterministic_random_subset,,,InStyleSwapper256-B,MODERATE,0.195300,trimmed_cropped_ExWw3T8bvD4.mp4,True,True,False
visomaster_InStyleSwapper256-B_12537,ignore,,,minimal_tier_excluded,,,InStyleSwapper256-B,MINIMAL,0.126100,trimmed_cropped_k6zUQqGuiFc.mp4,True,True,False
visomaster_InStyleSwapper256-B_12538,ignore,,,minimal_tier_excluded,,,InStyleSwapper256-B,MINIMAL,0.141400,trimmed_cropped_aYJ4ZaCooGc.mp4,True,True,False
visomaster_InStyleSwapper256-B_12539,keep,visomaster hints,baseline_cropped,retain_as_weak_signal_baseline_subset,InStyleSwapper256-B|MODERATE,20260417,InStyleSwapper256-B,MODERATE,0.276700,trimmed_cropped_IRoCqQjF-UE.mp4,True,True,False
visomaster_InStyleSwapper256-B_12540,ignore,,,not_selected_in_deterministic_random_subset,,,InStyleSwapper256-B,MODERATE,0.219400,trimmed_cropped_xiydK3QIvdg.mp4,True,True,False
visomaster_InStyleSwapper256-B_12541,ignore,,,not_selected_in_deterministic_random_subset,,,InStyleSwapper256-B,MODERATE,0.202600,trimmed_cropped_p-13ZgGb7AY.mp4,True,True,False
visomaster_InStyleSwapper256-B_12542,ignore,,,minimal_tier_excluded,,,InStyleSwapper256-B,MINIMAL,0.097700,trimmed_cropped_KCBfNxzjDZQ.mp4,True,True,False
visomaster_InStyleSwapper256-B_12543,ignore,,,not_selected_in_deterministic_random_subset,,,InStyleSwapper256-B,MODERATE,0.169500,trimmed_cropped_ZnUj4Z4PloA.mp4,True,True,False
visomaster_InStyleSwapper256-B_12544,keep,visomaster hints,baseline_cropped,retain_as_weak_signal_baseline_subset,InStyleSwapper256-B|MODERATE,20260417,InStyleSwapper256-B,MODERATE,0.192700,trimmed_cropped_OQhrkX36K18.mp4,True,True,False
visomaster_InStyleSwapper256-B_12545,ignore,,,not_selected_in_deterministic_random_subset,,,InStyleSwapper256-B,STRONG,0.321300,trimmed_cropped_blKK7fnuzPY.mp4,True,True,False
visomaster_InStyleSwapper256-B_12546,ignore,,,minimal_tier_excluded,,,InStyleSwapper256-B,MINIMAL,0.129100,trimmed_cropped_ySOHWTKqF44.mp4,True,True,False
visomaster_InStyleSwapper256-B_12547,ignore,,,not_selected_in_deterministic_random_subset,,,InStyleSwapper256-B,MODERATE,0.151100,trimmed_cropped_i48gO4_Iw3s.mp4,True,True,False
visomaster_InStyleSwapper256-B_12548,ignore,,,minimal_tier_excluded,,,InStyleSwapper256-B,MINIMAL,0.138300,trimmed_cropped_dt-o0ESr7O8.mp4,True,True,False
visomaster_InStyleSwapper256-B_12549,ignore,,,not_selected_in_deterministic_random_subset,,,InStyleSwapper256-B,MODERATE,0.199200,trimmed_cropped_w-5IGJjv2Ds.mp4,True,True,False
visomaster_InStyleSwapper256-B_12550,keep,visomaster hints,baseline_cropped,retain_as_weak_signal_baseline_subset,InStyleSwapper256-B|MODERATE,20260417,InStyleSwapper256-B,MODERATE,0.177200,trimmed_cropped_qoISHhaGsXo.mp4,True,True,False
visomaster_InStyleSwapper256-B_12551,ignore,,,not_selected_in_deterministic_random_subset,,,InStyleSwapper256-B,STRONG,0.379500,trimmed_cropped_AWPrOvzzqZk.mp4,True,True,False
visomaster_InStyleSwapper256-B_12552,keep,visomaster hints,baseline_cropped,retain_as_weak_signal_baseline_subset,InStyleSwapper256-B|MODERATE,20260417,InStyleSwapper256-B,MODERATE,0.183100,trimmed_cropped_C-p046gCN0w.mp4,True,True,False
visomaster_InStyleSwapper256-B_12553,ignore,,,minimal_tier_excluded,,,InStyleSwapper256-B,MINIMAL,0.139300,trimmed_cropped_ZWxK9GqiJfY.mp4,True,True,False
visomaster_InStyleSwapper256-B_12554,ignore,,,not_selected_in_deterministic_random_subset,,,InStyleSwapper256-B,MODERATE,0.156500,trimmed_cropped_dNw9SgPBCFg.mp4,True,True,False
visomaster_InStyleSwapper256-B_12555,ignore,,,minimal_tier_excluded,,,InStyleSwapper256-B,MINIMAL,0.094300,trimmed_cropped_QPZ9uYaXxIA.mp4,True,True,False
visomaster_InStyleSwapper256-B_12556,ignore,,,minimal_tier_excluded,,,InStyleSwapper256-B,MINIMAL,0.124600,trimmed_cropped_M4lM-qQPNIw.mp4,True,True,False
visomaster_InStyleSwapper256-B_12557,keep,visomaster hints,baseline_cropped,retain_as_weak_signal_baseline_subset,InStyleSwapper256-B|STRONG,20260417,InStyleSwapper256-B,STRONG,0.405500,trimmed_cropped_ISS9nJ58kCM.mp4,True,True,False
visomaster_InStyleSwapper256-B_12558,keep,visomaster hints,baseline_cropped,retain_as_weak_signal_baseline_subset,InStyleSwapper256-B|STRONG,20260417,InStyleSwapper256-B,STRONG,0.367800,trimmed_cropped_1permCfWX_0.mp4,True,True,False
visomaster_InStyleSwapper256-B_12559,ignore,,,minimal_tier_excluded,,,InStyleSwapper256-B,MINIMAL,0.133000,trimmed_cropped_rTvU58RRWl0.mp4,True,True,False
visomaster_InStyleSwapper256-B_12560,ignore,,,not_selected_in_deterministic_random_subset,,,InStyleSwapper256-B,MODERATE,0.277600,trimmed_cropped_XkuPnaAHCUw.mp4,True,True,False
visomaster_InStyleSwapper256-B_12561,ignore,,,not_selected_in_deterministic_random_subset,,,InStyleSwapper256-B,MODERATE,0.160300,trimmed_cropped_HoDZE4ubbsc.mp4,True,True,False
visomaster_InStyleSwapper256-B_12562,ignore,,,minimal_tier_excluded,,,InStyleSwapper256-B,MINIMAL,0.098700,trimmed_cropped_ZkRIQ_JH6eE.mp4,True,True,False
visomaster_InStyleSwapper256-B_12563,ignore,,,minimal_tier_excluded,,,InStyleSwapper256-B,MINIMAL,0.095400,trimmed_cropped_wOuzSD--fig.mp4,True,True,False
visomaster_InStyleSwapper256-B_12564,ignore,,,not_selected_in_deterministic_random_subset,,,InStyleSwapper256-B,MODERATE,0.234000,trimmed_cropped_2tH7V-psloc.mp4,True,True,False
visomaster_InStyleSwapper256-B_12565,keep,visomaster hints,baseline_cropped,retain_as_weak_signal_baseline_subset,InStyleSwapper256-B|MODERATE,20260417,InStyleSwapper256-B,MODERATE,0.216700,trimmed_cropped_D8LaBpjy24k.mp4,True,True,False
visomaster_InStyleSwapper256-B_12566,keep,visomaster hints,baseline_cropped,retain_as_weak_signal_baseline_subset,InStyleSwapper256-B|MODERATE,20260417,InStyleSwapper256-B,MODERATE,0.180600,trimmed_cropped_2Eowr47O8cQ.mp4,True,True,False
visomaster_InStyleSwapper256-B_12567,ignore,,,minimal_tier_excluded,,,InStyleSwapper256-B,MINIMAL,0.114500,trimmed_cropped_fofxtVWI2w4.mp4,True,True,False
visomaster_InStyleSwapper256-B_12568,ignore,,,minimal_tier_excluded,,,InStyleSwapper256-B,MINIMAL,0.085300,trimmed_cropped_-XNkBzaA8Os.mp4,True,True,False
visomaster_InStyleSwapper256-B_12569,ignore,,,not_selected_in_deterministic_random_subset,,,InStyleSwapper256-B,MODERATE,0.225900,trimmed_cropped_8VguUjyoIAA.mp4,True,True,False
visomaster_InStyleSwapper256-B_12570,ignore,,,minimal_tier_excluded,,,InStyleSwapper256-B,MINIMAL,0.117300,trimmed_cropped_D98Mqw_JOtM.mp4,True,True,False
visomaster_InStyleSwapper256-B_12571,ignore,,,not_selected_in_deterministic_random_subset,,,InStyleSwapper256-B,MODERATE,0.218900,trimmed_cropped_Dq1Br5bE_y4.mp4,True,True,False
visomaster_InStyleSwapper256-B_12572,ignore,,,minimal_tier_excluded,,,InStyleSwapper256-B,MINIMAL,0.113800,trimmed_cropped_pqY1nWVfrKg.mp4,True,True,False
visomaster_InStyleSwapper256-B_12573,ignore,,,minimal_tier_excluded,,,InStyleSwapper256-B,MINIMAL,0.031900,trimmed_cropped_j44FY6qlQdw.mp4,True,True,False
visomaster_InStyleSwapper256-B_12574,ignore,,,minimal_tier_excluded,,,InStyleSwapper256-B,MINIMAL,0.030600,trimmed_cropped_ProR0K6Rii0.mp4,True,True,False
visomaster_InStyleSwapper256-B_12575,ignore,,,minimal_tier_excluded,,,InStyleSwapper256-B,MINIMAL,0.025000,trimmed_cropped_aZwtIIXAHwk.mp4,True,True,False
visomaster_InStyleSwapper256-B_12576,ignore,,,minimal_tier_excluded,,,InStyleSwapper256-B,MINIMAL,0.014700,trimmed_cropped_kkm1M8Mdd7o.mp4,True,True,False
visomaster_InStyleSwapper256-B_12577,ignore,,,minimal_tier_excluded,,,InStyleSwapper256-B,MINIMAL,0.025900,trimmed_cropped_Cf9FniisIK4.mp4,True,True,False
visomaster_InStyleSwapper256-B_12578,ignore,,,minimal_tier_excluded,,,InStyleSwapper256-B,MINIMAL,0.020700,trimmed_cropped_02y4jcAQN3s.mp4,True,True,False
visomaster_InStyleSwapper256-B_12579,ignore,,,minimal_tier_excluded,,,InStyleSwapper256-B,MINIMAL,0.015500,trimmed_cropped_RMHvVMxrVuM.mp4,True,True,False
visomaster_InStyleSwapper256-B_12580,ignore,,,minimal_tier_excluded,,,InStyleSwapper256-B,MINIMAL,0.021600,trimmed_cropped_u_l8T2rNNFk.mp4,True,True,False
visomaster_InStyleSwapper256-B_12581,ignore,,,minimal_tier_excluded,,,InStyleSwapper256-B,MINIMAL,0.034900,trimmed_cropped_oXBg-lY_APA.mp4,True,True,False
visomaster_InStyleSwapper256-B_12582,ignore,,,minimal_tier_excluded,,,InStyleSwapper256-B,MINIMAL,0.018000,trimmed_cropped_sjkwFp2amkQ.mp4,True,True,False
visomaster_InStyleSwapper256-B_12583,ignore,,,minimal_tier_excluded,,,InStyleSwapper256-B,MINIMAL,0.016200,trimmed_cropped_FJflYnO49TQ.mp4,True,True,False
visomaster_InStyleSwapper256-B_12584,ignore,,,minimal_tier_excluded,,,InStyleSwapper256-B,MINIMAL,0.015900,trimmed_cropped__7AyrX3Soqc.mp4,True,True,False
visomaster_InStyleSwapper256-B_12585,ignore,,,minimal_tier_excluded,,,InStyleSwapper256-B,MINIMAL,0.021000,trimmed_cropped_oOZqVdpfRcM.mp4,True,True,False
visomaster_InStyleSwapper256-B_12586,ignore,,,minimal_tier_excluded,,,InStyleSwapper256-B,MINIMAL,0.018400,trimmed_cropped_e8f1ZoYg8O8.mp4,True,True,False
visomaster_InStyleSwapper256-B_12587,ignore,,,minimal_tier_excluded,,,InStyleSwapper256-B,MINIMAL,0.022000,trimmed_cropped_3zTD2M-wnEk.mp4,True,True,False
visomaster_InStyleSwapper256-B_12588,ignore,,,minimal_tier_excluded,,,InStyleSwapper256-B,MINIMAL,0.028100,trimmed_cropped_448naPYDVpA.mp4,True,True,False
visomaster_InStyleSwapper256-B_12589,ignore,,,minimal_tier_excluded,,,InStyleSwapper256-B,MINIMAL,0.017200,trimmed_cropped_gE0wPgT2qrw.mp4,True,True,False
visomaster_InStyleSwapper256-B_12590,ignore,,,minimal_tier_excluded,,,InStyleSwapper256-B,MINIMAL,0.022800,trimmed_cropped_3wGMaPhS7_I.mp4,True,True,False
visomaster_InStyleSwapper256-B_12591,ignore,,,minimal_tier_excluded,,,InStyleSwapper256-B,MINIMAL,0.021400,trimmed_cropped_wOuzSD--fig.mp4,True,True,False
visomaster_InStyleSwapper256-B_12592,ignore,,,minimal_tier_excluded,,,InStyleSwapper256-B,MINIMAL,0.017300,trimmed_cropped_PYOEB-trUgU.mp4,True,True,False
visomaster_InStyleSwapper256-B_12593,ignore,,,minimal_tier_excluded,,,InStyleSwapper256-B,MINIMAL,0.017200,trimmed_cropped_0pvJumil0-c.mp4,True,True,False
visomaster_InStyleSwapper256-B_12594,ignore,,,minimal_tier_excluded,,,InStyleSwapper256-B,MINIMAL,0.011000,trimmed_cropped_LP59hMXyIW4.mp4,True,True,False
visomaster_InStyleSwapper256-B_12595,ignore,,,minimal_tier_excluded,,,InStyleSwapper256-B,MINIMAL,0.017700,trimmed_cropped_nH2yabbyZlc.mp4,True,True,False
visomaster_InStyleSwapper256-B_12596,ignore,,,minimal_tier_excluded,,,InStyleSwapper256-B,MINIMAL,0.019300,a6RujPPl85s.mp4,True,True,False
visomaster_InStyleSwapper256-B_12597,ignore,,,minimal_tier_excluded,,,InStyleSwapper256-B,MINIMAL,0.029400,trimmed_cropped_4VgsR9Ko89k.mp4,True,True,False
visomaster_InStyleSwapper256-B_12598,ignore,,,minimal_tier_excluded,,,InStyleSwapper256-B,MINIMAL,0.021700,trimmed_cropped_1YWhR79QSEM.mp4,True,True,False
visomaster_InStyleSwapper256-B_12599,ignore,,,minimal_tier_excluded,,,InStyleSwapper256-B,MINIMAL,0.019600,trimmed_cropped_ZHhPbDC2pMI.mp4,True,True,False
visomaster_InStyleSwapper256-B_12600,ignore,,,minimal_tier_excluded,,,InStyleSwapper256-B,MINIMAL,0.012100,trimmed_cropped_24fMD51_ipw.mp4,True,True,False
visomaster_InStyleSwapper256-B_12601,ignore,,,minimal_tier_excluded,,,InStyleSwapper256-B,MINIMAL,0.134900,trimmed_cropped_BDVAkpXuvsk.mp4,True,True,False
visomaster_InStyleSwapper256-B_12602,ignore,,,minimal_tier_excluded,,,InStyleSwapper256-B,MINIMAL,0.029300,trimmed_cropped_JLHBQSXh8F4.mp4,True,True,False
visomaster_InStyleSwapper256-B_12603,ignore,,,minimal_tier_excluded,,,InStyleSwapper256-B,MINIMAL,0.024400,trimmed_cropped_4Dtr6d--nyc.mp4,True,True,False
visomaster_InStyleSwapper256-B_12604,ignore,,,minimal_tier_excluded,,,InStyleSwapper256-B,MINIMAL,0.016600,trimmed_cropped_wlmf8b_qo3M.mp4,True,True,False
visomaster_InStyleSwapper256-B_12605,ignore,,,minimal_tier_excluded,,,InStyleSwapper256-B,MINIMAL,0.031300,trimmed_cropped_fCOJsJgVlw0.mp4,True,True,False
visomaster_InStyleSwapper256-B_12606,ignore,,,minimal_tier_excluded,,,InStyleSwapper256-B,MINIMAL,0.015900,trimmed_cropped_z937yRGPf5M.mp4,True,True,False
visomaster_InStyleSwapper256-B_12607,ignore,,,minimal_tier_excluded,,,InStyleSwapper256-B,MINIMAL,0.020800,trimmed_cropped_ElYNSRzULyg.mp4,True,True,False
visomaster_InStyleSwapper256-B_12608,ignore,,,minimal_tier_excluded,,,InStyleSwapper256-B,MINIMAL,0.011600,trimmed_cropped_KltspYUg7sc.mp4,True,True,False
visomaster_InStyleSwapper256-B_12609,ignore,,,minimal_tier_excluded,,,InStyleSwapper256-B,MINIMAL,0.030700,trimmed_cropped_968bk3Mgca0.mp4,True,True,False
visomaster_InStyleSwapper256-B_12610,ignore,,,minimal_tier_excluded,,,InStyleSwapper256-B,MINIMAL,0.018600,trimmed_cropped_DspEg2nD6Ws.mp4,True,True,False
visomaster_InStyleSwapper256-B_12611,ignore,,,minimal_tier_excluded,,,InStyleSwapper256-B,MINIMAL,0.019900,trimmed_cropped_nh3boQRKb4Y.mp4,True,True,False
visomaster_InStyleSwapper256-B_12612,ignore,,,minimal_tier_excluded,,,InStyleSwapper256-B,MINIMAL,0.020700,trimmed_cropped_JNCP50lvHFY.mp4,True,True,False
visomaster_InStyleSwapper256-B_12613,ignore,,,minimal_tier_excluded,,,InStyleSwapper256-B,MINIMAL,0.017300,trimmed_cropped_6P3F0gaIiMQ.mp4,True,True,False
visomaster_InStyleSwapper256-B_12614,ignore,,,minimal_tier_excluded,,,InStyleSwapper256-B,MINIMAL,0.013500,trimmed_cropped_112LxNN5s_0.mp4,True,True,False
visomaster_InStyleSwapper256-B_12615,ignore,,,minimal_tier_excluded,,,InStyleSwapper256-B,MINIMAL,0.019700,trimmed_cropped_VM7796nL5cg.mp4,True,True,False
visomaster_InStyleSwapper256-B_12616,ignore,,,minimal_tier_excluded,,,InStyleSwapper256-B,MINIMAL,0.010700,trimmed_cropped_L2dtMJpMp2o.mp4,True,True,False
visomaster_InStyleSwapper256-B_12617,ignore,,,minimal_tier_excluded,,,InStyleSwapper256-B,MINIMAL,0.014400,trimmed_cropped_q4L_iAdKTOE.mp4,True,True,False
visomaster_InStyleSwapper256-B_12618,ignore,,,minimal_tier_excluded,,,InStyleSwapper256-B,MINIMAL,0.014900,trimmed_px2S7d5kP7g.mp4,True,True,False
visomaster_InStyleSwapper256-B_12619,ignore,,,minimal_tier_excluded,,,InStyleSwapper256-B,MINIMAL,0.028600,trimmed_cropped_pkn91Ahh0c0.mp4,True,True,False
visomaster_InStyleSwapper256-B_12620,ignore,,,minimal_tier_excluded,,,InStyleSwapper256-B,MINIMAL,0.008900,trimmed_cropped_vHbKucZq3nI.mp4,True,True,False
visomaster_InStyleSwapper256-B_12621,ignore,,,minimal_tier_excluded,,,InStyleSwapper256-B,MINIMAL,0.006800,trimmed_cropped_sj9cL-Pei3Q.mp4,True,True,False
visomaster_InStyleSwapper256-B_12622,ignore,,,minimal_tier_excluded,,,InStyleSwapper256-B,MINIMAL,0.025900,trimmed_cropped_U2Q-IV7_lP4.mp4,True,True,False
visomaster_InStyleSwapper256-B_12623,ignore,,,minimal_tier_excluded,,,InStyleSwapper256-B,MINIMAL,0.009700,trimmed_cropped_x6LhWJbaM3s.mp4,True,True,False
visomaster_InStyleSwapper256-B_12624,ignore,,,minimal_tier_excluded,,,InStyleSwapper256-B,MINIMAL,0.014000,trimmed_cropped_cwcCZDEYdAU.mp4,True,True,False
visomaster_InStyleSwapper256-B_12625,ignore,,,minimal_tier_excluded,,,InStyleSwapper256-B,MINIMAL,0.020800,trimmed_cropped_iThTLTvskI0.mp4,True,True,False
visomaster_InStyleSwapper256-B_12626,ignore,,,minimal_tier_excluded,,,InStyleSwapper256-B,MINIMAL,0.012200,trimmed_cropped_hN52Ee5vQiQ.mp4,True,True,False
visomaster_InStyleSwapper256-B_12627,ignore,,,minimal_tier_excluded,,,InStyleSwapper256-B,MINIMAL,0.014700,trimmed_cropped_0qeDe74g9ec.mp4,True,True,False
visomaster_InStyleSwapper256-B_12628,ignore,,,minimal_tier_excluded,,,InStyleSwapper256-B,MINIMAL,0.023300,trimmed_cropped_HS6G4ZKZHSs.mp4,True,True,False
visomaster_InStyleSwapper256-B_12629,ignore,,,minimal_tier_excluded,,,InStyleSwapper256-B,MINIMAL,0.011500,trimmed_cropped_6MEfGxKiPaE.mp4,True,True,False
visomaster_InStyleSwapper256-B_12630,ignore,,,minimal_tier_excluded,,,InStyleSwapper256-B,MINIMAL,0.011600,trimmed_cropped_PeUbRXnbmms.mp4,True,True,False
visomaster_InStyleSwapper256-B_12631,ignore,,,minimal_tier_excluded,,,InStyleSwapper256-B,MINIMAL,0.013300,trimmed_cropped_XNZ1-l_w4fs.mp4,True,True,False
visomaster_InStyleSwapper256-B_12632,ignore,,,minimal_tier_excluded,,,InStyleSwapper256-B,MINIMAL,0.018400,trimmed_cropped_MXisiBodjD0.mp4,True,True,False
visomaster_InStyleSwapper256-B_12633,ignore,,,minimal_tier_excluded,,,InStyleSwapper256-B,MINIMAL,0.017600,trimmed_cropped_ZbbN9cC2VcU.mp4,True,True,False
visomaster_InStyleSwapper256-B_12634,ignore,,,minimal_tier_excluded,,,InStyleSwapper256-B,MINIMAL,0.026700,trimmed_cropped_P5SNIrwgBN8.mp4,True,True,False
visomaster_InStyleSwapper256-B_12635,ignore,,,minimal_tier_excluded,,,InStyleSwapper256-B,MINIMAL,0.012700,trimmed_cropped_f1EVtkED9Sw.mp4,True,True,False
visomaster_InStyleSwapper256-B_12636,ignore,,,minimal_tier_excluded,,,InStyleSwapper256-B,MINIMAL,0.040300,trimmed_cropped_74d81rHKdo0.mp4,True,True,False
visomaster_InStyleSwapper256-B_12637,ignore,,,minimal_tier_excluded,,,InStyleSwapper256-B,MINIMAL,0.040000,trimmed_cropped_HUlJ2XFgeoQ.mp4,True,True,False
visomaster_InStyleSwapper256-B_12638,ignore,,,minimal_tier_excluded,,,InStyleSwapper256-B,MINIMAL,0.024700,trimmed_cropped_wAqydoz8HS0.mp4,True,True,False
visomaster_InStyleSwapper256-B_12639,ignore,,,minimal_tier_excluded,,,InStyleSwapper256-B,MINIMAL,0.012900,trimmed_cropped_zG_Q50JDeLo.mp4,True,True,False
visomaster_InStyleSwapper256-B_12640,ignore,,,minimal_tier_excluded,,,InStyleSwapper256-B,MINIMAL,0.012600,trimmed_cropped_rneZwbvvmcg.mp4,True,True,False
visomaster_InStyleSwapper256-B_12641,ignore,,,minimal_tier_excluded,,,InStyleSwapper256-B,MINIMAL,0.028900,trimmed_cropped_EdY0bbYEXMc.mp4,True,True,False
visomaster_InStyleSwapper256-B_12642,ignore,,,minimal_tier_excluded,,,InStyleSwapper256-B,MINIMAL,0.018100,trimmed_cropped_KNxhIbDUguI.mp4,True,True,False
visomaster_InStyleSwapper256-B_12643,ignore,,,minimal_tier_excluded,,,InStyleSwapper256-B,MINIMAL,0.018900,trimmed_cropped_YD52Xm8cvOc.mp4,True,True,False
visomaster_InStyleSwapper256-B_12644,ignore,,,minimal_tier_excluded,,,InStyleSwapper256-B,MINIMAL,0.010600,trimmed_cropped_u47FlVSBASI.mp4,True,True,False
visomaster_InStyleSwapper256-B_12645,ignore,,,minimal_tier_excluded,,,InStyleSwapper256-B,MINIMAL,0.010000,trimmed_cropped_r8rBy_y3rOw.mp4,True,True,False
visomaster_InStyleSwapper256-B_12646,ignore,,,minimal_tier_excluded,,,InStyleSwapper256-B,MINIMAL,0.012600,trimmed_cropped_3lgsbVXKLW4.mp4,True,True,False
visomaster_InStyleSwapper256-B_12647,ignore,,,minimal_tier_excluded,,,InStyleSwapper256-B,MINIMAL,0.017800,trimmed_cropped_5kCisoulYiI.mp4,True,True,False
visomaster_InStyleSwapper256-B_12648,ignore,,,minimal_tier_excluded,,,InStyleSwapper256-B,MINIMAL,0.017900,trimmed_cropped_wfRRcahgqfs.mp4,True,True,False
visomaster_InStyleSwapper256-B_12649,ignore,,,minimal_tier_excluded,,,InStyleSwapper256-B,MINIMAL,0.028200,trimmed_cropped_JWKiUNq8fSw.mp4,True,True,False
visomaster_InStyleSwapper256-B_12650,ignore,,,missing_tier_metadata_companion,,,InStyleSwapper256-B,,,,True,False,False
visomaster_InStyleSwapper256-B_12651,ignore,,,missing_tier_metadata_companion,,,InStyleSwapper256-B,,,,True,False,False
visomaster_InStyleSwapper256-B_12652,ignore,,,missing_tier_metadata_companion,,,InStyleSwapper256-B,,,,True,False,False
visomaster_InStyleSwapper256-B_12653,ignore,,,missing_tier_metadata_companion,,,InStyleSwapper256-B,,,,True,False,False
visomaster_InStyleSwapper256-B_12654,ignore,,,missing_tier_metadata_companion,,,InStyleSwapper256-B,,,,True,False,False
visomaster_InStyleSwapper256-B_12655,ignore,,,missing_tier_metadata_companion,,,InStyleSwapper256-B,,,,True,False,False
visomaster_InStyleSwapper256-B_12656,ignore,,,missing_tier_metadata_companion,,,InStyleSwapper256-B,,,,True,False,False
visomaster_InStyleSwapper256-B_12657,ignore,,,missing_tier_metadata_companion,,,InStyleSwapper256-B,,,,True,False,False
visomaster_InStyleSwapper256-B_12658,ignore,,,missing_tier_metadata_companion,,,InStyleSwapper256-B,,,,True,False,False
visomaster_InStyleSwapper256-B_12659,ignore,,,missing_tier_metadata_companion,,,InStyleSwapper256-B,,,,True,False,False
visomaster_InStyleSwapper256-B_12660,ignore,,,missing_tier_metadata_companion,,,InStyleSwapper256-B,,,,True,False,False
visomaster_InStyleSwapper256-B_12661,ignore,,,missing_tier_metadata_companion,,,InStyleSwapper256-B,,,,True,False,False
visomaster_InStyleSwapper256-B_12662,ignore,,,missing_tier_metadata_companion,,,InStyleSwapper256-B,,,,True,False,False
visomaster_InStyleSwapper256-B_12663,ignore,,,missing_tier_metadata_companion,,,InStyleSwapper256-B,,,,True,False,False
visomaster_InStyleSwapper256-B_12664,ignore,,,missing_tier_metadata_companion,,,InStyleSwapper256-B,,,,True,False,False
visomaster_InStyleSwapper256-B_12665,ignore,,,missing_tier_metadata_companion,,,InStyleSwapper256-B,,,,True,False,False
visomaster_InStyleSwapper256-B_12666,ignore,,,missing_tier_metadata_companion,,,InStyleSwapper256-B,,,,True,False,False
visomaster_InStyleSwapper256-B_12667,ignore,,,missing_tier_metadata_companion,,,InStyleSwapper256-B,,,,True,False,False
visomaster_InStyleSwapper256-B_12668,ignore,,,missing_tier_metadata_companion,,,InStyleSwapper256-B,,,,True,False,False
visomaster_InStyleSwapper256-B_12669,ignore,,,missing_tier_metadata_companion,,,InStyleSwapper256-B,,,,True,False,False
visomaster_InStyleSwapper256-B_12670,ignore,,,missing_tier_metadata_companion,,,InStyleSwapper256-B,,,,True,False,False
visomaster_InStyleSwapper256-B_12671,ignore,,,missing_tier_metadata_companion,,,InStyleSwapper256-B,,,,True,False,False
visomaster_InStyleSwapper256-B_12672,ignore,,,missing_tier_metadata_companion,,,InStyleSwapper256-B,,,,True,False,False
visomaster_InStyleSwapper256-C_14000,ignore,,,missing_tier_metadata_companion,,,InStyleSwapper256-C,,,,True,False,False
visomaster_InStyleSwapper256-C_14001,ignore,,,missing_tier_metadata_companion,,,InStyleSwapper256-C,,,,True,False,False
visomaster_InStyleSwapper256-C_14002,ignore,,,missing_tier_metadata_companion,,,InStyleSwapper256-C,,,,True,False,False
visomaster_InStyleSwapper256-C_14003,ignore,,,missing_tier_metadata_companion,,,InStyleSwapper256-C,,,,True,False,False
visomaster_InStyleSwapper256-C_14004,ignore,,,missing_tier_metadata_companion,,,InStyleSwapper256-C,,,,True,False,False
visomaster_InStyleSwapper256-C_14005,ignore,,,missing_tier_metadata_companion,,,InStyleSwapper256-C,,,,True,False,False
visomaster_InStyleSwapper256-C_14006,ignore,,,missing_tier_metadata_companion,,,InStyleSwapper256-C,,,,True,False,False
visomaster_InStyleSwapper256-C_14007,ignore,,,missing_tier_metadata_companion,,,InStyleSwapper256-C,,,,True,False,False
visomaster_InStyleSwapper256-C_14008,ignore,,,missing_tier_metadata_companion,,,InStyleSwapper256-C,,,,True,False,False
visomaster_InStyleSwapper256-C_14009,ignore,,,missing_tier_metadata_companion,,,InStyleSwapper256-C,,,,True,False,False
visomaster_InStyleSwapper256-C_14010,ignore,,,missing_tier_metadata_companion,,,InStyleSwapper256-C,,,,True,False,False
visomaster_InStyleSwapper256-C_14011,ignore,,,missing_tier_metadata_companion,,,InStyleSwapper256-C,,,,True,False,False
visomaster_InStyleSwapper256-C_14012,ignore,,,missing_tier_metadata_companion,,,InStyleSwapper256-C,,,,True,False,False
visomaster_InStyleSwapper256-C_14013,ignore,,,missing_tier_metadata_companion,,,InStyleSwapper256-C,,,,True,False,False
visomaster_InStyleSwapper256-C_14014,ignore,,,missing_tier_metadata_companion,,,InStyleSwapper256-C,,,,True,False,False
visomaster_InStyleSwapper256-C_14015,ignore,,,missing_tier_metadata_companion,,,InStyleSwapper256-C,,,,True,False,False
visomaster_InStyleSwapper256-C_14016,ignore,,,missing_tier_metadata_companion,,,InStyleSwapper256-C,,,,True,False,False
visomaster_InStyleSwapper256-C_14017,ignore,,,missing_tier_metadata_companion,,,InStyleSwapper256-C,,,,True,False,False
visomaster_InStyleSwapper256-C_14018,ignore,,,missing_tier_metadata_companion,,,InStyleSwapper256-C,,,,True,False,False
visomaster_InStyleSwapper256-C_14019,ignore,,,missing_tier_metadata_companion,,,InStyleSwapper256-C,,,,True,False,False
visomaster_InStyleSwapper256-C_14020,ignore,,,missing_tier_metadata_companion,,,InStyleSwapper256-C,,,,True,False,False
visomaster_InStyleSwapper256-C_14021,ignore,,,missing_tier_metadata_companion,,,InStyleSwapper256-C,,,,True,False,False
visomaster_InStyleSwapper256-C_14022,ignore,,,missing_tier_metadata_companion,,,InStyleSwapper256-C,,,,True,False,False
visomaster_InStyleSwapper256-C_14023,ignore,,,missing_tier_metadata_companion,,,InStyleSwapper256-C,,,,True,False,False
visomaster_InStyleSwapper256-C_14024,ignore,,,missing_tier_metadata_companion,,,InStyleSwapper256-C,,,,True,False,False
visomaster_InStyleSwapper256-C_14025,ignore,,,missing_tier_metadata_companion,,,InStyleSwapper256-C,,,,True,False,False
visomaster_InStyleSwapper256-C_14026,ignore,,,missing_tier_metadata_companion,,,InStyleSwapper256-C,,,,True,False,False
visomaster_InStyleSwapper256-C_14027,ignore,,,missing_tier_metadata_companion,,,InStyleSwapper256-C,,,,True,False,False
visomaster_InStyleSwapper256-C_14028,ignore,,,missing_tier_metadata_companion,,,InStyleSwapper256-C,,,,True,False,False
visomaster_InStyleSwapper256-C_14029,ignore,,,missing_tier_metadata_companion,,,InStyleSwapper256-C,,,,True,False,False
visomaster_InStyleSwapper256-C_14030,ignore,,,missing_tier_metadata_companion,,,InStyleSwapper256-C,,,,True,False,False
visomaster_InStyleSwapper256-C_14031,ignore,,,missing_tier_metadata_companion,,,InStyleSwapper256-C,,,,True,False,False
visomaster_InStyleSwapper256-C_14032,ignore,,,missing_tier_metadata_companion,,,InStyleSwapper256-C,,,,True,False,False
visomaster_InStyleSwapper256-C_14033,ignore,,,missing_tier_metadata_companion,,,InStyleSwapper256-C,,,,True,False,False
visomaster_InStyleSwapper256-C_14034,ignore,,,missing_tier_metadata_companion,,,InStyleSwapper256-C,,,,True,False,False
visomaster_InStyleSwapper256-C_14035,ignore,,,missing_tier_metadata_companion,,,InStyleSwapper256-C,,,,True,False,False
visomaster_InStyleSwapper256-C_14036,ignore,,,missing_tier_metadata_companion,,,InStyleSwapper256-C,,,,True,False,False
visomaster_InStyleSwapper256-C_14037,ignore,,,missing_tier_metadata_companion,,,InStyleSwapper256-C,,,,True,False,False
visomaster_InStyleSwapper256-C_14038,ignore,,,missing_tier_metadata_companion,,,InStyleSwapper256-C,,,,True,False,False
visomaster_InStyleSwapper256-C_14039,ignore,,,missing_tier_metadata_companion,,,InStyleSwapper256-C,,,,True,False,False
visomaster_InStyleSwapper256-C_14040,ignore,,,missing_tier_metadata_companion,,,InStyleSwapper256-C,,,,True,False,False
visomaster_InStyleSwapper256-C_14041,ignore,,,missing_tier_metadata_companion,,,InStyleSwapper256-C,,,,True,False,False
visomaster_InStyleSwapper256-C_14042,ignore,,,missing_tier_metadata_companion,,,InStyleSwapper256-C,,,,True,False,False
visomaster_InStyleSwapper256-C_14043,ignore,,,missing_tier_metadata_companion,,,InStyleSwapper256-C,,,,True,False,False
visomaster_InStyleSwapper256-C_14044,ignore,,,missing_tier_metadata_companion,,,InStyleSwapper256-C,,,,True,False,False
visomaster_InStyleSwapper256-C_14045,ignore,,,missing_tier_metadata_companion,,,InStyleSwapper256-C,,,,True,False,False
visomaster_InStyleSwapper256-C_14046,ignore,,,missing_tier_metadata_companion,,,InStyleSwapper256-C,,,,True,False,False
visomaster_InStyleSwapper256-C_14047,ignore,,,missing_tier_metadata_companion,,,InStyleSwapper256-C,,,,True,False,False
visomaster_InStyleSwapper256-C_14048,ignore,,,missing_tier_metadata_companion,,,InStyleSwapper256-C,,,,True,False,False
visomaster_InStyleSwapper256-C_14049,ignore,,,missing_tier_metadata_companion,,,InStyleSwapper256-C,,,,True,False,False
visomaster_InStyleSwapper256-C_14050,ignore,,,missing_tier_metadata_companion,,,InStyleSwapper256-C,,,,True,False,False
visomaster_InStyleSwapper256-C_14051,ignore,,,missing_tier_metadata_companion,,,InStyleSwapper256-C,,,,True,False,False
visomaster_InStyleSwapper256-C_14052,ignore,,,missing_tier_metadata_companion,,,InStyleSwapper256-C,,,,True,False,False
visomaster_InStyleSwapper256-C_14053,ignore,,,missing_tier_metadata_companion,,,InStyleSwapper256-C,,,,True,False,False
visomaster_InStyleSwapper256-C_14054,ignore,,,missing_tier_metadata_companion,,,InStyleSwapper256-C,,,,True,False,False
visomaster_InStyleSwapper256-C_14055,ignore,,,missing_tier_metadata_companion,,,InStyleSwapper256-C,,,,True,False,False
visomaster_InStyleSwapper256-C_14056,ignore,,,missing_tier_metadata_companion,,,InStyleSwapper256-C,,,,True,False,False
visomaster_InStyleSwapper256-C_14057,ignore,,,missing_tier_metadata_companion,,,InStyleSwapper256-C,,,,True,False,False
visomaster_InStyleSwapper256-C_14058,ignore,,,missing_tier_metadata_companion,,,InStyleSwapper256-C,,,,True,False,False
visomaster_InStyleSwapper256-C_14059,ignore,,,missing_tier_metadata_companion,,,InStyleSwapper256-C,,,,True,False,False
visomaster_InStyleSwapper256-C_14060,ignore,,,missing_tier_metadata_companion,,,InStyleSwapper256-C,,,,True,False,False
visomaster_InStyleSwapper256-C_14061,ignore,,,missing_tier_metadata_companion,,,InStyleSwapper256-C,,,,True,False,False
visomaster_InStyleSwapper256-C_14062,ignore,,,missing_tier_metadata_companion,,,InStyleSwapper256-C,,,,True,False,False
visomaster_InStyleSwapper256-C_14063,ignore,,,missing_tier_metadata_companion,,,InStyleSwapper256-C,,,,True,False,False
visomaster_InStyleSwapper256-C_14064,ignore,,,missing_tier_metadata_companion,,,InStyleSwapper256-C,,,,True,False,False
visomaster_InStyleSwapper256-C_14065,ignore,,,missing_tier_metadata_companion,,,InStyleSwapper256-C,,,,True,False,False
visomaster_InStyleSwapper256-C_14066,ignore,,,missing_tier_metadata_companion,,,InStyleSwapper256-C,,,,True,False,False
visomaster_InStyleSwapper256-C_14067,ignore,,,missing_tier_metadata_companion,,,InStyleSwapper256-C,,,,True,False,False
visomaster_InStyleSwapper256-C_14068,ignore,,,missing_tier_metadata_companion,,,InStyleSwapper256-C,,,,True,False,False
visomaster_InStyleSwapper256-C_14069,ignore,,,missing_tier_metadata_companion,,,InStyleSwapper256-C,,,,True,False,False
visomaster_InStyleSwapper256-C_14070,ignore,,,missing_tier_metadata_companion,,,InStyleSwapper256-C,,,,True,False,False
visomaster_InStyleSwapper256-C_14071,ignore,,,missing_tier_metadata_companion,,,InStyleSwapper256-C,,,,True,False,False
visomaster_InStyleSwapper256-C_14072,ignore,,,missing_tier_metadata_companion,,,InStyleSwapper256-C,,,,True,False,False
visomaster_InStyleSwapper256-C_14073,ignore,,,missing_tier_metadata_companion,,,InStyleSwapper256-C,,,,True,False,False
visomaster_InStyleSwapper256-C_14074,ignore,,,missing_tier_metadata_companion,,,InStyleSwapper256-C,,,,True,False,False
visomaster_InStyleSwapper256-C_14075,ignore,,,missing_tier_metadata_companion,,,InStyleSwapper256-C,,,,True,False,False
visomaster_InStyleSwapper256-C_14076,ignore,,,missing_tier_metadata_companion,,,InStyleSwapper256-C,,,,True,False,False
visomaster_InStyleSwapper256-C_14077,ignore,,,missing_tier_metadata_companion,,,InStyleSwapper256-C,,,,True,False,False
visomaster_InStyleSwapper256-C_14078,ignore,,,missing_tier_metadata_companion,,,InStyleSwapper256-C,,,,True,False,False
visomaster_InStyleSwapper256-C_14079,ignore,,,missing_tier_metadata_companion,,,InStyleSwapper256-C,,,,True,False,False
visomaster_InStyleSwapper256-C_14080,ignore,,,missing_tier_metadata_companion,,,InStyleSwapper256-C,,,,True,False,False
visomaster_InStyleSwapper256-C_14081,ignore,,,missing_tier_metadata_companion,,,InStyleSwapper256-C,,,,True,False,False
visomaster_InStyleSwapper256-C_14082,ignore,,,missing_tier_metadata_companion,,,InStyleSwapper256-C,,,,True,False,False
visomaster_InStyleSwapper256-C_14083,ignore,,,missing_tier_metadata_companion,,,InStyleSwapper256-C,,,,True,False,False
visomaster_InStyleSwapper256-C_14084,ignore,,,missing_tier_metadata_companion,,,InStyleSwapper256-C,,,,True,False,False
visomaster_InStyleSwapper256-C_14085,ignore,,,missing_tier_metadata_companion,,,InStyleSwapper256-C,,,,True,False,False
visomaster_InStyleSwapper256-C_14086,ignore,,,missing_tier_metadata_companion,,,InStyleSwapper256-C,,,,True,False,False
visomaster_InStyleSwapper256-C_14087,ignore,,,missing_tier_metadata_companion,,,InStyleSwapper256-C,,,,True,False,False
visomaster_InStyleSwapper256-C_14088,ignore,,,missing_tier_metadata_companion,,,InStyleSwapper256-C,,,,True,False,False
visomaster_InStyleSwapper256-C_14089,ignore,,,missing_tier_metadata_companion,,,InStyleSwapper256-C,,,,True,False,False
visomaster_InStyleSwapper256-C_14090,ignore,,,missing_tier_metadata_companion,,,InStyleSwapper256-C,,,,True,False,False
visomaster_InStyleSwapper256-C_14091,ignore,,,missing_tier_metadata_companion,,,InStyleSwapper256-C,,,,True,False,False
visomaster_InStyleSwapper256-C_14092,ignore,,,missing_tier_metadata_companion,,,InStyleSwapper256-C,,,,True,False,False
visomaster_InStyleSwapper256-C_14093,ignore,,,missing_tier_metadata_companion,,,InStyleSwapper256-C,,,,True,False,False
visomaster_InStyleSwapper256-C_14094,ignore,,,missing_tier_metadata_companion,,,InStyleSwapper256-C,,,,True,False,False
visomaster_InStyleSwapper256-C_14095,ignore,,,missing_tier_metadata_companion,,,InStyleSwapper256-C,,,,True,False,False
visomaster_InStyleSwapper256-C_14096,ignore,,,missing_tier_metadata_companion,,,InStyleSwapper256-C,,,,True,False,False
visomaster_InStyleSwapper256-C_14097,ignore,,,missing_tier_metadata_companion,,,InStyleSwapper256-C,,,,True,False,False
visomaster_InStyleSwapper256-C_14098,ignore,,,missing_tier_metadata_companion,,,InStyleSwapper256-C,,,,True,False,False
visomaster_InStyleSwapper256-C_14099,ignore,,,missing_tier_metadata_companion,,,InStyleSwapper256-C,,,,True,False,False
visomaster_InStyleSwapper256-C_14100,ignore,,,missing_tier_metadata_companion,,,InStyleSwapper256-C,,,,True,False,False
visomaster_InStyleSwapper256-C_14101,ignore,,,missing_tier_metadata_companion,,,InStyleSwapper256-C,,,,True,False,False
visomaster_InStyleSwapper256-C_14102,ignore,,,missing_tier_metadata_companion,,,InStyleSwapper256-C,,,,True,False,False
visomaster_InStyleSwapper256-C_14103,ignore,,,missing_tier_metadata_companion,,,InStyleSwapper256-C,,,,True,False,False
visomaster_InStyleSwapper256-C_14104,ignore,,,missing_tier_metadata_companion,,,InStyleSwapper256-C,,,,True,False,False
visomaster_InStyleSwapper256-C_14105,ignore,,,missing_tier_metadata_companion,,,InStyleSwapper256-C,,,,True,False,False
visomaster_InStyleSwapper256-C_14106,ignore,,,missing_tier_metadata_companion,,,InStyleSwapper256-C,,,,True,False,False
visomaster_InStyleSwapper256-C_14107,ignore,,,missing_tier_metadata_companion,,,InStyleSwapper256-C,,,,True,False,False
visomaster_InStyleSwapper256-C_14108,ignore,,,missing_tier_metadata_companion,,,InStyleSwapper256-C,,,,True,False,False
visomaster_InStyleSwapper256-C_14109,ignore,,,missing_tier_metadata_companion,,,InStyleSwapper256-C,,,,True,False,False
visomaster_InStyleSwapper256-C_14110,ignore,,,missing_tier_metadata_companion,,,InStyleSwapper256-C,,,,True,False,False
visomaster_InStyleSwapper256-C_14111,ignore,,,missing_tier_metadata_companion,,,InStyleSwapper256-C,,,,True,False,False
visomaster_InStyleSwapper256-C_14112,ignore,,,missing_tier_metadata_companion,,,InStyleSwapper256-C,,,,True,False,False
visomaster_InStyleSwapper256-C_14113,ignore,,,missing_tier_metadata_companion,,,InStyleSwapper256-C,,,,True,False,False
visomaster_InStyleSwapper256-C_14114,ignore,,,missing_tier_metadata_companion,,,InStyleSwapper256-C,,,,True,False,False
visomaster_InStyleSwapper256-C_14115,ignore,,,missing_tier_metadata_companion,,,InStyleSwapper256-C,,,,True,False,False
visomaster_InStyleSwapper256-C_14116,ignore,,,missing_tier_metadata_companion,,,InStyleSwapper256-C,,,,True,False,False
visomaster_InStyleSwapper256-C_14117,ignore,,,missing_tier_metadata_companion,,,InStyleSwapper256-C,,,,True,False,False
visomaster_InStyleSwapper256-C_14118,ignore,,,missing_tier_metadata_companion,,,InStyleSwapper256-C,,,,True,False,False
visomaster_InStyleSwapper256-C_14119,ignore,,,missing_tier_metadata_companion,,,InStyleSwapper256-C,,,,True,False,False
visomaster_InStyleSwapper256-C_14120,ignore,,,missing_tier_metadata_companion,,,InStyleSwapper256-C,,,,True,False,False
visomaster_InStyleSwapper256-C_14121,ignore,,,missing_tier_metadata_companion,,,InStyleSwapper256-C,,,,True,False,False
visomaster_InStyleSwapper256-C_14122,ignore,,,missing_tier_metadata_companion,,,InStyleSwapper256-C,,,,True,False,False
visomaster_InStyleSwapper256-C_14123,ignore,,,missing_tier_metadata_companion,,,InStyleSwapper256-C,,,,True,False,False
visomaster_InStyleSwapper256-C_14124,ignore,,,missing_tier_metadata_companion,,,InStyleSwapper256-C,,,,True,False,False
visomaster_InStyleSwapper256-C_14125,ignore,,,missing_tier_metadata_companion,,,InStyleSwapper256-C,,,,True,False,False
visomaster_InStyleSwapper256-C_14126,ignore,,,missing_tier_metadata_companion,,,InStyleSwapper256-C,,,,True,False,False
visomaster_InStyleSwapper256-C_14127,ignore,,,missing_tier_metadata_companion,,,InStyleSwapper256-C,,,,True,False,False
visomaster_InStyleSwapper256-C_14128,ignore,,,missing_tier_metadata_companion,,,InStyleSwapper256-C,,,,True,False,False
visomaster_InStyleSwapper256-C_14129,ignore,,,missing_tier_metadata_companion,,,InStyleSwapper256-C,,,,True,False,False
visomaster_InStyleSwapper256-C_14130,ignore,,,missing_tier_metadata_companion,,,InStyleSwapper256-C,,,,True,False,False
visomaster_InStyleSwapper256-C_14131,ignore,,,missing_tier_metadata_companion,,,InStyleSwapper256-C,,,,True,False,False
visomaster_InStyleSwapper256-C_14132,ignore,,,missing_tier_metadata_companion,,,InStyleSwapper256-C,,,,True,False,False
visomaster_InStyleSwapper256-C_14133,ignore,,,missing_tier_metadata_companion,,,InStyleSwapper256-C,,,,True,False,False
visomaster_InStyleSwapper256-C_14134,ignore,,,missing_tier_metadata_companion,,,InStyleSwapper256-C,,,,True,False,False
visomaster_InStyleSwapper256-C_14135,ignore,,,missing_tier_metadata_companion,,,InStyleSwapper256-C,,,,True,False,False
visomaster_InStyleSwapper256-C_14136,ignore,,,missing_tier_metadata_companion,,,InStyleSwapper256-C,,,,True,False,False
visomaster_InStyleSwapper256-C_14137,ignore,,,missing_tier_metadata_companion,,,InStyleSwapper256-C,,,,True,False,False
visomaster_InStyleSwapper256-C_14138,ignore,,,missing_tier_metadata_companion,,,InStyleSwapper256-C,,,,True,False,False
visomaster_InStyleSwapper256-C_14139,ignore,,,missing_tier_metadata_companion,,,InStyleSwapper256-C,,,,True,False,False
visomaster_InStyleSwapper256-C_14140,ignore,,,missing_tier_metadata_companion,,,InStyleSwapper256-C,,,,True,False,False
visomaster_InStyleSwapper256-C_14141,ignore,,,missing_tier_metadata_companion,,,InStyleSwapper256-C,,,,True,False,False
visomaster_InStyleSwapper256-C_14142,ignore,,,missing_tier_metadata_companion,,,InStyleSwapper256-C,,,,True,False,False
visomaster_InStyleSwapper256-C_14143,ignore,,,missing_tier_metadata_companion,,,InStyleSwapper256-C,,,,True,False,False
visomaster_InStyleSwapper256-C_14144,ignore,,,missing_tier_metadata_companion,,,InStyleSwapper256-C,,,,True,False,False
visomaster_InStyleSwapper256-C_14145,ignore,,,missing_tier_metadata_companion,,,InStyleSwapper256-C,,,,True,False,False
visomaster_InStyleSwapper256-C_14146,ignore,,,missing_tier_metadata_companion,,,InStyleSwapper256-C,,,,True,False,False
visomaster_InStyleSwapper256-C_14147,ignore,,,missing_tier_metadata_companion,,,InStyleSwapper256-C,,,,True,False,False
visomaster_InStyleSwapper256-C_14148,ignore,,,missing_tier_metadata_companion,,,InStyleSwapper256-C,,,,True,False,False
visomaster_InStyleSwapper256-C_14149,ignore,,,missing_tier_metadata_companion,,,InStyleSwapper256-C,,,,True,False,False
visomaster_InStyleSwapper256-C_14150,ignore,,,missing_tier_metadata_companion,,,InStyleSwapper256-C,,,,True,False,False
visomaster_InStyleSwapper256-C_14151,ignore,,,missing_tier_metadata_companion,,,InStyleSwapper256-C,,,,True,False,False
visomaster_InStyleSwapper256-C_14152,ignore,,,missing_tier_metadata_companion,,,InStyleSwapper256-C,,,,True,False,False
visomaster_InStyleSwapper256-C_14153,ignore,,,missing_tier_metadata_companion,,,InStyleSwapper256-C,,,,True,False,False
visomaster_InStyleSwapper256-C_14154,ignore,,,missing_tier_metadata_companion,,,InStyleSwapper256-C,,,,True,False,False
visomaster_InStyleSwapper256-C_14155,ignore,,,missing_tier_metadata_companion,,,InStyleSwapper256-C,,,,True,False,False
visomaster_InStyleSwapper256-C_14156,ignore,,,missing_tier_metadata_companion,,,InStyleSwapper256-C,,,,True,False,False
visomaster_InStyleSwapper256-C_14157,ignore,,,missing_tier_metadata_companion,,,InStyleSwapper256-C,,,,True,False,False
visomaster_InStyleSwapper256-C_14158,ignore,,,missing_tier_metadata_companion,,,InStyleSwapper256-C,,,,True,False,False
visomaster_InStyleSwapper256-C_14159,ignore,,,missing_tier_metadata_companion,,,InStyleSwapper256-C,,,,True,False,False
visomaster_InStyleSwapper256-C_14160,ignore,,,missing_tier_metadata_companion,,,InStyleSwapper256-C,,,,True,False,False
visomaster_InStyleSwapper256-C_14161,ignore,,,missing_tier_metadata_companion,,,InStyleSwapper256-C,,,,True,False,False
visomaster_InStyleSwapper256-C_14162,ignore,,,missing_tier_metadata_companion,,,InStyleSwapper256-C,,,,True,False,False
visomaster_InStyleSwapper256-C_14163,ignore,,,missing_tier_metadata_companion,,,InStyleSwapper256-C,,,,True,False,False
visomaster_InStyleSwapper256-C_14164,ignore,,,missing_tier_metadata_companion,,,InStyleSwapper256-C,,,,True,False,False
visomaster_InStyleSwapper256-C_14165,ignore,,,missing_tier_metadata_companion,,,InStyleSwapper256-C,,,,True,False,False
visomaster_InStyleSwapper256-C_14166,ignore,,,missing_tier_metadata_companion,,,InStyleSwapper256-C,,,,True,False,False
visomaster_InStyleSwapper256-C_14167,ignore,,,missing_tier_metadata_companion,,,InStyleSwapper256-C,,,,True,False,False
visomaster_InStyleSwapper256-C_14168,ignore,,,missing_tier_metadata_companion,,,InStyleSwapper256-C,,,,True,False,False
visomaster_InStyleSwapper256-C_14169,ignore,,,missing_tier_metadata_companion,,,InStyleSwapper256-C,,,,True,False,False
visomaster_InStyleSwapper256-C_14170,ignore,,,missing_tier_metadata_companion,,,InStyleSwapper256-C,,,,True,False,False
visomaster_InStyleSwapper256-C_14171,ignore,,,missing_tier_metadata_companion,,,InStyleSwapper256-C,,,,True,False,False
visomaster_InStyleSwapper256-C_14172,ignore,,,missing_tier_metadata_companion,,,InStyleSwapper256-C,,,,True,False,False
visomaster_InStyleSwapper256-C_14173,ignore,,,missing_tier_metadata_companion,,,InStyleSwapper256-C,,,,True,False,False
visomaster_InStyleSwapper256-C_14174,ignore,,,missing_tier_metadata_companion,,,InStyleSwapper256-C,,,,True,False,False
visomaster_InStyleSwapper256-C_14175,ignore,,,missing_tier_metadata_companion,,,InStyleSwapper256-C,,,,True,False,False
visomaster_InStyleSwapper256-C_14176,ignore,,,missing_tier_metadata_companion,,,InStyleSwapper256-C,,,,True,False,False
visomaster_InStyleSwapper256-C_14177,ignore,,,missing_tier_metadata_companion,,,InStyleSwapper256-C,,,,True,False,False
visomaster_InStyleSwapper256-C_14178,ignore,,,missing_tier_metadata_companion,,,InStyleSwapper256-C,,,,True,False,False
visomaster_InStyleSwapper256-C_14179,ignore,,,missing_tier_metadata_companion,,,InStyleSwapper256-C,,,,True,False,False
visomaster_InStyleSwapper256-C_14180,ignore,,,missing_tier_metadata_companion,,,InStyleSwapper256-C,,,,True,False,False
visomaster_InStyleSwapper256-C_14181,ignore,,,missing_tier_metadata_companion,,,InStyleSwapper256-C,,,,True,False,False
visomaster_InStyleSwapper256-C_14182,ignore,,,missing_tier_metadata_companion,,,InStyleSwapper256-C,,,,True,False,False
visomaster_InStyleSwapper256-C_14183,ignore,,,missing_tier_metadata_companion,,,InStyleSwapper256-C,,,,True,False,False
visomaster_InStyleSwapper256-C_14184,ignore,,,missing_tier_metadata_companion,,,InStyleSwapper256-C,,,,True,False,False
visomaster_InStyleSwapper256-C_14185,ignore,,,missing_tier_metadata_companion,,,InStyleSwapper256-C,,,,True,False,False
visomaster_InStyleSwapper256-C_14186,ignore,,,missing_tier_metadata_companion,,,InStyleSwapper256-C,,,,True,False,False
visomaster_InStyleSwapper256-C_14187,ignore,,,missing_tier_metadata_companion,,,InStyleSwapper256-C,,,,True,False,False
visomaster_InStyleSwapper256-C_14188,ignore,,,missing_tier_metadata_companion,,,InStyleSwapper256-C,,,,True,False,False
visomaster_InStyleSwapper256-C_14189,ignore,,,missing_tier_metadata_companion,,,InStyleSwapper256-C,,,,True,False,False
visomaster_InStyleSwapper256-C_14190,ignore,,,missing_tier_metadata_companion,,,InStyleSwapper256-C,,,,True,False,False
visomaster_InStyleSwapper256-C_14191,ignore,,,missing_tier_metadata_companion,,,InStyleSwapper256-C,,,,True,False,False
visomaster_InStyleSwapper256-C_14192,ignore,,,missing_tier_metadata_companion,,,InStyleSwapper256-C,,,,True,False,False
visomaster_InStyleSwapper256-C_14193,ignore,,,missing_tier_metadata_companion,,,InStyleSwapper256-C,,,,True,False,False
visomaster_InStyleSwapper256-C_14194,ignore,,,missing_tier_metadata_companion,,,InStyleSwapper256-C,,,,True,False,False
visomaster_InStyleSwapper256-C_14195,ignore,,,missing_tier_metadata_companion,,,InStyleSwapper256-C,,,,True,False,False
visomaster_InStyleSwapper256-C_14196,ignore,,,missing_tier_metadata_companion,,,InStyleSwapper256-C,,,,True,False,False
visomaster_InStyleSwapper256-C_14197,ignore,,,missing_tier_metadata_companion,,,InStyleSwapper256-C,,,,True,False,False
visomaster_InStyleSwapper256-C_14198,ignore,,,missing_tier_metadata_companion,,,InStyleSwapper256-C,,,,True,False,False
visomaster_InStyleSwapper256-C_14199,ignore,,,missing_tier_metadata_companion,,,InStyleSwapper256-C,,,,True,False,False
visomaster_InStyleSwapper256-C_14200,ignore,,,missing_tier_metadata_companion,,,InStyleSwapper256-C,,,,True,False,False
visomaster_InStyleSwapper256-C_14201,ignore,,,missing_tier_metadata_companion,,,InStyleSwapper256-C,,,,True,False,False
visomaster_InStyleSwapper256-C_14202,ignore,,,missing_tier_metadata_companion,,,InStyleSwapper256-C,,,,True,False,False
visomaster_InStyleSwapper256-C_14203,ignore,,,missing_tier_metadata_companion,,,InStyleSwapper256-C,,,,True,False,False
visomaster_InStyleSwapper256-C_14204,ignore,,,missing_tier_metadata_companion,,,InStyleSwapper256-C,,,,True,False,False
visomaster_InStyleSwapper256-C_14205,ignore,,,missing_tier_metadata_companion,,,InStyleSwapper256-C,,,,True,False,False
visomaster_InStyleSwapper256-C_14206,ignore,,,missing_tier_metadata_companion,,,InStyleSwapper256-C,,,,True,False,False
visomaster_InStyleSwapper256-C_14207,ignore,,,missing_tier_metadata_companion,,,InStyleSwapper256-C,,,,True,False,False
visomaster_InStyleSwapper256-C_14208,ignore,,,missing_tier_metadata_companion,,,InStyleSwapper256-C,,,,True,False,False
visomaster_InStyleSwapper256-C_14209,ignore,,,missing_tier_metadata_companion,,,InStyleSwapper256-C,,,,True,False,False
visomaster_InStyleSwapper256-C_14210,ignore,,,missing_tier_metadata_companion,,,InStyleSwapper256-C,,,,True,False,False
visomaster_InStyleSwapper256-C_14211,ignore,,,missing_tier_metadata_companion,,,InStyleSwapper256-C,,,,True,False,False
visomaster_InStyleSwapper256-C_14212,ignore,,,missing_tier_metadata_companion,,,InStyleSwapper256-C,,,,True,False,False
visomaster_InStyleSwapper256-C_14213,ignore,,,missing_tier_metadata_companion,,,InStyleSwapper256-C,,,,True,False,False
visomaster_InStyleSwapper256-C_14214,ignore,,,missing_tier_metadata_companion,,,InStyleSwapper256-C,,,,True,False,False
visomaster_InStyleSwapper256-C_14215,ignore,,,missing_tier_metadata_companion,,,InStyleSwapper256-C,,,,True,False,False
visomaster_InStyleSwapper256-C_14216,ignore,,,missing_tier_metadata_companion,,,InStyleSwapper256-C,,,,True,False,False
visomaster_InStyleSwapper256-C_14217,ignore,,,missing_tier_metadata_companion,,,InStyleSwapper256-C,,,,True,False,False
visomaster_InStyleSwapper256-C_14218,ignore,,,missing_tier_metadata_companion,,,InStyleSwapper256-C,,,,True,False,False
visomaster_InStyleSwapper256-C_14219,ignore,,,missing_tier_metadata_companion,,,InStyleSwapper256-C,,,,True,False,False
visomaster_InStyleSwapper256-C_14220,ignore,,,missing_tier_metadata_companion,,,InStyleSwapper256-C,,,,True,False,False
visomaster_InStyleSwapper256-C_14221,ignore,,,missing_tier_metadata_companion,,,InStyleSwapper256-C,,,,True,False,False
visomaster_InStyleSwapper256-C_14222,ignore,,,missing_tier_metadata_companion,,,InStyleSwapper256-C,,,,True,False,False
visomaster_InStyleSwapper256-C_14223,ignore,,,missing_tier_metadata_companion,,,InStyleSwapper256-C,,,,True,False,False
visomaster_InStyleSwapper256-C_14224,ignore,,,missing_tier_metadata_companion,,,InStyleSwapper256-C,,,,True,False,False
visomaster_InStyleSwapper256-C_14225,ignore,,,missing_tier_metadata_companion,,,InStyleSwapper256-C,,,,True,False,False
visomaster_InStyleSwapper256-C_14226,ignore,,,missing_tier_metadata_companion,,,InStyleSwapper256-C,,,,True,False,False
visomaster_InStyleSwapper256-C_14227,ignore,,,missing_tier_metadata_companion,,,InStyleSwapper256-C,,,,True,False,False
visomaster_InStyleSwapper256-C_14228,ignore,,,missing_tier_metadata_companion,,,InStyleSwapper256-C,,,,True,False,False
visomaster_InStyleSwapper256-C_14229,ignore,,,missing_tier_metadata_companion,,,InStyleSwapper256-C,,,,True,False,False
visomaster_InStyleSwapper256-C_14230,ignore,,,missing_tier_metadata_companion,,,InStyleSwapper256-C,,,,True,False,False
visomaster_InStyleSwapper256-C_14231,ignore,,,missing_tier_metadata_companion,,,InStyleSwapper256-C,,,,True,False,False
visomaster_InStyleSwapper256-C_14232,ignore,,,missing_tier_metadata_companion,,,InStyleSwapper256-C,,,,True,False,False
visomaster_InStyleSwapper256-C_14233,ignore,,,missing_tier_metadata_companion,,,InStyleSwapper256-C,,,,True,False,False
visomaster_InStyleSwapper256-C_14234,ignore,,,missing_tier_metadata_companion,,,InStyleSwapper256-C,,,,True,False,False
visomaster_InStyleSwapper256-C_14235,ignore,,,missing_tier_metadata_companion,,,InStyleSwapper256-C,,,,True,False,False
visomaster_InStyleSwapper256-C_14236,ignore,,,missing_tier_metadata_companion,,,InStyleSwapper256-C,,,,True,False,False
visomaster_InStyleSwapper256-C_14237,ignore,,,missing_tier_metadata_companion,,,InStyleSwapper256-C,,,,True,False,False
visomaster_InStyleSwapper256-C_14238,ignore,,,missing_tier_metadata_companion,,,InStyleSwapper256-C,,,,True,False,False
visomaster_InStyleSwapper256-C_14239,ignore,,,missing_tier_metadata_companion,,,InStyleSwapper256-C,,,,True,False,False
visomaster_InStyleSwapper256-C_14240,ignore,,,missing_tier_metadata_companion,,,InStyleSwapper256-C,,,,True,False,False
visomaster_InStyleSwapper256-C_14241,ignore,,,missing_tier_metadata_companion,,,InStyleSwapper256-C,,,,True,False,False
visomaster_InStyleSwapper256-C_14242,ignore,,,missing_tier_metadata_companion,,,InStyleSwapper256-C,,,,True,False,False
visomaster_InStyleSwapper256-C_14243,ignore,,,missing_tier_metadata_companion,,,InStyleSwapper256-C,,,,True,False,False
visomaster_InStyleSwapper256-C_14244,ignore,,,missing_tier_metadata_companion,,,InStyleSwapper256-C,,,,True,False,False
visomaster_InStyleSwapper256-C_14245,ignore,,,missing_tier_metadata_companion,,,InStyleSwapper256-C,,,,True,False,False
visomaster_InStyleSwapper256-C_14246,ignore,,,missing_tier_metadata_companion,,,InStyleSwapper256-C,,,,True,False,False
visomaster_InStyleSwapper256-C_14247,ignore,,,missing_tier_metadata_companion,,,InStyleSwapper256-C,,,,True,False,False
visomaster_InStyleSwapper256-C_14248,ignore,,,missing_tier_metadata_companion,,,InStyleSwapper256-C,,,,True,False,False
visomaster_InStyleSwapper256-C_14249,ignore,,,missing_tier_metadata_companion,,,InStyleSwapper256-C,,,,True,False,False
visomaster_InStyleSwapper256-C_14250,ignore,,,missing_tier_metadata_companion,,,InStyleSwapper256-C,,,,True,False,False
visomaster_InStyleSwapper256-C_14251,ignore,,,missing_tier_metadata_companion,,,InStyleSwapper256-C,,,,True,False,False
visomaster_InStyleSwapper256-C_14252,ignore,,,missing_tier_metadata_companion,,,InStyleSwapper256-C,,,,True,False,False
visomaster_InStyleSwapper256-C_14253,ignore,,,missing_tier_metadata_companion,,,InStyleSwapper256-C,,,,True,False,False
visomaster_InStyleSwapper256-C_14254,ignore,,,missing_tier_metadata_companion,,,InStyleSwapper256-C,,,,True,False,False
visomaster_InStyleSwapper256-C_14255,ignore,,,missing_tier_metadata_companion,,,InStyleSwapper256-C,,,,True,False,False
visomaster_InStyleSwapper256-C_14256,ignore,,,missing_tier_metadata_companion,,,InStyleSwapper256-C,,,,True,False,False
visomaster_InStyleSwapper256-C_14257,ignore,,,missing_tier_metadata_companion,,,InStyleSwapper256-C,,,,True,False,False
visomaster_InStyleSwapper256-C_14258,ignore,,,missing_tier_metadata_companion,,,InStyleSwapper256-C,,,,True,False,False
visomaster_InStyleSwapper256-C_14259,ignore,,,missing_tier_metadata_companion,,,InStyleSwapper256-C,,,,True,False,False
visomaster_InStyleSwapper256-C_14260,ignore,,,missing_tier_metadata_companion,,,InStyleSwapper256-C,,,,True,False,False
visomaster_InStyleSwapper256-C_14261,ignore,,,missing_tier_metadata_companion,,,InStyleSwapper256-C,,,,True,False,False
visomaster_InStyleSwapper256-C_14262,ignore,,,missing_tier_metadata_companion,,,InStyleSwapper256-C,,,,True,False,False
visomaster_InStyleSwapper256-C_14263,ignore,,,missing_tier_metadata_companion,,,InStyleSwapper256-C,,,,True,False,False
visomaster_InStyleSwapper256-C_14264,ignore,,,missing_tier_metadata_companion,,,InStyleSwapper256-C,,,,True,False,False
visomaster_InStyleSwapper256-C_14265,ignore,,,missing_tier_metadata_companion,,,InStyleSwapper256-C,,,,True,False,False
visomaster_InStyleSwapper256-C_14266,ignore,,,missing_tier_metadata_companion,,,InStyleSwapper256-C,,,,True,False,False
visomaster_InStyleSwapper256-C_14267,ignore,,,missing_tier_metadata_companion,,,InStyleSwapper256-C,,,,True,False,False
visomaster_InStyleSwapper256-C_14268,ignore,,,missing_tier_metadata_companion,,,InStyleSwapper256-C,,,,True,False,False
visomaster_InStyleSwapper256-C_14269,ignore,,,missing_tier_metadata_companion,,,InStyleSwapper256-C,,,,True,False,False
visomaster_InStyleSwapper256-C_14270,ignore,,,missing_tier_metadata_companion,,,InStyleSwapper256-C,,,,True,False,False
visomaster_InStyleSwapper256-C_14271,ignore,,,missing_tier_metadata_companion,,,InStyleSwapper256-C,,,,True,False,False
visomaster_InStyleSwapper256-C_14272,ignore,,,missing_tier_metadata_companion,,,InStyleSwapper256-C,,,,True,False,False
visomaster_InStyleSwapper256-C_14273,ignore,,,missing_tier_metadata_companion,,,InStyleSwapper256-C,,,,True,False,False
visomaster_InStyleSwapper256-C_14274,ignore,,,missing_tier_metadata_companion,,,InStyleSwapper256-C,,,,True,False,False
visomaster_InStyleSwapper256-C_14275,ignore,,,missing_tier_metadata_companion,,,InStyleSwapper256-C,,,,True,False,False
visomaster_InStyleSwapper256-C_14276,ignore,,,missing_tier_metadata_companion,,,InStyleSwapper256-C,,,,True,False,False
visomaster_InStyleSwapper256-C_14277,ignore,,,missing_tier_metadata_companion,,,InStyleSwapper256-C,,,,True,False,False
visomaster_InStyleSwapper256-C_14278,ignore,,,missing_tier_metadata_companion,,,InStyleSwapper256-C,,,,True,False,False
visomaster_InStyleSwapper256-C_14279,ignore,,,missing_tier_metadata_companion,,,InStyleSwapper256-C,,,,True,False,False
visomaster_InStyleSwapper256-C_14280,ignore,,,missing_tier_metadata_companion,,,InStyleSwapper256-C,,,,True,False,False
visomaster_InStyleSwapper256-C_14281,ignore,,,missing_tier_metadata_companion,,,InStyleSwapper256-C,,,,True,False,False
visomaster_InStyleSwapper256-C_14282,ignore,,,missing_tier_metadata_companion,,,InStyleSwapper256-C,,,,True,False,False
visomaster_InStyleSwapper256-C_14283,ignore,,,missing_tier_metadata_companion,,,InStyleSwapper256-C,,,,True,False,False
visomaster_InStyleSwapper256-C_14284,ignore,,,missing_tier_metadata_companion,,,InStyleSwapper256-C,,,,True,False,False
visomaster_InStyleSwapper256-C_14285,ignore,,,missing_tier_metadata_companion,,,InStyleSwapper256-C,,,,True,False,False
visomaster_InStyleSwapper256-C_14286,ignore,,,missing_tier_metadata_companion,,,InStyleSwapper256-C,,,,True,False,False
visomaster_InStyleSwapper256-C_14287,ignore,,,missing_tier_metadata_companion,,,InStyleSwapper256-C,,,,True,False,False
visomaster_InStyleSwapper256-C_14288,ignore,,,missing_tier_metadata_companion,,,InStyleSwapper256-C,,,,True,False,False
visomaster_InStyleSwapper256-C_14289,ignore,,,missing_tier_metadata_companion,,,InStyleSwapper256-C,,,,True,False,False
visomaster_InStyleSwapper256-C_14290,ignore,,,missing_tier_metadata_companion,,,InStyleSwapper256-C,,,,True,False,False
visomaster_InStyleSwapper256-C_14291,ignore,,,missing_tier_metadata_companion,,,InStyleSwapper256-C,,,,True,False,False
visomaster_InStyleSwapper256-C_14292,ignore,,,missing_tier_metadata_companion,,,InStyleSwapper256-C,,,,True,False,False
visomaster_InStyleSwapper256-C_14293,ignore,,,missing_tier_metadata_companion,,,InStyleSwapper256-C,,,,True,False,False
visomaster_InStyleSwapper256-C_14294,ignore,,,missing_tier_metadata_companion,,,InStyleSwapper256-C,,,,True,False,False
visomaster_InStyleSwapper256-C_14295,ignore,,,missing_tier_metadata_companion,,,InStyleSwapper256-C,,,,True,False,False
visomaster_InStyleSwapper256-C_14296,ignore,,,missing_tier_metadata_companion,,,InStyleSwapper256-C,,,,True,False,False
visomaster_InStyleSwapper256-C_14297,ignore,,,missing_tier_metadata_companion,,,InStyleSwapper256-C,,,,True,False,False
visomaster_InStyleSwapper256-C_14298,ignore,,,missing_tier_metadata_companion,,,InStyleSwapper256-C,,,,True,False,False
visomaster_InStyleSwapper256-C_14299,ignore,,,missing_tier_metadata_companion,,,InStyleSwapper256-C,,,,True,False,False
visomaster_InStyleSwapper256-C_14300,ignore,,,missing_tier_metadata_companion,,,InStyleSwapper256-C,,,,True,False,False
visomaster_InStyleSwapper256-C_14301,ignore,,,missing_tier_metadata_companion,,,InStyleSwapper256-C,,,,True,False,False
visomaster_InStyleSwapper256-C_14302,ignore,,,missing_tier_metadata_companion,,,InStyleSwapper256-C,,,,True,False,False
visomaster_InStyleSwapper256-C_14303,ignore,,,missing_tier_metadata_companion,,,InStyleSwapper256-C,,,,True,False,False
visomaster_InStyleSwapper256-C_14304,ignore,,,missing_tier_metadata_companion,,,InStyleSwapper256-C,,,,True,False,False
visomaster_InStyleSwapper256-C_14305,ignore,,,missing_tier_metadata_companion,,,InStyleSwapper256-C,,,,True,False,False
visomaster_InStyleSwapper256-C_14306,ignore,,,missing_tier_metadata_companion,,,InStyleSwapper256-C,,,,True,False,False
visomaster_InStyleSwapper256-C_14307,ignore,,,missing_tier_metadata_companion,,,InStyleSwapper256-C,,,,True,False,False
visomaster_InStyleSwapper256-C_14308,ignore,,,missing_tier_metadata_companion,,,InStyleSwapper256-C,,,,True,False,False
visomaster_InStyleSwapper256-C_14309,ignore,,,missing_tier_metadata_companion,,,InStyleSwapper256-C,,,,True,False,False
visomaster_InStyleSwapper256-C_14310,ignore,,,missing_tier_metadata_companion,,,InStyleSwapper256-C,,,,True,False,False
visomaster_InStyleSwapper256-C_14311,ignore,,,missing_tier_metadata_companion,,,InStyleSwapper256-C,,,,True,False,False
visomaster_InStyleSwapper256-C_14312,ignore,,,missing_tier_metadata_companion,,,InStyleSwapper256-C,,,,True,False,False
visomaster_InStyleSwapper256-C_14313,ignore,,,missing_tier_metadata_companion,,,InStyleSwapper256-C,,,,True,False,False
visomaster_InStyleSwapper256-C_14314,ignore,,,missing_tier_metadata_companion,,,InStyleSwapper256-C,,,,True,False,False
visomaster_InStyleSwapper256-C_14315,ignore,,,missing_tier_metadata_companion,,,InStyleSwapper256-C,,,,True,False,False
visomaster_InStyleSwapper256-C_14316,ignore,,,missing_tier_metadata_companion,,,InStyleSwapper256-C,,,,True,False,False
visomaster_InStyleSwapper256-C_14317,ignore,,,missing_tier_metadata_companion,,,InStyleSwapper256-C,,,,True,False,False
visomaster_InStyleSwapper256-C_14318,ignore,,,missing_tier_metadata_companion,,,InStyleSwapper256-C,,,,True,False,False
visomaster_InStyleSwapper256-C_14319,ignore,,,missing_tier_metadata_companion,,,InStyleSwapper256-C,,,,True,False,False
visomaster_InStyleSwapper256-C_14320,ignore,,,missing_tier_metadata_companion,,,InStyleSwapper256-C,,,,True,False,False
visomaster_InStyleSwapper256-C_14321,ignore,,,missing_tier_metadata_companion,,,InStyleSwapper256-C,,,,True,False,False
visomaster_InStyleSwapper256-C_14322,ignore,,,missing_tier_metadata_companion,,,InStyleSwapper256-C,,,,True,False,False
visomaster_InStyleSwapper256-C_14323,ignore,,,missing_tier_metadata_companion,,,InStyleSwapper256-C,,,,True,False,False
visomaster_InStyleSwapper256-C_14324,ignore,,,missing_tier_metadata_companion,,,InStyleSwapper256-C,,,,True,False,False
visomaster_InStyleSwapper256-C_14325,ignore,,,missing_tier_metadata_companion,,,InStyleSwapper256-C,,,,True,False,False
visomaster_InStyleSwapper256-C_14326,ignore,,,missing_tier_metadata_companion,,,InStyleSwapper256-C,,,,True,False,False
visomaster_InStyleSwapper256-C_14327,ignore,,,missing_tier_metadata_companion,,,InStyleSwapper256-C,,,,True,False,False
visomaster_InStyleSwapper256-C_14328,ignore,,,missing_tier_metadata_companion,,,InStyleSwapper256-C,,,,True,False,False
visomaster_InStyleSwapper256-C_14329,ignore,,,missing_tier_metadata_companion,,,InStyleSwapper256-C,,,,True,False,False
visomaster_InStyleSwapper256-C_14330,ignore,,,missing_tier_metadata_companion,,,InStyleSwapper256-C,,,,True,False,False
visomaster_InStyleSwapper256-C_14331,ignore,,,missing_tier_metadata_companion,,,InStyleSwapper256-C,,,,True,False,False
visomaster_InStyleSwapper256-C_14332,ignore,,,missing_tier_metadata_companion,,,InStyleSwapper256-C,,,,True,False,False
visomaster_InStyleSwapper256-C_14333,ignore,,,missing_tier_metadata_companion,,,InStyleSwapper256-C,,,,True,False,False
visomaster_InStyleSwapper256-C_14334,ignore,,,missing_tier_metadata_companion,,,InStyleSwapper256-C,,,,True,False,False
visomaster_InStyleSwapper256-C_14335,ignore,,,missing_tier_metadata_companion,,,InStyleSwapper256-C,,,,True,False,False
visomaster_InStyleSwapper256-C_14336,ignore,,,missing_tier_metadata_companion,,,InStyleSwapper256-C,,,,True,False,False
visomaster_InStyleSwapper256-C_14337,ignore,,,missing_tier_metadata_companion,,,InStyleSwapper256-C,,,,True,False,False
visomaster_InStyleSwapper256-C_14338,ignore,,,missing_tier_metadata_companion,,,InStyleSwapper256-C,,,,True,False,False
visomaster_InStyleSwapper256-C_14339,ignore,,,missing_tier_metadata_companion,,,InStyleSwapper256-C,,,,True,False,False
visomaster_InStyleSwapper256-C_14340,ignore,,,missing_tier_metadata_companion,,,InStyleSwapper256-C,,,,True,False,False
visomaster_InStyleSwapper256-C_14341,ignore,,,missing_tier_metadata_companion,,,InStyleSwapper256-C,,,,True,False,False
visomaster_InStyleSwapper256-C_14342,ignore,,,missing_tier_metadata_companion,,,InStyleSwapper256-C,,,,True,False,False
visomaster_InStyleSwapper256-C_14343,ignore,,,missing_tier_metadata_companion,,,InStyleSwapper256-C,,,,True,False,False
visomaster_InStyleSwapper256-C_14344,ignore,,,missing_tier_metadata_companion,,,InStyleSwapper256-C,,,,True,False,False
visomaster_InStyleSwapper256-C_14345,ignore,,,missing_tier_metadata_companion,,,InStyleSwapper256-C,,,,True,False,False
visomaster_InStyleSwapper256-C_14346,ignore,,,missing_tier_metadata_companion,,,InStyleSwapper256-C,,,,True,False,False
visomaster_InStyleSwapper256-C_14347,ignore,,,missing_tier_metadata_companion,,,InStyleSwapper256-C,,,,True,False,False
visomaster_InStyleSwapper256-C_14348,ignore,,,missing_tier_metadata_companion,,,InStyleSwapper256-C,,,,True,False,False
visomaster_InStyleSwapper256-C_14349,ignore,,,missing_tier_metadata_companion,,,InStyleSwapper256-C,,,,True,False,False
visomaster_InStyleSwapper256-C_14350,ignore,,,missing_tier_metadata_companion,,,InStyleSwapper256-C,,,,True,False,False
visomaster_InStyleSwapper256-C_14351,ignore,,,missing_tier_metadata_companion,,,InStyleSwapper256-C,,,,True,False,False
visomaster_InStyleSwapper256-C_14352,ignore,,,missing_tier_metadata_companion,,,InStyleSwapper256-C,,,,True,False,False
visomaster_InStyleSwapper256-C_14353,ignore,,,missing_tier_metadata_companion,,,InStyleSwapper256-C,,,,True,False,False
visomaster_InStyleSwapper256-C_14354,ignore,,,missing_tier_metadata_companion,,,InStyleSwapper256-C,,,,True,False,False
visomaster_InStyleSwapper256-C_14355,ignore,,,missing_tier_metadata_companion,,,InStyleSwapper256-C,,,,True,False,False
visomaster_InStyleSwapper256-C_14356,ignore,,,missing_tier_metadata_companion,,,InStyleSwapper256-C,,,,True,False,False
visomaster_InStyleSwapper256-C_14357,ignore,,,missing_tier_metadata_companion,,,InStyleSwapper256-C,,,,True,False,False
visomaster_InStyleSwapper256-C_14358,ignore,,,missing_tier_metadata_companion,,,InStyleSwapper256-C,,,,True,False,False
visomaster_InStyleSwapper256-C_14359,ignore,,,missing_tier_metadata_companion,,,InStyleSwapper256-C,,,,True,False,False
visomaster_InStyleSwapper256-C_14360,ignore,,,missing_tier_metadata_companion,,,InStyleSwapper256-C,,,,True,False,False
visomaster_InStyleSwapper256-C_14361,ignore,,,missing_tier_metadata_companion,,,InStyleSwapper256-C,,,,True,False,False
visomaster_InStyleSwapper256-C_14362,ignore,,,missing_tier_metadata_companion,,,InStyleSwapper256-C,,,,True,False,False
visomaster_InStyleSwapper256-C_14363,ignore,,,missing_tier_metadata_companion,,,InStyleSwapper256-C,,,,True,False,False
visomaster_InStyleSwapper256-C_14364,ignore,,,missing_tier_metadata_companion,,,InStyleSwapper256-C,,,,True,False,False
visomaster_InStyleSwapper256-C_14365,ignore,,,missing_tier_metadata_companion,,,InStyleSwapper256-C,,,,True,False,False
visomaster_InStyleSwapper256-C_14366,ignore,,,missing_tier_metadata_companion,,,InStyleSwapper256-C,,,,True,False,False
visomaster_InStyleSwapper256-C_14367,ignore,,,missing_tier_metadata_companion,,,InStyleSwapper256-C,,,,True,False,False
visomaster_InStyleSwapper256-C_14368,ignore,,,missing_tier_metadata_companion,,,InStyleSwapper256-C,,,,True,False,False
visomaster_InStyleSwapper256-C_14369,ignore,,,missing_tier_metadata_companion,,,InStyleSwapper256-C,,,,True,False,False
visomaster_InStyleSwapper256-C_14370,ignore,,,missing_tier_metadata_companion,,,InStyleSwapper256-C,,,,True,False,False
visomaster_InStyleSwapper256-C_14371,ignore,,,missing_tier_metadata_companion,,,InStyleSwapper256-C,,,,True,False,False
visomaster_InStyleSwapper256-C_14372,ignore,,,missing_tier_metadata_companion,,,InStyleSwapper256-C,,,,True,False,False
visomaster_InStyleSwapper256-C_14373,ignore,,,missing_tier_metadata_companion,,,InStyleSwapper256-C,,,,True,False,False
visomaster_InStyleSwapper256-C_14374,ignore,,,missing_tier_metadata_companion,,,InStyleSwapper256-C,,,,True,False,False
visomaster_InStyleSwapper256-C_14375,ignore,,,missing_tier_metadata_companion,,,InStyleSwapper256-C,,,,True,False,False
visomaster_InStyleSwapper256-C_14376,ignore,,,missing_tier_metadata_companion,,,InStyleSwapper256-C,,,,True,False,False
visomaster_InStyleSwapper256-C_14377,ignore,,,missing_tier_metadata_companion,,,InStyleSwapper256-C,,,,True,False,False
visomaster_InStyleSwapper256-C_14378,ignore,,,missing_tier_metadata_companion,,,InStyleSwapper256-C,,,,True,False,False
visomaster_InStyleSwapper256-C_14379,ignore,,,missing_tier_metadata_companion,,,InStyleSwapper256-C,,,,True,False,False
visomaster_InStyleSwapper256-C_14380,ignore,,,missing_tier_metadata_companion,,,InStyleSwapper256-C,,,,True,False,False
visomaster_InStyleSwapper256-C_14381,ignore,,,missing_tier_metadata_companion,,,InStyleSwapper256-C,,,,True,False,False
visomaster_InStyleSwapper256-C_14382,ignore,,,missing_tier_metadata_companion,,,InStyleSwapper256-C,,,,True,False,False
visomaster_InStyleSwapper256-C_14383,ignore,,,missing_tier_metadata_companion,,,InStyleSwapper256-C,,,,True,False,False
visomaster_InStyleSwapper256-C_14384,ignore,,,missing_tier_metadata_companion,,,InStyleSwapper256-C,,,,True,False,False
visomaster_InStyleSwapper256-C_14385,ignore,,,missing_tier_metadata_companion,,,InStyleSwapper256-C,,,,True,False,False
visomaster_InStyleSwapper256-C_14386,ignore,,,missing_tier_metadata_companion,,,InStyleSwapper256-C,,,,True,False,False
visomaster_InStyleSwapper256-C_14387,ignore,,,missing_tier_metadata_companion,,,InStyleSwapper256-C,,,,True,False,False
visomaster_InStyleSwapper256-C_14388,ignore,,,missing_tier_metadata_companion,,,InStyleSwapper256-C,,,,True,False,False
visomaster_InStyleSwapper256-C_14389,ignore,,,missing_tier_metadata_companion,,,InStyleSwapper256-C,,,,True,False,False
visomaster_InStyleSwapper256-C_14390,ignore,,,missing_tier_metadata_companion,,,InStyleSwapper256-C,,,,True,False,False
visomaster_InStyleSwapper256-C_14391,ignore,,,missing_tier_metadata_companion,,,InStyleSwapper256-C,,,,True,False,False
visomaster_InStyleSwapper256-C_14392,ignore,,,missing_tier_metadata_companion,,,InStyleSwapper256-C,,,,True,False,False
visomaster_InStyleSwapper256-C_14393,ignore,,,missing_tier_metadata_companion,,,InStyleSwapper256-C,,,,True,False,False
visomaster_InStyleSwapper256-C_14394,ignore,,,missing_tier_metadata_companion,,,InStyleSwapper256-C,,,,True,False,False
visomaster_InStyleSwapper256-C_14395,ignore,,,missing_tier_metadata_companion,,,InStyleSwapper256-C,,,,True,False,False
visomaster_InStyleSwapper256-C_14396,ignore,,,missing_tier_metadata_companion,,,InStyleSwapper256-C,,,,True,False,False
visomaster_InStyleSwapper256-C_14397,ignore,,,missing_tier_metadata_companion,,,InStyleSwapper256-C,,,,True,False,False
visomaster_InStyleSwapper256-C_14398,ignore,,,missing_tier_metadata_companion,,,InStyleSwapper256-C,,,,True,False,False
visomaster_InStyleSwapper256-C_14399,ignore,,,missing_tier_metadata_companion,,,InStyleSwapper256-C,,,,True,False,False
visomaster_InStyleSwapper256-C_14400,ignore,,,missing_tier_metadata_companion,,,InStyleSwapper256-C,,,,True,False,False
visomaster_InStyleSwapper256-C_14401,ignore,,,missing_tier_metadata_companion,,,InStyleSwapper256-C,,,,True,False,False
visomaster_InStyleSwapper256-C_14402,ignore,,,missing_tier_metadata_companion,,,InStyleSwapper256-C,,,,True,False,False
visomaster_InStyleSwapper256-C_14403,ignore,,,missing_tier_metadata_companion,,,InStyleSwapper256-C,,,,True,False,False
visomaster_InStyleSwapper256-C_14404,ignore,,,missing_tier_metadata_companion,,,InStyleSwapper256-C,,,,True,False,False
visomaster_InStyleSwapper256-C_14405,ignore,,,missing_tier_metadata_companion,,,InStyleSwapper256-C,,,,True,False,False
visomaster_InStyleSwapper256-C_14406,ignore,,,missing_tier_metadata_companion,,,InStyleSwapper256-C,,,,True,False,False
visomaster_InStyleSwapper256-C_14407,ignore,,,missing_tier_metadata_companion,,,InStyleSwapper256-C,,,,True,False,False
visomaster_InStyleSwapper256-C_14408,ignore,,,missing_tier_metadata_companion,,,InStyleSwapper256-C,,,,True,False,False
visomaster_InStyleSwapper256-C_14409,ignore,,,missing_tier_metadata_companion,,,InStyleSwapper256-C,,,,True,False,False
visomaster_InStyleSwapper256-C_14410,ignore,,,missing_tier_metadata_companion,,,InStyleSwapper256-C,,,,True,False,False
visomaster_InStyleSwapper256-C_14411,ignore,,,missing_tier_metadata_companion,,,InStyleSwapper256-C,,,,True,False,False
visomaster_InStyleSwapper256-C_14412,ignore,,,missing_tier_metadata_companion,,,InStyleSwapper256-C,,,,True,False,False
visomaster_InStyleSwapper256-C_14413,ignore,,,missing_tier_metadata_companion,,,InStyleSwapper256-C,,,,True,False,False
visomaster_InStyleSwapper256-C_14414,ignore,,,missing_tier_metadata_companion,,,InStyleSwapper256-C,,,,True,False,False
visomaster_InStyleSwapper256-C_14415,ignore,,,missing_tier_metadata_companion,,,InStyleSwapper256-C,,,,True,False,False
visomaster_InStyleSwapper256-C_14416,ignore,,,missing_tier_metadata_companion,,,InStyleSwapper256-C,,,,True,False,False
visomaster_InStyleSwapper256-C_14417,ignore,,,missing_tier_metadata_companion,,,InStyleSwapper256-C,,,,True,False,False
visomaster_InStyleSwapper256-C_14418,ignore,,,missing_tier_metadata_companion,,,InStyleSwapper256-C,,,,True,False,False
visomaster_InStyleSwapper256-C_14419,ignore,,,missing_tier_metadata_companion,,,InStyleSwapper256-C,,,,True,False,False
visomaster_InStyleSwapper256-C_14420,ignore,,,missing_tier_metadata_companion,,,InStyleSwapper256-C,,,,True,False,False
visomaster_InStyleSwapper256-C_14421,ignore,,,missing_tier_metadata_companion,,,InStyleSwapper256-C,,,,True,False,False
visomaster_InStyleSwapper256-C_14422,ignore,,,missing_tier_metadata_companion,,,InStyleSwapper256-C,,,,True,False,False
visomaster_InStyleSwapper256-C_14423,ignore,,,missing_tier_metadata_companion,,,InStyleSwapper256-C,,,,True,False,False
visomaster_InStyleSwapper256-C_14424,ignore,,,missing_tier_metadata_companion,,,InStyleSwapper256-C,,,,True,False,False
visomaster_InStyleSwapper256-C_14425,ignore,,,missing_tier_metadata_companion,,,InStyleSwapper256-C,,,,True,False,False
visomaster_InStyleSwapper256-C_14426,ignore,,,missing_tier_metadata_companion,,,InStyleSwapper256-C,,,,True,False,False
visomaster_InStyleSwapper256-C_14427,ignore,,,missing_tier_metadata_companion,,,InStyleSwapper256-C,,,,True,False,False
visomaster_InStyleSwapper256-C_14428,ignore,,,missing_tier_metadata_companion,,,InStyleSwapper256-C,,,,True,False,False
visomaster_InStyleSwapper256-C_14429,ignore,,,missing_tier_metadata_companion,,,InStyleSwapper256-C,,,,True,False,False
visomaster_InStyleSwapper256-C_14430,ignore,,,missing_tier_metadata_companion,,,InStyleSwapper256-C,,,,True,False,False
visomaster_InStyleSwapper256-C_14431,ignore,,,missing_tier_metadata_companion,,,InStyleSwapper256-C,,,,True,False,False
visomaster_InStyleSwapper256-C_14432,ignore,,,missing_tier_metadata_companion,,,InStyleSwapper256-C,,,,True,False,False
visomaster_InStyleSwapper256-C_14433,ignore,,,missing_tier_metadata_companion,,,InStyleSwapper256-C,,,,True,False,False
visomaster_InStyleSwapper256-C_14434,ignore,,,missing_tier_metadata_companion,,,InStyleSwapper256-C,,,,True,False,False
visomaster_InStyleSwapper256-C_14435,ignore,,,missing_tier_metadata_companion,,,InStyleSwapper256-C,,,,True,False,False
visomaster_InStyleSwapper256-C_14436,ignore,,,missing_tier_metadata_companion,,,InStyleSwapper256-C,,,,True,False,False
visomaster_InStyleSwapper256-C_14437,ignore,,,missing_tier_metadata_companion,,,InStyleSwapper256-C,,,,True,False,False
visomaster_InStyleSwapper256-C_14438,ignore,,,missing_tier_metadata_companion,,,InStyleSwapper256-C,,,,True,False,False
visomaster_InStyleSwapper256-C_14439,ignore,,,missing_tier_metadata_companion,,,InStyleSwapper256-C,,,,True,False,False
visomaster_InStyleSwapper256-C_14440,ignore,,,missing_tier_metadata_companion,,,InStyleSwapper256-C,,,,True,False,False
visomaster_InStyleSwapper256-C_14441,ignore,,,missing_tier_metadata_companion,,,InStyleSwapper256-C,,,,True,False,False
visomaster_InStyleSwapper256-C_14442,ignore,,,missing_tier_metadata_companion,,,InStyleSwapper256-C,,,,True,False,False
visomaster_InStyleSwapper256-C_14443,ignore,,,missing_tier_metadata_companion,,,InStyleSwapper256-C,,,,True,False,False
visomaster_InStyleSwapper256-C_14444,ignore,,,missing_tier_metadata_companion,,,InStyleSwapper256-C,,,,True,False,False
visomaster_InStyleSwapper256-C_14445,ignore,,,missing_tier_metadata_companion,,,InStyleSwapper256-C,,,,True,False,False
visomaster_InStyleSwapper256-C_14446,ignore,,,missing_tier_metadata_companion,,,InStyleSwapper256-C,,,,True,False,False
visomaster_InStyleSwapper256-C_14447,ignore,,,missing_tier_metadata_companion,,,InStyleSwapper256-C,,,,True,False,False
visomaster_InStyleSwapper256-C_14448,ignore,,,missing_tier_metadata_companion,,,InStyleSwapper256-C,,,,True,False,False
visomaster_InStyleSwapper256-C_14449,ignore,,,missing_tier_metadata_companion,,,InStyleSwapper256-C,,,,True,False,False
visomaster_InStyleSwapper256-C_14450,ignore,,,missing_tier_metadata_companion,,,InStyleSwapper256-C,,,,True,False,False
visomaster_InStyleSwapper256-C_14451,ignore,,,missing_tier_metadata_companion,,,InStyleSwapper256-C,,,,True,False,False
visomaster_InStyleSwapper256-C_14452,ignore,,,missing_tier_metadata_companion,,,InStyleSwapper256-C,,,,True,False,False
visomaster_InStyleSwapper256-C_14453,ignore,,,missing_tier_metadata_companion,,,InStyleSwapper256-C,,,,True,False,False
visomaster_InStyleSwapper256-C_14454,ignore,,,missing_tier_metadata_companion,,,InStyleSwapper256-C,,,,True,False,False
visomaster_InStyleSwapper256-C_14455,ignore,,,missing_tier_metadata_companion,,,InStyleSwapper256-C,,,,True,False,False
visomaster_InStyleSwapper256-C_14456,ignore,,,missing_tier_metadata_companion,,,InStyleSwapper256-C,,,,True,False,False
visomaster_InStyleSwapper256-C_14457,ignore,,,missing_tier_metadata_companion,,,InStyleSwapper256-C,,,,True,False,False
visomaster_InStyleSwapper256-C_14458,ignore,,,missing_tier_metadata_companion,,,InStyleSwapper256-C,,,,True,False,False
visomaster_InStyleSwapper256-C_14459,ignore,,,missing_tier_metadata_companion,,,InStyleSwapper256-C,,,,True,False,False
visomaster_InStyleSwapper256-C_14460,ignore,,,missing_tier_metadata_companion,,,InStyleSwapper256-C,,,,True,False,False
visomaster_InStyleSwapper256-C_14461,ignore,,,missing_tier_metadata_companion,,,InStyleSwapper256-C,,,,True,False,False
visomaster_InStyleSwapper256-C_14462,ignore,,,missing_tier_metadata_companion,,,InStyleSwapper256-C,,,,True,False,False
visomaster_InStyleSwapper256-C_14463,ignore,,,missing_tier_metadata_companion,,,InStyleSwapper256-C,,,,True,False,False
visomaster_InStyleSwapper256-C_14464,ignore,,,missing_tier_metadata_companion,,,InStyleSwapper256-C,,,,True,False,False
visomaster_InStyleSwapper256-C_14465,ignore,,,missing_tier_metadata_companion,,,InStyleSwapper256-C,,,,True,False,False
visomaster_InStyleSwapper256-C_14466,ignore,,,missing_tier_metadata_companion,,,InStyleSwapper256-C,,,,True,False,False
visomaster_InStyleSwapper256-C_14467,ignore,,,missing_tier_metadata_companion,,,InStyleSwapper256-C,,,,True,False,False
visomaster_InStyleSwapper256-C_14468,ignore,,,missing_tier_metadata_companion,,,InStyleSwapper256-C,,,,True,False,False
visomaster_InStyleSwapper256-C_14469,ignore,,,missing_tier_metadata_companion,,,InStyleSwapper256-C,,,,True,False,False
visomaster_InStyleSwapper256-C_14470,ignore,,,missing_tier_metadata_companion,,,InStyleSwapper256-C,,,,True,False,False
visomaster_InStyleSwapper256-C_14471,ignore,,,missing_tier_metadata_companion,,,InStyleSwapper256-C,,,,True,False,False
visomaster_InStyleSwapper256-C_14472,ignore,,,missing_tier_metadata_companion,,,InStyleSwapper256-C,,,,True,False,False
visomaster_InStyleSwapper256-C_14473,ignore,,,missing_tier_metadata_companion,,,InStyleSwapper256-C,,,,True,False,False
visomaster_InStyleSwapper256-C_14474,ignore,,,missing_tier_metadata_companion,,,InStyleSwapper256-C,,,,True,False,False
visomaster_InStyleSwapper256-C_14475,ignore,,,missing_tier_metadata_companion,,,InStyleSwapper256-C,,,,True,False,False
visomaster_InStyleSwapper256-C_14476,ignore,,,missing_tier_metadata_companion,,,InStyleSwapper256-C,,,,True,False,False
visomaster_InStyleSwapper256-C_14477,ignore,,,missing_tier_metadata_companion,,,InStyleSwapper256-C,,,,True,False,False
visomaster_InStyleSwapper256-C_14478,ignore,,,missing_tier_metadata_companion,,,InStyleSwapper256-C,,,,True,False,False
visomaster_InStyleSwapper256-C_14479,ignore,,,missing_tier_metadata_companion,,,InStyleSwapper256-C,,,,True,False,False
visomaster_InStyleSwapper256-C_14480,ignore,,,missing_tier_metadata_companion,,,InStyleSwapper256-C,,,,True,False,False
visomaster_InStyleSwapper256-C_14481,ignore,,,missing_tier_metadata_companion,,,InStyleSwapper256-C,,,,True,False,False
visomaster_InStyleSwapper256-C_14482,ignore,,,missing_tier_metadata_companion,,,InStyleSwapper256-C,,,,True,False,False
visomaster_InStyleSwapper256-C_14483,ignore,,,missing_tier_metadata_companion,,,InStyleSwapper256-C,,,,True,False,False
visomaster_InStyleSwapper256-C_14484,ignore,,,missing_tier_metadata_companion,,,InStyleSwapper256-C,,,,True,False,False
visomaster_InStyleSwapper256-C_14485,ignore,,,missing_tier_metadata_companion,,,InStyleSwapper256-C,,,,True,False,False
visomaster_InStyleSwapper256-C_14486,ignore,,,missing_tier_metadata_companion,,,InStyleSwapper256-C,,,,True,False,False
visomaster_InStyleSwapper256-C_14487,ignore,,,missing_tier_metadata_companion,,,InStyleSwapper256-C,,,,True,False,False
visomaster_InStyleSwapper256-C_14488,ignore,,,missing_tier_metadata_companion,,,InStyleSwapper256-C,,,,True,False,False
visomaster_InStyleSwapper256-C_14489,ignore,,,missing_tier_metadata_companion,,,InStyleSwapper256-C,,,,True,False,False
visomaster_InStyleSwapper256-C_14490,ignore,,,missing_tier_metadata_companion,,,InStyleSwapper256-C,,,,True,False,False
visomaster_InStyleSwapper256-C_14491,ignore,,,missing_tier_metadata_companion,,,InStyleSwapper256-C,,,,True,False,False
visomaster_InStyleSwapper256-C_14492,ignore,,,missing_tier_metadata_companion,,,InStyleSwapper256-C,,,,True,False,False
visomaster_InStyleSwapper256-C_14493,ignore,,,missing_tier_metadata_companion,,,InStyleSwapper256-C,,,,True,False,False
visomaster_InStyleSwapper256-C_14494,ignore,,,missing_tier_metadata_companion,,,InStyleSwapper256-C,,,,True,False,False
visomaster_InStyleSwapper256-C_14495,ignore,,,missing_tier_metadata_companion,,,InStyleSwapper256-C,,,,True,False,False
visomaster_InStyleSwapper256-C_14496,ignore,,,missing_tier_metadata_companion,,,InStyleSwapper256-C,,,,True,False,False
visomaster_InStyleSwapper256-C_14497,ignore,,,missing_tier_metadata_companion,,,InStyleSwapper256-C,,,,True,False,False
visomaster_InStyleSwapper256-C_14498,ignore,,,missing_tier_metadata_companion,,,InStyleSwapper256-C,,,,True,False,False
visomaster_InStyleSwapper256-C_14499,ignore,,,missing_tier_metadata_companion,,,InStyleSwapper256-C,,,,True,False,False
visomaster_InStyleSwapper256-C_14500,ignore,,,missing_tier_metadata_companion,,,InStyleSwapper256-C,,,,True,False,False
visomaster_InStyleSwapper256-C_14501,ignore,,,missing_tier_metadata_companion,,,InStyleSwapper256-C,,,,True,False,False
visomaster_InStyleSwapper256-C_14502,ignore,,,missing_tier_metadata_companion,,,InStyleSwapper256-C,,,,True,False,False
visomaster_InStyleSwapper256-C_14503,ignore,,,missing_tier_metadata_companion,,,InStyleSwapper256-C,,,,True,False,False
visomaster_InStyleSwapper256-C_14504,ignore,,,missing_tier_metadata_companion,,,InStyleSwapper256-C,,,,True,False,False
visomaster_InStyleSwapper256-C_14505,ignore,,,missing_tier_metadata_companion,,,InStyleSwapper256-C,,,,True,False,False
visomaster_InStyleSwapper256-C_14506,ignore,,,missing_tier_metadata_companion,,,InStyleSwapper256-C,,,,True,False,False
visomaster_InStyleSwapper256-C_14507,ignore,,,missing_tier_metadata_companion,,,InStyleSwapper256-C,,,,True,False,False
visomaster_InStyleSwapper256-C_14508,ignore,,,missing_tier_metadata_companion,,,InStyleSwapper256-C,,,,True,False,False
visomaster_InStyleSwapper256-C_14509,ignore,,,missing_tier_metadata_companion,,,InStyleSwapper256-C,,,,True,False,False
visomaster_InStyleSwapper256-C_14510,ignore,,,missing_tier_metadata_companion,,,InStyleSwapper256-C,,,,True,False,False
visomaster_InStyleSwapper256-C_14511,ignore,,,missing_tier_metadata_companion,,,InStyleSwapper256-C,,,,True,False,False
visomaster_InStyleSwapper256-C_14512,ignore,,,missing_tier_metadata_companion,,,InStyleSwapper256-C,,,,True,False,False
visomaster_InStyleSwapper256-C_14513,ignore,,,missing_tier_metadata_companion,,,InStyleSwapper256-C,,,,True,False,False
visomaster_InStyleSwapper256-C_14514,ignore,,,missing_tier_metadata_companion,,,InStyleSwapper256-C,,,,True,False,False
visomaster_InStyleSwapper256-C_14515,ignore,,,missing_tier_metadata_companion,,,InStyleSwapper256-C,,,,True,False,False
visomaster_InStyleSwapper256-C_14516,ignore,,,missing_tier_metadata_companion,,,InStyleSwapper256-C,,,,True,False,False
visomaster_InStyleSwapper256-C_14517,ignore,,,missing_tier_metadata_companion,,,InStyleSwapper256-C,,,,True,False,False
visomaster_InStyleSwapper256-C_14518,ignore,,,missing_tier_metadata_companion,,,InStyleSwapper256-C,,,,True,False,False
visomaster_InStyleSwapper256-C_14519,ignore,,,missing_tier_metadata_companion,,,InStyleSwapper256-C,,,,True,False,False
visomaster_InStyleSwapper256-C_14520,ignore,,,missing_tier_metadata_companion,,,InStyleSwapper256-C,,,,True,False,False
visomaster_InStyleSwapper256-C_14521,ignore,,,missing_tier_metadata_companion,,,InStyleSwapper256-C,,,,True,False,False
visomaster_InStyleSwapper256-C_14522,ignore,,,missing_tier_metadata_companion,,,InStyleSwapper256-C,,,,True,False,False
visomaster_InStyleSwapper256-C_14523,ignore,,,missing_tier_metadata_companion,,,InStyleSwapper256-C,,,,True,False,False
visomaster_InStyleSwapper256-C_14524,ignore,,,missing_tier_metadata_companion,,,InStyleSwapper256-C,,,,True,False,False
visomaster_InStyleSwapper256-C_14525,ignore,,,missing_tier_metadata_companion,,,InStyleSwapper256-C,,,,True,False,False
visomaster_InStyleSwapper256-C_14526,ignore,,,missing_tier_metadata_companion,,,InStyleSwapper256-C,,,,True,False,False
visomaster_InStyleSwapper256-C_14527,ignore,,,missing_tier_metadata_companion,,,InStyleSwapper256-C,,,,True,False,False
visomaster_InStyleSwapper256-C_14528,ignore,,,missing_tier_metadata_companion,,,InStyleSwapper256-C,,,,True,False,False
visomaster_InStyleSwapper256-C_14529,ignore,,,missing_tier_metadata_companion,,,InStyleSwapper256-C,,,,True,False,False
visomaster_InStyleSwapper256-C_14530,ignore,,,missing_tier_metadata_companion,,,InStyleSwapper256-C,,,,True,False,False
visomaster_InStyleSwapper256-C_14531,ignore,,,missing_tier_metadata_companion,,,InStyleSwapper256-C,,,,True,False,False
visomaster_InStyleSwapper256-C_14532,ignore,,,missing_tier_metadata_companion,,,InStyleSwapper256-C,,,,True,False,False
visomaster_InStyleSwapper256-C_14533,ignore,,,missing_tier_metadata_companion,,,InStyleSwapper256-C,,,,True,False,False
visomaster_InStyleSwapper256-C_14534,ignore,,,missing_tier_metadata_companion,,,InStyleSwapper256-C,,,,True,False,False
visomaster_InStyleSwapper256-C_14535,ignore,,,missing_tier_metadata_companion,,,InStyleSwapper256-C,,,,True,False,False
visomaster_InStyleSwapper256-C_14536,ignore,,,missing_tier_metadata_companion,,,InStyleSwapper256-C,,,,True,False,False
visomaster_InStyleSwapper256-C_14537,ignore,,,missing_tier_metadata_companion,,,InStyleSwapper256-C,,,,True,False,False
visomaster_InStyleSwapper256-C_14538,ignore,,,missing_tier_metadata_companion,,,InStyleSwapper256-C,,,,True,False,False
visomaster_InStyleSwapper256-C_14539,ignore,,,missing_tier_metadata_companion,,,InStyleSwapper256-C,,,,True,False,False
visomaster_InStyleSwapper256-C_14540,ignore,,,missing_tier_metadata_companion,,,InStyleSwapper256-C,,,,True,False,False
visomaster_InStyleSwapper256-C_14541,ignore,,,missing_tier_metadata_companion,,,InStyleSwapper256-C,,,,True,False,False
visomaster_InStyleSwapper256-C_14542,ignore,,,missing_tier_metadata_companion,,,InStyleSwapper256-C,,,,True,False,False
visomaster_InStyleSwapper256-C_14543,ignore,,,missing_tier_metadata_companion,,,InStyleSwapper256-C,,,,True,False,False
visomaster_InStyleSwapper256-C_14544,ignore,,,missing_tier_metadata_companion,,,InStyleSwapper256-C,,,,True,False,False
visomaster_InStyleSwapper256-C_14545,ignore,,,missing_tier_metadata_companion,,,InStyleSwapper256-C,,,,True,False,False
visomaster_InStyleSwapper256-C_14546,ignore,,,missing_tier_metadata_companion,,,InStyleSwapper256-C,,,,True,False,False
visomaster_InStyleSwapper256-C_14547,ignore,,,missing_tier_metadata_companion,,,InStyleSwapper256-C,,,,True,False,False
visomaster_InStyleSwapper256-C_14548,ignore,,,missing_tier_metadata_companion,,,InStyleSwapper256-C,,,,True,False,False
visomaster_InStyleSwapper256-C_14549,ignore,,,missing_tier_metadata_companion,,,InStyleSwapper256-C,,,,True,False,False
visomaster_InStyleSwapper256-C_14550,ignore,,,missing_tier_metadata_companion,,,InStyleSwapper256-C,,,,True,False,False
visomaster_InStyleSwapper256-C_14551,ignore,,,missing_tier_metadata_companion,,,InStyleSwapper256-C,,,,True,False,False
visomaster_InStyleSwapper256-C_14552,ignore,,,missing_tier_metadata_companion,,,InStyleSwapper256-C,,,,True,False,False
visomaster_InStyleSwapper256-C_14553,ignore,,,missing_tier_metadata_companion,,,InStyleSwapper256-C,,,,True,False,False
visomaster_InStyleSwapper256-C_14554,ignore,,,missing_tier_metadata_companion,,,InStyleSwapper256-C,,,,True,False,False
visomaster_InStyleSwapper256-C_14555,ignore,,,missing_tier_metadata_companion,,,InStyleSwapper256-C,,,,True,False,False
visomaster_InStyleSwapper256-C_14556,ignore,,,missing_tier_metadata_companion,,,InStyleSwapper256-C,,,,True,False,False
visomaster_InStyleSwapper256-C_14557,ignore,,,missing_tier_metadata_companion,,,InStyleSwapper256-C,,,,True,False,False
visomaster_InStyleSwapper256-C_14558,ignore,,,missing_tier_metadata_companion,,,InStyleSwapper256-C,,,,True,False,False
visomaster_InStyleSwapper256-C_14559,ignore,,,missing_tier_metadata_companion,,,InStyleSwapper256-C,,,,True,False,False
visomaster_InStyleSwapper256-C_14560,ignore,,,missing_tier_metadata_companion,,,InStyleSwapper256-C,,,,True,False,False
visomaster_InStyleSwapper256-C_14561,ignore,,,missing_tier_metadata_companion,,,InStyleSwapper256-C,,,,True,False,False
visomaster_InStyleSwapper256-C_14562,ignore,,,missing_tier_metadata_companion,,,InStyleSwapper256-C,,,,True,False,False
visomaster_InStyleSwapper256-C_14563,ignore,,,missing_tier_metadata_companion,,,InStyleSwapper256-C,,,,True,False,False
visomaster_InStyleSwapper256-C_14564,ignore,,,missing_tier_metadata_companion,,,InStyleSwapper256-C,,,,True,False,False
visomaster_InStyleSwapper256-C_14565,ignore,,,missing_tier_metadata_companion,,,InStyleSwapper256-C,,,,True,False,False
visomaster_InStyleSwapper256-C_14566,ignore,,,missing_tier_metadata_companion,,,InStyleSwapper256-C,,,,True,False,False
visomaster_InStyleSwapper256-C_14567,ignore,,,missing_tier_metadata_companion,,,InStyleSwapper256-C,,,,True,False,False
visomaster_InStyleSwapper256-C_14568,ignore,,,missing_tier_metadata_companion,,,InStyleSwapper256-C,,,,True,False,False
visomaster_InStyleSwapper256-C_14569,ignore,,,missing_tier_metadata_companion,,,InStyleSwapper256-C,,,,True,False,False
visomaster_InStyleSwapper256-C_14570,ignore,,,missing_tier_metadata_companion,,,InStyleSwapper256-C,,,,True,False,False
visomaster_InStyleSwapper256-C_14571,ignore,,,missing_tier_metadata_companion,,,InStyleSwapper256-C,,,,True,False,False
visomaster_InStyleSwapper256-C_14572,ignore,,,missing_tier_metadata_companion,,,InStyleSwapper256-C,,,,True,False,False
visomaster_InStyleSwapper256-C_14573,ignore,,,missing_tier_metadata_companion,,,InStyleSwapper256-C,,,,True,False,False
visomaster_InStyleSwapper256-C_14574,ignore,,,missing_tier_metadata_companion,,,InStyleSwapper256-C,,,,True,False,False
visomaster_InStyleSwapper256-C_14575,ignore,,,missing_tier_metadata_companion,,,InStyleSwapper256-C,,,,True,False,False
visomaster_InStyleSwapper256-C_14576,ignore,,,missing_tier_metadata_companion,,,InStyleSwapper256-C,,,,True,False,False
visomaster_InStyleSwapper256-C_14577,ignore,,,missing_tier_metadata_companion,,,InStyleSwapper256-C,,,,True,False,False
visomaster_InStyleSwapper256-C_14578,ignore,,,missing_tier_metadata_companion,,,InStyleSwapper256-C,,,,True,False,False
visomaster_InStyleSwapper256-C_14579,ignore,,,missing_tier_metadata_companion,,,InStyleSwapper256-C,,,,True,False,False
visomaster_InStyleSwapper256-C_14580,ignore,,,missing_tier_metadata_companion,,,InStyleSwapper256-C,,,,True,False,False
visomaster_InStyleSwapper256-C_14581,ignore,,,missing_tier_metadata_companion,,,InStyleSwapper256-C,,,,True,False,False
visomaster_InStyleSwapper256-C_14582,ignore,,,missing_tier_metadata_companion,,,InStyleSwapper256-C,,,,True,False,False
visomaster_InStyleSwapper256-C_14583,ignore,,,missing_tier_metadata_companion,,,InStyleSwapper256-C,,,,True,False,False
visomaster_InStyleSwapper256-C_14584,ignore,,,missing_tier_metadata_companion,,,InStyleSwapper256-C,,,,True,False,False
visomaster_InStyleSwapper256-C_14585,ignore,,,missing_tier_metadata_companion,,,InStyleSwapper256-C,,,,True,False,False
visomaster_InStyleSwapper256-C_14586,ignore,,,missing_tier_metadata_companion,,,InStyleSwapper256-C,,,,True,False,False
visomaster_InStyleSwapper256-C_14587,ignore,,,missing_tier_metadata_companion,,,InStyleSwapper256-C,,,,True,False,False
visomaster_InStyleSwapper256-C_14588,ignore,,,missing_tier_metadata_companion,,,InStyleSwapper256-C,,,,True,False,False
visomaster_InStyleSwapper256-C_14589,ignore,,,missing_tier_metadata_companion,,,InStyleSwapper256-C,,,,True,False,False
visomaster_InStyleSwapper256-C_14590,ignore,,,missing_tier_metadata_companion,,,InStyleSwapper256-C,,,,True,False,False
visomaster_InStyleSwapper256-C_14591,ignore,,,missing_tier_metadata_companion,,,InStyleSwapper256-C,,,,True,False,False
visomaster_InStyleSwapper256-C_14592,ignore,,,missing_tier_metadata_companion,,,InStyleSwapper256-C,,,,True,False,False
visomaster_InStyleSwapper256-C_14593,ignore,,,missing_tier_metadata_companion,,,InStyleSwapper256-C,,,,True,False,False
visomaster_InStyleSwapper256-C_14594,ignore,,,missing_tier_metadata_companion,,,InStyleSwapper256-C,,,,True,False,False
visomaster_InStyleSwapper256-C_14595,ignore,,,missing_tier_metadata_companion,,,InStyleSwapper256-C,,,,True,False,False
visomaster_InStyleSwapper256-C_14596,ignore,,,missing_tier_metadata_companion,,,InStyleSwapper256-C,,,,True,False,False
visomaster_InStyleSwapper256-C_14597,ignore,,,missing_tier_metadata_companion,,,InStyleSwapper256-C,,,,True,False,False
visomaster_InStyleSwapper256-C_14598,ignore,,,missing_tier_metadata_companion,,,InStyleSwapper256-C,,,,True,False,False
visomaster_InStyleSwapper256-C_14599,ignore,,,missing_tier_metadata_companion,,,InStyleSwapper256-C,,,,True,False,False
visomaster_InStyleSwapper256-C_14600,ignore,,,missing_tier_metadata_companion,,,InStyleSwapper256-C,,,,True,False,False
visomaster_InStyleSwapper256-C_14601,ignore,,,missing_tier_metadata_companion,,,InStyleSwapper256-C,,,,True,False,False
visomaster_InStyleSwapper256-C_14602,ignore,,,missing_tier_metadata_companion,,,InStyleSwapper256-C,,,,True,False,False
visomaster_InStyleSwapper256-C_14603,ignore,,,missing_tier_metadata_companion,,,InStyleSwapper256-C,,,,True,False,False
visomaster_InStyleSwapper256-C_14604,ignore,,,missing_tier_metadata_companion,,,InStyleSwapper256-C,,,,True,False,False
visomaster_InStyleSwapper256-C_14605,ignore,,,missing_tier_metadata_companion,,,InStyleSwapper256-C,,,,True,False,False
visomaster_InStyleSwapper256-C_14606,ignore,,,missing_tier_metadata_companion,,,InStyleSwapper256-C,,,,True,False,False
visomaster_InStyleSwapper256-C_14607,ignore,,,missing_tier_metadata_companion,,,InStyleSwapper256-C,,,,True,False,False
visomaster_InStyleSwapper256-C_14608,ignore,,,missing_tier_metadata_companion,,,InStyleSwapper256-C,,,,True,False,False
visomaster_InStyleSwapper256-C_14609,ignore,,,missing_tier_metadata_companion,,,InStyleSwapper256-C,,,,True,False,False
visomaster_InStyleSwapper256-C_14610,ignore,,,missing_tier_metadata_companion,,,InStyleSwapper256-C,,,,True,False,False
visomaster_InStyleSwapper256-C_14611,ignore,,,missing_tier_metadata_companion,,,InStyleSwapper256-C,,,,True,False,False
visomaster_InStyleSwapper256-C_14612,ignore,,,missing_tier_metadata_companion,,,InStyleSwapper256-C,,,,True,False,False
visomaster_InStyleSwapper256-C_14613,ignore,,,missing_tier_metadata_companion,,,InStyleSwapper256-C,,,,True,False,False
visomaster_InStyleSwapper256-C_14614,ignore,,,missing_tier_metadata_companion,,,InStyleSwapper256-C,,,,True,False,False
visomaster_InStyleSwapper256-C_14615,ignore,,,missing_tier_metadata_companion,,,InStyleSwapper256-C,,,,True,False,False
visomaster_InStyleSwapper256-C_14616,ignore,,,missing_tier_metadata_companion,,,InStyleSwapper256-C,,,,True,False,False
visomaster_InStyleSwapper256-C_14617,ignore,,,missing_tier_metadata_companion,,,InStyleSwapper256-C,,,,True,False,False
visomaster_InStyleSwapper256-C_14618,ignore,,,missing_tier_metadata_companion,,,InStyleSwapper256-C,,,,True,False,False
visomaster_InStyleSwapper256-C_14619,ignore,,,missing_tier_metadata_companion,,,InStyleSwapper256-C,,,,True,False,False
visomaster_InStyleSwapper256-C_14620,ignore,,,missing_tier_metadata_companion,,,InStyleSwapper256-C,,,,True,False,False
visomaster_InStyleSwapper256-C_14621,ignore,,,missing_tier_metadata_companion,,,InStyleSwapper256-C,,,,True,False,False
visomaster_InStyleSwapper256-C_14622,ignore,,,missing_tier_metadata_companion,,,InStyleSwapper256-C,,,,True,False,False
visomaster_InStyleSwapper256-C_14623,ignore,,,missing_tier_metadata_companion,,,InStyleSwapper256-C,,,,True,False,False
visomaster_InStyleSwapper256-C_14624,ignore,,,missing_tier_metadata_companion,,,InStyleSwapper256-C,,,,True,False,False
visomaster_InStyleSwapper256-C_14625,ignore,,,missing_tier_metadata_companion,,,InStyleSwapper256-C,,,,True,False,False
visomaster_InStyleSwapper256-C_14626,ignore,,,missing_tier_metadata_companion,,,InStyleSwapper256-C,,,,True,False,False
visomaster_InStyleSwapper256-C_14627,ignore,,,missing_tier_metadata_companion,,,InStyleSwapper256-C,,,,True,False,False
visomaster_InStyleSwapper256-C_14628,ignore,,,missing_tier_metadata_companion,,,InStyleSwapper256-C,,,,True,False,False
visomaster_InStyleSwapper256-C_14629,ignore,,,missing_tier_metadata_companion,,,InStyleSwapper256-C,,,,True,False,False
visomaster_InStyleSwapper256-C_14630,ignore,,,missing_tier_metadata_companion,,,InStyleSwapper256-C,,,,True,False,False
visomaster_InStyleSwapper256-C_14631,ignore,,,missing_tier_metadata_companion,,,InStyleSwapper256-C,,,,True,False,False
visomaster_InStyleSwapper256-C_14632,ignore,,,missing_tier_metadata_companion,,,InStyleSwapper256-C,,,,True,False,False
visomaster_InStyleSwapper256-C_14633,ignore,,,missing_tier_metadata_companion,,,InStyleSwapper256-C,,,,True,False,False
visomaster_InStyleSwapper256-C_14634,ignore,,,missing_tier_metadata_companion,,,InStyleSwapper256-C,,,,True,False,False
visomaster_InStyleSwapper256-C_14635,ignore,,,missing_tier_metadata_companion,,,InStyleSwapper256-C,,,,True,False,False
visomaster_InStyleSwapper256-C_14636,ignore,,,missing_tier_metadata_companion,,,InStyleSwapper256-C,,,,True,False,False
visomaster_InStyleSwapper256-C_14637,ignore,,,missing_tier_metadata_companion,,,InStyleSwapper256-C,,,,True,False,False
visomaster_InStyleSwapper256-C_14638,ignore,,,missing_tier_metadata_companion,,,InStyleSwapper256-C,,,,True,False,False
visomaster_InStyleSwapper256-C_14639,ignore,,,missing_tier_metadata_companion,,,InStyleSwapper256-C,,,,True,False,False
visomaster_InStyleSwapper256-C_14640,ignore,,,missing_tier_metadata_companion,,,InStyleSwapper256-C,,,,True,False,False
visomaster_InStyleSwapper256-C_14641,ignore,,,missing_tier_metadata_companion,,,InStyleSwapper256-C,,,,True,False,False
visomaster_InStyleSwapper256-C_14642,ignore,,,missing_tier_metadata_companion,,,InStyleSwapper256-C,,,,True,False,False
visomaster_InStyleSwapper256-C_14643,ignore,,,missing_tier_metadata_companion,,,InStyleSwapper256-C,,,,True,False,False
visomaster_InStyleSwapper256-C_14644,ignore,,,missing_tier_metadata_companion,,,InStyleSwapper256-C,,,,True,False,False
visomaster_InStyleSwapper256-C_14645,ignore,,,missing_tier_metadata_companion,,,InStyleSwapper256-C,,,,True,False,False
visomaster_InStyleSwapper256-C_14646,ignore,,,missing_tier_metadata_companion,,,InStyleSwapper256-C,,,,True,False,False
visomaster_InStyleSwapper256-C_14647,ignore,,,missing_tier_metadata_companion,,,InStyleSwapper256-C,,,,True,False,False
visomaster_InStyleSwapper256-C_14648,ignore,,,missing_tier_metadata_companion,,,InStyleSwapper256-C,,,,True,False,False
visomaster_InStyleSwapper256-C_14649,ignore,,,missing_tier_metadata_companion,,,InStyleSwapper256-C,,,,True,False,False
visomaster_InStyleSwapper256-C_14650,ignore,,,missing_tier_metadata_companion,,,InStyleSwapper256-C,,,,True,False,False
visomaster_InStyleSwapper256-C_14651,ignore,,,missing_tier_metadata_companion,,,InStyleSwapper256-C,,,,True,False,False
visomaster_InStyleSwapper256-C_14652,ignore,,,missing_tier_metadata_companion,,,InStyleSwapper256-C,,,,True,False,False
visomaster_InStyleSwapper256-C_14653,ignore,,,missing_tier_metadata_companion,,,InStyleSwapper256-C,,,,True,False,False
visomaster_InStyleSwapper256-C_14654,ignore,,,missing_tier_metadata_companion,,,InStyleSwapper256-C,,,,True,False,False
visomaster_InStyleSwapper256-C_14655,ignore,,,missing_tier_metadata_companion,,,InStyleSwapper256-C,,,,True,False,False
visomaster_InStyleSwapper256-C_14656,ignore,,,missing_tier_metadata_companion,,,InStyleSwapper256-C,,,,True,False,False
visomaster_InStyleSwapper256-C_14657,ignore,,,missing_tier_metadata_companion,,,InStyleSwapper256-C,,,,True,False,False
visomaster_InStyleSwapper256-C_14658,ignore,,,missing_tier_metadata_companion,,,InStyleSwapper256-C,,,,True,False,False
visomaster_InStyleSwapper256-C_14659,ignore,,,missing_tier_metadata_companion,,,InStyleSwapper256-C,,,,True,False,False
visomaster_InStyleSwapper256-C_14660,ignore,,,missing_tier_metadata_companion,,,InStyleSwapper256-C,,,,True,False,False
visomaster_InStyleSwapper256-C_14661,ignore,,,missing_tier_metadata_companion,,,InStyleSwapper256-C,,,,True,False,False
visomaster_InStyleSwapper256-C_14662,ignore,,,missing_tier_metadata_companion,,,InStyleSwapper256-C,,,,True,False,False
visomaster_InStyleSwapper256-C_14663,ignore,,,missing_tier_metadata_companion,,,InStyleSwapper256-C,,,,True,False,False
visomaster_InStyleSwapper256-C_14664,ignore,,,missing_tier_metadata_companion,,,InStyleSwapper256-C,,,,True,False,False
visomaster_InStyleSwapper256-C_14665,ignore,,,missing_tier_metadata_companion,,,InStyleSwapper256-C,,,,True,False,False
visomaster_InStyleSwapper256-C_14666,ignore,,,missing_tier_metadata_companion,,,InStyleSwapper256-C,,,,True,False,False
visomaster_InStyleSwapper256-C_14667,ignore,,,missing_tier_metadata_companion,,,InStyleSwapper256-C,,,,True,False,False
visomaster_InStyleSwapper256-C_14668,ignore,,,missing_tier_metadata_companion,,,InStyleSwapper256-C,,,,True,False,False
visomaster_InStyleSwapper256-C_14669,ignore,,,missing_tier_metadata_companion,,,InStyleSwapper256-C,,,,True,False,False
visomaster_InStyleSwapper256-C_14670,ignore,,,missing_tier_metadata_companion,,,InStyleSwapper256-C,,,,True,False,False
visomaster_InStyleSwapper256-C_14671,ignore,,,missing_tier_metadata_companion,,,InStyleSwapper256-C,,,,True,False,False
visomaster_InStyleSwapper256-C_14672,ignore,,,missing_tier_metadata_companion,,,InStyleSwapper256-C,,,,True,False,False
visomaster_InStyleSwapper256-C_14673,ignore,,,missing_tier_metadata_companion,,,InStyleSwapper256-C,,,,True,False,False
visomaster_InStyleSwapper256-C_14674,ignore,,,missing_tier_metadata_companion,,,InStyleSwapper256-C,,,,True,False,False
visomaster_InStyleSwapper256-C_14675,ignore,,,missing_tier_metadata_companion,,,InStyleSwapper256-C,,,,True,False,False
visomaster_InStyleSwapper256-C_14676,ignore,,,missing_tier_metadata_companion,,,InStyleSwapper256-C,,,,True,False,False
visomaster_InStyleSwapper256-C_14677,ignore,,,missing_tier_metadata_companion,,,InStyleSwapper256-C,,,,True,False,False
visomaster_InStyleSwapper256-C_14678,ignore,,,missing_tier_metadata_companion,,,InStyleSwapper256-C,,,,True,False,False
visomaster_InStyleSwapper256-C_14679,ignore,,,missing_tier_metadata_companion,,,InStyleSwapper256-C,,,,True,False,False
visomaster_InStyleSwapper256-C_14680,ignore,,,missing_tier_metadata_companion,,,InStyleSwapper256-C,,,,True,False,False
visomaster_InStyleSwapper256-C_14681,ignore,,,missing_tier_metadata_companion,,,InStyleSwapper256-C,,,,True,False,False
visomaster_InStyleSwapper256-C_14682,ignore,,,missing_tier_metadata_companion,,,InStyleSwapper256-C,,,,True,False,False
visomaster_InStyleSwapper256-C_14683,ignore,,,missing_tier_metadata_companion,,,InStyleSwapper256-C,,,,True,False,False
visomaster_InStyleSwapper256-C_14684,ignore,,,missing_tier_metadata_companion,,,InStyleSwapper256-C,,,,True,False,False
visomaster_InStyleSwapper256-C_14685,ignore,,,missing_tier_metadata_companion,,,InStyleSwapper256-C,,,,True,False,False
visomaster_InStyleSwapper256-C_14686,ignore,,,missing_tier_metadata_companion,,,InStyleSwapper256-C,,,,True,False,False
visomaster_InStyleSwapper256-C_14687,ignore,,,missing_tier_metadata_companion,,,InStyleSwapper256-C,,,,True,False,False
visomaster_InStyleSwapper256-C_14688,ignore,,,missing_tier_metadata_companion,,,InStyleSwapper256-C,,,,True,False,False
visomaster_InStyleSwapper256-C_14689,ignore,,,missing_tier_metadata_companion,,,InStyleSwapper256-C,,,,True,False,False
visomaster_InStyleSwapper256-C_14690,ignore,,,missing_tier_metadata_companion,,,InStyleSwapper256-C,,,,True,False,False
visomaster_InStyleSwapper256-C_14691,ignore,,,missing_tier_metadata_companion,,,InStyleSwapper256-C,,,,True,False,False
visomaster_InStyleSwapper256-C_14692,ignore,,,missing_tier_metadata_companion,,,InStyleSwapper256-C,,,,True,False,False
visomaster_InStyleSwapper256-C_14693,ignore,,,missing_tier_metadata_companion,,,InStyleSwapper256-C,,,,True,False,False
visomaster_InStyleSwapper256-C_14694,ignore,,,missing_tier_metadata_companion,,,InStyleSwapper256-C,,,,True,False,False
visomaster_InStyleSwapper256-C_14695,ignore,,,missing_tier_metadata_companion,,,InStyleSwapper256-C,,,,True,False,False
visomaster_InStyleSwapper256-C_14696,ignore,,,missing_tier_metadata_companion,,,InStyleSwapper256-C,,,,True,False,False
visomaster_InStyleSwapper256-C_14697,ignore,,,missing_tier_metadata_companion,,,InStyleSwapper256-C,,,,True,False,False
visomaster_InStyleSwapper256-C_14698,ignore,,,missing_tier_metadata_companion,,,InStyleSwapper256-C,,,,True,False,False
visomaster_InStyleSwapper256-C_14699,ignore,,,missing_tier_metadata_companion,,,InStyleSwapper256-C,,,,True,False,False
visomaster_InStyleSwapper256-C_14700,ignore,,,missing_tier_metadata_companion,,,InStyleSwapper256-C,,,,True,False,False
visomaster_InStyleSwapper256-C_14701,ignore,,,missing_tier_metadata_companion,,,InStyleSwapper256-C,,,,True,False,False
visomaster_Inswapper128_08000,keep,visomaster hints (teams),teams_pair_complete,retain_as_weak_signal_after_teams,,,Inswapper128,MINIMAL,0.146100,trimmed_cropped_Bm7UzL-V46w.mp4,True,True,True
visomaster_Inswapper128_08001,keep,visomaster hints (teams),teams_pair_complete,retain_as_weak_signal_after_teams,,,Inswapper128,MODERATE,0.259400,trimmed_cropped_IRoCqQjF-UE.mp4,True,True,True
visomaster_Inswapper128_08002,keep,visomaster hints (teams),teams_pair_complete,retain_as_weak_signal_after_teams,,,Inswapper128,MINIMAL,0.114900,trimmed_n_zOWu1QpIc.mp4,True,True,True
visomaster_Inswapper128_08003,keep,visomaster hints (teams),teams_pair_complete,retain_as_weak_signal_after_teams,,,Inswapper128,MODERATE,0.168800,trimmed_cropped_TmDoc90IkNQ.mp4,True,True,True
visomaster_Inswapper128_08004,keep,visomaster hints (teams),teams_pair_complete,retain_as_weak_signal_after_teams,,,Inswapper128,MODERATE,0.171800,trimmed_cropped_rmxnkfAOtTw.mp4,True,True,True
visomaster_Inswapper128_08005,keep,visomaster hints (teams),teams_pair_complete,retain_as_weak_signal_after_teams,,,Inswapper128,MODERATE,0.246500,trimmed_cropped_-ykXSgIXGRw.mp4,True,True,True
visomaster_Inswapper128_08006,keep,visomaster hints (teams),teams_pair_complete,retain_as_weak_signal_after_teams,,,Inswapper128,STRONG,0.310800,trimmed_cropped_3qe5I-dh0Mc.mp4,True,True,True
visomaster_Inswapper128_08007,keep,visomaster hints (teams),teams_pair_complete,retain_as_weak_signal_after_teams,,,Inswapper128,MINIMAL,0.136800,trimmed_cropped_x0KhklJ_XkA.mp4,True,True,True
visomaster_Inswapper128_08008,ignore,,,not_selected_in_deterministic_random_subset,,,Inswapper128,MODERATE,0.193500,trimmed_cropped_d09A439yi_Q.mp4,True,True,False
visomaster_Inswapper128_08009,keep,visomaster hints,baseline_cropped,retain_as_weak_signal_baseline_subset,Inswapper128|MODERATE,20260417,Inswapper128,MODERATE,0.259200,trimmed_cropped_LuGL-BPxa_I.mp4,True,True,False
visomaster_Inswapper128_08010,keep,visomaster hints (teams),teams_pair_complete,retain_as_weak_signal_after_teams,,,Inswapper128,MODERATE,0.157400,trimmed_cropped_G9nx09Oyd7k.mp4,True,True,True
visomaster_Inswapper128_08011,keep,visomaster hints (teams),teams_pair_complete,retain_as_weak_signal_after_teams,,,Inswapper128,MODERATE,0.224100,trimmed_cropped_MTREK-Ny_gE.mp4,True,True,True
visomaster_Inswapper128_08012,keep,visomaster hints (teams),teams_pair_complete,retain_as_weak_signal_after_teams,,,Inswapper128,MODERATE,0.183400,trimmed_cropped_5j7jc3blPNw.mp4,True,True,True
visomaster_Inswapper128_08013,ignore,,,minimal_tier_excluded,,,Inswapper128,MINIMAL,0.122700,trimmed_cropped_PtCLt3b4gqw.mp4,True,True,False
visomaster_Inswapper128_08014,keep,visomaster hints (teams),teams_pair_complete,retain_as_weak_signal_after_teams,,,Inswapper128,MODERATE,0.188800,trimmed_cropped_zKmqRC22VOw.mp4,True,True,True
visomaster_Inswapper128_08015,keep,visomaster hints (teams),teams_pair_complete,retain_as_weak_signal_after_teams,,,Inswapper128,MODERATE,0.177600,trimmed_cropped_sSIyjsMrJj0.mp4,True,True,True
visomaster_Inswapper128_08016,keep,visomaster hints (teams),teams_pair_complete,retain_as_weak_signal_after_teams,,,Inswapper128,MINIMAL,0.094400,trimmed_cropped_i3doz9RK67k.mp4,True,True,True
visomaster_Inswapper128_08017,ignore,,,minimal_tier_excluded,,,Inswapper128,MINIMAL,0.000000,trimmed_cropped_h5p2qg0Czeg.mp4,True,True,False
visomaster_Inswapper128_08018,keep,visomaster hints (teams),teams_pair_complete,retain_as_weak_signal_after_teams,,,Inswapper128,MINIMAL,0.104300,trimmed_cropped_Iwz4iAOA0Jw.mp4,True,True,True
visomaster_Inswapper128_08019,keep,visomaster hints (teams),teams_pair_complete,retain_as_weak_signal_after_teams,,,Inswapper128,STRONG,0.414500,trimmed_cropped_yHm63SsmVII.mp4,True,True,True
visomaster_Inswapper128_08020,ignore,,,not_selected_in_deterministic_random_subset,,,Inswapper128,MODERATE,0.297600,trimmed_cropped_ALSOhWi6Oe4.mp4,True,True,False
visomaster_Inswapper128_08021,keep,visomaster hints (teams),teams_pair_complete,retain_as_weak_signal_after_teams,,,Inswapper128,MODERATE,0.193400,trimmed_cropped_szui77GbOCY.mp4,True,True,True
visomaster_Inswapper128_08022,keep,visomaster hints (teams),teams_pair_complete,retain_as_weak_signal_after_teams,,,Inswapper128,MINIMAL,0.126400,trimmed_cropped_2gMa92x9qwQ.mp4,True,True,True
visomaster_Inswapper128_08023,keep,visomaster hints (teams),teams_pair_complete,retain_as_weak_signal_after_teams,,,Inswapper128,MODERATE,0.271900,trimmed_cropped_xS79z20AH18.mp4,True,True,True
visomaster_Inswapper128_08024,keep,visomaster hints (teams),teams_pair_complete,retain_as_weak_signal_after_teams,,,Inswapper128,MINIMAL,0.083200,trimmed_cropped_cGv2HANqVA4.mp4,True,True,True
visomaster_Inswapper128_08025,keep,visomaster hints (teams),teams_pair_complete,retain_as_weak_signal_after_teams,,,Inswapper128,MODERATE,0.186700,trimmed_cropped_8ePBWq-fDYE.mp4,True,True,True
visomaster_Inswapper128_08026,keep,visomaster hints (teams),teams_pair_complete,retain_as_weak_signal_after_teams,,,Inswapper128,MINIMAL,0.134100,trimmed_cropped_XRlQkk90dR0.mp4,True,True,True
visomaster_Inswapper128_08027,keep,visomaster hints (teams),teams_pair_complete,retain_as_weak_signal_after_teams,,,Inswapper128,MODERATE,0.298100,trimmed_cropped_jzazkAQRmKU.mp4,True,True,True
visomaster_Inswapper128_08028,keep,visomaster hints (teams),teams_pair_complete,retain_as_weak_signal_after_teams,,,Inswapper128,MODERATE,0.217200,trimmed_cropped_408cjMZRFvA.mp4,True,True,True
visomaster_Inswapper128_08029,keep,visomaster hints (teams),teams_pair_complete,retain_as_weak_signal_after_teams,,,Inswapper128,MINIMAL,0.105500,trimmed_cropped_9MVRX_ZlFTM.mp4,True,True,True
visomaster_Inswapper128_08030,keep,visomaster hints (teams),teams_pair_complete,retain_as_weak_signal_after_teams,,,Inswapper128,MODERATE,0.231500,trimmed_cropped_W11krdGbdI8.mp4,True,True,True
visomaster_Inswapper128_08031,keep,visomaster hints (teams),teams_pair_complete,retain_as_weak_signal_after_teams,,,Inswapper128,MODERATE,0.250400,trimmed_cropped_aZwtIIXAHwk.mp4,True,True,True
visomaster_Inswapper128_08032,keep,visomaster hints (teams),teams_pair_complete,retain_as_weak_signal_after_teams,,,Inswapper128,MODERATE,0.152400,trimmed_cropped_Wa7mPCBR_4w.mp4,True,True,True
visomaster_Inswapper128_08033,keep,visomaster hints (teams),teams_pair_complete,retain_as_weak_signal_after_teams,,,Inswapper128,STRONG,0.317100,trimmed_cropped_hyc66RLg8Zc.mp4,True,True,True
visomaster_Inswapper128_08034,ignore,,,not_selected_in_deterministic_random_subset,,,Inswapper128,STRONG,0.921400,trimmed_cropped_UYvQ7TsDoOg.mp4,True,True,False
visomaster_Inswapper128_08035,ignore,,,not_selected_in_deterministic_random_subset,,,Inswapper128,MODERATE,0.184500,trimmed_cropped_7jglFoWqfV4.mp4,True,True,False
visomaster_Inswapper128_08036,ignore,,,minimal_tier_excluded,,,Inswapper128,MINIMAL,0.119500,trimmed_cropped_FWf2UOw0DlM.mp4,True,True,False
visomaster_Inswapper128_08037,ignore,,,not_selected_in_deterministic_random_subset,,,Inswapper128,STRONG,0.475400,trimmed_cropped_F0-UQ205BeU.mp4,True,True,False
visomaster_Inswapper128_08038,ignore,,,not_selected_in_deterministic_random_subset,,,Inswapper128,STRONG,0.411100,trimmed_cropped_PPcZY0QzJzo.mp4,True,True,False
visomaster_Inswapper128_08039,ignore,,,not_selected_in_deterministic_random_subset,,,Inswapper128,MODERATE,0.200200,trimmed_cropped_HBVu8dgg0UY.mp4,True,True,False
visomaster_Inswapper128_08040,ignore,,,minimal_tier_excluded,,,Inswapper128,MINIMAL,0.089000,trimmed_cropped_sc-Jn5G4s08.mp4,True,True,False
visomaster_Inswapper128_08041,ignore,,,not_selected_in_deterministic_random_subset,,,Inswapper128,MODERATE,0.155500,trimmed_cropped_Fbkx8J1suTw.mp4,True,True,False
visomaster_Inswapper128_08042,keep,visomaster hints,baseline_cropped,retain_as_weak_signal_baseline_subset,Inswapper128|STRONG,20260417,Inswapper128,STRONG,0.401400,trimmed_cropped_DDn68Mg-E94.mp4,True,True,False
visomaster_Inswapper128_08043,ignore,,,not_selected_in_deterministic_random_subset,,,Inswapper128,STRONG,0.346200,trimmed_cropped_QtW2Pkne8_M.mp4,True,True,False
visomaster_Inswapper128_08044,ignore,,,not_selected_in_deterministic_random_subset,,,Inswapper128,MODERATE,0.151600,trimmed_cropped_mqm42dXpmhA.mp4,True,True,False
visomaster_Inswapper128_08045,ignore,,,not_selected_in_deterministic_random_subset,,,Inswapper128,STRONG,0.328300,trimmed_cropped_G5lMFjME9qI.mp4,True,True,False
visomaster_Inswapper128_08046,ignore,,,not_selected_in_deterministic_random_subset,,,Inswapper128,MODERATE,0.208500,trimmed_cropped_Bj1kuOEb1Y8.mp4,True,True,False
visomaster_Inswapper128_08047,ignore,,,not_selected_in_deterministic_random_subset,,,Inswapper128,MODERATE,0.232600,trimmed__Py2KJWn0UI.mp4,True,True,False
visomaster_Inswapper128_08048,ignore,,,minimal_tier_excluded,,,Inswapper128,MINIMAL,0.134800,trimmed_cropped_UBeubQVymW0.mp4,True,True,False
visomaster_Inswapper128_08049,keep,visomaster hints,baseline_cropped,retain_as_weak_signal_baseline_subset,Inswapper128|MODERATE,20260417,Inswapper128,MODERATE,0.225900,trimmed_cropped_bDkZQ1Rw8CI.mp4,True,True,False
visomaster_Inswapper128_08050,ignore,,,not_selected_in_deterministic_random_subset,,,Inswapper128,MODERATE,0.151600,trimmed_cropped_7V8orO_Slzs.mp4,True,True,False
visomaster_Inswapper128_08051,ignore,,,not_selected_in_deterministic_random_subset,,,Inswapper128,STRONG,0.363100,trimmed_cropped_oqLUQEK5iHg.mp4,True,True,False
visomaster_Inswapper128_08052,keep,visomaster hints,baseline_cropped,retain_as_weak_signal_baseline_subset,Inswapper128|STRONG,20260417,Inswapper128,STRONG,0.409500,trimmed_cropped_hVjLYxSOuBM.mp4,True,True,False
visomaster_Inswapper128_08053,ignore,,,not_selected_in_deterministic_random_subset,,,Inswapper128,MODERATE,0.176200,trimmed_cropped_IhWC4Mg5ILE.mp4,True,True,False
visomaster_Inswapper128_08054,ignore,,,not_selected_in_deterministic_random_subset,,,Inswapper128,STRONG,0.310300,trimmed_cropped_-W85JIhqj9I.mp4,True,True,False
visomaster_Inswapper128_08055,ignore,,,not_selected_in_deterministic_random_subset,,,Inswapper128,MODERATE,0.155700,trimmed_cropped_02y4jcAQN3s.mp4,True,True,False
visomaster_Inswapper128_08056,ignore,,,not_selected_in_deterministic_random_subset,,,Inswapper128,MODERATE,0.167500,trimmed_cropped_5kCisoulYiI.mp4,True,True,False
visomaster_Inswapper128_08057,keep,visomaster hints,baseline_cropped,retain_as_weak_signal_baseline_subset,Inswapper128|MODERATE,20260417,Inswapper128,MODERATE,0.254000,trimmed_cropped_i48gO4_Iw3s.mp4,True,True,False
visomaster_Inswapper128_08058,keep,visomaster hints,baseline_cropped,retain_as_weak_signal_baseline_subset,Inswapper128|STRONG,20260417,Inswapper128,STRONG,0.310000,trimmed_cropped_-GnNIXDjWog.mp4,True,True,False
visomaster_Inswapper128_08059,ignore,,,minimal_tier_excluded,,,Inswapper128,MINIMAL,0.125300,trimmed_cropped_jgU_kZJmMy8.mp4,True,True,False
visomaster_Inswapper128_08060,ignore,,,not_selected_in_deterministic_random_subset,,,Inswapper128,MODERATE,0.248300,trimmed_cropped_Ok8fqessJFo.mp4,True,True,False
visomaster_Inswapper128_08061,ignore,,,not_selected_in_deterministic_random_subset,,,Inswapper128,MODERATE,0.276300,trimmed_cropped_e8rt1BIO8NE.mp4,True,True,False
visomaster_Inswapper128_08062,ignore,,,not_selected_in_deterministic_random_subset,,,Inswapper128,STRONG,0.357300,trimmed_cropped_PWAm027JtjQ.mp4,True,True,False
visomaster_Inswapper128_08063,ignore,,,minimal_tier_excluded,,,Inswapper128,MINIMAL,0.119400,trimmed_cropped_Rwph_AVKrio.mp4,True,True,False
visomaster_Inswapper128_08064,ignore,,,not_selected_in_deterministic_random_subset,,,Inswapper128,MODERATE,0.299300,trimmed_cropped_dlIhwydXKZ4.mp4,True,True,False
visomaster_Inswapper128_08065,keep,visomaster hints,baseline_cropped,retain_as_weak_signal_baseline_subset,Inswapper128|MODERATE,20260417,Inswapper128,MODERATE,0.245300,trimmed_cropped_fSQ7iUqueHE.mp4,True,True,False
visomaster_Inswapper128_08066,ignore,,,not_selected_in_deterministic_random_subset,,,Inswapper128,STRONG,0.363000,trimmed_cropped_VFpxY0KEBA0.mp4,True,True,False
visomaster_Inswapper128_08067,ignore,,,not_selected_in_deterministic_random_subset,,,Inswapper128,MODERATE,0.196700,trimmed_cropped_cjFIuKwA3oo.mp4,True,True,False
visomaster_Inswapper128_08068,ignore,,,not_selected_in_deterministic_random_subset,,,Inswapper128,MODERATE,0.270600,trimmed_cropped_m1IEaKG-ZL0.mp4,True,True,False
visomaster_Inswapper128_08069,ignore,,,not_selected_in_deterministic_random_subset,,,Inswapper128,MODERATE,0.280400,trimmed_cropped__prqH_uoHMM.mp4,True,True,False
visomaster_Inswapper128_08070,ignore,,,minimal_tier_excluded,,,Inswapper128,MINIMAL,0.135800,trimmed_cropped_kgeozSkavDw.mp4,True,True,False
visomaster_Inswapper128_08071,ignore,,,not_selected_in_deterministic_random_subset,,,Inswapper128,MODERATE,0.222300,trimmed_cropped_xySnhs1cLQc.mp4,True,True,False
visomaster_Inswapper128_08072,ignore,,,not_selected_in_deterministic_random_subset,,,Inswapper128,STRONG,0.302300,trimmed_cropped_UKdDKZOcY4w.mp4,True,True,False
visomaster_Inswapper128_08073,ignore,,,not_selected_in_deterministic_random_subset,,,Inswapper128,MODERATE,0.226800,trimmed_cropped_q5I8l4tV2No.mp4,True,True,False
visomaster_Inswapper128_08074,ignore,,,not_selected_in_deterministic_random_subset,,,Inswapper128,STRONG,0.303500,trimmed_cropped_L0qZQqNvO5o.mp4,True,True,False
visomaster_Inswapper128_08075,ignore,,,not_selected_in_deterministic_random_subset,,,Inswapper128,MODERATE,0.180300,trimmed_cropped_c8MPXdgq1i0.mp4,True,True,False
visomaster_Inswapper128_08076,ignore,,,not_selected_in_deterministic_random_subset,,,Inswapper128,MODERATE,0.255900,trimmed_cropped_AcaCEknl-5w.mp4,True,True,False
visomaster_Inswapper128_08077,keep,visomaster hints,baseline_cropped,retain_as_weak_signal_baseline_subset,Inswapper128|MODERATE,20260417,Inswapper128,MODERATE,0.218500,trimmed_cropped_uTVXxoB0iRc.mp4,True,True,False
visomaster_Inswapper128_08078,ignore,,,minimal_tier_excluded,,,Inswapper128,MINIMAL,0.094300,trimmed_cropped_rPhFWdOYZ7w.mp4,True,True,False
visomaster_Inswapper128_08079,ignore,,,not_selected_in_deterministic_random_subset,,,Inswapper128,MODERATE,0.193400,trimmed_cropped_JalqSAXURRs.mp4,True,True,False
visomaster_Inswapper128_08080,ignore,,,not_selected_in_deterministic_random_subset,,,Inswapper128,STRONG,0.405600,trimmed_cropped_p_KhuifDoO4.mp4,True,True,False
visomaster_Inswapper128_08081,ignore,,,not_selected_in_deterministic_random_subset,,,Inswapper128,MODERATE,0.174300,trimmed_cropped_wq1duq4pHEQ.mp4,True,True,False
visomaster_Inswapper128_08082,ignore,,,not_selected_in_deterministic_random_subset,,,Inswapper128,MODERATE,0.180900,trimmed_cropped_ovqncme1R9U.mp4,True,True,False
visomaster_Inswapper128_08083,ignore,,,not_selected_in_deterministic_random_subset,,,Inswapper128,MODERATE,0.209600,trimmed_cropped_d_36ke5uXMk.mp4,True,True,False
visomaster_Inswapper128_08084,ignore,,,not_selected_in_deterministic_random_subset,,,Inswapper128,MODERATE,0.151400,trimmed_cropped_iNmvOxC4srs.mp4,True,True,False
visomaster_Inswapper128_08085,ignore,,,not_selected_in_deterministic_random_subset,,,Inswapper128,MODERATE,0.194300,trimmed_cropped_4X6sMrdacnU.mp4,True,True,False
visomaster_Inswapper128_08086,ignore,,,not_selected_in_deterministic_random_subset,,,Inswapper128,MODERATE,0.261200,trimmed_cropped_397jy6faKqE.mp4,True,True,False
visomaster_Inswapper128_08087,ignore,,,not_selected_in_deterministic_random_subset,,,Inswapper128,STRONG,0.546700,trimmed_cropped_ZSPwG1udOYg.mp4,True,True,False
visomaster_Inswapper128_08088,keep,visomaster hints,baseline_cropped,retain_as_weak_signal_baseline_subset,Inswapper128|STRONG,20260417,Inswapper128,STRONG,0.321500,trimmed_cropped_t0RDgHOst6I.mp4,True,True,False
visomaster_Inswapper128_08089,ignore,,,not_selected_in_deterministic_random_subset,,,Inswapper128,STRONG,0.319600,trimmed_cropped_iavx4s2_Ojo.mp4,True,True,False
visomaster_Inswapper128_08090,keep,visomaster hints,baseline_cropped,retain_as_weak_signal_baseline_subset,Inswapper128|STRONG,20260417,Inswapper128,STRONG,0.346800,trimmed_cropped_xmeCDpihPOI.mp4,True,True,False
visomaster_Inswapper128_08091,ignore,,,not_selected_in_deterministic_random_subset,,,Inswapper128,MODERATE,0.287500,trimmed_cropped_E2GtvigNPX8.mp4,True,True,False
visomaster_Inswapper128_08092,keep,visomaster hints,baseline_cropped,retain_as_weak_signal_baseline_subset,Inswapper128|MODERATE,20260417,Inswapper128,MODERATE,0.261200,trimmed_cropped__HVxOHg1vy8.mp4,True,True,False
visomaster_Inswapper128_08093,ignore,,,not_selected_in_deterministic_random_subset,,,Inswapper128,STRONG,0.305700,trimmed_cropped_2KyAYE6DhII.mp4,True,True,False
visomaster_Inswapper128_08094,keep,visomaster hints,baseline_cropped,retain_as_weak_signal_baseline_subset,Inswapper128|MODERATE,20260417,Inswapper128,MODERATE,0.223300,trimmed_cropped_L7AuMKiB8l8.mp4,True,True,False
visomaster_Inswapper128_08095,ignore,,,not_selected_in_deterministic_random_subset,,,Inswapper128,MODERATE,0.203900,trimmed_cropped_4kz7XiNME58.mp4,True,True,False
visomaster_Inswapper128_08096,ignore,,,not_selected_in_deterministic_random_subset,,,Inswapper128,MODERATE,0.180400,trimmed_cropped_ProR0K6Rii0.mp4,True,True,False
visomaster_Inswapper128_08097,ignore,,,minimal_tier_excluded,,,Inswapper128,MINIMAL,0.124000,trimmed_cropped_wC5LBXTIj-I.mp4,True,True,False
visomaster_Inswapper128_08098,ignore,,,not_selected_in_deterministic_random_subset,,,Inswapper128,MODERATE,0.203200,trimmed_cropped_jI_UEVocRms.mp4,True,True,False
visomaster_Inswapper128_08099,ignore,,,not_selected_in_deterministic_random_subset,,,Inswapper128,MODERATE,0.226100,trimmed_cropped_CHlzEEHt9E4.mp4,True,True,False
visomaster_Inswapper128_08100,ignore,,,not_selected_in_deterministic_random_subset,,,Inswapper128,MODERATE,0.227400,trimmed_cropped_bOUGPoyYd4k.mp4,True,True,False
visomaster_Inswapper128_08101,ignore,,,minimal_tier_excluded,,,Inswapper128,MINIMAL,0.102900,trimmed_cropped_8XDRoglubcI.mp4,True,True,False
visomaster_Inswapper128_08102,ignore,,,not_selected_in_deterministic_random_subset,,,Inswapper128,STRONG,0.327600,trimmed_cropped_uxsJVliymkc.mp4,True,True,False
visomaster_Inswapper128_08103,ignore,,,not_selected_in_deterministic_random_subset,,,Inswapper128,MODERATE,0.244600,trimmed_cropped_gkSNVNxOTU4.mp4,True,True,False
visomaster_Inswapper128_08104,keep,visomaster hints,baseline_cropped,retain_as_weak_signal_baseline_subset,Inswapper128|MODERATE,20260417,Inswapper128,MODERATE,0.235400,trimmed_cropped_7DfktnTLI1o.mp4,True,True,False
visomaster_Inswapper128_08105,ignore,,,not_selected_in_deterministic_random_subset,,,Inswapper128,MODERATE,0.232400,trimmed_cropped_qT35E4ddBj8.mp4,True,True,False
visomaster_Inswapper128_08106,ignore,,,minimal_tier_excluded,,,Inswapper128,MINIMAL,0.135500,trimmed_cropped_cKzUuQyZjFo.mp4,True,True,False
visomaster_Inswapper128_08107,ignore,,,minimal_tier_excluded,,,Inswapper128,MINIMAL,0.128200,trimmed_cropped_lE-fQ9UU-JM.mp4,True,True,False
visomaster_Inswapper128_08108,ignore,,,not_selected_in_deterministic_random_subset,,,Inswapper128,MODERATE,0.166300,trimmed_cropped_-XNkBzaA8Os.mp4,True,True,False
visomaster_Inswapper128_08109,keep,visomaster hints,baseline_cropped,retain_as_weak_signal_baseline_subset,Inswapper128|MODERATE,20260417,Inswapper128,MODERATE,0.194300,trimmed_cropped_FWf2UOw0DlM.mp4,True,True,False
visomaster_Inswapper128_08110,ignore,,,not_selected_in_deterministic_random_subset,,,Inswapper128,MODERATE,0.235200,trimmed_cropped_f548aJDSwDA.mp4,True,True,False
visomaster_Inswapper128_08111,ignore,,,not_selected_in_deterministic_random_subset,,,Inswapper128,MODERATE,0.183600,trimmed_cropped_8XdcPEDF0bQ.mp4,True,True,False
visomaster_Inswapper128_08112,ignore,,,not_selected_in_deterministic_random_subset,,,Inswapper128,MODERATE,0.184700,trimmed_cropped_n2dE35sJlh4.mp4,True,True,False
visomaster_Inswapper128_08113,ignore,,,not_selected_in_deterministic_random_subset,,,Inswapper128,MODERATE,0.221800,trimmed_cropped_7DfktnTLI1o.mp4,True,True,False
visomaster_Inswapper128_08114,ignore,,,minimal_tier_excluded,,,Inswapper128,MINIMAL,0.145500,trimmed_cropped_MTtGMKkN-kE.mp4,True,True,False
visomaster_Inswapper128_08115,keep,visomaster hints,baseline_cropped,retain_as_weak_signal_baseline_subset,Inswapper128|STRONG,20260417,Inswapper128,STRONG,0.311200,trimmed_cropped__b_-SSqtEPM.mp4,True,True,False
visomaster_Inswapper128_08116,ignore,,,minimal_tier_excluded,,,Inswapper128,MINIMAL,0.149000,trimmed_cropped_g8Lp-6yj3G4.mp4,True,True,False
visomaster_Inswapper128_08117,ignore,,,minimal_tier_excluded,,,Inswapper128,MINIMAL,0.115200,trimmed_cropped_dcNrB6_psVk.mp4,True,True,False
visomaster_Inswapper128_08118,ignore,,,not_selected_in_deterministic_random_subset,,,Inswapper128,MODERATE,0.265300,trimmed_cropped_RpDlBGyiuPY.mp4,True,True,False
visomaster_Inswapper128_08119,ignore,,,not_selected_in_deterministic_random_subset,,,Inswapper128,STRONG,0.302600,trimmed_cropped_kI1ZINSpbmQ.mp4,True,True,False
visomaster_Inswapper128_08120,keep,visomaster hints,baseline_cropped,retain_as_weak_signal_baseline_subset,Inswapper128|MODERATE,20260417,Inswapper128,MODERATE,0.172500,trimmed_cropped_q5I8l4tV2No.mp4,True,True,False
visomaster_Inswapper128_08121,ignore,,,minimal_tier_excluded,,,Inswapper128,MINIMAL,0.129300,trimmed_cropped_qBPQZNZd_iU.mp4,True,True,False
visomaster_Inswapper128_08122,ignore,,,minimal_tier_excluded,,,Inswapper128,MINIMAL,0.133200,trimmed_cropped_RGQVJCcPgog.mp4,True,True,False
visomaster_Inswapper128_08123,keep,visomaster hints,baseline_cropped,retain_as_weak_signal_baseline_subset,Inswapper128|MODERATE,20260417,Inswapper128,MODERATE,0.217000,trimmed_cropped_-S6SL7FjsLY.mp4,True,True,False
visomaster_Inswapper128_08124,ignore,,,minimal_tier_excluded,,,Inswapper128,MINIMAL,0.146700,trimmed_cropped_WlHqNJ1GhBo.mp4,True,True,False
visomaster_Inswapper128_08125,ignore,,,missing_tier_metadata_companion,,,Inswapper128,,,,True,False,False
visomaster_Inswapper128_08126,ignore,,,not_selected_in_deterministic_random_subset,,,Inswapper128,MODERATE,0.171500,trimmed_cropped_jxSC1YZXV_k.mp4,True,True,False
visomaster_Inswapper128_08127,keep,visomaster hints,baseline_cropped,retain_as_weak_signal_baseline_subset,Inswapper128|STRONG,20260417,Inswapper128,STRONG,0.320000,trimmed_cropped_VV7TfGiCEnI.mp4,True,True,False
visomaster_Inswapper128_08128,ignore,,,minimal_tier_excluded,,,Inswapper128,MINIMAL,0.120700,trimmed_cropped__5p-OcteMlI.mp4,True,True,False
visomaster_Inswapper128_08129,ignore,,,not_selected_in_deterministic_random_subset,,,Inswapper128,MODERATE,0.150800,trimmed_cropped_u47FlVSBASI.mp4,True,True,False
visomaster_Inswapper128_08130,ignore,,,not_selected_in_deterministic_random_subset,,,Inswapper128,MODERATE,0.174800,trimmed_cropped_TW66cICfwOY.mp4,True,True,False
visomaster_Inswapper128_08131,ignore,,,not_selected_in_deterministic_random_subset,,,Inswapper128,MODERATE,0.192500,trimmed_cropped_vnyiHiB0M3c.mp4,True,True,False
visomaster_Inswapper128_08132,ignore,,,not_selected_in_deterministic_random_subset,,,Inswapper128,MODERATE,0.180600,trimmed_cropped_iJOtpBzKXsY.mp4,True,True,False
visomaster_Inswapper128_08133,ignore,,,minimal_tier_excluded,,,Inswapper128,MINIMAL,0.093400,trimmed_cropped_m4gPDTgt3zo.mp4,True,True,False
visomaster_Inswapper128_08134,ignore,,,minimal_tier_excluded,,,Inswapper128,MINIMAL,0.141000,trimmed_cropped_NtnjLvodjtM.mp4,True,True,False
visomaster_Inswapper128_08135,ignore,,,not_selected_in_deterministic_random_subset,,,Inswapper128,MODERATE,0.150800,trimmed_cropped_ljGKxn8GtCY.mp4,True,True,False
visomaster_Inswapper128_08136,keep,visomaster hints,baseline_cropped,retain_as_weak_signal_baseline_subset,Inswapper128|MODERATE,20260417,Inswapper128,MODERATE,0.194100,trimmed_cropped_r8rBy_y3rOw.mp4,True,True,False
visomaster_Inswapper128_08137,ignore,,,minimal_tier_excluded,,,Inswapper128,MINIMAL,0.080300,trimmed_cropped_QYtZC3Hzw7s.mp4,True,True,False
visomaster_Inswapper128_08138,ignore,,,not_selected_in_deterministic_random_subset,,,Inswapper128,MODERATE,0.253500,trimmed_cropped_0J1e7GBJD2U.mp4,True,True,False
visomaster_Inswapper128_08139,keep,visomaster hints,baseline_cropped,retain_as_weak_signal_baseline_subset,Inswapper128|STRONG,20260417,Inswapper128,STRONG,0.535700,trimmed_cropped_Mgk9kyGziXo.mp4,True,True,False
visomaster_Inswapper128_08140,ignore,,,minimal_tier_excluded,,,Inswapper128,MINIMAL,0.134400,trimmed_cropped_EvYQz1u3Nww.mp4,True,True,False
visomaster_Inswapper128_08141,ignore,,,not_selected_in_deterministic_random_subset,,,Inswapper128,MODERATE,0.178000,trimmed_cropped_VQ41tLyR1pk.mp4,True,True,False
visomaster_Inswapper128_08142,ignore,,,not_selected_in_deterministic_random_subset,,,Inswapper128,MODERATE,0.176300,trimmed_cropped_QX9XlaYwU5k.mp4,True,True,False
visomaster_Inswapper128_08143,ignore,,,minimal_tier_excluded,,,Inswapper128,MINIMAL,0.124300,trimmed_cropped_9FyZ7cl75yQ.mp4,True,True,False
visomaster_Inswapper128_08144,ignore,,,minimal_tier_excluded,,,Inswapper128,MINIMAL,0.103600,trimmed_cropped_0GmDytHPA-w.mp4,True,True,False
visomaster_Inswapper128_08145,ignore,,,minimal_tier_excluded,,,Inswapper128,MINIMAL,0.144600,trimmed_cropped_dNw9SgPBCFg.mp4,True,True,False
visomaster_Inswapper128_08146,ignore,,,not_selected_in_deterministic_random_subset,,,Inswapper128,MODERATE,0.243800,trimmed_cropped_5zlzdQe7nig.mp4,True,True,False
visomaster_Inswapper128_08147,ignore,,,not_selected_in_deterministic_random_subset,,,Inswapper128,STRONG,0.311800,trimmed_cropped_L7iM4Xe3KLk.mp4,True,True,False
visomaster_Inswapper128_08148,ignore,,,minimal_tier_excluded,,,Inswapper128,MINIMAL,0.139000,trimmed_cropped_h4-LpnLcEME.mp4,True,True,False
visomaster_Inswapper128_08149,ignore,,,not_selected_in_deterministic_random_subset,,,Inswapper128,MODERATE,0.263600,trimmed_cropped_hPL532ie900.mp4,True,True,False
visomaster_Inswapper128_08150,ignore,,,not_selected_in_deterministic_random_subset,,,Inswapper128,MODERATE,0.230000,trimmed_cropped_Y1jQGMqedvE.mp4,True,True,False
visomaster_Inswapper128_08151,ignore,,,minimal_tier_excluded,,,Inswapper128,MINIMAL,0.077800,trimmed_cropped_dyHPjrmwjww.mp4,True,True,False
visomaster_Inswapper128_08152,keep,visomaster hints,baseline_cropped,retain_as_weak_signal_baseline_subset,Inswapper128|STRONG,20260417,Inswapper128,STRONG,0.355300,trimmed_cropped_RS0lrXm_F7A.mp4,True,True,False
visomaster_Inswapper128_08153,ignore,,,minimal_tier_excluded,,,Inswapper128,MINIMAL,0.108300,trimmed_cropped_sSYQFImbhfA.mp4,True,True,False
visomaster_Inswapper128_08154,ignore,,,not_selected_in_deterministic_random_subset,,,Inswapper128,MODERATE,0.216000,trimmed_cropped_ILQoWRt-Hlc.mp4,True,True,False
visomaster_Inswapper128_08155,ignore,,,not_selected_in_deterministic_random_subset,,,Inswapper128,MODERATE,0.167200,trimmed_cropped_KKGgsHwCKlA.mp4,True,True,False
visomaster_Inswapper128_08156,ignore,,,not_selected_in_deterministic_random_subset,,,Inswapper128,MODERATE,0.190300,trimmed_cropped_XnnJw3Hy51o.mp4,True,True,False
visomaster_Inswapper128_08157,ignore,,,not_selected_in_deterministic_random_subset,,,Inswapper128,MODERATE,0.175500,trimmed_cropped_B-UmcPoxk8I.mp4,True,True,False
visomaster_Inswapper128_08158,ignore,,,not_selected_in_deterministic_random_subset,,,Inswapper128,MODERATE,0.172300,trimmed_cropped_Ai-lCFGGLPA.mp4,True,True,False
visomaster_Inswapper128_08159,ignore,,,minimal_tier_excluded,,,Inswapper128,MINIMAL,0.000000,trimmed_cropped_Xvmkz0x_mBw.mp4,True,True,False
visomaster_Inswapper128_08160,ignore,,,not_selected_in_deterministic_random_subset,,,Inswapper128,MODERATE,0.182100,trimmed_cropped__bMaKnVIzts.mp4,True,True,False
visomaster_Inswapper128_08161,ignore,,,minimal_tier_excluded,,,Inswapper128,MINIMAL,0.142900,trimmed_cropped_CHJ0lrr4xKo.mp4,True,True,False
visomaster_Inswapper128_08162,ignore,,,not_selected_in_deterministic_random_subset,,,Inswapper128,STRONG,0.465700,trimmed_cropped_tgyd0KFJo7c.mp4,True,True,False
visomaster_Inswapper128_08163,ignore,,,not_selected_in_deterministic_random_subset,,,Inswapper128,MODERATE,0.158400,trimmed_cropped_gUT4YvRTXeo.mp4,True,True,False
visomaster_Inswapper128_08164,ignore,,,not_selected_in_deterministic_random_subset,,,Inswapper128,MODERATE,0.243300,trimmed_cropped_MKwTiefXDh0.mp4,True,True,False
visomaster_Inswapper128_08165,ignore,,,not_selected_in_deterministic_random_subset,,,Inswapper128,STRONG,0.330500,trimmed_cropped_vmE3NMmuaPI.mp4,True,True,False
visomaster_Inswapper128_08166,ignore,,,not_selected_in_deterministic_random_subset,,,Inswapper128,MODERATE,0.216500,trimmed_cropped_zl33L8G7zMc.mp4,True,True,False
visomaster_Inswapper128_08167,ignore,,,minimal_tier_excluded,,,Inswapper128,MINIMAL,0.116400,trimmed_cropped_PA33oZn3Gy4.mp4,True,True,False
visomaster_Inswapper128_08168,ignore,,,not_selected_in_deterministic_random_subset,,,Inswapper128,MODERATE,0.167200,trimmed_cropped_ksRRnjBeiLo.mp4,True,True,False
visomaster_Inswapper128_08169,ignore,,,minimal_tier_excluded,,,Inswapper128,MINIMAL,0.068300,trimmed_cropped_HoUHt6X-_-k.mp4,True,True,False
visomaster_Inswapper128_08170,ignore,,,not_selected_in_deterministic_random_subset,,,Inswapper128,MODERATE,0.169800,trimmed_cropped_rWOU_BrqLts.mp4,True,True,False
visomaster_Inswapper128_08171,ignore,,,minimal_tier_excluded,,,Inswapper128,MINIMAL,0.147000,trimmed_cropped_RMHvVMxrVuM.mp4,True,True,False
visomaster_Inswapper128_08172,ignore,,,minimal_tier_excluded,,,Inswapper128,MINIMAL,0.142700,trimmed_cropped_agAAfZQMydY.mp4,True,True,False
visomaster_Inswapper128_08173,ignore,,,minimal_tier_excluded,,,Inswapper128,MINIMAL,0.136100,trimmed_cropped_Z95ifPKuEHE.mp4,True,True,False
visomaster_Inswapper128_08174,ignore,,,not_selected_in_deterministic_random_subset,,,Inswapper128,MODERATE,0.193300,trimmed_cropped_AYNWuYjega0.mp4,True,True,False
visomaster_Inswapper128_08175,ignore,,,minimal_tier_excluded,,,Inswapper128,MINIMAL,0.000000,trimmed_cropped_oQZH8-PZftg.mp4,True,True,False
visomaster_Inswapper128_08176,ignore,,,not_selected_in_deterministic_random_subset,,,Inswapper128,STRONG,0.610700,trimmed_cropped_r4Bs7zz19JA.mp4,True,True,False
visomaster_Inswapper128_08177,ignore,,,minimal_tier_excluded,,,Inswapper128,MINIMAL,0.109000,trimmed_cropped_pTN0N29IM90.mp4,True,True,False
visomaster_Inswapper128_08178,keep,visomaster hints,baseline_cropped,retain_as_weak_signal_baseline_subset,Inswapper128|MODERATE,20260417,Inswapper128,MODERATE,0.209300,trimmed_cropped_wP7bbQHRLRE.mp4,True,True,False
visomaster_Inswapper128_08179,ignore,,,minimal_tier_excluded,,,Inswapper128,MINIMAL,0.115300,trimmed_cropped_oV11YnrMV14.mp4,True,True,False
visomaster_Inswapper128_08180,ignore,,,not_selected_in_deterministic_random_subset,,,Inswapper128,MODERATE,0.209400,trimmed_cropped_waTJyQKUUOk.mp4,True,True,False
visomaster_Inswapper128_08181,ignore,,,not_selected_in_deterministic_random_subset,,,Inswapper128,MODERATE,0.170300,trimmed_cropped_MYKwiVIRvzs.mp4,True,True,False
visomaster_Inswapper128_08182,ignore,,,not_selected_in_deterministic_random_subset,,,Inswapper128,MODERATE,0.189800,trimmed_cropped_YCkjdHR57pU.mp4,True,True,False
visomaster_Inswapper128_08183,ignore,,,not_selected_in_deterministic_random_subset,,,Inswapper128,MODERATE,0.232500,trimmed_cropped_pkn91Ahh0c0.mp4,True,True,False
visomaster_Inswapper128_08184,ignore,,,not_selected_in_deterministic_random_subset,,,Inswapper128,MODERATE,0.204400,trimmed_cropped_iyd5zMJzpzQ.mp4,True,True,False
visomaster_Inswapper128_08185,ignore,,,minimal_tier_excluded,,,Inswapper128,MINIMAL,0.087000,trimmed_cropped_MmhCg2Ueigw.mp4,True,True,False
visomaster_Inswapper128_08186,ignore,,,not_selected_in_deterministic_random_subset,,,Inswapper128,MODERATE,0.199800,trimmed_cropped_I13Jh0V2s9A.mp4,True,True,False
visomaster_Inswapper128_08187,ignore,,,not_selected_in_deterministic_random_subset,,,Inswapper128,MODERATE,0.194900,trimmed_cropped_xS1zl_SMRbk.mp4,True,True,False
visomaster_Inswapper128_08188,ignore,,,minimal_tier_excluded,,,Inswapper128,MINIMAL,0.148400,trimmed_cropped_b2IYNZu6SpY.mp4,True,True,False
visomaster_Inswapper128_08189,ignore,,,minimal_tier_excluded,,,Inswapper128,MINIMAL,0.114800,trimmed_cropped_3O1c_xr5UnQ.mp4,True,True,False
visomaster_Inswapper128_08190,ignore,,,minimal_tier_excluded,,,Inswapper128,MINIMAL,0.109500,trimmed_cropped_PpnLNtscAeo.mp4,True,True,False
visomaster_Inswapper128_08191,ignore,,,not_selected_in_deterministic_random_subset,,,Inswapper128,STRONG,0.406500,trimmed_cropped_xiHt8IFOYS4.mp4,True,True,False
visomaster_Inswapper128_08192,ignore,,,not_selected_in_deterministic_random_subset,,,Inswapper128,MODERATE,0.160000,trimmed_cropped_6Q3pic34dmg.mp4,True,True,False
visomaster_Inswapper128_08193,ignore,,,not_selected_in_deterministic_random_subset,,,Inswapper128,STRONG,0.555300,trimmed_cropped_UhnDzOd2Hnk.mp4,True,True,False
visomaster_Inswapper128_08194,ignore,,,minimal_tier_excluded,,,Inswapper128,MINIMAL,0.120500,trimmed_cropped_KecVKUB4pWM.mp4,True,True,False
visomaster_Inswapper128_08195,ignore,,,not_selected_in_deterministic_random_subset,,,Inswapper128,MODERATE,0.219200,trimmed_cropped_VCIqWfFSYM8.mp4,True,True,False
visomaster_Inswapper128_08196,ignore,,,not_selected_in_deterministic_random_subset,,,Inswapper128,MODERATE,0.222900,trimmed_cropped_H0rhKRD9cl8.mp4,True,True,False
visomaster_Inswapper128_08197,keep,visomaster hints,baseline_cropped,retain_as_weak_signal_baseline_subset,Inswapper128|MODERATE,20260417,Inswapper128,MODERATE,0.243300,trimmed_cropped_dqQG-3DCtmo.mp4,True,True,False
visomaster_Inswapper128_08198,ignore,,,minimal_tier_excluded,,,Inswapper128,MINIMAL,0.092100,trimmed_cropped_eHo-2t1VPsE.mp4,True,True,False
visomaster_Inswapper128_08199,ignore,,,not_selected_in_deterministic_random_subset,,,Inswapper128,STRONG,0.489100,trimmed_cropped_Y7NXupl_IjY.mp4,True,True,False
visomaster_Inswapper128_08200,ignore,,,not_selected_in_deterministic_random_subset,,,Inswapper128,STRONG,0.328400,trimmed_cropped_WgWFKoBB6KE.mp4,True,True,False
visomaster_Inswapper128_08201,keep,visomaster hints,baseline_cropped,retain_as_weak_signal_baseline_subset,Inswapper128|MODERATE,20260417,Inswapper128,MODERATE,0.250000,trimmed_cropped_UKfEzh5cgMY.mp4,True,True,False
visomaster_Inswapper128_08202,ignore,,,minimal_tier_excluded,,,Inswapper128,MINIMAL,0.022100,trimmed_cropped_cxSOhz5x9ws.mp4,True,True,False
visomaster_Inswapper128_08203,ignore,,,minimal_tier_excluded,,,Inswapper128,MINIMAL,0.013400,trimmed_cropped_BoHjNrQc_n8.mp4,True,True,False
visomaster_Inswapper128_08204,ignore,,,minimal_tier_excluded,,,Inswapper128,MINIMAL,0.038700,trimmed_cropped_mgQx_mX-Xk0.mp4,True,True,False
visomaster_Inswapper128_08205,ignore,,,minimal_tier_excluded,,,Inswapper128,MINIMAL,0.021300,trimmed_cropped_XBtlBlnjmHM.mp4,True,True,False
visomaster_Inswapper128_08206,ignore,,,minimal_tier_excluded,,,Inswapper128,MINIMAL,0.013500,trimmed_cropped_OFd7ZydlwrU.mp4,True,True,False
visomaster_Inswapper128_08207,ignore,,,minimal_tier_excluded,,,Inswapper128,MINIMAL,0.018300,trimmed_cropped_aipl26sfSkg.mp4,True,True,False
visomaster_Inswapper128_08208,ignore,,,minimal_tier_excluded,,,Inswapper128,MINIMAL,0.021300,trimmed_cropped_F8ZTxPoeT4o.mp4,True,True,False
visomaster_Inswapper128_08209,ignore,,,minimal_tier_excluded,,,Inswapper128,MINIMAL,0.028000,trimmed_cropped_9N_6ELmLO2c.mp4,True,True,False
visomaster_Inswapper128_08210,ignore,,,minimal_tier_excluded,,,Inswapper128,MINIMAL,0.008900,trimmed_cropped_CYox3jsNGKs.mp4,True,True,False
visomaster_Inswapper128_08211,ignore,,,minimal_tier_excluded,,,Inswapper128,MINIMAL,0.017600,trimmed_cropped_78244-yI8O0.mp4,True,True,False
visomaster_Inswapper128_08212,ignore,,,minimal_tier_excluded,,,Inswapper128,MINIMAL,0.011900,trimmed_cropped_XNZ1-l_w4fs.mp4,True,True,False
visomaster_Inswapper128_08213,ignore,,,minimal_tier_excluded,,,Inswapper128,MINIMAL,0.025500,trimmed_cropped_gIUzVtJ8Ydk.mp4,True,True,False
visomaster_Inswapper128_08214,ignore,,,minimal_tier_excluded,,,Inswapper128,MINIMAL,0.010000,trimmed_cropped_DC45BdREPUc.mp4,True,True,False
visomaster_Inswapper128_08215,ignore,,,minimal_tier_excluded,,,Inswapper128,MINIMAL,0.025800,trimmed_cropped_vX1rwBuCgKk.mp4,True,True,False
visomaster_Inswapper128_08216,ignore,,,minimal_tier_excluded,,,Inswapper128,MINIMAL,0.022600,trimmed_cropped_lJom33llb_0.mp4,True,True,False
visomaster_Inswapper128_08217,ignore,,,minimal_tier_excluded,,,Inswapper128,MINIMAL,0.024800,trimmed_cropped_nbuiDoGM_Wo.mp4,True,True,False
visomaster_Inswapper128_08218,ignore,,,minimal_tier_excluded,,,Inswapper128,MINIMAL,0.013600,trimmed_cropped_PB0GlO-abvQ.mp4,True,True,False
visomaster_Inswapper128_08219,ignore,,,minimal_tier_excluded,,,Inswapper128,MINIMAL,0.019900,trimmed_cropped_jc53tbutquk.mp4,True,True,False
visomaster_Inswapper128_08220,ignore,,,minimal_tier_excluded,,,Inswapper128,MINIMAL,0.030800,trimmed_cropped_mZXQxtazAfk.mp4,True,True,False
visomaster_Inswapper128_08221,ignore,,,minimal_tier_excluded,,,Inswapper128,MINIMAL,0.016600,trimmed_cropped_H7KyGfvTIQA.mp4,True,True,False
visomaster_Inswapper128_08222,ignore,,,minimal_tier_excluded,,,Inswapper128,MINIMAL,0.011300,trimmed_cropped_EmiAcYmvnQg.mp4,True,True,False
visomaster_Inswapper128_08223,ignore,,,minimal_tier_excluded,,,Inswapper128,MINIMAL,0.011500,trimmed_cropped_aFgIh5-JRLE.mp4,True,True,False
visomaster_Inswapper128_08224,ignore,,,minimal_tier_excluded,,,Inswapper128,MINIMAL,0.028400,trimmed_cropped_XvL2U8In-AU.mp4,True,True,False
visomaster_Inswapper128_08225,ignore,,,minimal_tier_excluded,,,Inswapper128,MINIMAL,0.013500,trimmed_cropped_msQDZsbXcc0.mp4,True,True,False
visomaster_Inswapper128_08226,ignore,,,minimal_tier_excluded,,,Inswapper128,MINIMAL,0.017900,trimmed_cropped_H9mzR7-wDSY.mp4,True,True,False
visomaster_Inswapper128_08227,ignore,,,minimal_tier_excluded,,,Inswapper128,MINIMAL,0.016500,trimmed_cropped_5iEJ8q99VjQ.mp4,True,True,False
visomaster_Inswapper128_08228,ignore,,,minimal_tier_excluded,,,Inswapper128,MINIMAL,0.034000,trimmed_cropped_L9Vy47-rduo.mp4,True,True,False
visomaster_Inswapper128_08229,ignore,,,minimal_tier_excluded,,,Inswapper128,MINIMAL,0.031700,trimmed_cropped_q5I8l4tV2No.mp4,True,True,False
visomaster_Inswapper128_08230,ignore,,,minimal_tier_excluded,,,Inswapper128,MINIMAL,0.037400,trimmed_cropped_m6itGA887rI.mp4,True,True,False
visomaster_Inswapper128_08231,ignore,,,minimal_tier_excluded,,,Inswapper128,MINIMAL,0.018400,trimmed_cropped_V938ALzKMJo.mp4,True,True,False
visomaster_Inswapper128_08232,ignore,,,minimal_tier_excluded,,,Inswapper128,MINIMAL,0.015700,trimmed_cropped_s2Aj3dOHnqE.mp4,True,True,False
visomaster_Inswapper128_08233,ignore,,,minimal_tier_excluded,,,Inswapper128,MINIMAL,0.019800,trimmed_cropped_UFt8KAafukI.mp4,True,True,False
visomaster_Inswapper128_08234,ignore,,,minimal_tier_excluded,,,Inswapper128,MINIMAL,0.020100,trimmed_cropped_F0-UQ205BeU.mp4,True,True,False
visomaster_Inswapper128_08235,ignore,,,minimal_tier_excluded,,,Inswapper128,MINIMAL,0.012600,trimmed_cropped_VWpusNAH47k.mp4,True,True,False
visomaster_Inswapper128_08236,ignore,,,minimal_tier_excluded,,,Inswapper128,MINIMAL,0.014200,trimmed_cropped_5tLMOXihP9k.mp4,True,True,False
visomaster_Inswapper128_08237,ignore,,,minimal_tier_excluded,,,Inswapper128,MINIMAL,0.022700,trimmed_cropped_2tP0nUW8QHM.mp4,True,True,False
visomaster_Inswapper128_08238,ignore,,,minimal_tier_excluded,,,Inswapper128,MINIMAL,0.008900,trimmed_cropped_q-Nz84NbmAE.mp4,True,True,False
visomaster_Inswapper128_08239,ignore,,,minimal_tier_excluded,,,Inswapper128,MINIMAL,0.016400,trimmed_cropped_dN8tO2QxTiM.mp4,True,True,False
visomaster_Inswapper128_08240,ignore,,,minimal_tier_excluded,,,Inswapper128,MINIMAL,0.036900,trimmed_cropped_r8UUOqGB3Uc.mp4,True,True,False
visomaster_Inswapper128_08241,ignore,,,minimal_tier_excluded,,,Inswapper128,MINIMAL,0.010900,trimmed_cropped_a7BbPQCns64.mp4,True,True,False
visomaster_Inswapper128_08242,ignore,,,minimal_tier_excluded,,,Inswapper128,MINIMAL,0.021800,trimmed_cropped_1sNMtGQFhIM.mp4,True,True,False
visomaster_Inswapper128_08243,ignore,,,minimal_tier_excluded,,,Inswapper128,MINIMAL,0.020900,trimmed_cropped_bdLAU9HNfPI.mp4,True,True,False
visomaster_Inswapper128_08244,ignore,,,minimal_tier_excluded,,,Inswapper128,MINIMAL,0.016800,trimmed_cropped_CzjRurKKK_o.mp4,True,True,False
visomaster_Inswapper128_08245,ignore,,,minimal_tier_excluded,,,Inswapper128,MINIMAL,0.017100,trimmed_cropped_LlrifBoT0eg.mp4,True,True,False
visomaster_Inswapper128_08246,ignore,,,minimal_tier_excluded,,,Inswapper128,MINIMAL,0.019400,trimmed_cropped_rqbdUlQ0stQ.mp4,True,True,False
visomaster_Inswapper128_08247,ignore,,,minimal_tier_excluded,,,Inswapper128,MINIMAL,0.026300,trimmed_cropped_f-Km2TA_Dyg.mp4,True,True,False
visomaster_Inswapper128_08248,ignore,,,minimal_tier_excluded,,,Inswapper128,MINIMAL,0.012500,trimmed_cropped_Pl8OlkkwRpc.mp4,True,True,False
visomaster_Inswapper128_08249,ignore,,,minimal_tier_excluded,,,Inswapper128,MINIMAL,0.034600,trimmed_cropped_0PT91KUut80.mp4,True,True,False
visomaster_Inswapper128_08250,ignore,,,minimal_tier_excluded,,,Inswapper128,MINIMAL,0.018700,trimmed_cropped_fm6sXVicbRw.mp4,True,True,False
visomaster_Inswapper128_08251,ignore,,,minimal_tier_excluded,,,Inswapper128,MINIMAL,0.018400,trimmed_cropped_XeJrh4ovdWA.mp4,True,True,False
visomaster_Inswapper128_08252,ignore,,,minimal_tier_excluded,,,Inswapper128,MINIMAL,0.028100,trimmed_cropped_lhxJeSrLzjM.mp4,True,True,False
visomaster_Inswapper128_08253,ignore,,,minimal_tier_excluded,,,Inswapper128,MINIMAL,0.008400,trimmed_cropped_hvAFNTwMJ_4.mp4,True,True,False
visomaster_Inswapper128_08254,ignore,,,minimal_tier_excluded,,,Inswapper128,MINIMAL,0.015500,trimmed_cropped_B_2fh4T2-Pg.mp4,True,True,False
visomaster_Inswapper128_08255,ignore,,,minimal_tier_excluded,,,Inswapper128,MINIMAL,0.011400,trimmed_cropped_GfqmMe6MIi0.mp4,True,True,False
visomaster_Inswapper128_08256,ignore,,,minimal_tier_excluded,,,Inswapper128,MINIMAL,0.023100,trimmed_cropped_dxXKDAnSMeM.mp4,True,True,False
visomaster_Inswapper128_08257,ignore,,,minimal_tier_excluded,,,Inswapper128,MINIMAL,0.014500,trimmed_cropped_K6aff_OwSeU.mp4,True,True,False
visomaster_Inswapper128_08258,ignore,,,minimal_tier_excluded,,,Inswapper128,MINIMAL,0.012200,trimmed_cropped_kxXJ-qMbpV0.mp4,True,True,False
visomaster_Inswapper128_08259,ignore,,,minimal_tier_excluded,,,Inswapper128,MINIMAL,0.018600,trimmed_cropped_1AvE5wV3dD4.mp4,True,True,False
visomaster_Inswapper128_08260,ignore,,,not_selected_in_deterministic_random_subset,,,Inswapper128,MODERATE,0.236200,trimmed_cropped_86yue9qDxZk.mp4,True,True,False
visomaster_Inswapper128_08261,ignore,,,minimal_tier_excluded,,,Inswapper128,MINIMAL,0.014300,trimmed_cropped_CZMB3hmyXtg.mp4,True,True,False
visomaster_Inswapper128_08262,ignore,,,minimal_tier_excluded,,,Inswapper128,MINIMAL,0.009900,trimmed_cropped_I0s1wdaeC8k.mp4,True,True,False
visomaster_Inswapper128_08263,ignore,,,minimal_tier_excluded,,,Inswapper128,MINIMAL,0.019600,trimmed_cropped_QswJ2jVbMrE.mp4,True,True,False
visomaster_Inswapper128_08264,ignore,,,minimal_tier_excluded,,,Inswapper128,MINIMAL,0.017700,trimmed_cropped_FWf2UOw0DlM.mp4,True,True,False
visomaster_Inswapper128_08265,ignore,,,minimal_tier_excluded,,,Inswapper128,MINIMAL,0.034200,trimmed_cropped_w7AKi_TgrrA.mp4,True,True,False
visomaster_Inswapper128_08266,ignore,,,minimal_tier_excluded,,,Inswapper128,MINIMAL,0.028100,trimmed_cropped_lhxJeSrLzjM.mp4,True,True,False
visomaster_Inswapper128_08267,ignore,,,minimal_tier_excluded,,,Inswapper128,MINIMAL,0.015900,trimmed_cropped_pX1NUyKzA60.mp4,True,True,False
visomaster_Inswapper128_08268,ignore,,,minimal_tier_excluded,,,Inswapper128,MINIMAL,0.013900,trimmed_cropped_G5lMFjME9qI.mp4,True,True,False
visomaster_Inswapper128_08269,ignore,,,minimal_tier_excluded,,,Inswapper128,MINIMAL,0.038700,trimmed_cropped_mgQx_mX-Xk0.mp4,True,True,False
visomaster_Inswapper128_08270,ignore,,,minimal_tier_excluded,,,Inswapper128,MINIMAL,0.014100,trimmed_px2S7d5kP7g.mp4,True,True,False
visomaster_Inswapper128_08271,ignore,,,minimal_tier_excluded,,,Inswapper128,MINIMAL,0.018400,trimmed_cropped_Wo6azffrANI.mp4,True,True,False
visomaster_Inswapper128_08272,ignore,,,minimal_tier_excluded,,,Inswapper128,MINIMAL,0.014400,trimmed_cropped_L7iM4Xe3KLk.mp4,True,True,False
visomaster_Inswapper128_08273,ignore,,,minimal_tier_excluded,,,Inswapper128,MINIMAL,0.016500,trimmed_cropped_jF1NM0U8Plg.mp4,True,True,False
visomaster_Inswapper128_08274,ignore,,,minimal_tier_excluded,,,Inswapper128,MINIMAL,0.013300,trimmed_cropped_itz0UnIikgs.mp4,True,True,False
visomaster_Inswapper128_08275,ignore,,,minimal_tier_excluded,,,Inswapper128,MINIMAL,0.026300,trimmed_cropped_Lb5pTAPyPDw.mp4,True,True,False
visomaster_Inswapper128_08276,ignore,,,minimal_tier_excluded,,,Inswapper128,MINIMAL,0.020400,trimmed_cropped_4FCrSHKh7ek.mp4,True,True,False
visomaster_Inswapper128_08277,ignore,,,minimal_tier_excluded,,,Inswapper128,MINIMAL,0.019100,trimmed_cropped_nSY20jzPPoc.mp4,True,True,False
visomaster_Inswapper128_08278,ignore,,,minimal_tier_excluded,,,Inswapper128,MINIMAL,0.013200,trimmed_cropped_ed1I4bWjgpM.mp4,True,True,False
visomaster_Inswapper128_08279,ignore,,,minimal_tier_excluded,,,Inswapper128,MINIMAL,0.016400,trimmed_cropped_PwT4U0ENPGg.mp4,True,True,False
visomaster_Inswapper128_08280,ignore,,,minimal_tier_excluded,,,Inswapper128,MINIMAL,0.024900,trimmed_cropped_NiJu8fPjHLE.mp4,True,True,False
visomaster_Inswapper128_08281,ignore,,,minimal_tier_excluded,,,Inswapper128,MINIMAL,0.016000,trimmed_cropped_zH83OY8tQWQ.mp4,True,True,False
visomaster_Inswapper128_08282,ignore,,,minimal_tier_excluded,,,Inswapper128,MINIMAL,0.012100,trimmed_cropped_Mgk9kyGziXo.mp4,True,True,False
visomaster_Inswapper128_08283,ignore,,,minimal_tier_excluded,,,Inswapper128,MINIMAL,0.012800,trimmed_cropped_Y9o8qgzTzc4.mp4,True,True,False
visomaster_Inswapper128_08284,ignore,,,minimal_tier_excluded,,,Inswapper128,MINIMAL,0.010400,trimmed_cropped_iA-ijPsE-SE.mp4,True,True,False
visomaster_Inswapper128_08285,ignore,,,minimal_tier_excluded,,,Inswapper128,MINIMAL,0.017100,trimmed_cropped_LlrifBoT0eg.mp4,True,True,False
visomaster_Inswapper128_08286,ignore,,,minimal_tier_excluded,,,Inswapper128,MINIMAL,0.008500,trimmed_cropped_5S50D8vBaus.mp4,True,True,False
visomaster_Inswapper128_08287,ignore,,,minimal_tier_excluded,,,Inswapper128,MINIMAL,0.013100,trimmed_cropped_OZxiWwasSaE.mp4,True,True,False
visomaster_Inswapper128_08288,ignore,,,minimal_tier_excluded,,,Inswapper128,MINIMAL,0.014000,trimmed_cropped_o50062JxomM.mp4,True,True,False
visomaster_Inswapper128_08289,ignore,,,minimal_tier_excluded,,,Inswapper128,MINIMAL,0.017800,trimmed_cropped_mUctXbjcHz0.mp4,True,True,False
visomaster_Inswapper128_08290,ignore,,,minimal_tier_excluded,,,Inswapper128,MINIMAL,0.034800,trimmed_cropped_YcZVtyi9EU0.mp4,True,True,False
visomaster_Inswapper128_08291,ignore,,,minimal_tier_excluded,,,Inswapper128,MINIMAL,0.016900,trimmed_cropped__AwTgvT8tws.mp4,True,True,False
visomaster_Inswapper128_08292,ignore,,,minimal_tier_excluded,,,Inswapper128,MINIMAL,0.032800,trimmed_cropped_vChlqhVJ76Q.mp4,True,True,False
visomaster_Inswapper128_08293,ignore,,,minimal_tier_excluded,,,Inswapper128,MINIMAL,0.023300,trimmed_cropped_UTlNZkujRI8.mp4,True,True,False
visomaster_Inswapper128_08294,ignore,,,minimal_tier_excluded,,,Inswapper128,MINIMAL,0.018400,trimmed_cropped_hu7DLh0KF1I.mp4,True,True,False
visomaster_Inswapper128_08295,ignore,,,minimal_tier_excluded,,,Inswapper128,MINIMAL,0.016400,trimmed_cropped_7nXQ5BhNdkk.mp4,True,True,False
visomaster_Inswapper128_08296,ignore,,,minimal_tier_excluded,,,Inswapper128,MINIMAL,0.016300,trimmed_cropped_H13lQd5SJpk.mp4,True,True,False
visomaster_Inswapper128_08297,ignore,,,minimal_tier_excluded,,,Inswapper128,MINIMAL,0.030700,trimmed_cropped_tH8_iZ_MYUA.mp4,True,True,False
visomaster_Inswapper128_08298,ignore,,,minimal_tier_excluded,,,Inswapper128,MINIMAL,0.016900,trimmed_cropped_L-ssYKoNkSs.mp4,True,True,False
visomaster_Inswapper128_08299,ignore,,,minimal_tier_excluded,,,Inswapper128,MINIMAL,0.026000,trimmed_cropped_wCYLp9Hmanw.mp4,True,True,False
visomaster_Inswapper128_08300,ignore,,,minimal_tier_excluded,,,Inswapper128,MINIMAL,0.010100,trimmed_cropped_05r_S5GmQ6E.mp4,True,True,False
visomaster_Inswapper128_08301,ignore,,,minimal_tier_excluded,,,Inswapper128,MINIMAL,0.017300,trimmed_cropped_WBLqUN3_Iq4.mp4,True,True,False
visomaster_Inswapper128_08302,ignore,,,not_selected_in_deterministic_random_subset,,,Inswapper128,MODERATE,0.191900,trimmed_cropped_QpfHrO5SJnw.mp4,True,True,False
visomaster_Inswapper128_08303,ignore,,,minimal_tier_excluded,,,Inswapper128,MINIMAL,0.047000,trimmed_cropped_BjmXOmWjuj0.mp4,True,True,False
visomaster_Inswapper128_08304,ignore,,,not_selected_in_deterministic_random_subset,,,Inswapper128,MODERATE,0.180500,trimmed_cropped_UP01b84U0qY.mp4,True,True,False
visomaster_Inswapper128_08305,ignore,,,not_selected_in_deterministic_random_subset,,,Inswapper128,MODERATE,0.173000,trimmed_cropped_VRiZdsEXq2A.mp4,True,True,False
visomaster_Inswapper128_08306,ignore,,,not_selected_in_deterministic_random_subset,,,Inswapper128,MODERATE,0.223100,trimmed_cropped_Q96sRpbKzEs.mp4,True,True,False
visomaster_Inswapper128_08307,keep,visomaster hints,baseline_cropped,retain_as_weak_signal_baseline_subset,Inswapper128|MODERATE,20260417,Inswapper128,MODERATE,0.233000,trimmed_cropped_0qQgr_TTsGc.mp4,True,True,False
visomaster_Inswapper128_08308,ignore,,,not_selected_in_deterministic_random_subset,,,Inswapper128,MODERATE,0.195200,trimmed_cropped_G_QOG5S4IFU.mp4,True,True,False
visomaster_Inswapper128_08309,ignore,,,minimal_tier_excluded,,,Inswapper128,MINIMAL,0.083400,trimmed_cropped_shjfPL_irxU.mp4,True,True,False
visomaster_Inswapper128_08310,keep,visomaster hints,baseline_cropped,retain_as_weak_signal_baseline_subset,Inswapper128|MODERATE,20260417,Inswapper128,MODERATE,0.152300,trimmed_cropped_Bj1kuOEb1Y8.mp4,True,True,False
visomaster_Inswapper128_08311,ignore,,,minimal_tier_excluded,,,Inswapper128,MINIMAL,0.128100,trimmed_cropped_CCaqqx9E2cg.mp4,True,True,False
visomaster_Inswapper128_08312,ignore,,,not_selected_in_deterministic_random_subset,,,Inswapper128,MODERATE,0.151700,trimmed_cropped_hcRKdzhpmVE.mp4,True,True,False
visomaster_Inswapper128_08313,ignore,,,not_selected_in_deterministic_random_subset,,,Inswapper128,MODERATE,0.184000,trimmed_cropped__pB77m1kQCs.mp4,True,True,False
visomaster_Inswapper128_08314,ignore,,,minimal_tier_excluded,,,Inswapper128,MINIMAL,0.104800,trimmed_cropped_S2vJ9qtldpg.mp4,True,True,False
visomaster_Inswapper128_08315,ignore,,,not_selected_in_deterministic_random_subset,,,Inswapper128,MODERATE,0.181600,trimmed_cropped_xiydK3QIvdg.mp4,True,True,False
visomaster_Inswapper128_08316,ignore,,,minimal_tier_excluded,,,Inswapper128,MINIMAL,0.149000,trimmed_cropped_gIUzVtJ8Ydk.mp4,True,True,False
visomaster_Inswapper128_08317,ignore,,,not_selected_in_deterministic_random_subset,,,Inswapper128,MODERATE,0.203400,trimmed_cropped_dBtrh-hBYos.mp4,True,True,False
visomaster_Inswapper128_08318,ignore,,,not_selected_in_deterministic_random_subset,,,Inswapper128,MODERATE,0.178700,trimmed_cropped_dZvHgcu32tA.mp4,True,True,False
visomaster_Inswapper128_08319,ignore,,,not_selected_in_deterministic_random_subset,,,Inswapper128,MODERATE,0.177900,trimmed_cropped_sNB7l56jDck.mp4,True,True,False
visomaster_Inswapper128_08320,ignore,,,not_selected_in_deterministic_random_subset,,,Inswapper128,MODERATE,0.290400,trimmed_cropped_gHYhVvpgM3M.mp4,True,True,False
visomaster_Inswapper128_08321,ignore,,,not_selected_in_deterministic_random_subset,,,Inswapper128,MODERATE,0.271000,trimmed_cropped_pM6VI0XVHtQ.mp4,True,True,False
visomaster_Inswapper128_08322,ignore,,,minimal_tier_excluded,,,Inswapper128,MINIMAL,0.079800,trimmed_cropped_-r7zy0ya1N8.mp4,True,True,False
visomaster_Inswapper128_08323,ignore,,,not_selected_in_deterministic_random_subset,,,Inswapper128,STRONG,0.303000,trimmed_cropped_-3jFZHG9I3s.mp4,True,True,False
visomaster_Inswapper128_08324,ignore,,,minimal_tier_excluded,,,Inswapper128,MINIMAL,0.141200,trimmed_cropped_fzExKjr5rsI.mp4,True,True,False
visomaster_Inswapper128_08325,keep,visomaster hints,baseline_cropped,retain_as_weak_signal_baseline_subset,Inswapper128|STRONG,20260417,Inswapper128,STRONG,0.367200,trimmed_cropped_R7S448YBSBU.mp4,True,True,False
visomaster_Inswapper128_08326,keep,visomaster hints,baseline_cropped,retain_as_weak_signal_baseline_subset,Inswapper128|STRONG,20260417,Inswapper128,STRONG,0.356500,trimmed_cropped_VLwfyAF_Zoc.mp4,True,True,False
visomaster_Inswapper128_08327,ignore,,,not_selected_in_deterministic_random_subset,,,Inswapper128,STRONG,0.335300,trimmed_cropped_ztVi1haAPyU.mp4,True,True,False
visomaster_Inswapper128_08328,ignore,,,minimal_tier_excluded,,,Inswapper128,MINIMAL,0.000000,trimmed_cropped_kUViF-k6oRQ.mp4,True,True,False
visomaster_Inswapper128_08329,ignore,,,not_selected_in_deterministic_random_subset,,,Inswapper128,MODERATE,0.155300,trimmed_cropped_K3I6RGVk97k.mp4,True,True,False
visomaster_Inswapper128_08330,ignore,,,not_selected_in_deterministic_random_subset,,,Inswapper128,MODERATE,0.285700,trimmed_cropped_Be_1GfvsLfI.mp4,True,True,False
visomaster_Inswapper128_08331,ignore,,,minimal_tier_excluded,,,Inswapper128,MINIMAL,0.136800,trimmed_cropped_YhVTy0U7B2Y.mp4,True,True,False
visomaster_Inswapper128_08332,ignore,,,not_selected_in_deterministic_random_subset,,,Inswapper128,STRONG,0.501200,trimmed_cropped_VCdaElldPuA.mp4,True,True,False
visomaster_Inswapper128_08333,ignore,,,minimal_tier_excluded,,,Inswapper128,MINIMAL,0.127500,trimmed_cropped_qdBwjIPFs4I.mp4,True,True,False
visomaster_Inswapper128_08334,ignore,,,not_selected_in_deterministic_random_subset,,,Inswapper128,MODERATE,0.171300,trimmed_cropped_Ne3uPnVVBoI.mp4,True,True,False
visomaster_Inswapper128_08335,ignore,,,minimal_tier_excluded,,,Inswapper128,MINIMAL,0.117100,trimmed_cropped_fm6sXVicbRw.mp4,True,True,False
visomaster_Inswapper128_08336,keep,visomaster hints,baseline_cropped,retain_as_weak_signal_baseline_subset,Inswapper128|STRONG,20260417,Inswapper128,STRONG,0.359000,trimmed_cropped_5etX4Tl-mXo.mp4,True,True,False
visomaster_Inswapper128_08337,keep,visomaster hints,baseline_cropped,retain_as_weak_signal_baseline_subset,Inswapper128|MODERATE,20260417,Inswapper128,MODERATE,0.192100,trimmed_cropped_QpfHrO5SJnw.mp4,True,True,False
visomaster_Inswapper128_08338,ignore,,,not_selected_in_deterministic_random_subset,,,Inswapper128,STRONG,0.321200,trimmed_cropped_m6itGA887rI.mp4,True,True,False
visomaster_Inswapper128_08339,ignore,,,minimal_tier_excluded,,,Inswapper128,MINIMAL,0.000000,trimmed_cropped_rkezV6lI3qE.mp4,True,True,False
visomaster_Inswapper128_08340,ignore,,,minimal_tier_excluded,,,Inswapper128,MINIMAL,0.110300,trimmed_cropped_XNZ1-l_w4fs.mp4,True,True,False
visomaster_Inswapper128_08341,ignore,,,not_selected_in_deterministic_random_subset,,,Inswapper128,MODERATE,0.169800,trimmed_cropped_JWKiUNq8fSw.mp4,True,True,False
visomaster_Inswapper128_08342,ignore,,,not_selected_in_deterministic_random_subset,,,Inswapper128,MODERATE,0.171800,trimmed_cropped_aYJ4ZaCooGc.mp4,True,True,False
visomaster_Inswapper128_08343,keep,visomaster hints,baseline_cropped,retain_as_weak_signal_baseline_subset,Inswapper128|STRONG,20260417,Inswapper128,STRONG,0.330400,trimmed_cropped__jFAxBOSPtU.mp4,True,True,False
visomaster_Inswapper128_08344,ignore,,,not_selected_in_deterministic_random_subset,,,Inswapper128,MODERATE,0.167600,trimmed_cropped_nPp7NRxZ5dE.mp4,True,True,False
visomaster_Inswapper128_08345,keep,visomaster hints,baseline_cropped,retain_as_weak_signal_baseline_subset,Inswapper128|STRONG,20260417,Inswapper128,STRONG,0.348500,trimmed_cropped_pisIw3m5aOg.mp4,True,True,False
visomaster_Inswapper128_08346,ignore,,,not_selected_in_deterministic_random_subset,,,Inswapper128,MODERATE,0.216700,trimmed_cropped_GQW2SjBFB3c.mp4,True,True,False
visomaster_Inswapper128_08347,ignore,,,minimal_tier_excluded,,,Inswapper128,MINIMAL,0.141500,trimmed_cropped_G_QOG5S4IFU.mp4,True,True,False
visomaster_Inswapper128_08348,ignore,,,minimal_tier_excluded,,,Inswapper128,MINIMAL,0.119600,trimmed_cropped_sZNXaEjEURA.mp4,True,True,False
visomaster_Inswapper128_08349,ignore,,,not_selected_in_deterministic_random_subset,,,Inswapper128,STRONG,0.407200,trimmed_cropped_QghNTHC-ju4.mp4,True,True,False
visomaster_Inswapper128_08350,ignore,,,not_selected_in_deterministic_random_subset,,,Inswapper128,MODERATE,0.286400,trimmed_cropped_Xc5p-r4CmcI.mp4,True,True,False
visomaster_Inswapper128_08351,ignore,,,not_selected_in_deterministic_random_subset,,,Inswapper128,MODERATE,0.169400,trimmed_cropped_OrNRLT3sm94.mp4,True,True,False
visomaster_Inswapper128_08352,ignore,,,not_selected_in_deterministic_random_subset,,,Inswapper128,STRONG,0.377300,trimmed_cropped_chVPkr9y0qQ.mp4,True,True,False
visomaster_Inswapper128_08353,ignore,,,not_selected_in_deterministic_random_subset,,,Inswapper128,MODERATE,0.284000,trimmed_cropped_eeH72xfodoE.mp4,True,True,False
visomaster_Inswapper128_08354,ignore,,,not_selected_in_deterministic_random_subset,,,Inswapper128,MODERATE,0.188700,trimmed_cropped_vrlk77_AJ-Q.mp4,True,True,False
visomaster_Inswapper128_08355,ignore,,,not_selected_in_deterministic_random_subset,,,Inswapper128,STRONG,0.432800,trimmed_cropped_U-L0gXe6hog.mp4,True,True,False
visomaster_Inswapper128_08356,ignore,,,minimal_tier_excluded,,,Inswapper128,MINIMAL,0.088700,trimmed_cropped_vOcUn4wFnuQ.mp4,True,True,False
visomaster_Inswapper128_08357,keep,visomaster hints,baseline_cropped,retain_as_weak_signal_baseline_subset,Inswapper128|STRONG,20260417,Inswapper128,STRONG,0.325200,trimmed_cropped_xjuqlJbFgR4.mp4,True,True,False
visomaster_Inswapper128_08358,ignore,,,minimal_tier_excluded,,,Inswapper128,MINIMAL,0.128800,trimmed_cropped_Zxgp3TztdNY.mp4,True,True,False
visomaster_Inswapper128_08359,ignore,,,not_selected_in_deterministic_random_subset,,,Inswapper128,STRONG,0.398400,trimmed_cropped_cdY_QGh7gAM.mp4,True,True,False
visomaster_Inswapper128_08360,keep,visomaster hints,baseline_cropped,retain_as_weak_signal_baseline_subset,Inswapper128|MODERATE,20260417,Inswapper128,MODERATE,0.259900,trimmed_cropped_nH2yabbyZlc.mp4,True,True,False
visomaster_Inswapper128_08361,ignore,,,not_selected_in_deterministic_random_subset,,,Inswapper128,MODERATE,0.152200,trimmed_cropped_-W85JIhqj9I.mp4,True,True,False
visomaster_Inswapper128_08362,keep,visomaster hints,baseline_cropped,retain_as_weak_signal_baseline_subset,Inswapper128|STRONG,20260417,Inswapper128,STRONG,0.490400,trimmed_cropped_TrnPZnRCL8w.mp4,True,True,False
visomaster_Inswapper128_08363,keep,visomaster hints,baseline_cropped,retain_as_weak_signal_baseline_subset,Inswapper128|STRONG,20260417,Inswapper128,STRONG,0.475900,trimmed_cropped_49wfaKBI1pk.mp4,True,True,False
visomaster_Inswapper128_08364,keep,visomaster hints,baseline_cropped,retain_as_weak_signal_baseline_subset,Inswapper128|MODERATE,20260417,Inswapper128,MODERATE,0.235900,trimmed_cropped_-RLUb6tBmJU.mp4,True,True,False
visomaster_Inswapper128_08365,ignore,,,not_selected_in_deterministic_random_subset,,,Inswapper128,MODERATE,0.296700,trimmed_cropped_ac5xhoL_enw.mp4,True,True,False
visomaster_Inswapper128_08366,ignore,,,minimal_tier_excluded,,,Inswapper128,MINIMAL,0.088800,trimmed_cropped_ciQBtlet_7w.mp4,True,True,False
visomaster_Inswapper128_08367,ignore,,,not_selected_in_deterministic_random_subset,,,Inswapper128,MODERATE,0.167100,trimmed_cropped_V4wishm-G_s.mp4,True,True,False
visomaster_Inswapper128_08368,ignore,,,minimal_tier_excluded,,,Inswapper128,MINIMAL,0.129100,trimmed_cropped_ItjQETRA6ZA.mp4,True,True,False
visomaster_Inswapper128_08369,ignore,,,not_selected_in_deterministic_random_subset,,,Inswapper128,MODERATE,0.161000,trimmed_cropped_3wGMaPhS7_I.mp4,True,True,False
visomaster_Inswapper128_08370,keep,visomaster hints,baseline_cropped,retain_as_weak_signal_baseline_subset,Inswapper128|MODERATE,20260417,Inswapper128,MODERATE,0.293600,trimmed_cropped_l49QKeA6cPk.mp4,True,True,False
visomaster_Inswapper128_08371,ignore,,,not_selected_in_deterministic_random_subset,,,Inswapper128,MODERATE,0.249400,trimmed_cropped_Ec8z67RdgTs.mp4,True,True,False
visomaster_Inswapper128_08372,ignore,,,not_selected_in_deterministic_random_subset,,,Inswapper128,MODERATE,0.174500,trimmed_cropped_7R5mqRlhNKo.mp4,True,True,False
visomaster_Inswapper128_08373,ignore,,,not_selected_in_deterministic_random_subset,,,Inswapper128,MODERATE,0.159800,trimmed_cropped_uQ3jDHwz05A.mp4,True,True,False
visomaster_Inswapper128_08374,keep,visomaster hints,baseline_cropped,retain_as_weak_signal_baseline_subset,Inswapper128|STRONG,20260417,Inswapper128,STRONG,0.350000,trimmed_cropped_eCnzefSvqOg.mp4,True,True,False
visomaster_Inswapper128_08375,ignore,,,minimal_tier_excluded,,,Inswapper128,MINIMAL,0.114800,trimmed_cropped_vI3vkJBvEoY.mp4,True,True,False
visomaster_Inswapper128_08376,keep,visomaster hints,baseline_cropped,retain_as_weak_signal_baseline_subset,Inswapper128|MODERATE,20260417,Inswapper128,MODERATE,0.218000,trimmed_cropped_PgwnRsP-6JA.mp4,True,True,False
visomaster_Inswapper128_08377,ignore,,,not_selected_in_deterministic_random_subset,,,Inswapper128,STRONG,0.333700,trimmed_cropped_aZ1_rzsZexc.mp4,True,True,False
visomaster_Inswapper128_08378,ignore,,,not_selected_in_deterministic_random_subset,,,Inswapper128,STRONG,0.303900,trimmed_cropped_bopcQSJKcD8.mp4,True,True,False
visomaster_Inswapper128_08379,ignore,,,not_selected_in_deterministic_random_subset,,,Inswapper128,MODERATE,0.274000,trimmed_cropped_U6TcQ_twAKY.mp4,True,True,False
visomaster_Inswapper128_08380,ignore,,,minimal_tier_excluded,,,Inswapper128,MINIMAL,0.109400,trimmed_cropped_HcmLORLzAHo.mp4,True,True,False
visomaster_Inswapper128_08381,ignore,,,minimal_tier_excluded,,,Inswapper128,MINIMAL,0.124600,trimmed_cropped_MKY9PGro8OY.mp4,True,True,False
visomaster_Inswapper128_08382,ignore,,,minimal_tier_excluded,,,Inswapper128,MINIMAL,0.087900,trimmed_cropped_sLW1wlx4g-Y.mp4,True,True,False
visomaster_Inswapper128_08383,ignore,,,not_selected_in_deterministic_random_subset,,,Inswapper128,MODERATE,0.190200,trimmed_cropped_GYVVvbFwN0E.mp4,True,True,False
visomaster_Inswapper128_08384,ignore,,,minimal_tier_excluded,,,Inswapper128,MINIMAL,0.114000,trimmed_cropped_bmJ2DmOghjs.mp4,True,True,False
visomaster_Inswapper128_08385,ignore,,,minimal_tier_excluded,,,Inswapper128,MINIMAL,0.123100,trimmed_cropped_sZyVWXH969s.mp4,True,True,False
visomaster_Inswapper128_08386,ignore,,,not_selected_in_deterministic_random_subset,,,Inswapper128,MODERATE,0.164900,trimmed_cropped_wrO6nB_az1E.mp4,True,True,False
visomaster_Inswapper128_08387,ignore,,,minimal_tier_excluded,,,Inswapper128,MINIMAL,0.136200,trimmed_cropped_IDVNRtqk8rU.mp4,True,True,False
visomaster_Inswapper128_08388,ignore,,,not_selected_in_deterministic_random_subset,,,Inswapper128,STRONG,0.390400,trimmed_cropped_ikIrFYcPX8E.mp4,True,True,False
visomaster_Inswapper128_08389,ignore,,,minimal_tier_excluded,,,Inswapper128,MINIMAL,0.061400,trimmed_cropped_P9LRRus9g3Q.mp4,True,True,False
visomaster_Inswapper128_08390,ignore,,,not_selected_in_deterministic_random_subset,,,Inswapper128,MODERATE,0.273800,trimmed_cropped_Zbzo-yhaP34.mp4,True,True,False
visomaster_Inswapper128_08391,ignore,,,minimal_tier_excluded,,,Inswapper128,MINIMAL,0.105700,trimmed_cropped_h5p2qg0Czeg.mp4,True,True,False
visomaster_Inswapper128_08392,ignore,,,not_selected_in_deterministic_random_subset,,,Inswapper128,MODERATE,0.241900,trimmed_cropped_DcS2yAyQgVY.mp4,True,True,False
visomaster_Inswapper128_08393,ignore,,,not_selected_in_deterministic_random_subset,,,Inswapper128,MODERATE,0.180100,trimmed_cropped_grqrIkyGstg.mp4,True,True,False
visomaster_Inswapper128_08394,ignore,,,minimal_tier_excluded,,,Inswapper128,MINIMAL,0.134800,trimmed_cropped_Ci_bfP4DTMY.mp4,True,True,False
visomaster_Inswapper128_08395,ignore,,,not_selected_in_deterministic_random_subset,,,Inswapper128,MODERATE,0.261700,trimmed_cropped_6SEaiSREcME.mp4,True,True,False
visomaster_Inswapper128_08396,ignore,,,not_selected_in_deterministic_random_subset,,,Inswapper128,MODERATE,0.272900,trimmed_cropped_lHAy0-WCxOY.mp4,True,True,False
visomaster_Inswapper128_08397,keep,visomaster hints,baseline_cropped,retain_as_weak_signal_baseline_subset,Inswapper128|MODERATE,20260417,Inswapper128,MODERATE,0.208900,trimmed_cropped_YHCN_ryuT-o.mp4,True,True,False
visomaster_Inswapper128_08398,ignore,,,minimal_tier_excluded,,,Inswapper128,MINIMAL,0.081900,trimmed_cropped_vP8jSLwU7eQ.mp4,True,True,False
visomaster_Inswapper128_08399,ignore,,,minimal_tier_excluded,,,Inswapper128,MINIMAL,0.077700,trimmed_cropped_4uhiOmUrRoo.mp4,True,True,False
visomaster_Inswapper128_08400,ignore,,,not_selected_in_deterministic_random_subset,,,Inswapper128,STRONG,0.304000,trimmed_cropped_Zxgp3TztdNY.mp4,True,True,False
visomaster_Inswapper128_08401,keep,visomaster hints,baseline_cropped,retain_as_weak_signal_baseline_subset,Inswapper128|MODERATE,20260417,Inswapper128,MODERATE,0.159100,trimmed_cropped_9nqjnTXzqAk.mp4,True,True,False
visomaster_Inswapper128_08402,ignore,,,minimal_tier_excluded,,,Inswapper128,MINIMAL,0.120800,trimmed_cropped_nMnYVZBM_oA.mp4,True,True,False
visomaster_Inswapper128_08403,ignore,,,not_selected_in_deterministic_random_subset,,,Inswapper128,MODERATE,0.283400,trimmed_cropped_ButRfdD8WpI.mp4,True,True,False
visomaster_Inswapper128_08404,keep,visomaster hints,baseline_cropped,retain_as_weak_signal_baseline_subset,Inswapper128|STRONG,20260417,Inswapper128,STRONG,0.371600,trimmed_cropped_TjxjHjFchLU.mp4,True,True,False
visomaster_Inswapper128_08405,ignore,,,minimal_tier_excluded,,,Inswapper128,MINIMAL,0.141300,trimmed_cropped_-oN-4UQUIoI.mp4,True,True,False
visomaster_Inswapper128_08406,keep,visomaster hints,baseline_cropped,retain_as_weak_signal_baseline_subset,Inswapper128|STRONG,20260417,Inswapper128,STRONG,0.322700,trimmed_cropped_l_jcZZCvtRw.mp4,True,True,False
visomaster_Inswapper128_08407,ignore,,,not_selected_in_deterministic_random_subset,,,Inswapper128,MODERATE,0.191100,trimmed_cropped_tkkMCd2HVCg.mp4,True,True,False
visomaster_Inswapper128_08408,ignore,,,not_selected_in_deterministic_random_subset,,,Inswapper128,MODERATE,0.198200,trimmed_cropped_4ZRIfXoEKXk.mp4,True,True,False
visomaster_Inswapper128_08409,ignore,,,not_selected_in_deterministic_random_subset,,,Inswapper128,MODERATE,0.251300,trimmed_cropped_rTvU58RRWl0.mp4,True,True,False
visomaster_Inswapper128_08410,ignore,,,not_selected_in_deterministic_random_subset,,,Inswapper128,STRONG,0.351200,trimmed_cropped_XrUXvd9FV9o.mp4,True,True,False
visomaster_Inswapper128_08411,ignore,,,not_selected_in_deterministic_random_subset,,,Inswapper128,MODERATE,0.263100,trimmed_cropped_vOcUn4wFnuQ.mp4,True,True,False
visomaster_Inswapper128_08412,ignore,,,not_selected_in_deterministic_random_subset,,,Inswapper128,MODERATE,0.207900,trimmed_cropped_setynEuGOe8.mp4,True,True,False
visomaster_Inswapper128_08413,ignore,,,not_selected_in_deterministic_random_subset,,,Inswapper128,MODERATE,0.279600,trimmed_cropped_-vwIW5awW04.mp4,True,True,False
visomaster_Inswapper128_08414,keep,visomaster hints,baseline_cropped,retain_as_weak_signal_baseline_subset,Inswapper128|MODERATE,20260417,Inswapper128,MODERATE,0.265600,trimmed_cropped_2DWwLkMmNSM.mp4,True,True,False
visomaster_Inswapper128_08415,keep,visomaster hints,baseline_cropped,retain_as_weak_signal_baseline_subset,Inswapper128|STRONG,20260417,Inswapper128,STRONG,0.331800,trimmed_cropped_yOZ9PAFEPKE.mp4,True,True,False
visomaster_Inswapper128_08416,ignore,,,not_selected_in_deterministic_random_subset,,,Inswapper128,STRONG,0.318600,trimmed_cropped_0jF9muftcLw.mp4,True,True,False
visomaster_Inswapper128_08417,ignore,,,not_selected_in_deterministic_random_subset,,,Inswapper128,MODERATE,0.239300,trimmed_cropped_qpcR4HuzHZ0.mp4,True,True,False
visomaster_Inswapper128_08418,ignore,,,not_selected_in_deterministic_random_subset,,,Inswapper128,MODERATE,0.216600,trimmed_cropped_qWx-yOjdjus.mp4,True,True,False
visomaster_Inswapper128_08419,keep,visomaster hints,baseline_cropped,retain_as_weak_signal_baseline_subset,Inswapper128|MODERATE,20260417,Inswapper128,MODERATE,0.211800,trimmed_cropped_QucOU-sZz4k.mp4,True,True,False
visomaster_Inswapper128_08420,ignore,,,not_selected_in_deterministic_random_subset,,,Inswapper128,STRONG,0.318300,trimmed_cropped_BDhjtKRvIT8.mp4,True,True,False
visomaster_Inswapper128_08421,ignore,,,not_selected_in_deterministic_random_subset,,,Inswapper128,STRONG,0.429900,trimmed_cropped_qJ27e3dh0TY.mp4,True,True,False
visomaster_Inswapper128_08422,keep,visomaster hints,baseline_cropped,retain_as_weak_signal_baseline_subset,Inswapper128|MODERATE,20260417,Inswapper128,MODERATE,0.280700,trimmed_cropped_I8l8nQe7XTE.mp4,True,True,False
visomaster_Inswapper128_08423,ignore,,,minimal_tier_excluded,,,Inswapper128,MINIMAL,0.091400,trimmed_cropped_jgU_kZJmMy8.mp4,True,True,False
visomaster_Inswapper128_08424,ignore,,,not_selected_in_deterministic_random_subset,,,Inswapper128,MODERATE,0.286600,trimmed_cropped_XjtfGN-Ejys.mp4,True,True,False
visomaster_Inswapper128_08425,ignore,,,not_selected_in_deterministic_random_subset,,,Inswapper128,STRONG,0.309200,trimmed_cropped_1IcGANZFS1Q.mp4,True,True,False
visomaster_Inswapper128_08426,keep,visomaster hints,baseline_cropped,retain_as_weak_signal_baseline_subset,Inswapper128|MODERATE,20260417,Inswapper128,MODERATE,0.216900,trimmed_cropped_sdsgNrqqmwk.mp4,True,True,False
visomaster_Inswapper128_08427,ignore,,,not_selected_in_deterministic_random_subset,,,Inswapper128,MODERATE,0.291700,trimmed_cropped_JafgXr5VB1s.mp4,True,True,False
visomaster_Inswapper128_08428,ignore,,,minimal_tier_excluded,,,Inswapper128,MINIMAL,0.121000,trimmed_cropped_Y5JaJinV3xw.mp4,True,True,False
visomaster_Inswapper128_08429,ignore,,,not_selected_in_deterministic_random_subset,,,Inswapper128,STRONG,0.320200,trimmed_cropped_XTWHXaHijUI.mp4,True,True,False
visomaster_Inswapper128_08430,ignore,,,minimal_tier_excluded,,,Inswapper128,MINIMAL,0.073500,trimmed_cropped_H13lQd5SJpk.mp4,True,True,False
visomaster_Inswapper128_08431,ignore,,,not_selected_in_deterministic_random_subset,,,Inswapper128,STRONG,0.335000,trimmed_cropped_tkdb2OiI7hs.mp4,True,True,False
visomaster_Inswapper128_08432,keep,visomaster hints,baseline_cropped,retain_as_weak_signal_baseline_subset,Inswapper128|STRONG,20260417,Inswapper128,STRONG,0.315000,trimmed_cropped_ArnhItrVuFM.mp4,True,True,False
visomaster_Inswapper128_08433,ignore,,,minimal_tier_excluded,,,Inswapper128,MINIMAL,0.000000,trimmed_cropped_xOAdQgURASE.mp4,True,True,False
visomaster_Inswapper128_08434,ignore,,,not_selected_in_deterministic_random_subset,,,Inswapper128,MODERATE,0.296500,trimmed_cropped_TADjHIzk-_k.mp4,True,True,False
visomaster_Inswapper128_08435,ignore,,,minimal_tier_excluded,,,Inswapper128,MINIMAL,0.150000,trimmed_cropped_sgT6c3Ab7OU.mp4,True,True,False
visomaster_Inswapper128_08436,ignore,,,minimal_tier_excluded,,,Inswapper128,MINIMAL,0.127300,trimmed_cropped_-zi4Lqe_BS4.mp4,True,True,False
visomaster_Inswapper128_08437,keep,visomaster hints,baseline_cropped,retain_as_weak_signal_baseline_subset,Inswapper128|MODERATE,20260417,Inswapper128,MODERATE,0.193100,trimmed_cropped_fKrAzy0TLws.mp4,True,True,False
visomaster_Inswapper128_08438,ignore,,,minimal_tier_excluded,,,Inswapper128,MINIMAL,0.087100,trimmed_cropped_8bZj5qre_oQ.mp4,True,True,False
visomaster_Inswapper128_08439,ignore,,,not_selected_in_deterministic_random_subset,,,Inswapper128,STRONG,0.401200,trimmed_cropped_92QIcyqi9pM.mp4,True,True,False
visomaster_Inswapper128_08440,ignore,,,not_selected_in_deterministic_random_subset,,,Inswapper128,MODERATE,0.189900,trimmed_cropped_L-ssYKoNkSs.mp4,True,True,False
visomaster_Inswapper128_08441,ignore,,,minimal_tier_excluded,,,Inswapper128,MINIMAL,0.128700,trimmed_cropped_7NzMXpl3dUQ.mp4,True,True,False
visomaster_Inswapper128_08442,ignore,,,not_selected_in_deterministic_random_subset,,,Inswapper128,STRONG,0.333500,trimmed_cropped_84bswCScGI4.mp4,True,True,False
visomaster_Inswapper128_08443,ignore,,,not_selected_in_deterministic_random_subset,,,Inswapper128,MODERATE,0.221200,trimmed_cropped_H9mzR7-wDSY.mp4,True,True,False
visomaster_Inswapper128_08444,keep,visomaster hints,baseline_cropped,retain_as_weak_signal_baseline_subset,Inswapper128|STRONG,20260417,Inswapper128,STRONG,0.336500,trimmed_cropped_n2Jw9AZy8_M.mp4,True,True,False
visomaster_Inswapper128_08445,keep,visomaster hints,baseline_cropped,retain_as_weak_signal_baseline_subset,Inswapper128|MODERATE,20260417,Inswapper128,MODERATE,0.180800,trimmed_cropped_lSfBEjMoLhw.mp4,True,True,False
visomaster_Inswapper128_08446,keep,visomaster hints,baseline_cropped,retain_as_weak_signal_baseline_subset,Inswapper128|STRONG,20260417,Inswapper128,STRONG,0.403300,trimmed_cropped_aJXM_1PR0zo.mp4,True,True,False
visomaster_Inswapper128_08447,ignore,,,not_selected_in_deterministic_random_subset,,,Inswapper128,STRONG,0.421100,trimmed_cropped_U6TcQ_twAKY.mp4,True,True,False
visomaster_Inswapper128_08448,ignore,,,not_selected_in_deterministic_random_subset,,,Inswapper128,MODERATE,0.206400,trimmed_cropped_NestwAQFj7Y.mp4,True,True,False
visomaster_Inswapper128_08449,ignore,,,minimal_tier_excluded,,,Inswapper128,MINIMAL,0.109300,trimmed_cropped_lNAPya81bbU.mp4,True,True,False
visomaster_Inswapper128_08450,ignore,,,minimal_tier_excluded,,,Inswapper128,MINIMAL,0.120300,trimmed_cropped_DNn9lh-qE54.mp4,True,True,False
visomaster_Inswapper128_08451,ignore,,,minimal_tier_excluded,,,Inswapper128,MINIMAL,0.122000,trimmed_cropped_60FWcgTpWDw.mp4,True,True,False
visomaster_Inswapper128_08452,keep,visomaster hints,baseline_cropped,retain_as_weak_signal_baseline_subset,Inswapper128|MODERATE,20260417,Inswapper128,MODERATE,0.205800,trimmed_cropped_rPr8vBVFtYg.mp4,True,True,False
visomaster_Inswapper128_08453,ignore,,,minimal_tier_excluded,,,Inswapper128,MINIMAL,0.000000,trimmed_cropped_D9XkvrbZLak.mp4,True,True,False
visomaster_Inswapper128_08454,ignore,,,not_selected_in_deterministic_random_subset,,,Inswapper128,MODERATE,0.177100,trimmed_cropped_l49QKeA6cPk.mp4,True,True,False
visomaster_Inswapper128_08455,keep,visomaster hints,baseline_cropped,retain_as_weak_signal_baseline_subset,Inswapper128|STRONG,20260417,Inswapper128,STRONG,0.480300,trimmed_cropped_nsNvvStOXs0.mp4,True,True,False
visomaster_Inswapper128_08456,ignore,,,not_selected_in_deterministic_random_subset,,,Inswapper128,STRONG,0.316600,trimmed_cropped_l4rn6s00E7I.mp4,True,True,False
visomaster_Inswapper128_08457,ignore,,,not_selected_in_deterministic_random_subset,,,Inswapper128,MODERATE,0.214500,trimmed_cropped_EssOiXP13cc.mp4,True,True,False
visomaster_Inswapper128_08458,ignore,,,not_selected_in_deterministic_random_subset,,,Inswapper128,STRONG,0.429800,trimmed_cropped_mXjwp2A8jhs.mp4,True,True,False
visomaster_Inswapper128_08459,ignore,,,not_selected_in_deterministic_random_subset,,,Inswapper128,MODERATE,0.250500,trimmed_cropped_aKKYpbX35PU.mp4,True,True,False
visomaster_Inswapper128_08460,ignore,,,not_selected_in_deterministic_random_subset,,,Inswapper128,STRONG,0.330600,trimmed_cropped_2EzOLhYNd84.mp4,True,True,False
visomaster_Inswapper128_08461,keep,visomaster hints,baseline_cropped,retain_as_weak_signal_baseline_subset,Inswapper128|STRONG,20260417,Inswapper128,STRONG,0.448400,trimmed_cropped_NhOo9l3S1jI.mp4,True,True,False
visomaster_Inswapper128_08462,ignore,,,minimal_tier_excluded,,,Inswapper128,MINIMAL,0.136000,trimmed_cropped_hMYo5Ca9vIo.mp4,True,True,False
visomaster_Inswapper128_08463,keep,visomaster hints,baseline_cropped,retain_as_weak_signal_baseline_subset,Inswapper128|STRONG,20260417,Inswapper128,STRONG,0.321700,trimmed_cropped_Vb7LRL_bV0I.mp4,True,True,False
visomaster_Inswapper128_08464,ignore,,,minimal_tier_excluded,,,Inswapper128,MINIMAL,0.109000,trimmed_cropped_Xmv6BNtPz5Y.mp4,True,True,False
visomaster_Inswapper128_08465,ignore,,,not_selected_in_deterministic_random_subset,,,Inswapper128,MODERATE,0.262200,trimmed_cropped_SpG55mNdBxw.mp4,True,True,False
visomaster_Inswapper128_08466,ignore,,,minimal_tier_excluded,,,Inswapper128,MINIMAL,0.108100,trimmed_cropped_WRtpoKM9LFk.mp4,True,True,False
visomaster_Inswapper128_08467,keep,visomaster hints,baseline_cropped,retain_as_weak_signal_baseline_subset,Inswapper128|STRONG,20260417,Inswapper128,STRONG,0.328800,trimmed_cropped_N4fpYnzqHEM.mp4,True,True,False
visomaster_Inswapper128_08468,ignore,,,minimal_tier_excluded,,,Inswapper128,MINIMAL,0.126000,trimmed_cropped_-oN-4UQUIoI.mp4,True,True,False
visomaster_Inswapper128_08469,keep,visomaster hints,baseline_cropped,retain_as_weak_signal_baseline_subset,Inswapper128|STRONG,20260417,Inswapper128,STRONG,0.349300,trimmed_cropped_H1iPoa8s01Q.mp4,True,True,False
visomaster_Inswapper128_08470,ignore,,,not_selected_in_deterministic_random_subset,,,Inswapper128,MODERATE,0.213700,trimmed_cropped_wwJu9l9nNZA.mp4,True,True,False
visomaster_Inswapper128_08471,ignore,,,not_selected_in_deterministic_random_subset,,,Inswapper128,MODERATE,0.153900,trimmed_cropped_n3LWnX5TUt0.mp4,True,True,False
visomaster_Inswapper128_08472,ignore,,,not_selected_in_deterministic_random_subset,,,Inswapper128,STRONG,0.411500,trimmed_cropped_IUM0BMGQPRE.mp4,True,True,False
visomaster_Inswapper128_08473,keep,visomaster hints,baseline_cropped,retain_as_weak_signal_baseline_subset,Inswapper128|MODERATE,20260417,Inswapper128,MODERATE,0.223400,trimmed_cropped_dt-o0ESr7O8.mp4,True,True,False
visomaster_Inswapper128_08474,ignore,,,minimal_tier_excluded,,,Inswapper128,MINIMAL,0.112000,trimmed_cropped_R47tX-ql_Is.mp4,True,True,False
visomaster_Inswapper128_08475,ignore,,,not_selected_in_deterministic_random_subset,,,Inswapper128,STRONG,0.330300,trimmed_cropped_vKtsBCU0pYA.mp4,True,True,False
visomaster_Inswapper128_08476,keep,visomaster hints,baseline_cropped,retain_as_weak_signal_baseline_subset,Inswapper128|STRONG,20260417,Inswapper128,STRONG,0.382900,trimmed_cropped_VwROhnbauWo.mp4,True,True,False
visomaster_Inswapper128_08477,ignore,,,minimal_tier_excluded,,,Inswapper128,MINIMAL,0.093200,trimmed_cropped_OtP5qbJ0hXA.mp4,True,True,False
visomaster_Inswapper128_08478,ignore,,,not_selected_in_deterministic_random_subset,,,Inswapper128,MODERATE,0.224100,trimmed_cropped_ykutfrRLwPI.mp4,True,True,False
visomaster_Inswapper128_08479,ignore,,,not_selected_in_deterministic_random_subset,,,Inswapper128,MODERATE,0.267300,trimmed_cropped_KRIyMJwX37w.mp4,True,True,False
visomaster_Inswapper128_08480,keep,visomaster hints,baseline_cropped,retain_as_weak_signal_baseline_subset,Inswapper128|STRONG,20260417,Inswapper128,STRONG,0.339900,trimmed_cropped_wu3Ozfyb0As.mp4,True,True,False
visomaster_Inswapper128_08481,ignore,,,minimal_tier_excluded,,,Inswapper128,MINIMAL,0.140700,trimmed_cropped_ZbbN9cC2VcU.mp4,True,True,False
visomaster_Inswapper128_08482,keep,visomaster hints,baseline_cropped,retain_as_weak_signal_baseline_subset,Inswapper128|MODERATE,20260417,Inswapper128,MODERATE,0.231300,trimmed_cropped_KQUqlszhD3Y.mp4,True,True,False
visomaster_Inswapper128_08483,ignore,,,not_selected_in_deterministic_random_subset,,,Inswapper128,MODERATE,0.219800,trimmed_cropped_g6R8IuXVbQQ.mp4,True,True,False
visomaster_Inswapper128_08484,keep,visomaster hints,baseline_cropped,retain_as_weak_signal_baseline_subset,Inswapper128|STRONG,20260417,Inswapper128,STRONG,0.414800,trimmed_cropped_kk4bYhsvLF8.mp4,True,True,False
visomaster_Inswapper128_08485,ignore,,,not_selected_in_deterministic_random_subset,,,Inswapper128,MODERATE,0.241500,trimmed_cropped_mKOr6usoKuk.mp4,True,True,False
visomaster_Inswapper128_08486,ignore,,,not_selected_in_deterministic_random_subset,,,Inswapper128,MODERATE,0.276700,trimmed_cropped_JEaiQ9R6F8g.mp4,True,True,False
visomaster_Inswapper128_08487,ignore,,,not_selected_in_deterministic_random_subset,,,Inswapper128,STRONG,0.438700,trimmed_cropped_pK_mt5BXmT4.mp4,True,True,False
visomaster_Inswapper128_08488,ignore,,,not_selected_in_deterministic_random_subset,,,Inswapper128,MODERATE,0.285900,trimmed_cropped_1oCiPZD6LIM.mp4,True,True,False
visomaster_Inswapper128_08489,ignore,,,minimal_tier_excluded,,,Inswapper128,MINIMAL,0.139200,trimmed_cropped_30xZT_dTaDU.mp4,True,True,False
visomaster_Inswapper128_08490,ignore,,,not_selected_in_deterministic_random_subset,,,Inswapper128,MODERATE,0.180800,trimmed_cropped_hZsap9CQSgM.mp4,True,True,False
visomaster_Inswapper128_08491,ignore,,,not_selected_in_deterministic_random_subset,,,Inswapper128,MODERATE,0.188400,trimmed_cropped_3O8T27MMA9Y.mp4,True,True,False
visomaster_Inswapper128_08492,ignore,,,minimal_tier_excluded,,,Inswapper128,MINIMAL,0.088700,trimmed_cropped_St6XYigdrhQ.mp4,True,True,False
visomaster_Inswapper128_08493,ignore,,,not_selected_in_deterministic_random_subset,,,Inswapper128,MODERATE,0.280100,trimmed_cropped_zUN_-L2num0.mp4,True,True,False
visomaster_Inswapper128_08494,ignore,,,minimal_tier_excluded,,,Inswapper128,MINIMAL,0.095600,trimmed_cropped_stuJriUkxo8.mp4,True,True,False
visomaster_Inswapper128_08495,keep,visomaster hints,baseline_cropped,retain_as_weak_signal_baseline_subset,Inswapper128|MODERATE,20260417,Inswapper128,MODERATE,0.181700,trimmed_cropped_-ClW6eHBxAg.mp4,True,True,False
visomaster_Inswapper128_08496,ignore,,,minimal_tier_excluded,,,Inswapper128,MINIMAL,0.119000,trimmed_cropped_aRYkFj3B4s4.mp4,True,True,False
visomaster_Inswapper128_08497,ignore,,,not_selected_in_deterministic_random_subset,,,Inswapper128,MODERATE,0.214800,trimmed_cropped_BoHjNrQc_n8.mp4,True,True,False
visomaster_Inswapper128_08498,ignore,,,not_selected_in_deterministic_random_subset,,,Inswapper128,MODERATE,0.256600,trimmed_cropped_6bBLap5zOcQ.mp4,True,True,False
visomaster_Inswapper128_08499,ignore,,,not_selected_in_deterministic_random_subset,,,Inswapper128,MODERATE,0.203200,trimmed_cropped_Jk-kE_FqFKc.mp4,True,True,False
visomaster_Inswapper128_08500,ignore,,,minimal_tier_excluded,,,Inswapper128,MINIMAL,0.099800,trimmed_cropped_K_f8nMrxpsc.mp4,True,True,False
visomaster_Inswapper128_08501,ignore,,,not_selected_in_deterministic_random_subset,,,Inswapper128,STRONG,0.346300,trimmed_cropped_kBPwSfODvZ0.mp4,True,True,False
visomaster_Inswapper128_08502,ignore,,,minimal_tier_excluded,,,Inswapper128,MINIMAL,0.149000,trimmed_cropped_iapE8apyCl0.mp4,True,True,False
visomaster_Inswapper128_08503,ignore,,,not_selected_in_deterministic_random_subset,,,Inswapper128,STRONG,0.321200,trimmed_cropped_kEKYr-kcWo0.mp4,True,True,False
visomaster_Inswapper128_08504,keep,visomaster hints,baseline_cropped,retain_as_weak_signal_baseline_subset,Inswapper128|STRONG,20260417,Inswapper128,STRONG,0.389800,trimmed_cropped_1msQJv99bKo.mp4,True,True,False
visomaster_Inswapper128_08505,ignore,,,minimal_tier_excluded,,,Inswapper128,MINIMAL,0.118300,trimmed_cropped_5UUnvItyc4I.mp4,True,True,False
visomaster_Inswapper128_08506,keep,visomaster hints,baseline_cropped,retain_as_weak_signal_baseline_subset,Inswapper128|STRONG,20260417,Inswapper128,STRONG,0.349100,trimmed_cropped_UKfEzh5cgMY.mp4,True,True,False
visomaster_Inswapper128_08507,ignore,,,not_selected_in_deterministic_random_subset,,,Inswapper128,MODERATE,0.226700,trimmed_cropped_lNAPya81bbU.mp4,True,True,False
visomaster_Inswapper128_08508,keep,visomaster hints,baseline_cropped,retain_as_weak_signal_baseline_subset,Inswapper128|MODERATE,20260417,Inswapper128,MODERATE,0.288800,trimmed_83HsTLv3qSw.mp4,True,True,False
visomaster_Inswapper128_08509,ignore,,,not_selected_in_deterministic_random_subset,,,Inswapper128,MODERATE,0.254000,trimmed_cropped_9s2fLtRBBGE.mp4,True,True,False
visomaster_Inswapper128_08510,ignore,,,minimal_tier_excluded,,,Inswapper128,MINIMAL,0.137900,trimmed_cropped_e2GxByS1y4M.mp4,True,True,False
visomaster_Inswapper128_08511,ignore,,,minimal_tier_excluded,,,Inswapper128,MINIMAL,0.121300,trimmed_cropped_K94Y9yDMBSM.mp4,True,True,False
visomaster_Inswapper128_08512,ignore,,,not_selected_in_deterministic_random_subset,,,Inswapper128,MODERATE,0.265600,trimmed_cropped_gHYhVvpgM3M.mp4,True,True,False
visomaster_Inswapper128_08513,ignore,,,not_selected_in_deterministic_random_subset,,,Inswapper128,MODERATE,0.215800,trimmed_cropped_VQ41tLyR1pk.mp4,True,True,False
visomaster_Inswapper128_08514,keep,visomaster hints,baseline_cropped,retain_as_weak_signal_baseline_subset,Inswapper128|STRONG,20260417,Inswapper128,STRONG,0.320600,trimmed_cropped_ElYNSRzULyg.mp4,True,True,False
visomaster_Inswapper128_08515,ignore,,,not_selected_in_deterministic_random_subset,,,Inswapper128,MODERATE,0.223700,trimmed_cropped_6h3Ni6mH4PI.mp4,True,True,False
visomaster_Inswapper128_08516,keep,visomaster hints,baseline_cropped,retain_as_weak_signal_baseline_subset,Inswapper128|STRONG,20260417,Inswapper128,STRONG,0.311400,trimmed_cropped__b_-SSqtEPM.mp4,True,True,False
visomaster_Inswapper128_08517,ignore,,,not_selected_in_deterministic_random_subset,,,Inswapper128,MODERATE,0.205200,trimmed_cropped_Ig8vCdUjdA0.mp4,True,True,False
visomaster_Inswapper128_08518,ignore,,,not_selected_in_deterministic_random_subset,,,Inswapper128,MODERATE,0.278100,trimmed_cropped_cu_kgaHAic0.mp4,True,True,False
visomaster_Inswapper128_08519,ignore,,,minimal_tier_excluded,,,Inswapper128,MINIMAL,0.141100,trimmed_cropped_49sfcS8GO-g.mp4,True,True,False
visomaster_Inswapper128_08520,ignore,,,not_selected_in_deterministic_random_subset,,,Inswapper128,MODERATE,0.182600,trimmed_cropped_GBymay8VySM.mp4,True,True,False
visomaster_Inswapper128_08521,ignore,,,not_selected_in_deterministic_random_subset,,,Inswapper128,MODERATE,0.163900,trimmed_cropped_iagMmV1IU3A.mp4,True,True,False
visomaster_Inswapper128_08522,keep,visomaster hints,baseline_cropped,retain_as_weak_signal_baseline_subset,Inswapper128|MODERATE,20260417,Inswapper128,MODERATE,0.163200,trimmed_cropped_JH0f3fhqayc.mp4,True,True,False
visomaster_Inswapper128_08523,keep,visomaster hints,baseline_cropped,retain_as_weak_signal_baseline_subset,Inswapper128|MODERATE,20260417,Inswapper128,MODERATE,0.175800,trimmed_cropped_Vosbcl_A4Hc.mp4,True,True,False
visomaster_Inswapper128_08524,ignore,,,minimal_tier_excluded,,,Inswapper128,MINIMAL,0.122500,trimmed_cropped_aTA2JVDN7M8.mp4,True,True,False
visomaster_Inswapper128_08525,keep,visomaster hints,baseline_cropped,retain_as_weak_signal_baseline_subset,Inswapper128|MODERATE,20260417,Inswapper128,MODERATE,0.241000,trimmed_cropped_NKrhl7caPLg.mp4,True,True,False
visomaster_Inswapper128_08526,ignore,,,minimal_tier_excluded,,,Inswapper128,MINIMAL,0.145900,trimmed_cropped_kSd7gtPNhM0.mp4,True,True,False
visomaster_Inswapper128_08527,ignore,,,not_selected_in_deterministic_random_subset,,,Inswapper128,MODERATE,0.154100,trimmed_cropped_zI8Alz3L9CA.mp4,True,True,False
visomaster_Inswapper128_08528,ignore,,,not_selected_in_deterministic_random_subset,,,Inswapper128,MODERATE,0.175200,trimmed_cropped_Pj-b8XSYfso.mp4,True,True,False
visomaster_Inswapper128_08529,ignore,,,minimal_tier_excluded,,,Inswapper128,MINIMAL,0.144800,trimmed_cropped_xkfw2NKV6bY.mp4,True,True,False
visomaster_Inswapper128_08530,ignore,,,not_selected_in_deterministic_random_subset,,,Inswapper128,MODERATE,0.201200,trimmed_cropped_p6Neg71GQKU.mp4,True,True,False
visomaster_Inswapper128_08531,ignore,,,minimal_tier_excluded,,,Inswapper128,MINIMAL,0.117800,trimmed_cropped_3G2P1eSf0Wc.mp4,True,True,False
visomaster_Inswapper128_08532,ignore,,,not_selected_in_deterministic_random_subset,,,Inswapper128,STRONG,0.360700,trimmed_cropped_Q7elkyuwTnY.mp4,True,True,False
visomaster_Inswapper128_08533,ignore,,,not_selected_in_deterministic_random_subset,,,Inswapper128,MODERATE,0.175800,trimmed_cropped_wC5LBXTIj-I.mp4,True,True,False
visomaster_Inswapper128_08534,ignore,,,missing_tier_metadata_companion,,,Inswapper128,,,,True,False,False
visomaster_Inswapper128_08535,ignore,,,not_selected_in_deterministic_random_subset,,,Inswapper128,MODERATE,0.228700,trimmed_cropped_hglG7CFlkD4.mp4,True,True,False
visomaster_Inswapper128_08536,ignore,,,not_selected_in_deterministic_random_subset,,,Inswapper128,MODERATE,0.242000,trimmed_cropped_jZDbEme6iyo.mp4,True,True,False
visomaster_Inswapper128_08537,ignore,,,not_selected_in_deterministic_random_subset,,,Inswapper128,MODERATE,0.259100,trimmed_cropped_EUH_tmeJjyQ.mp4,True,True,False
visomaster_Inswapper128_08538,ignore,,,not_selected_in_deterministic_random_subset,,,Inswapper128,MODERATE,0.201800,trimmed_cropped_zi4I71SYpDU.mp4,True,True,False
visomaster_Inswapper128_08539,ignore,,,not_selected_in_deterministic_random_subset,,,Inswapper128,MODERATE,0.178000,trimmed_cropped_kiiwMtQyxk0.mp4,True,True,False
visomaster_Inswapper128_08540,ignore,,,not_selected_in_deterministic_random_subset,,,Inswapper128,MODERATE,0.202800,trimmed_cropped_We-TJn6B12A.mp4,True,True,False
visomaster_Inswapper128_08541,keep,visomaster hints,baseline_cropped,retain_as_weak_signal_baseline_subset,Inswapper128|MODERATE,20260417,Inswapper128,MODERATE,0.172100,trimmed_cropped_cwZQQ-4ZzbA.mp4,True,True,False
visomaster_Inswapper128_08542,keep,visomaster hints,baseline_cropped,retain_as_weak_signal_baseline_subset,Inswapper128|STRONG,20260417,Inswapper128,STRONG,0.586600,trimmed_65oA2iU3qeM.mp4,True,True,False
visomaster_Inswapper128_08543,ignore,,,not_selected_in_deterministic_random_subset,,,Inswapper128,MODERATE,0.176700,trimmed_cropped_rqbdUlQ0stQ.mp4,True,True,False
visomaster_Inswapper128_08544,ignore,,,minimal_tier_excluded,,,Inswapper128,MINIMAL,0.016400,trimmed_cropped_aGg5MFkqZq8.mp4,True,True,False
visomaster_Inswapper128_08545,ignore,,,not_selected_in_deterministic_random_subset,,,Inswapper128,MODERATE,0.235900,trimmed_cropped_E2GtvigNPX8.mp4,True,True,False
visomaster_Inswapper128_08546,ignore,,,not_selected_in_deterministic_random_subset,,,Inswapper128,STRONG,0.498200,trimmed_cropped_OBqkG5-o6Zg.mp4,True,True,False
visomaster_Inswapper128_08547,ignore,,,minimal_tier_excluded,,,Inswapper128,MINIMAL,0.000000,trimmed_cropped_Z71rgFK3lgk.mp4,True,True,False
visomaster_Inswapper128_08548,keep,visomaster hints,baseline_cropped,retain_as_weak_signal_baseline_subset,Inswapper128|MODERATE,20260417,Inswapper128,MODERATE,0.242200,trimmed_cropped_Ci-dtOFHPhU.mp4,True,True,False
visomaster_Inswapper128_08549,keep,visomaster hints,baseline_cropped,retain_as_weak_signal_baseline_subset,Inswapper128|STRONG,20260417,Inswapper128,STRONG,0.615300,trimmed_cropped_86yue9qDxZk.mp4,True,True,False
visomaster_Inswapper128_08550,ignore,,,minimal_tier_excluded,,,Inswapper128,MINIMAL,0.149900,trimmed_cropped_3zTD2M-wnEk.mp4,True,True,False
visomaster_Inswapper128_08551,ignore,,,minimal_tier_excluded,,,Inswapper128,MINIMAL,0.110100,trimmed_cropped_tPDBgpgZENY.mp4,True,True,False
visomaster_Inswapper128_08552,ignore,,,minimal_tier_excluded,,,Inswapper128,MINIMAL,0.117000,trimmed_cropped_Vo0Nfz9I7bI.mp4,True,True,False
visomaster_Inswapper128_08553,ignore,,,minimal_tier_excluded,,,Inswapper128,MINIMAL,0.084800,trimmed_cropped_bY3WxPDSviE.mp4,True,True,False
visomaster_Inswapper128_08554,ignore,,,not_selected_in_deterministic_random_subset,,,Inswapper128,STRONG,0.373200,trimmed_cropped_MmmNKD6IP0Q.mp4,True,True,False
visomaster_Inswapper128_08555,ignore,,,not_selected_in_deterministic_random_subset,,,Inswapper128,MODERATE,0.216900,trimmed_cropped_P9S7mp8slR0.mp4,True,True,False
visomaster_Inswapper128_08556,ignore,,,not_selected_in_deterministic_random_subset,,,Inswapper128,STRONG,0.351300,trimmed_cropped_fWRLGNeHc94.mp4,True,True,False
visomaster_Inswapper128_08557,ignore,,,not_selected_in_deterministic_random_subset,,,Inswapper128,STRONG,0.446100,trimmed_cropped__5-CA1PUiZE.mp4,True,True,False
visomaster_Inswapper128_08558,ignore,,,minimal_tier_excluded,,,Inswapper128,MINIMAL,0.128300,trimmed_cropped_QokJCeaQ6Jk.mp4,True,True,False
visomaster_Inswapper128_08559,ignore,,,not_selected_in_deterministic_random_subset,,,Inswapper128,STRONG,0.331200,trimmed_cropped_pCVNTUDClZE.mp4,True,True,False
visomaster_Inswapper128_08560,ignore,,,not_selected_in_deterministic_random_subset,,,Inswapper128,STRONG,0.454200,trimmed_cropped_3465QbFfM3w.mp4,True,True,False
visomaster_Inswapper128_08561,ignore,,,not_selected_in_deterministic_random_subset,,,Inswapper128,MODERATE,0.167500,trimmed_cropped_hGF74DLxlmg.mp4,True,True,False
visomaster_Inswapper128_08562,ignore,,,not_selected_in_deterministic_random_subset,,,Inswapper128,MODERATE,0.209300,trimmed_cropped_DOiMQI2XWqM.mp4,True,True,False
visomaster_Inswapper128_08563,ignore,,,not_selected_in_deterministic_random_subset,,,Inswapper128,MODERATE,0.284300,trimmed_cropped_ZzYsMuGPLKE.mp4,True,True,False
visomaster_Inswapper128_08564,ignore,,,missing_tier_metadata_companion,,,Inswapper128,,,,True,False,False
visomaster_Inswapper128_08570,ignore,,,missing_tier_metadata_companion,,,Inswapper128,,,,True,False,False
visomaster_Inswapper128_08571,ignore,,,missing_tier_metadata_companion,,,Inswapper128,,,,True,False,False
visomaster_Inswapper128_08572,ignore,,,missing_tier_metadata_companion,,,Inswapper128,,,,True,False,False
visomaster_Inswapper128_08573,ignore,,,missing_tier_metadata_companion,,,Inswapper128,,,,True,False,False
visomaster_Inswapper128_08574,ignore,,,missing_tier_metadata_companion,,,Inswapper128,,,,True,False,False
visomaster_Inswapper128_08575,ignore,,,missing_tier_metadata_companion,,,Inswapper128,,,,True,False,False
visomaster_Inswapper128_08576,ignore,,,missing_tier_metadata_companion,,,Inswapper128,,,,True,False,False
visomaster_Inswapper128_08577,ignore,,,missing_tier_metadata_companion,,,Inswapper128,,,,True,False,False
visomaster_Inswapper128_08578,ignore,,,missing_tier_metadata_companion,,,Inswapper128,,,,True,False,False
visomaster_Inswapper128_08579,ignore,,,missing_tier_metadata_companion,,,Inswapper128,,,,True,False,False
visomaster_Inswapper128_08580,ignore,,,missing_tier_metadata_companion,,,Inswapper128,,,,True,False,False
visomaster_Inswapper128_08581,ignore,,,missing_tier_metadata_companion,,,Inswapper128,,,,True,False,False
visomaster_Inswapper128_08582,ignore,,,missing_tier_metadata_companion,,,Inswapper128,,,,True,False,False
visomaster_Inswapper128_08583,ignore,,,missing_tier_metadata_companion,,,Inswapper128,,,,True,False,False
visomaster_Inswapper128_08584,ignore,,,missing_tier_metadata_companion,,,Inswapper128,,,,True,False,False
visomaster_Inswapper128_08585,ignore,,,missing_tier_metadata_companion,,,Inswapper128,,,,True,False,False
visomaster_Inswapper128_08586,ignore,,,missing_tier_metadata_companion,,,Inswapper128,,,,True,False,False
visomaster_Inswapper128_08587,ignore,,,missing_tier_metadata_companion,,,Inswapper128,,,,True,False,False
visomaster_Inswapper128_08588,ignore,,,missing_tier_metadata_companion,,,Inswapper128,,,,True,False,False
visomaster_Inswapper128_08589,ignore,,,missing_tier_metadata_companion,,,Inswapper128,,,,True,False,False
visomaster_Inswapper128_08590,ignore,,,missing_tier_metadata_companion,,,Inswapper128,,,,True,False,False
visomaster_Inswapper128_08591,ignore,,,missing_tier_metadata_companion,,,Inswapper128,,,,True,False,False
visomaster_Inswapper128_08592,ignore,,,missing_tier_metadata_companion,,,Inswapper128,,,,True,False,False
visomaster_Inswapper128_08593,ignore,,,missing_tier_metadata_companion,,,Inswapper128,,,,True,False,False
visomaster_Inswapper128_08594,keep,visomaster hints,baseline_cropped,retain_as_weak_signal_baseline_subset,Inswapper128|STRONG,20260417,Inswapper128,STRONG,0.360300,trimmed_cropped_PUOy4k8H-kM.mp4,True,True,False
visomaster_Inswapper128_08595,ignore,,,minimal_tier_excluded,,,Inswapper128,MINIMAL,0.100900,trimmed_cropped_q4L_iAdKTOE.mp4,True,True,False
visomaster_Inswapper128_08596,ignore,,,minimal_tier_excluded,,,Inswapper128,MINIMAL,0.101100,trimmed_cropped_8GIuYrwIHvk.mp4,True,True,False
visomaster_Inswapper128_08597,ignore,,,minimal_tier_excluded,,,Inswapper128,MINIMAL,0.141400,trimmed_cropped_JZCM4SyghV0.mp4,True,True,False
visomaster_Inswapper128_08598,ignore,,,not_selected_in_deterministic_random_subset,,,Inswapper128,MODERATE,0.296700,trimmed_cropped_BS3pqPeuTz4.mp4,True,True,False
visomaster_Inswapper128_08599,ignore,,,not_selected_in_deterministic_random_subset,,,Inswapper128,MODERATE,0.169300,trimmed_cropped_kx-5eMLIDO4.mp4,True,True,False
visomaster_Inswapper128_08600,keep,visomaster hints,baseline_cropped,retain_as_weak_signal_baseline_subset,Inswapper128|STRONG,20260417,Inswapper128,STRONG,0.302000,trimmed_cropped_cmmi88cgl54.mp4,True,True,False
visomaster_Inswapper128_08601,ignore,,,not_selected_in_deterministic_random_subset,,,Inswapper128,MODERATE,0.249100,trimmed_cropped_P-9sPbk36O8.mp4,True,True,False
visomaster_Inswapper128_08602,ignore,,,minimal_tier_excluded,,,Inswapper128,MINIMAL,0.053200,trimmed_cropped_28Ssu_Z1B-Q.mp4,True,True,False
visomaster_Inswapper128_08603,ignore,,,minimal_tier_excluded,,,Inswapper128,MINIMAL,0.019700,trimmed_cropped_L7AuMKiB8l8.mp4,True,True,False
visomaster_Inswapper128_08604,ignore,,,minimal_tier_excluded,,,Inswapper128,MINIMAL,0.019500,trimmed_cropped_5YFxxwBO-mo.mp4,True,True,False
visomaster_Inswapper128_08605,ignore,,,minimal_tier_excluded,,,Inswapper128,MINIMAL,0.015300,trimmed_cropped_auGFtzfRIjQ.mp4,True,True,False
visomaster_Inswapper128_08606,ignore,,,minimal_tier_excluded,,,Inswapper128,MINIMAL,0.016200,trimmed_cropped_kQziPD51y3Y.mp4,True,True,False
visomaster_SimSwap512_16000,ignore,,,missing_tier_metadata_companion,,,SimSwap512,,,,True,False,False
visomaster_SimSwap512_16001,ignore,,,missing_tier_metadata_companion,,,SimSwap512,,,,True,False,False
visomaster_SimSwap512_16002,ignore,,,missing_tier_metadata_companion,,,SimSwap512,,,,True,False,False
visomaster_SimSwap512_16003,ignore,,,missing_tier_metadata_companion,,,SimSwap512,,,,True,False,False
visomaster_SimSwap512_16004,ignore,,,missing_tier_metadata_companion,,,SimSwap512,,,,True,False,False
visomaster_SimSwap512_16005,ignore,,,missing_tier_metadata_companion,,,SimSwap512,,,,True,False,False
visomaster_SimSwap512_16006,ignore,,,missing_tier_metadata_companion,,,SimSwap512,,,,True,False,False
visomaster_SimSwap512_16007,ignore,,,missing_tier_metadata_companion,,,SimSwap512,,,,True,False,False
visomaster_SimSwap512_16008,ignore,,,missing_tier_metadata_companion,,,SimSwap512,,,,True,False,False
visomaster_SimSwap512_16009,ignore,,,missing_tier_metadata_companion,,,SimSwap512,,,,True,False,False
visomaster_SimSwap512_16010,ignore,,,missing_tier_metadata_companion,,,SimSwap512,,,,True,False,False
visomaster_SimSwap512_16011,ignore,,,missing_tier_metadata_companion,,,SimSwap512,,,,True,False,False
visomaster_SimSwap512_16012,ignore,,,missing_tier_metadata_companion,,,SimSwap512,,,,True,False,False
visomaster_SimSwap512_16013,ignore,,,missing_tier_metadata_companion,,,SimSwap512,,,,True,False,False
visomaster_SimSwap512_16014,ignore,,,missing_tier_metadata_companion,,,SimSwap512,,,,True,False,False
visomaster_SimSwap512_16015,ignore,,,missing_tier_metadata_companion,,,SimSwap512,,,,True,False,False
visomaster_SimSwap512_16016,ignore,,,missing_tier_metadata_companion,,,SimSwap512,,,,True,False,False
visomaster_SimSwap512_16017,ignore,,,missing_tier_metadata_companion,,,SimSwap512,,,,True,False,False
visomaster_SimSwap512_16018,ignore,,,missing_tier_metadata_companion,,,SimSwap512,,,,True,False,False
visomaster_SimSwap512_16019,ignore,,,missing_tier_metadata_companion,,,SimSwap512,,,,True,False,False
visomaster_SimSwap512_16020,ignore,,,missing_tier_metadata_companion,,,SimSwap512,,,,True,False,False
visomaster_SimSwap512_16021,ignore,,,missing_tier_metadata_companion,,,SimSwap512,,,,True,False,False
visomaster_SimSwap512_16022,ignore,,,missing_tier_metadata_companion,,,SimSwap512,,,,True,False,False
visomaster_SimSwap512_16023,ignore,,,missing_tier_metadata_companion,,,SimSwap512,,,,True,False,False
visomaster_SimSwap512_16024,ignore,,,missing_tier_metadata_companion,,,SimSwap512,,,,True,False,False
visomaster_SimSwap512_16025,ignore,,,missing_tier_metadata_companion,,,SimSwap512,,,,True,False,False
visomaster_SimSwap512_16026,ignore,,,missing_tier_metadata_companion,,,SimSwap512,,,,True,False,False
visomaster_SimSwap512_16027,ignore,,,missing_tier_metadata_companion,,,SimSwap512,,,,True,False,False
visomaster_SimSwap512_16028,ignore,,,missing_tier_metadata_companion,,,SimSwap512,,,,True,False,False
visomaster_SimSwap512_16029,ignore,,,missing_tier_metadata_companion,,,SimSwap512,,,,True,False,False
visomaster_SimSwap512_16030,ignore,,,missing_tier_metadata_companion,,,SimSwap512,,,,True,False,False
visomaster_SimSwap512_16031,ignore,,,missing_tier_metadata_companion,,,SimSwap512,,,,True,False,False
visomaster_SimSwap512_16032,ignore,,,missing_tier_metadata_companion,,,SimSwap512,,,,True,False,False
visomaster_SimSwap512_16033,ignore,,,missing_tier_metadata_companion,,,SimSwap512,,,,True,False,False
visomaster_SimSwap512_16034,ignore,,,missing_tier_metadata_companion,,,SimSwap512,,,,True,False,False
visomaster_SimSwap512_16035,ignore,,,missing_tier_metadata_companion,,,SimSwap512,,,,True,False,False
visomaster_SimSwap512_16036,ignore,,,missing_tier_metadata_companion,,,SimSwap512,,,,True,False,False
visomaster_SimSwap512_16037,ignore,,,missing_tier_metadata_companion,,,SimSwap512,,,,True,False,False
visomaster_SimSwap512_16038,ignore,,,missing_tier_metadata_companion,,,SimSwap512,,,,True,False,False
visomaster_SimSwap512_16039,ignore,,,missing_tier_metadata_companion,,,SimSwap512,,,,True,False,False
visomaster_SimSwap512_16040,ignore,,,missing_tier_metadata_companion,,,SimSwap512,,,,True,False,False
visomaster_SimSwap512_16041,ignore,,,missing_tier_metadata_companion,,,SimSwap512,,,,True,False,False
visomaster_SimSwap512_16042,ignore,,,missing_tier_metadata_companion,,,SimSwap512,,,,True,False,False
visomaster_SimSwap512_16043,ignore,,,missing_tier_metadata_companion,,,SimSwap512,,,,True,False,False
visomaster_SimSwap512_16044,ignore,,,missing_tier_metadata_companion,,,SimSwap512,,,,True,False,False
visomaster_SimSwap512_16045,ignore,,,missing_tier_metadata_companion,,,SimSwap512,,,,True,False,False
visomaster_SimSwap512_16046,ignore,,,missing_tier_metadata_companion,,,SimSwap512,,,,True,False,False
visomaster_SimSwap512_16047,ignore,,,missing_tier_metadata_companion,,,SimSwap512,,,,True,False,False
visomaster_SimSwap512_16048,ignore,,,missing_tier_metadata_companion,,,SimSwap512,,,,True,False,False
visomaster_SimSwap512_16049,ignore,,,missing_tier_metadata_companion,,,SimSwap512,,,,True,False,False
visomaster_SimSwap512_16050,ignore,,,missing_tier_metadata_companion,,,SimSwap512,,,,True,False,False
visomaster_SimSwap512_16051,ignore,,,missing_tier_metadata_companion,,,SimSwap512,,,,True,False,False
visomaster_SimSwap512_16052,ignore,,,missing_tier_metadata_companion,,,SimSwap512,,,,True,False,False
visomaster_SimSwap512_16053,ignore,,,missing_tier_metadata_companion,,,SimSwap512,,,,True,False,False
visomaster_SimSwap512_16054,ignore,,,missing_tier_metadata_companion,,,SimSwap512,,,,True,False,False
visomaster_SimSwap512_16055,ignore,,,missing_tier_metadata_companion,,,SimSwap512,,,,True,False,False
visomaster_SimSwap512_16056,ignore,,,missing_tier_metadata_companion,,,SimSwap512,,,,True,False,False
visomaster_SimSwap512_16057,ignore,,,missing_tier_metadata_companion,,,SimSwap512,,,,True,False,False
visomaster_SimSwap512_16058,ignore,,,missing_tier_metadata_companion,,,SimSwap512,,,,True,False,False
visomaster_SimSwap512_16059,ignore,,,missing_tier_metadata_companion,,,SimSwap512,,,,True,False,False
visomaster_SimSwap512_16060,ignore,,,missing_tier_metadata_companion,,,SimSwap512,,,,True,False,False
visomaster_SimSwap512_16061,ignore,,,missing_tier_metadata_companion,,,SimSwap512,,,,True,False,False
visomaster_SimSwap512_16062,ignore,,,missing_tier_metadata_companion,,,SimSwap512,,,,True,False,False
visomaster_SimSwap512_16063,ignore,,,missing_tier_metadata_companion,,,SimSwap512,,,,True,False,False
visomaster_SimSwap512_16064,ignore,,,missing_tier_metadata_companion,,,SimSwap512,,,,True,False,False
visomaster_SimSwap512_16065,ignore,,,missing_tier_metadata_companion,,,SimSwap512,,,,True,False,False
visomaster_SimSwap512_16066,ignore,,,missing_tier_metadata_companion,,,SimSwap512,,,,True,False,False
visomaster_SimSwap512_16067,ignore,,,missing_tier_metadata_companion,,,SimSwap512,,,,True,False,False
visomaster_SimSwap512_16068,ignore,,,missing_tier_metadata_companion,,,SimSwap512,,,,True,False,False
visomaster_SimSwap512_16069,ignore,,,missing_tier_metadata_companion,,,SimSwap512,,,,True,False,False
visomaster_SimSwap512_16070,ignore,,,missing_tier_metadata_companion,,,SimSwap512,,,,True,False,False
visomaster_SimSwap512_16071,ignore,,,missing_tier_metadata_companion,,,SimSwap512,,,,True,False,False
visomaster_SimSwap512_16072,ignore,,,missing_tier_metadata_companion,,,SimSwap512,,,,True,False,False
visomaster_SimSwap512_16073,ignore,,,missing_tier_metadata_companion,,,SimSwap512,,,,True,False,False
visomaster_SimSwap512_16074,ignore,,,missing_tier_metadata_companion,,,SimSwap512,,,,True,False,False
visomaster_SimSwap512_16075,ignore,,,missing_tier_metadata_companion,,,SimSwap512,,,,True,False,False
visomaster_SimSwap512_16076,ignore,,,missing_tier_metadata_companion,,,SimSwap512,,,,True,False,False
visomaster_SimSwap512_16077,ignore,,,missing_tier_metadata_companion,,,SimSwap512,,,,True,False,False
visomaster_SimSwap512_16078,ignore,,,missing_tier_metadata_companion,,,SimSwap512,,,,True,False,False
visomaster_SimSwap512_16079,ignore,,,missing_tier_metadata_companion,,,SimSwap512,,,,True,False,False
visomaster_SimSwap512_16080,ignore,,,missing_tier_metadata_companion,,,SimSwap512,,,,True,False,False
visomaster_SimSwap512_16081,ignore,,,missing_tier_metadata_companion,,,SimSwap512,,,,True,False,False
visomaster_SimSwap512_16082,ignore,,,missing_tier_metadata_companion,,,SimSwap512,,,,True,False,False
visomaster_SimSwap512_16083,ignore,,,missing_tier_metadata_companion,,,SimSwap512,,,,True,False,False
visomaster_SimSwap512_16084,ignore,,,missing_tier_metadata_companion,,,SimSwap512,,,,True,False,False
visomaster_SimSwap512_16085,ignore,,,missing_tier_metadata_companion,,,SimSwap512,,,,True,False,False
visomaster_SimSwap512_16086,ignore,,,missing_tier_metadata_companion,,,SimSwap512,,,,True,False,False
visomaster_SimSwap512_16087,ignore,,,missing_tier_metadata_companion,,,SimSwap512,,,,True,False,False
visomaster_SimSwap512_16088,ignore,,,missing_tier_metadata_companion,,,SimSwap512,,,,True,False,False
visomaster_SimSwap512_16089,ignore,,,missing_tier_metadata_companion,,,SimSwap512,,,,True,False,False
visomaster_SimSwap512_16090,ignore,,,missing_tier_metadata_companion,,,SimSwap512,,,,True,False,False
visomaster_SimSwap512_16091,ignore,,,missing_tier_metadata_companion,,,SimSwap512,,,,True,False,False
visomaster_SimSwap512_16092,ignore,,,missing_tier_metadata_companion,,,SimSwap512,,,,True,False,False
visomaster_SimSwap512_16093,ignore,,,missing_tier_metadata_companion,,,SimSwap512,,,,True,False,False
visomaster_SimSwap512_16094,ignore,,,missing_tier_metadata_companion,,,SimSwap512,,,,True,False,False
visomaster_SimSwap512_16095,ignore,,,missing_tier_metadata_companion,,,SimSwap512,,,,True,False,False
visomaster_SimSwap512_16096,ignore,,,missing_tier_metadata_companion,,,SimSwap512,,,,True,False,False
visomaster_SimSwap512_16097,ignore,,,missing_tier_metadata_companion,,,SimSwap512,,,,True,False,False
visomaster_SimSwap512_16098,ignore,,,missing_tier_metadata_companion,,,SimSwap512,,,,True,False,False
visomaster_SimSwap512_16099,ignore,,,missing_tier_metadata_companion,,,SimSwap512,,,,True,False,False
visomaster_SimSwap512_16100,ignore,,,missing_tier_metadata_companion,,,SimSwap512,,,,True,False,False
visomaster_SimSwap512_16101,ignore,,,missing_tier_metadata_companion,,,SimSwap512,,,,True,False,False
visomaster_SimSwap512_16102,ignore,,,missing_tier_metadata_companion,,,SimSwap512,,,,True,False,False
visomaster_SimSwap512_16103,ignore,,,missing_tier_metadata_companion,,,SimSwap512,,,,True,False,False
visomaster_SimSwap512_16104,ignore,,,missing_tier_metadata_companion,,,SimSwap512,,,,True,False,False
visomaster_SimSwap512_16105,ignore,,,missing_tier_metadata_companion,,,SimSwap512,,,,True,False,False
visomaster_SimSwap512_16106,ignore,,,missing_tier_metadata_companion,,,SimSwap512,,,,True,False,False
visomaster_SimSwap512_16107,ignore,,,missing_tier_metadata_companion,,,SimSwap512,,,,True,False,False
visomaster_SimSwap512_16108,ignore,,,missing_tier_metadata_companion,,,SimSwap512,,,,True,False,False
visomaster_SimSwap512_16109,ignore,,,missing_tier_metadata_companion,,,SimSwap512,,,,True,False,False
visomaster_SimSwap512_16110,ignore,,,missing_tier_metadata_companion,,,SimSwap512,,,,True,False,False
visomaster_SimSwap512_16111,ignore,,,missing_tier_metadata_companion,,,SimSwap512,,,,True,False,False
visomaster_SimSwap512_16112,ignore,,,missing_tier_metadata_companion,,,SimSwap512,,,,True,False,False
visomaster_SimSwap512_16113,ignore,,,missing_tier_metadata_companion,,,SimSwap512,,,,True,False,False
visomaster_SimSwap512_16114,ignore,,,missing_tier_metadata_companion,,,SimSwap512,,,,True,False,False
visomaster_SimSwap512_16115,ignore,,,missing_tier_metadata_companion,,,SimSwap512,,,,True,False,False
visomaster_SimSwap512_16116,ignore,,,missing_tier_metadata_companion,,,SimSwap512,,,,True,False,False
visomaster_SimSwap512_16117,ignore,,,missing_tier_metadata_companion,,,SimSwap512,,,,True,False,False
visomaster_SimSwap512_16118,ignore,,,missing_tier_metadata_companion,,,SimSwap512,,,,True,False,False
visomaster_SimSwap512_16119,ignore,,,missing_tier_metadata_companion,,,SimSwap512,,,,True,False,False
visomaster_SimSwap512_16120,ignore,,,missing_tier_metadata_companion,,,SimSwap512,,,,True,False,False
visomaster_SimSwap512_16121,ignore,,,missing_tier_metadata_companion,,,SimSwap512,,,,True,False,False
visomaster_SimSwap512_16122,ignore,,,missing_tier_metadata_companion,,,SimSwap512,,,,True,False,False
visomaster_SimSwap512_16123,ignore,,,missing_tier_metadata_companion,,,SimSwap512,,,,True,False,False
visomaster_SimSwap512_16124,ignore,,,missing_tier_metadata_companion,,,SimSwap512,,,,True,False,False
visomaster_SimSwap512_16125,ignore,,,missing_tier_metadata_companion,,,SimSwap512,,,,True,False,False
visomaster_SimSwap512_16126,ignore,,,missing_tier_metadata_companion,,,SimSwap512,,,,True,False,False
visomaster_SimSwap512_16127,ignore,,,missing_tier_metadata_companion,,,SimSwap512,,,,True,False,False
visomaster_SimSwap512_16128,ignore,,,missing_tier_metadata_companion,,,SimSwap512,,,,True,False,False
visomaster_SimSwap512_16129,ignore,,,missing_tier_metadata_companion,,,SimSwap512,,,,True,False,False
visomaster_SimSwap512_16130,ignore,,,missing_tier_metadata_companion,,,SimSwap512,,,,True,False,False
visomaster_SimSwap512_16131,ignore,,,missing_tier_metadata_companion,,,SimSwap512,,,,True,False,False
visomaster_SimSwap512_16132,ignore,,,missing_tier_metadata_companion,,,SimSwap512,,,,True,False,False
visomaster_SimSwap512_16133,ignore,,,missing_tier_metadata_companion,,,SimSwap512,,,,True,False,False
visomaster_SimSwap512_16134,ignore,,,missing_tier_metadata_companion,,,SimSwap512,,,,True,False,False
visomaster_SimSwap512_16135,ignore,,,missing_tier_metadata_companion,,,SimSwap512,,,,True,False,False
visomaster_SimSwap512_16136,ignore,,,missing_tier_metadata_companion,,,SimSwap512,,,,True,False,False
visomaster_SimSwap512_16137,ignore,,,missing_tier_metadata_companion,,,SimSwap512,,,,True,False,False
visomaster_SimSwap512_16138,ignore,,,missing_tier_metadata_companion,,,SimSwap512,,,,True,False,False
visomaster_SimSwap512_16139,ignore,,,missing_tier_metadata_companion,,,SimSwap512,,,,True,False,False
visomaster_SimSwap512_16140,ignore,,,missing_tier_metadata_companion,,,SimSwap512,,,,True,False,False
visomaster_SimSwap512_16141,ignore,,,missing_tier_metadata_companion,,,SimSwap512,,,,True,False,False
visomaster_SimSwap512_16142,ignore,,,missing_tier_metadata_companion,,,SimSwap512,,,,True,False,False
visomaster_SimSwap512_16143,ignore,,,missing_tier_metadata_companion,,,SimSwap512,,,,True,False,False
visomaster_SimSwap512_16144,ignore,,,missing_tier_metadata_companion,,,SimSwap512,,,,True,False,False
visomaster_SimSwap512_16145,ignore,,,missing_tier_metadata_companion,,,SimSwap512,,,,True,False,False
visomaster_SimSwap512_16146,ignore,,,missing_tier_metadata_companion,,,SimSwap512,,,,True,False,False
visomaster_SimSwap512_16147,ignore,,,missing_tier_metadata_companion,,,SimSwap512,,,,True,False,False
visomaster_SimSwap512_16148,ignore,,,missing_tier_metadata_companion,,,SimSwap512,,,,True,False,False
visomaster_SimSwap512_16149,ignore,,,missing_tier_metadata_companion,,,SimSwap512,,,,True,False,False
visomaster_SimSwap512_16150,ignore,,,missing_tier_metadata_companion,,,SimSwap512,,,,True,False,False
visomaster_SimSwap512_16151,ignore,,,missing_tier_metadata_companion,,,SimSwap512,,,,True,False,False
visomaster_SimSwap512_16152,ignore,,,missing_tier_metadata_companion,,,SimSwap512,,,,True,False,False
visomaster_SimSwap512_16153,ignore,,,missing_tier_metadata_companion,,,SimSwap512,,,,True,False,False
visomaster_SimSwap512_16154,ignore,,,missing_tier_metadata_companion,,,SimSwap512,,,,True,False,False
visomaster_SimSwap512_16155,ignore,,,missing_tier_metadata_companion,,,SimSwap512,,,,True,False,False
visomaster_SimSwap512_16156,ignore,,,missing_tier_metadata_companion,,,SimSwap512,,,,True,False,False
visomaster_SimSwap512_16157,ignore,,,missing_tier_metadata_companion,,,SimSwap512,,,,True,False,False
visomaster_SimSwap512_16158,ignore,,,missing_tier_metadata_companion,,,SimSwap512,,,,True,False,False
visomaster_SimSwap512_16159,ignore,,,missing_tier_metadata_companion,,,SimSwap512,,,,True,False,False
visomaster_SimSwap512_16160,ignore,,,missing_tier_metadata_companion,,,SimSwap512,,,,True,False,False
visomaster_SimSwap512_16161,ignore,,,missing_tier_metadata_companion,,,SimSwap512,,,,True,False,False
visomaster_SimSwap512_16162,ignore,,,missing_tier_metadata_companion,,,SimSwap512,,,,True,False,False
visomaster_SimSwap512_16163,ignore,,,missing_tier_metadata_companion,,,SimSwap512,,,,True,False,False
visomaster_SimSwap512_16164,ignore,,,missing_tier_metadata_companion,,,SimSwap512,,,,True,False,False
visomaster_SimSwap512_16165,ignore,,,missing_tier_metadata_companion,,,SimSwap512,,,,True,False,False
visomaster_SimSwap512_16166,ignore,,,missing_tier_metadata_companion,,,SimSwap512,,,,True,False,False
visomaster_SimSwap512_16167,ignore,,,missing_tier_metadata_companion,,,SimSwap512,,,,True,False,False
visomaster_SimSwap512_16168,ignore,,,missing_tier_metadata_companion,,,SimSwap512,,,,True,False,False
visomaster_SimSwap512_16169,ignore,,,missing_tier_metadata_companion,,,SimSwap512,,,,True,False,False
visomaster_SimSwap512_16170,ignore,,,missing_tier_metadata_companion,,,SimSwap512,,,,True,False,False
visomaster_SimSwap512_16171,ignore,,,missing_tier_metadata_companion,,,SimSwap512,,,,True,False,False
visomaster_SimSwap512_16172,ignore,,,missing_tier_metadata_companion,,,SimSwap512,,,,True,False,False
visomaster_SimSwap512_16173,ignore,,,missing_tier_metadata_companion,,,SimSwap512,,,,True,False,False
visomaster_SimSwap512_16174,ignore,,,missing_tier_metadata_companion,,,SimSwap512,,,,True,False,False
visomaster_SimSwap512_16175,ignore,,,missing_tier_metadata_companion,,,SimSwap512,,,,True,False,False
visomaster_SimSwap512_16176,ignore,,,missing_tier_metadata_companion,,,SimSwap512,,,,True,False,False
visomaster_SimSwap512_16177,ignore,,,missing_tier_metadata_companion,,,SimSwap512,,,,True,False,False
visomaster_SimSwap512_16178,ignore,,,missing_tier_metadata_companion,,,SimSwap512,,,,True,False,False
visomaster_SimSwap512_16179,ignore,,,missing_tier_metadata_companion,,,SimSwap512,,,,True,False,False
visomaster_SimSwap512_16180,ignore,,,missing_tier_metadata_companion,,,SimSwap512,,,,True,False,False
visomaster_SimSwap512_16181,ignore,,,missing_tier_metadata_companion,,,SimSwap512,,,,True,False,False
visomaster_SimSwap512_16182,ignore,,,missing_tier_metadata_companion,,,SimSwap512,,,,True,False,False
visomaster_SimSwap512_16183,ignore,,,missing_tier_metadata_companion,,,SimSwap512,,,,True,False,False
visomaster_SimSwap512_16184,ignore,,,missing_tier_metadata_companion,,,SimSwap512,,,,True,False,False
visomaster_SimSwap512_16185,ignore,,,missing_tier_metadata_companion,,,SimSwap512,,,,True,False,False
visomaster_SimSwap512_16186,ignore,,,missing_tier_metadata_companion,,,SimSwap512,,,,True,False,False
visomaster_SimSwap512_16187,ignore,,,missing_tier_metadata_companion,,,SimSwap512,,,,True,False,False
visomaster_SimSwap512_16188,ignore,,,missing_tier_metadata_companion,,,SimSwap512,,,,True,False,False
visomaster_SimSwap512_16189,ignore,,,missing_tier_metadata_companion,,,SimSwap512,,,,True,False,False
visomaster_SimSwap512_16190,ignore,,,missing_tier_metadata_companion,,,SimSwap512,,,,True,False,False
visomaster_SimSwap512_16191,ignore,,,missing_tier_metadata_companion,,,SimSwap512,,,,True,False,False
visomaster_SimSwap512_16192,ignore,,,missing_tier_metadata_companion,,,SimSwap512,,,,True,False,False
visomaster_SimSwap512_16193,ignore,,,missing_tier_metadata_companion,,,SimSwap512,,,,True,False,False
visomaster_SimSwap512_16194,ignore,,,missing_tier_metadata_companion,,,SimSwap512,,,,True,False,False
visomaster_SimSwap512_16195,ignore,,,missing_tier_metadata_companion,,,SimSwap512,,,,True,False,False
visomaster_SimSwap512_16196,ignore,,,missing_tier_metadata_companion,,,SimSwap512,,,,True,False,False
visomaster_SimSwap512_16197,ignore,,,missing_tier_metadata_companion,,,SimSwap512,,,,True,False,False
visomaster_SimSwap512_16198,ignore,,,missing_tier_metadata_companion,,,SimSwap512,,,,True,False,False
visomaster_SimSwap512_16199,ignore,,,missing_tier_metadata_companion,,,SimSwap512,,,,True,False,False
visomaster_SimSwap512_16200,ignore,,,missing_tier_metadata_companion,,,SimSwap512,,,,True,False,False
visomaster_SimSwap512_16201,ignore,,,missing_tier_metadata_companion,,,SimSwap512,,,,True,False,False
visomaster_SimSwap512_16202,ignore,,,missing_tier_metadata_companion,,,SimSwap512,,,,True,False,False
visomaster_SimSwap512_16203,ignore,,,missing_tier_metadata_companion,,,SimSwap512,,,,True,False,False
visomaster_SimSwap512_16204,ignore,,,missing_tier_metadata_companion,,,SimSwap512,,,,True,False,False
visomaster_SimSwap512_16205,ignore,,,missing_tier_metadata_companion,,,SimSwap512,,,,True,False,False
visomaster_SimSwap512_16206,ignore,,,missing_tier_metadata_companion,,,SimSwap512,,,,True,False,False
visomaster_SimSwap512_16207,ignore,,,missing_tier_metadata_companion,,,SimSwap512,,,,True,False,False
visomaster_SimSwap512_16208,ignore,,,missing_tier_metadata_companion,,,SimSwap512,,,,True,False,False
visomaster_SimSwap512_16209,ignore,,,missing_tier_metadata_companion,,,SimSwap512,,,,True,False,False
visomaster_SimSwap512_16210,ignore,,,missing_tier_metadata_companion,,,SimSwap512,,,,True,False,False
visomaster_SimSwap512_16211,ignore,,,missing_tier_metadata_companion,,,SimSwap512,,,,True,False,False
visomaster_SimSwap512_16212,ignore,,,missing_tier_metadata_companion,,,SimSwap512,,,,True,False,False
visomaster_SimSwap512_16213,ignore,,,missing_tier_metadata_companion,,,SimSwap512,,,,True,False,False
visomaster_SimSwap512_16214,ignore,,,missing_tier_metadata_companion,,,SimSwap512,,,,True,False,False
visomaster_SimSwap512_16215,ignore,,,missing_tier_metadata_companion,,,SimSwap512,,,,True,False,False
visomaster_SimSwap512_16216,ignore,,,missing_tier_metadata_companion,,,SimSwap512,,,,True,False,False
visomaster_SimSwap512_16217,ignore,,,missing_tier_metadata_companion,,,SimSwap512,,,,True,False,False
visomaster_SimSwap512_16218,ignore,,,missing_tier_metadata_companion,,,SimSwap512,,,,True,False,False
visomaster_SimSwap512_16219,ignore,,,missing_tier_metadata_companion,,,SimSwap512,,,,True,False,False
visomaster_SimSwap512_16220,ignore,,,missing_tier_metadata_companion,,,SimSwap512,,,,True,False,False
visomaster_SimSwap512_16221,ignore,,,missing_tier_metadata_companion,,,SimSwap512,,,,True,False,False
visomaster_SimSwap512_16222,ignore,,,missing_tier_metadata_companion,,,SimSwap512,,,,True,False,False
visomaster_SimSwap512_16223,ignore,,,missing_tier_metadata_companion,,,SimSwap512,,,,True,False,False
visomaster_SimSwap512_16224,ignore,,,missing_tier_metadata_companion,,,SimSwap512,,,,True,False,False
visomaster_SimSwap512_16225,ignore,,,missing_tier_metadata_companion,,,SimSwap512,,,,True,False,False
visomaster_SimSwap512_16226,ignore,,,missing_tier_metadata_companion,,,SimSwap512,,,,True,False,False
visomaster_SimSwap512_16227,ignore,,,missing_tier_metadata_companion,,,SimSwap512,,,,True,False,False
visomaster_SimSwap512_16228,ignore,,,missing_tier_metadata_companion,,,SimSwap512,,,,True,False,False
visomaster_SimSwap512_16229,ignore,,,missing_tier_metadata_companion,,,SimSwap512,,,,True,False,False
visomaster_SimSwap512_16230,ignore,,,missing_tier_metadata_companion,,,SimSwap512,,,,True,False,False
visomaster_SimSwap512_16231,ignore,,,missing_tier_metadata_companion,,,SimSwap512,,,,True,False,False
visomaster_SimSwap512_16232,ignore,,,missing_tier_metadata_companion,,,SimSwap512,,,,True,False,False
visomaster_SimSwap512_16233,ignore,,,missing_tier_metadata_companion,,,SimSwap512,,,,True,False,False
visomaster_SimSwap512_16234,ignore,,,missing_tier_metadata_companion,,,SimSwap512,,,,True,False,False
visomaster_SimSwap512_16235,ignore,,,missing_tier_metadata_companion,,,SimSwap512,,,,True,False,False
visomaster_SimSwap512_16236,ignore,,,missing_tier_metadata_companion,,,SimSwap512,,,,True,False,False
visomaster_SimSwap512_16237,ignore,,,missing_tier_metadata_companion,,,SimSwap512,,,,True,False,False
visomaster_SimSwap512_16238,ignore,,,missing_tier_metadata_companion,,,SimSwap512,,,,True,False,False
visomaster_SimSwap512_16239,ignore,,,missing_tier_metadata_companion,,,SimSwap512,,,,True,False,False
visomaster_SimSwap512_16240,ignore,,,missing_tier_metadata_companion,,,SimSwap512,,,,True,False,False
visomaster_SimSwap512_16241,ignore,,,missing_tier_metadata_companion,,,SimSwap512,,,,True,False,False
visomaster_SimSwap512_16242,ignore,,,missing_tier_metadata_companion,,,SimSwap512,,,,True,False,False
visomaster_SimSwap512_16243,ignore,,,missing_tier_metadata_companion,,,SimSwap512,,,,True,False,False
visomaster_SimSwap512_16244,ignore,,,missing_tier_metadata_companion,,,SimSwap512,,,,True,False,False
visomaster_SimSwap512_16245,ignore,,,missing_tier_metadata_companion,,,SimSwap512,,,,True,False,False
visomaster_SimSwap512_16246,ignore,,,missing_tier_metadata_companion,,,SimSwap512,,,,True,False,False
visomaster_SimSwap512_16247,ignore,,,missing_tier_metadata_companion,,,SimSwap512,,,,True,False,False
visomaster_SimSwap512_16248,ignore,,,missing_tier_metadata_companion,,,SimSwap512,,,,True,False,False
visomaster_SimSwap512_16249,ignore,,,missing_tier_metadata_companion,,,SimSwap512,,,,True,False,False
visomaster_SimSwap512_16250,ignore,,,missing_tier_metadata_companion,,,SimSwap512,,,,True,False,False
visomaster_SimSwap512_16251,ignore,,,missing_tier_metadata_companion,,,SimSwap512,,,,True,False,False
visomaster_SimSwap512_16252,ignore,,,missing_tier_metadata_companion,,,SimSwap512,,,,True,False,False
visomaster_SimSwap512_16253,ignore,,,missing_tier_metadata_companion,,,SimSwap512,,,,True,False,False
visomaster_SimSwap512_16254,ignore,,,missing_tier_metadata_companion,,,SimSwap512,,,,True,False,False
visomaster_SimSwap512_16255,ignore,,,missing_tier_metadata_companion,,,SimSwap512,,,,True,False,False
visomaster_SimSwap512_16256,ignore,,,missing_tier_metadata_companion,,,SimSwap512,,,,True,False,False
visomaster_SimSwap512_16257,ignore,,,missing_tier_metadata_companion,,,SimSwap512,,,,True,False,False
visomaster_SimSwap512_16258,ignore,,,missing_tier_metadata_companion,,,SimSwap512,,,,True,False,False
visomaster_SimSwap512_16259,ignore,,,missing_tier_metadata_companion,,,SimSwap512,,,,True,False,False
visomaster_SimSwap512_16260,ignore,,,missing_tier_metadata_companion,,,SimSwap512,,,,True,False,False
visomaster_SimSwap512_16261,ignore,,,missing_tier_metadata_companion,,,SimSwap512,,,,True,False,False
visomaster_SimSwap512_16262,ignore,,,missing_tier_metadata_companion,,,SimSwap512,,,,True,False,False
visomaster_SimSwap512_16263,ignore,,,missing_tier_metadata_companion,,,SimSwap512,,,,True,False,False
visomaster_SimSwap512_16264,ignore,,,missing_tier_metadata_companion,,,SimSwap512,,,,True,False,False
visomaster_SimSwap512_16265,ignore,,,missing_tier_metadata_companion,,,SimSwap512,,,,True,False,False
visomaster_SimSwap512_16266,ignore,,,missing_tier_metadata_companion,,,SimSwap512,,,,True,False,False
visomaster_SimSwap512_16267,ignore,,,missing_tier_metadata_companion,,,SimSwap512,,,,True,False,False
visomaster_SimSwap512_16268,ignore,,,missing_tier_metadata_companion,,,SimSwap512,,,,True,False,False
visomaster_SimSwap512_16269,ignore,,,missing_tier_metadata_companion,,,SimSwap512,,,,True,False,False
visomaster_SimSwap512_16270,ignore,,,missing_tier_metadata_companion,,,SimSwap512,,,,True,False,False
visomaster_SimSwap512_16271,ignore,,,missing_tier_metadata_companion,,,SimSwap512,,,,True,False,False
visomaster_SimSwap512_16272,ignore,,,missing_tier_metadata_companion,,,SimSwap512,,,,True,False,False
visomaster_SimSwap512_16273,ignore,,,missing_tier_metadata_companion,,,SimSwap512,,,,True,False,False
visomaster_SimSwap512_16274,ignore,,,missing_tier_metadata_companion,,,SimSwap512,,,,True,False,False
visomaster_SimSwap512_16275,ignore,,,missing_tier_metadata_companion,,,SimSwap512,,,,True,False,False
visomaster_SimSwap512_16276,ignore,,,missing_tier_metadata_companion,,,SimSwap512,,,,True,False,False
visomaster_SimSwap512_16277,ignore,,,missing_tier_metadata_companion,,,SimSwap512,,,,True,False,False
visomaster_SimSwap512_16278,ignore,,,missing_tier_metadata_companion,,,SimSwap512,,,,True,False,False
visomaster_SimSwap512_16279,ignore,,,missing_tier_metadata_companion,,,SimSwap512,,,,True,False,False
visomaster_SimSwap512_16280,ignore,,,missing_tier_metadata_companion,,,SimSwap512,,,,True,False,False
visomaster_SimSwap512_16281,ignore,,,missing_tier_metadata_companion,,,SimSwap512,,,,True,False,False
visomaster_SimSwap512_16282,ignore,,,missing_tier_metadata_companion,,,SimSwap512,,,,True,False,False
visomaster_SimSwap512_16283,ignore,,,missing_tier_metadata_companion,,,SimSwap512,,,,True,False,False
visomaster_SimSwap512_16284,ignore,,,missing_tier_metadata_companion,,,SimSwap512,,,,True,False,False
visomaster_SimSwap512_16285,ignore,,,missing_tier_metadata_companion,,,SimSwap512,,,,True,False,False
visomaster_SimSwap512_16286,ignore,,,missing_tier_metadata_companion,,,SimSwap512,,,,True,False,False
visomaster_SimSwap512_16287,ignore,,,missing_tier_metadata_companion,,,SimSwap512,,,,True,False,False
visomaster_SimSwap512_16288,ignore,,,missing_tier_metadata_companion,,,SimSwap512,,,,True,False,False
visomaster_SimSwap512_16289,ignore,,,missing_tier_metadata_companion,,,SimSwap512,,,,True,False,False
visomaster_SimSwap512_16290,ignore,,,missing_tier_metadata_companion,,,SimSwap512,,,,True,False,False
visomaster_SimSwap512_16291,ignore,,,missing_tier_metadata_companion,,,SimSwap512,,,,True,False,False
visomaster_SimSwap512_16292,ignore,,,missing_tier_metadata_companion,,,SimSwap512,,,,True,False,False
visomaster_SimSwap512_16293,ignore,,,missing_tier_metadata_companion,,,SimSwap512,,,,True,False,False
visomaster_SimSwap512_16294,ignore,,,missing_tier_metadata_companion,,,SimSwap512,,,,True,False,False
visomaster_SimSwap512_16295,ignore,,,missing_tier_metadata_companion,,,SimSwap512,,,,True,False,False
visomaster_SimSwap512_16296,ignore,,,missing_tier_metadata_companion,,,SimSwap512,,,,True,False,False
visomaster_SimSwap512_16297,ignore,,,missing_tier_metadata_companion,,,SimSwap512,,,,True,False,False
visomaster_SimSwap512_16298,ignore,,,missing_tier_metadata_companion,,,SimSwap512,,,,True,False,False
visomaster_SimSwap512_16299,ignore,,,missing_tier_metadata_companion,,,SimSwap512,,,,True,False,False
visomaster_SimSwap512_16300,ignore,,,missing_tier_metadata_companion,,,SimSwap512,,,,True,False,False
visomaster_SimSwap512_16301,ignore,,,missing_tier_metadata_companion,,,SimSwap512,,,,True,False,False
visomaster_SimSwap512_16302,ignore,,,missing_tier_metadata_companion,,,SimSwap512,,,,True,False,False
visomaster_SimSwap512_16303,ignore,,,missing_tier_metadata_companion,,,SimSwap512,,,,True,False,False
visomaster_SimSwap512_16304,ignore,,,missing_tier_metadata_companion,,,SimSwap512,,,,True,False,False
visomaster_SimSwap512_16305,ignore,,,missing_tier_metadata_companion,,,SimSwap512,,,,True,False,False
visomaster_SimSwap512_16306,ignore,,,missing_tier_metadata_companion,,,SimSwap512,,,,True,False,False
visomaster_SimSwap512_16307,ignore,,,missing_tier_metadata_companion,,,SimSwap512,,,,True,False,False
visomaster_SimSwap512_16308,ignore,,,missing_tier_metadata_companion,,,SimSwap512,,,,True,False,False
visomaster_SimSwap512_16309,ignore,,,missing_tier_metadata_companion,,,SimSwap512,,,,True,False,False
visomaster_SimSwap512_16310,ignore,,,missing_tier_metadata_companion,,,SimSwap512,,,,True,False,False
visomaster_SimSwap512_16311,ignore,,,missing_tier_metadata_companion,,,SimSwap512,,,,True,False,False
visomaster_SimSwap512_16312,ignore,,,missing_tier_metadata_companion,,,SimSwap512,,,,True,False,False
visomaster_SimSwap512_16313,ignore,,,missing_tier_metadata_companion,,,SimSwap512,,,,True,False,False
visomaster_SimSwap512_16314,ignore,,,missing_tier_metadata_companion,,,SimSwap512,,,,True,False,False
visomaster_SimSwap512_16315,ignore,,,missing_tier_metadata_companion,,,SimSwap512,,,,True,False,False
visomaster_SimSwap512_16316,ignore,,,missing_tier_metadata_companion,,,SimSwap512,,,,True,False,False
visomaster_SimSwap512_16317,ignore,,,missing_tier_metadata_companion,,,SimSwap512,,,,True,False,False
visomaster_SimSwap512_16318,ignore,,,missing_tier_metadata_companion,,,SimSwap512,,,,True,False,False
visomaster_SimSwap512_16319,ignore,,,missing_tier_metadata_companion,,,SimSwap512,,,,True,False,False
visomaster_SimSwap512_16320,ignore,,,missing_tier_metadata_companion,,,SimSwap512,,,,True,False,False
visomaster_SimSwap512_16321,ignore,,,missing_tier_metadata_companion,,,SimSwap512,,,,True,False,False
visomaster_SimSwap512_16322,ignore,,,missing_tier_metadata_companion,,,SimSwap512,,,,True,False,False
visomaster_SimSwap512_16323,ignore,,,missing_tier_metadata_companion,,,SimSwap512,,,,True,False,False
visomaster_SimSwap512_16324,ignore,,,missing_tier_metadata_companion,,,SimSwap512,,,,True,False,False
visomaster_SimSwap512_16325,ignore,,,missing_tier_metadata_companion,,,SimSwap512,,,,True,False,False
visomaster_SimSwap512_16326,ignore,,,missing_tier_metadata_companion,,,SimSwap512,,,,True,False,False
visomaster_SimSwap512_16327,ignore,,,missing_tier_metadata_companion,,,SimSwap512,,,,True,False,False
visomaster_SimSwap512_16328,ignore,,,missing_tier_metadata_companion,,,SimSwap512,,,,True,False,False
visomaster_SimSwap512_16329,ignore,,,missing_tier_metadata_companion,,,SimSwap512,,,,True,False,False
visomaster_SimSwap512_16330,ignore,,,missing_tier_metadata_companion,,,SimSwap512,,,,True,False,False
visomaster_SimSwap512_16331,ignore,,,missing_tier_metadata_companion,,,SimSwap512,,,,True,False,False
visomaster_SimSwap512_16332,ignore,,,missing_tier_metadata_companion,,,SimSwap512,,,,True,False,False
visomaster_SimSwap512_16333,ignore,,,missing_tier_metadata_companion,,,SimSwap512,,,,True,False,False
visomaster_SimSwap512_16334,ignore,,,missing_tier_metadata_companion,,,SimSwap512,,,,True,False,False
visomaster_SimSwap512_16335,ignore,,,missing_tier_metadata_companion,,,SimSwap512,,,,True,False,False
visomaster_SimSwap512_16336,ignore,,,missing_tier_metadata_companion,,,SimSwap512,,,,True,False,False
visomaster_SimSwap512_16337,ignore,,,missing_tier_metadata_companion,,,SimSwap512,,,,True,False,False
visomaster_SimSwap512_16338,ignore,,,missing_tier_metadata_companion,,,SimSwap512,,,,True,False,False
visomaster_SimSwap512_16339,ignore,,,missing_tier_metadata_companion,,,SimSwap512,,,,True,False,False
visomaster_SimSwap512_16340,ignore,,,missing_tier_metadata_companion,,,SimSwap512,,,,True,False,False
visomaster_SimSwap512_16341,ignore,,,missing_tier_metadata_companion,,,SimSwap512,,,,True,False,False
visomaster_SimSwap512_16342,ignore,,,missing_tier_metadata_companion,,,SimSwap512,,,,True,False,False
visomaster_SimSwap512_16343,ignore,,,missing_tier_metadata_companion,,,SimSwap512,,,,True,False,False
visomaster_SimSwap512_16344,ignore,,,missing_tier_metadata_companion,,,SimSwap512,,,,True,False,False
visomaster_SimSwap512_16345,ignore,,,missing_tier_metadata_companion,,,SimSwap512,,,,True,False,False
visomaster_SimSwap512_16346,ignore,,,missing_tier_metadata_companion,,,SimSwap512,,,,True,False,False
visomaster_SimSwap512_16347,ignore,,,missing_tier_metadata_companion,,,SimSwap512,,,,True,False,False
visomaster_SimSwap512_16348,ignore,,,missing_tier_metadata_companion,,,SimSwap512,,,,True,False,False
visomaster_SimSwap512_16349,ignore,,,missing_tier_metadata_companion,,,SimSwap512,,,,True,False,False
visomaster_SimSwap512_16350,ignore,,,missing_tier_metadata_companion,,,SimSwap512,,,,True,False,False
visomaster_SimSwap512_16351,ignore,,,missing_tier_metadata_companion,,,SimSwap512,,,,True,False,False
visomaster_SimSwap512_16352,ignore,,,missing_tier_metadata_companion,,,SimSwap512,,,,True,False,False
visomaster_SimSwap512_16353,ignore,,,missing_tier_metadata_companion,,,SimSwap512,,,,True,False,False
visomaster_SimSwap512_16354,ignore,,,missing_tier_metadata_companion,,,SimSwap512,,,,True,False,False
visomaster_SimSwap512_16355,ignore,,,missing_tier_metadata_companion,,,SimSwap512,,,,True,False,False
visomaster_SimSwap512_16356,ignore,,,missing_tier_metadata_companion,,,SimSwap512,,,,True,False,False
visomaster_SimSwap512_16357,ignore,,,missing_tier_metadata_companion,,,SimSwap512,,,,True,False,False
visomaster_SimSwap512_16358,ignore,,,missing_tier_metadata_companion,,,SimSwap512,,,,True,False,False
visomaster_SimSwap512_16359,ignore,,,missing_tier_metadata_companion,,,SimSwap512,,,,True,False,False
visomaster_SimSwap512_16360,ignore,,,missing_tier_metadata_companion,,,SimSwap512,,,,True,False,False
visomaster_SimSwap512_16361,ignore,,,missing_tier_metadata_companion,,,SimSwap512,,,,True,False,False
visomaster_SimSwap512_16362,ignore,,,missing_tier_metadata_companion,,,SimSwap512,,,,True,False,False
visomaster_SimSwap512_16363,ignore,,,missing_tier_metadata_companion,,,SimSwap512,,,,True,False,False
visomaster_SimSwap512_16364,ignore,,,missing_tier_metadata_companion,,,SimSwap512,,,,True,False,False
visomaster_SimSwap512_16365,ignore,,,missing_tier_metadata_companion,,,SimSwap512,,,,True,False,False
visomaster_SimSwap512_16366,ignore,,,missing_tier_metadata_companion,,,SimSwap512,,,,True,False,False
visomaster_SimSwap512_16367,ignore,,,missing_tier_metadata_companion,,,SimSwap512,,,,True,False,False
visomaster_SimSwap512_16368,ignore,,,missing_tier_metadata_companion,,,SimSwap512,,,,True,False,False
visomaster_SimSwap512_16369,ignore,,,missing_tier_metadata_companion,,,SimSwap512,,,,True,False,False
visomaster_SimSwap512_16370,ignore,,,missing_tier_metadata_companion,,,SimSwap512,,,,True,False,False
visomaster_SimSwap512_16371,ignore,,,missing_tier_metadata_companion,,,SimSwap512,,,,True,False,False
visomaster_SimSwap512_16372,ignore,,,missing_tier_metadata_companion,,,SimSwap512,,,,True,False,False
visomaster_SimSwap512_16373,ignore,,,missing_tier_metadata_companion,,,SimSwap512,,,,True,False,False
visomaster_SimSwap512_16374,ignore,,,missing_tier_metadata_companion,,,SimSwap512,,,,True,False,False
visomaster_SimSwap512_16375,ignore,,,missing_tier_metadata_companion,,,SimSwap512,,,,True,False,False
visomaster_SimSwap512_16376,ignore,,,missing_tier_metadata_companion,,,SimSwap512,,,,True,False,False
visomaster_SimSwap512_16377,ignore,,,missing_tier_metadata_companion,,,SimSwap512,,,,True,False,False
visomaster_SimSwap512_16378,ignore,,,missing_tier_metadata_companion,,,SimSwap512,,,,True,False,False
visomaster_SimSwap512_16379,ignore,,,missing_tier_metadata_companion,,,SimSwap512,,,,True,False,False
visomaster_SimSwap512_16380,ignore,,,missing_tier_metadata_companion,,,SimSwap512,,,,True,False,False
visomaster_SimSwap512_16381,ignore,,,missing_tier_metadata_companion,,,SimSwap512,,,,True,False,False
visomaster_SimSwap512_16382,ignore,,,missing_tier_metadata_companion,,,SimSwap512,,,,True,False,False
visomaster_SimSwap512_16383,ignore,,,missing_tier_metadata_companion,,,SimSwap512,,,,True,False,False
visomaster_SimSwap512_16384,ignore,,,missing_tier_metadata_companion,,,SimSwap512,,,,True,False,False
visomaster_SimSwap512_16385,ignore,,,missing_tier_metadata_companion,,,SimSwap512,,,,True,False,False
visomaster_SimSwap512_16386,ignore,,,missing_tier_metadata_companion,,,SimSwap512,,,,True,False,False
visomaster_SimSwap512_16387,ignore,,,missing_tier_metadata_companion,,,SimSwap512,,,,True,False,False
visomaster_SimSwap512_16388,ignore,,,missing_tier_metadata_companion,,,SimSwap512,,,,True,False,False
visomaster_SimSwap512_16389,ignore,,,missing_tier_metadata_companion,,,SimSwap512,,,,True,False,False
visomaster_SimSwap512_16390,ignore,,,missing_tier_metadata_companion,,,SimSwap512,,,,True,False,False
visomaster_SimSwap512_16391,ignore,,,missing_tier_metadata_companion,,,SimSwap512,,,,True,False,False
visomaster_SimSwap512_16392,ignore,,,missing_tier_metadata_companion,,,SimSwap512,,,,True,False,False
visomaster_SimSwap512_16393,ignore,,,missing_tier_metadata_companion,,,SimSwap512,,,,True,False,False
visomaster_SimSwap512_16394,ignore,,,missing_tier_metadata_companion,,,SimSwap512,,,,True,False,False
visomaster_SimSwap512_16395,ignore,,,missing_tier_metadata_companion,,,SimSwap512,,,,True,False,False
visomaster_SimSwap512_16396,ignore,,,missing_tier_metadata_companion,,,SimSwap512,,,,True,False,False
visomaster_SimSwap512_16397,ignore,,,missing_tier_metadata_companion,,,SimSwap512,,,,True,False,False
visomaster_SimSwap512_16398,ignore,,,missing_tier_metadata_companion,,,SimSwap512,,,,True,False,False
visomaster_SimSwap512_16399,ignore,,,missing_tier_metadata_companion,,,SimSwap512,,,,True,False,False
visomaster_SimSwap512_16400,ignore,,,missing_tier_metadata_companion,,,SimSwap512,,,,True,False,False
visomaster_SimSwap512_16401,ignore,,,missing_tier_metadata_companion,,,SimSwap512,,,,True,False,False
visomaster_SimSwap512_16402,ignore,,,missing_tier_metadata_companion,,,SimSwap512,,,,True,False,False
visomaster_SimSwap512_16403,ignore,,,missing_tier_metadata_companion,,,SimSwap512,,,,True,False,False
visomaster_SimSwap512_16404,ignore,,,missing_tier_metadata_companion,,,SimSwap512,,,,True,False,False
visomaster_SimSwap512_16405,ignore,,,missing_tier_metadata_companion,,,SimSwap512,,,,True,False,False
visomaster_SimSwap512_16406,ignore,,,missing_tier_metadata_companion,,,SimSwap512,,,,True,False,False
visomaster_SimSwap512_16407,ignore,,,missing_tier_metadata_companion,,,SimSwap512,,,,True,False,False
visomaster_SimSwap512_16408,ignore,,,missing_tier_metadata_companion,,,SimSwap512,,,,True,False,False
visomaster_SimSwap512_16409,ignore,,,missing_tier_metadata_companion,,,SimSwap512,,,,True,False,False
visomaster_SimSwap512_16410,ignore,,,missing_tier_metadata_companion,,,SimSwap512,,,,True,False,False
visomaster_SimSwap512_16411,ignore,,,missing_tier_metadata_companion,,,SimSwap512,,,,True,False,False
visomaster_SimSwap512_16412,ignore,,,missing_tier_metadata_companion,,,SimSwap512,,,,True,False,False
visomaster_SimSwap512_16413,ignore,,,missing_tier_metadata_companion,,,SimSwap512,,,,True,False,False
visomaster_SimSwap512_16414,ignore,,,missing_tier_metadata_companion,,,SimSwap512,,,,True,False,False
visomaster_SimSwap512_16415,ignore,,,missing_tier_metadata_companion,,,SimSwap512,,,,True,False,False
visomaster_SimSwap512_16416,ignore,,,missing_tier_metadata_companion,,,SimSwap512,,,,True,False,False
visomaster_SimSwap512_16417,ignore,,,missing_tier_metadata_companion,,,SimSwap512,,,,True,False,False
visomaster_SimSwap512_16418,ignore,,,missing_tier_metadata_companion,,,SimSwap512,,,,True,False,False
visomaster_SimSwap512_16419,ignore,,,missing_tier_metadata_companion,,,SimSwap512,,,,True,False,False
visomaster_SimSwap512_16420,ignore,,,missing_tier_metadata_companion,,,SimSwap512,,,,True,False,False
visomaster_SimSwap512_16421,ignore,,,missing_tier_metadata_companion,,,SimSwap512,,,,True,False,False
visomaster_SimSwap512_16422,ignore,,,missing_tier_metadata_companion,,,SimSwap512,,,,True,False,False
visomaster_SimSwap512_16423,ignore,,,missing_tier_metadata_companion,,,SimSwap512,,,,True,False,False
visomaster_SimSwap512_16424,ignore,,,missing_tier_metadata_companion,,,SimSwap512,,,,True,False,False
visomaster_SimSwap512_16425,ignore,,,missing_tier_metadata_companion,,,SimSwap512,,,,True,False,False
visomaster_SimSwap512_16426,ignore,,,missing_tier_metadata_companion,,,SimSwap512,,,,True,False,False
visomaster_SimSwap512_16427,ignore,,,missing_tier_metadata_companion,,,SimSwap512,,,,True,False,False
visomaster_SimSwap512_16428,ignore,,,missing_tier_metadata_companion,,,SimSwap512,,,,True,False,False
visomaster_SimSwap512_16429,ignore,,,missing_tier_metadata_companion,,,SimSwap512,,,,True,False,False
visomaster_SimSwap512_16430,ignore,,,missing_tier_metadata_companion,,,SimSwap512,,,,True,False,False
visomaster_SimSwap512_16431,ignore,,,missing_tier_metadata_companion,,,SimSwap512,,,,True,False,False
visomaster_SimSwap512_16432,ignore,,,missing_tier_metadata_companion,,,SimSwap512,,,,True,False,False
visomaster_SimSwap512_16433,ignore,,,missing_tier_metadata_companion,,,SimSwap512,,,,True,False,False
visomaster_SimSwap512_16434,ignore,,,missing_tier_metadata_companion,,,SimSwap512,,,,True,False,False
visomaster_SimSwap512_16435,ignore,,,missing_tier_metadata_companion,,,SimSwap512,,,,True,False,False
visomaster_SimSwap512_16436,ignore,,,missing_tier_metadata_companion,,,SimSwap512,,,,True,False,False
visomaster_SimSwap512_16437,ignore,,,missing_tier_metadata_companion,,,SimSwap512,,,,True,False,False
visomaster_SimSwap512_16438,ignore,,,missing_tier_metadata_companion,,,SimSwap512,,,,True,False,False
visomaster_SimSwap512_16439,ignore,,,missing_tier_metadata_companion,,,SimSwap512,,,,True,False,False
visomaster_SimSwap512_16440,ignore,,,missing_tier_metadata_companion,,,SimSwap512,,,,True,False,False
visomaster_SimSwap512_16441,ignore,,,missing_tier_metadata_companion,,,SimSwap512,,,,True,False,False
visomaster_SimSwap512_16442,ignore,,,missing_tier_metadata_companion,,,SimSwap512,,,,True,False,False
visomaster_SimSwap512_16443,ignore,,,missing_tier_metadata_companion,,,SimSwap512,,,,True,False,False
visomaster_SimSwap512_16444,ignore,,,missing_tier_metadata_companion,,,SimSwap512,,,,True,False,False
visomaster_SimSwap512_16445,ignore,,,missing_tier_metadata_companion,,,SimSwap512,,,,True,False,False
visomaster_SimSwap512_16446,ignore,,,missing_tier_metadata_companion,,,SimSwap512,,,,True,False,False
visomaster_SimSwap512_16447,ignore,,,missing_tier_metadata_companion,,,SimSwap512,,,,True,False,False
visomaster_SimSwap512_16448,ignore,,,missing_tier_metadata_companion,,,SimSwap512,,,,True,False,False
visomaster_SimSwap512_16449,ignore,,,missing_tier_metadata_companion,,,SimSwap512,,,,True,False,False
visomaster_SimSwap512_16450,ignore,,,missing_tier_metadata_companion,,,SimSwap512,,,,True,False,False
visomaster_SimSwap512_16451,ignore,,,missing_tier_metadata_companion,,,SimSwap512,,,,True,False,False
visomaster_SimSwap512_16452,ignore,,,missing_tier_metadata_companion,,,SimSwap512,,,,True,False,False
visomaster_SimSwap512_16453,ignore,,,missing_tier_metadata_companion,,,SimSwap512,,,,True,False,False
visomaster_SimSwap512_16454,ignore,,,missing_tier_metadata_companion,,,SimSwap512,,,,True,False,False
visomaster_SimSwap512_16455,ignore,,,missing_tier_metadata_companion,,,SimSwap512,,,,True,False,False
visomaster_SimSwap512_16456,ignore,,,missing_tier_metadata_companion,,,SimSwap512,,,,True,False,False
visomaster_SimSwap512_16457,ignore,,,missing_tier_metadata_companion,,,SimSwap512,,,,True,False,False
visomaster_SimSwap512_16458,ignore,,,missing_tier_metadata_companion,,,SimSwap512,,,,True,False,False
visomaster_SimSwap512_16459,ignore,,,missing_tier_metadata_companion,,,SimSwap512,,,,True,False,False
visomaster_SimSwap512_16460,ignore,,,missing_tier_metadata_companion,,,SimSwap512,,,,True,False,False
visomaster_SimSwap512_16461,ignore,,,missing_tier_metadata_companion,,,SimSwap512,,,,True,False,False
visomaster_SimSwap512_16462,ignore,,,missing_tier_metadata_companion,,,SimSwap512,,,,True,False,False
visomaster_SimSwap512_16463,ignore,,,missing_tier_metadata_companion,,,SimSwap512,,,,True,False,False
visomaster_SimSwap512_16464,ignore,,,missing_tier_metadata_companion,,,SimSwap512,,,,True,False,False
visomaster_SimSwap512_16465,ignore,,,missing_tier_metadata_companion,,,SimSwap512,,,,True,False,False
visomaster_SimSwap512_16466,ignore,,,missing_tier_metadata_companion,,,SimSwap512,,,,True,False,False
visomaster_SimSwap512_16467,ignore,,,missing_tier_metadata_companion,,,SimSwap512,,,,True,False,False
visomaster_SimSwap512_16468,ignore,,,missing_tier_metadata_companion,,,SimSwap512,,,,True,False,False
visomaster_SimSwap512_16469,ignore,,,missing_tier_metadata_companion,,,SimSwap512,,,,True,False,False
visomaster_SimSwap512_16470,ignore,,,missing_tier_metadata_companion,,,SimSwap512,,,,True,False,False
visomaster_SimSwap512_16471,ignore,,,missing_tier_metadata_companion,,,SimSwap512,,,,True,False,False
visomaster_SimSwap512_16472,ignore,,,missing_tier_metadata_companion,,,SimSwap512,,,,True,False,False
visomaster_SimSwap512_16473,ignore,,,missing_tier_metadata_companion,,,SimSwap512,,,,True,False,False
visomaster_SimSwap512_16474,ignore,,,missing_tier_metadata_companion,,,SimSwap512,,,,True,False,False
visomaster_SimSwap512_16475,ignore,,,missing_tier_metadata_companion,,,SimSwap512,,,,True,False,False
visomaster_SimSwap512_16476,ignore,,,missing_tier_metadata_companion,,,SimSwap512,,,,True,False,False
visomaster_SimSwap512_16477,ignore,,,missing_tier_metadata_companion,,,SimSwap512,,,,True,False,False
visomaster_SimSwap512_16478,ignore,,,missing_tier_metadata_companion,,,SimSwap512,,,,True,False,False
visomaster_SimSwap512_16479,ignore,,,missing_tier_metadata_companion,,,SimSwap512,,,,True,False,False
visomaster_SimSwap512_16480,ignore,,,missing_tier_metadata_companion,,,SimSwap512,,,,True,False,False
visomaster_SimSwap512_16481,ignore,,,missing_tier_metadata_companion,,,SimSwap512,,,,True,False,False
visomaster_SimSwap512_16482,ignore,,,missing_tier_metadata_companion,,,SimSwap512,,,,True,False,False
visomaster_SimSwap512_16483,ignore,,,missing_tier_metadata_companion,,,SimSwap512,,,,True,False,False
visomaster_SimSwap512_16484,ignore,,,missing_tier_metadata_companion,,,SimSwap512,,,,True,False,False
visomaster_SimSwap512_16485,ignore,,,missing_tier_metadata_companion,,,SimSwap512,,,,True,False,False
visomaster_SimSwap512_16486,ignore,,,missing_tier_metadata_companion,,,SimSwap512,,,,True,False,False
visomaster_SimSwap512_16487,ignore,,,missing_tier_metadata_companion,,,SimSwap512,,,,True,False,False
visomaster_SimSwap512_16488,ignore,,,missing_tier_metadata_companion,,,SimSwap512,,,,True,False,False
visomaster_SimSwap512_16489,ignore,,,missing_tier_metadata_companion,,,SimSwap512,,,,True,False,False
visomaster_SimSwap512_16490,ignore,,,missing_tier_metadata_companion,,,SimSwap512,,,,True,False,False
visomaster_SimSwap512_16491,ignore,,,missing_tier_metadata_companion,,,SimSwap512,,,,True,False,False
visomaster_SimSwap512_16492,ignore,,,missing_tier_metadata_companion,,,SimSwap512,,,,True,False,False
visomaster_SimSwap512_16493,ignore,,,missing_tier_metadata_companion,,,SimSwap512,,,,True,False,False
visomaster_SimSwap512_16494,ignore,,,missing_tier_metadata_companion,,,SimSwap512,,,,True,False,False
visomaster_SimSwap512_16495,ignore,,,missing_tier_metadata_companion,,,SimSwap512,,,,True,False,False
visomaster_SimSwap512_16496,ignore,,,missing_tier_metadata_companion,,,SimSwap512,,,,True,False,False
visomaster_SimSwap512_16497,ignore,,,missing_tier_metadata_companion,,,SimSwap512,,,,True,False,False
visomaster_SimSwap512_16498,ignore,,,missing_tier_metadata_companion,,,SimSwap512,,,,True,False,False
visomaster_SimSwap512_16499,ignore,,,missing_tier_metadata_companion,,,SimSwap512,,,,True,False,False
visomaster_SimSwap512_16500,ignore,,,missing_tier_metadata_companion,,,SimSwap512,,,,True,False,False
visomaster_SimSwap512_16501,ignore,,,missing_tier_metadata_companion,,,SimSwap512,,,,True,False,False
visomaster_SimSwap512_16502,ignore,,,missing_tier_metadata_companion,,,SimSwap512,,,,True,False,False
visomaster_SimSwap512_16503,ignore,,,missing_tier_metadata_companion,,,SimSwap512,,,,True,False,False
visomaster_SimSwap512_16504,ignore,,,missing_tier_metadata_companion,,,SimSwap512,,,,True,False,False
visomaster_SimSwap512_16505,ignore,,,missing_tier_metadata_companion,,,SimSwap512,,,,True,False,False
visomaster_SimSwap512_16506,ignore,,,missing_tier_metadata_companion,,,SimSwap512,,,,True,False,False
visomaster_SimSwap512_16507,ignore,,,missing_tier_metadata_companion,,,SimSwap512,,,,True,False,False
visomaster_SimSwap512_16508,ignore,,,missing_tier_metadata_companion,,,SimSwap512,,,,True,False,False
visomaster_SimSwap512_16509,ignore,,,missing_tier_metadata_companion,,,SimSwap512,,,,True,False,False
visomaster_SimSwap512_16510,ignore,,,missing_tier_metadata_companion,,,SimSwap512,,,,True,False,False
visomaster_SimSwap512_16511,ignore,,,missing_tier_metadata_companion,,,SimSwap512,,,,True,False,False
visomaster_SimSwap512_16512,ignore,,,missing_tier_metadata_companion,,,SimSwap512,,,,True,False,False
visomaster_SimSwap512_16513,ignore,,,missing_tier_metadata_companion,,,SimSwap512,,,,True,False,False
visomaster_SimSwap512_16514,ignore,,,missing_tier_metadata_companion,,,SimSwap512,,,,True,False,False
visomaster_SimSwap512_16515,ignore,,,missing_tier_metadata_companion,,,SimSwap512,,,,True,False,False
visomaster_SimSwap512_16516,ignore,,,missing_tier_metadata_companion,,,SimSwap512,,,,True,False,False
visomaster_SimSwap512_16517,ignore,,,missing_tier_metadata_companion,,,SimSwap512,,,,True,False,False
visomaster_SimSwap512_16518,ignore,,,missing_tier_metadata_companion,,,SimSwap512,,,,True,False,False
visomaster_SimSwap512_16519,ignore,,,missing_tier_metadata_companion,,,SimSwap512,,,,True,False,False
visomaster_SimSwap512_16520,ignore,,,missing_tier_metadata_companion,,,SimSwap512,,,,True,False,False
visomaster_SimSwap512_16521,ignore,,,missing_tier_metadata_companion,,,SimSwap512,,,,True,False,False
visomaster_SimSwap512_16522,ignore,,,missing_tier_metadata_companion,,,SimSwap512,,,,True,False,False
visomaster_SimSwap512_16523,ignore,,,missing_tier_metadata_companion,,,SimSwap512,,,,True,False,False
visomaster_SimSwap512_16524,ignore,,,missing_tier_metadata_companion,,,SimSwap512,,,,True,False,False
visomaster_SimSwap512_16525,ignore,,,missing_tier_metadata_companion,,,SimSwap512,,,,True,False,False
visomaster_SimSwap512_16526,ignore,,,missing_tier_metadata_companion,,,SimSwap512,,,,True,False,False
visomaster_SimSwap512_16527,ignore,,,missing_tier_metadata_companion,,,SimSwap512,,,,True,False,False
visomaster_SimSwap512_16528,ignore,,,missing_tier_metadata_companion,,,SimSwap512,,,,True,False,False
visomaster_SimSwap512_16529,ignore,,,missing_tier_metadata_companion,,,SimSwap512,,,,True,False,False
visomaster_SimSwap512_16530,ignore,,,missing_tier_metadata_companion,,,SimSwap512,,,,True,False,False
visomaster_SimSwap512_16531,ignore,,,missing_tier_metadata_companion,,,SimSwap512,,,,True,False,False
visomaster_SimSwap512_16532,ignore,,,missing_tier_metadata_companion,,,SimSwap512,,,,True,False,False
visomaster_SimSwap512_16533,ignore,,,missing_tier_metadata_companion,,,SimSwap512,,,,True,False,False
visomaster_SimSwap512_16534,ignore,,,missing_tier_metadata_companion,,,SimSwap512,,,,True,False,False
visomaster_SimSwap512_16535,ignore,,,missing_tier_metadata_companion,,,SimSwap512,,,,True,False,False
visomaster_SimSwap512_16536,ignore,,,missing_tier_metadata_companion,,,SimSwap512,,,,True,False,False
visomaster_SimSwap512_16537,ignore,,,missing_tier_metadata_companion,,,SimSwap512,,,,True,False,False
visomaster_SimSwap512_16538,ignore,,,missing_tier_metadata_companion,,,SimSwap512,,,,True,False,False
visomaster_SimSwap512_16539,ignore,,,missing_tier_metadata_companion,,,SimSwap512,,,,True,False,False
visomaster_SimSwap512_16540,ignore,,,missing_tier_metadata_companion,,,SimSwap512,,,,True,False,False
visomaster_SimSwap512_16541,ignore,,,missing_tier_metadata_companion,,,SimSwap512,,,,True,False,False
visomaster_SimSwap512_16542,ignore,,,missing_tier_metadata_companion,,,SimSwap512,,,,True,False,False
visomaster_SimSwap512_16543,ignore,,,missing_tier_metadata_companion,,,SimSwap512,,,,True,False,False
visomaster_SimSwap512_16544,ignore,,,missing_tier_metadata_companion,,,SimSwap512,,,,True,False,False
visomaster_SimSwap512_16545,ignore,,,missing_tier_metadata_companion,,,SimSwap512,,,,True,False,False
visomaster_SimSwap512_16546,ignore,,,missing_tier_metadata_companion,,,SimSwap512,,,,True,False,False
visomaster_SimSwap512_16547,ignore,,,missing_tier_metadata_companion,,,SimSwap512,,,,True,False,False
visomaster_SimSwap512_16548,ignore,,,missing_tier_metadata_companion,,,SimSwap512,,,,True,False,False
visomaster_SimSwap512_16549,ignore,,,missing_tier_metadata_companion,,,SimSwap512,,,,True,False,False
visomaster_SimSwap512_16550,ignore,,,missing_tier_metadata_companion,,,SimSwap512,,,,True,False,False
visomaster_SimSwap512_16551,ignore,,,missing_tier_metadata_companion,,,SimSwap512,,,,True,False,False
visomaster_SimSwap512_16552,ignore,,,missing_tier_metadata_companion,,,SimSwap512,,,,True,False,False
visomaster_SimSwap512_16553,ignore,,,missing_tier_metadata_companion,,,SimSwap512,,,,True,False,False
visomaster_SimSwap512_16554,ignore,,,missing_tier_metadata_companion,,,SimSwap512,,,,True,False,False
visomaster_SimSwap512_16555,ignore,,,missing_tier_metadata_companion,,,SimSwap512,,,,True,False,False
visomaster_SimSwap512_16556,ignore,,,missing_tier_metadata_companion,,,SimSwap512,,,,True,False,False
visomaster_SimSwap512_16557,ignore,,,missing_tier_metadata_companion,,,SimSwap512,,,,True,False,False
visomaster_SimSwap512_16558,ignore,,,missing_tier_metadata_companion,,,SimSwap512,,,,True,False,False
visomaster_SimSwap512_16559,ignore,,,missing_tier_metadata_companion,,,SimSwap512,,,,True,False,False
visomaster_SimSwap512_16560,ignore,,,missing_tier_metadata_companion,,,SimSwap512,,,,True,False,False
visomaster_SimSwap512_16561,ignore,,,missing_tier_metadata_companion,,,SimSwap512,,,,True,False,False
visomaster_SimSwap512_16562,ignore,,,missing_tier_metadata_companion,,,SimSwap512,,,,True,False,False
visomaster_SimSwap512_16563,ignore,,,missing_tier_metadata_companion,,,SimSwap512,,,,True,False,False
visomaster_SimSwap512_16564,ignore,,,missing_tier_metadata_companion,,,SimSwap512,,,,True,False,False
visomaster_SimSwap512_16565,ignore,,,missing_tier_metadata_companion,,,SimSwap512,,,,True,False,False
visomaster_SimSwap512_16566,ignore,,,missing_tier_metadata_companion,,,SimSwap512,,,,True,False,False
visomaster_SimSwap512_16567,ignore,,,missing_tier_metadata_companion,,,SimSwap512,,,,True,False,False
visomaster_SimSwap512_16568,ignore,,,missing_tier_metadata_companion,,,SimSwap512,,,,True,False,False
visomaster_SimSwap512_16569,ignore,,,missing_tier_metadata_companion,,,SimSwap512,,,,True,False,False
visomaster_SimSwap512_16570,ignore,,,missing_tier_metadata_companion,,,SimSwap512,,,,True,False,False
visomaster_SimSwap512_16571,ignore,,,missing_tier_metadata_companion,,,SimSwap512,,,,True,False,False
visomaster_SimSwap512_16572,ignore,,,missing_tier_metadata_companion,,,SimSwap512,,,,True,False,False
visomaster_SimSwap512_16573,ignore,,,missing_tier_metadata_companion,,,SimSwap512,,,,True,False,False
visomaster_SimSwap512_16574,ignore,,,missing_tier_metadata_companion,,,SimSwap512,,,,True,False,False
visomaster_SimSwap512_16575,ignore,,,missing_tier_metadata_companion,,,SimSwap512,,,,True,False,False
visomaster_SimSwap512_16576,ignore,,,missing_tier_metadata_companion,,,SimSwap512,,,,True,False,False
visomaster_SimSwap512_16577,ignore,,,missing_tier_metadata_companion,,,SimSwap512,,,,True,False,False
visomaster_SimSwap512_16578,ignore,,,missing_tier_metadata_companion,,,SimSwap512,,,,True,False,False
visomaster_SimSwap512_16579,ignore,,,missing_tier_metadata_companion,,,SimSwap512,,,,True,False,False
visomaster_SimSwap512_16580,ignore,,,missing_tier_metadata_companion,,,SimSwap512,,,,True,False,False
visomaster_SimSwap512_16581,ignore,,,missing_tier_metadata_companion,,,SimSwap512,,,,True,False,False
visomaster_SimSwap512_16582,ignore,,,missing_tier_metadata_companion,,,SimSwap512,,,,True,False,False
visomaster_SimSwap512_16583,ignore,,,missing_tier_metadata_companion,,,SimSwap512,,,,True,False,False
visomaster_SimSwap512_16584,ignore,,,missing_tier_metadata_companion,,,SimSwap512,,,,True,False,False
visomaster_SimSwap512_16585,ignore,,,missing_tier_metadata_companion,,,SimSwap512,,,,True,False,False
visomaster_SimSwap512_16586,ignore,,,missing_tier_metadata_companion,,,SimSwap512,,,,True,False,False
visomaster_SimSwap512_16587,ignore,,,missing_tier_metadata_companion,,,SimSwap512,,,,True,False,False
visomaster_SimSwap512_16588,ignore,,,missing_tier_metadata_companion,,,SimSwap512,,,,True,False,False
visomaster_SimSwap512_16589,ignore,,,missing_tier_metadata_companion,,,SimSwap512,,,,True,False,False
visomaster_SimSwap512_16590,ignore,,,missing_tier_metadata_companion,,,SimSwap512,,,,True,False,False
visomaster_SimSwap512_16591,ignore,,,missing_tier_metadata_companion,,,SimSwap512,,,,True,False,False
visomaster_SimSwap512_16592,ignore,,,missing_tier_metadata_companion,,,SimSwap512,,,,True,False,False
visomaster_SimSwap512_16593,ignore,,,missing_tier_metadata_companion,,,SimSwap512,,,,True,False,False
visomaster_SimSwap512_16594,ignore,,,missing_tier_metadata_companion,,,SimSwap512,,,,True,False,False
visomaster_SimSwap512_16595,ignore,,,missing_tier_metadata_companion,,,SimSwap512,,,,True,False,False
visomaster_SimSwap512_16596,ignore,,,missing_tier_metadata_companion,,,SimSwap512,,,,True,False,False
visomaster_SimSwap512_16597,ignore,,,missing_tier_metadata_companion,,,SimSwap512,,,,True,False,False
visomaster_SimSwap512_16598,ignore,,,missing_tier_metadata_companion,,,SimSwap512,,,,True,False,False
visomaster_SimSwap512_16599,ignore,,,missing_tier_metadata_companion,,,SimSwap512,,,,True,False,False
visomaster_SimSwap512_16600,ignore,,,missing_tier_metadata_companion,,,SimSwap512,,,,True,False,False
visomaster_SimSwap512_16601,ignore,,,missing_tier_metadata_companion,,,SimSwap512,,,,True,False,False
