{"epoch":0,"DF40/auc":0.7948387096774193,"avg/auc":0.7948387096774193,"best_metric":0.7948387096774193,"_timestamp":1.7536365525116782e+09,"_step":0,"_wandb":{"runtime":1271},"_runtime":1271}