method,label,video_id,avg_video_prob,prediction,is_correct,group_key,family_key
teams_real,0,Chikara_Takahashi__s22__seg_10.0__real,0.61418048,1,0,unknown_real,realpool_real
teams_real,0,Chikara_Takahashi__s22__seg_11.0__real,0.57563356,1,0,unknown_real,realpool_real
teams_real,0,Chikara_Takahashi__s22__seg_12.0__real,0.64444727,1,0,unknown_real,realpool_real
teams_real,0,Chikara_Takahashi__s22__seg_13.0__real,0.58193260,1,0,unknown_real,realpool_real
teams_real,0,Chikara_Takahashi__s22__seg_14.0__real,0.54651245,1,0,unknown_real,realpool_real
teams_real,0,Chikara_Takahashi__s22__seg_15.0__real,0.54716271,1,0,unknown_real,realpool_real
teams_real,0,Chikara_Takahashi__s22__seg_16.0__real,0.58594516,1,0,unknown_real,realpool_real
teams_real,0,Chikara_Takahashi__s22__seg_17.0__real,0.48912671,0,1,unknown_real,realpool_real
teams_real,0,Chikara_Takahashi__s22__seg_18.0__real,0.52975737,1,0,unknown_real,realpool_real
teams_real,0,Chikara_Takahashi__s22__seg_19.0__real,0.54828981,1,0,unknown_real,realpool_real
teams_real,0,Chikara_Takahashi__s22__seg_2.0__real,0.58243406,1,0,unknown_real,realpool_real
teams_real,0,Chikara_Takahashi__s22__seg_20.0__real,0.46675789,0,1,unknown_real,realpool_real
teams_real,0,Chikara_Takahashi__s22__seg_21.0__real,0.51106668,1,0,unknown_real,realpool_real
teams_real,0,Chikara_Takahashi__s22__seg_22.0__real,0.46503606,0,1,unknown_real,realpool_real
teams_real,0,Chikara_Takahashi__s22__seg_23.0__real,0.57859063,1,0,unknown_real,realpool_real
teams_real,0,Chikara_Takahashi__s22__seg_26.0__real,0.41234785,0,1,unknown_real,realpool_real
teams_real,0,Chikara_Takahashi__s22__seg_27.0__real,0.42574948,0,1,unknown_real,realpool_real
teams_real,0,Chikara_Takahashi__s22__seg_28.0__real,0.37246338,0,1,unknown_real,realpool_real
teams_real,0,Chikara_Takahashi__s22__seg_3.0__real,0.51707201,1,0,unknown_real,realpool_real
teams_real,0,Chikara_Takahashi__s22__seg_4.0__real,0.48377571,0,1,unknown_real,realpool_real
teams_real,0,Chikara_Takahashi__s22__seg_5.0__real,0.51200095,1,0,unknown_real,realpool_real
teams_real,0,Chikara_Takahashi__s22__seg_6.0__real,0.54745644,1,0,unknown_real,realpool_real
teams_real,0,Chikara_Takahashi__s22__seg_7.0__real,0.64568192,1,0,unknown_real,realpool_real
teams_real,0,Chikara_Takahashi__s22__seg_8.0__real,0.51999056,1,0,unknown_real,realpool_real
teams_real,0,Chikara_Takahashi__s22__seg_9.0__real,0.49207173,0,1,unknown_real,realpool_real
teams_real,0,PC_Generator__s15__seg_1754.4__real,0.52964962,1,0,unknown_real,realpool_real
teams_real,0,PC_Generator__s15__seg_1755.4__real,0.58686978,1,0,unknown_real,realpool_real
teams_real,0,PC_Generator__s15__seg_1757.4__real,0.67138046,1,0,unknown_real,realpool_real
teams_real,0,PC_Generator__s15__seg_1759.4__real,0.65849537,1,0,unknown_real,realpool_real
teams_real,0,PC_Generator__s15__seg_1760.4__real,0.66427988,1,0,unknown_real,realpool_real
teams_real,0,PC_Generator__s15__seg_1761.4__real,0.45128086,0,1,unknown_real,realpool_real
teams_real,0,PC_Generator__s15__seg_1763.4__real,0.72705764,1,0,unknown_real,realpool_real
teams_real,0,PC_Generator__s15__seg_1766.4__real,0.81032097,1,0,unknown_real,realpool_real
teams_real,0,PC_Generator__s15__seg_1768.4__real,0.68674117,1,0,unknown_real,realpool_real
teams_real,0,PC_Generator__s15__seg_1770.4__real,0.63131279,1,0,unknown_real,realpool_real
teams_real,0,PC_Generator__s15__seg_1773.4__real,0.68827510,1,0,unknown_real,realpool_real
teams_real,0,PC_Generator__s15__seg_1775.4__real,0.68963164,1,0,unknown_real,realpool_real
teams_real,0,PC_Generator__s15__seg_1778.4__real,0.65251875,1,0,unknown_real,realpool_real
teams_real,0,PC_Generator__s15__seg_1780.4__real,0.66913265,1,0,unknown_real,realpool_real
teams_real,0,PC_Generator__s15__seg_1782.4__real,0.59760475,1,0,unknown_real,realpool_real
teams_real,0,PC_Generator__s15__seg_1784.4__real,0.64577466,1,0,unknown_real,realpool_real
teams_real,0,PC_Generator__s15__seg_1787.4__real,0.55609483,1,0,unknown_real,realpool_real
teams_real,0,PC_Generator__s15__seg_1788.4__real,0.53723800,1,0,unknown_real,realpool_real
teams_real,0,PC_Generator__s15__seg_1791.4__real,0.66251171,1,0,unknown_real,realpool_real
teams_real,0,PC_Generator__s15__seg_1793.4__real,0.63098794,1,0,unknown_real,realpool_real
teams_real,0,PC_Generator__s15__seg_1794.4__real,0.59195513,1,0,unknown_real,realpool_real
teams_real,0,PC_Generator__s15__seg_1797.4__real,0.61477935,1,0,unknown_real,realpool_real
teams_real,0,PC_Generator__s15__seg_1799.4__real,0.65557098,1,0,unknown_real,realpool_real
teams_real,0,PC_Generator__s15__seg_1800.4__real,0.67853427,1,0,unknown_real,realpool_real
teams_real,0,PC_Generator__s15__seg_1803.4__real,0.76508600,1,0,unknown_real,realpool_real
teams_real,0,PC_Generator__s15__seg_1805.4__real,0.66436702,1,0,unknown_real,realpool_real
teams_real,0,PC_Generator__s15__seg_1808.4__real,0.70793647,1,0,unknown_real,realpool_real
teams_real,0,PC_Generator__s15__seg_1810.4__real,0.62963104,1,0,unknown_real,realpool_real
teams_real,0,bla_bla_chow__s1__seg_0.0__real,0.65180463,1,0,unknown_real,realpool_real
teams_real,0,bla_bla_chow__s1__seg_1.0__real,0.51128876,1,0,unknown_real,realpool_real
teams_real,0,bla_bla_chow__s1__seg_10.0__real,0.55589852,1,0,unknown_real,realpool_real
teams_real,0,bla_bla_chow__s1__seg_11.0__real,0.58615822,1,0,unknown_real,realpool_real
teams_real,0,bla_bla_chow__s1__seg_13.0__real,0.63100100,1,0,unknown_real,realpool_real
teams_real,0,bla_bla_chow__s1__seg_14.0__real,0.63604105,1,0,unknown_real,realpool_real
teams_real,0,bla_bla_chow__s1__seg_15.0__real,0.54680151,1,0,unknown_real,realpool_real
teams_real,0,bla_bla_chow__s1__seg_16.0__real,0.57762909,1,0,unknown_real,realpool_real
teams_real,0,bla_bla_chow__s1__seg_17.0__real,0.66676605,1,0,unknown_real,realpool_real
teams_real,0,bla_bla_chow__s1__seg_18.0__real,0.62263221,1,0,unknown_real,realpool_real
teams_real,0,bla_bla_chow__s1__seg_2.0__real,0.59714568,1,0,unknown_real,realpool_real
teams_real,0,bla_bla_chow__s1__seg_20.0__real,0.55978608,1,0,unknown_real,realpool_real
teams_real,0,bla_bla_chow__s1__seg_21.0__real,0.58084834,1,0,unknown_real,realpool_real
teams_real,0,bla_bla_chow__s1__seg_23.0__real,0.59402514,1,0,unknown_real,realpool_real
teams_real,0,bla_bla_chow__s1__seg_24.0__real,0.53641123,1,0,unknown_real,realpool_real
teams_real,0,bla_bla_chow__s1__seg_25.0__real,0.59489530,1,0,unknown_real,realpool_real
teams_real,0,bla_bla_chow__s1__seg_26.0__real,0.64207357,1,0,unknown_real,realpool_real
teams_real,0,bla_bla_chow__s1__seg_27.0__real,0.62356508,1,0,unknown_real,realpool_real
teams_real,0,bla_bla_chow__s1__seg_28.0__real,0.64131409,1,0,unknown_real,realpool_real
teams_real,0,bla_bla_chow__s1__seg_29.0__real,0.60508698,1,0,unknown_real,realpool_real
teams_real,0,bla_bla_chow__s1__seg_3.0__real,0.48695895,0,1,unknown_real,realpool_real
teams_real,0,bla_bla_chow__s1__seg_31.0__real,0.59757730,1,0,unknown_real,realpool_real
teams_real,0,bla_bla_chow__s1__seg_32.0__real,0.49536765,0,1,unknown_real,realpool_real
teams_real,0,bla_bla_chow__s1__seg_33.0__real,0.43488929,0,1,unknown_real,realpool_real
teams_real,0,bla_bla_chow__s1__seg_35.0__real,0.55996859,1,0,unknown_real,realpool_real
teams_real,0,bla_bla_chow__s1__seg_37.0__real,0.59533370,1,0,unknown_real,realpool_real
teams_real,0,bla_bla_chow__s1__seg_38.0__real,0.63697678,1,0,unknown_real,realpool_real
teams_real,0,bla_bla_chow__s1__seg_39.0__real,0.61177665,1,0,unknown_real,realpool_real
teams_real,0,bla_bla_chow__s1__seg_4.0__real,0.68692279,1,0,unknown_real,realpool_real
teams_real,0,bla_bla_chow__s1__seg_40.0__real,0.68633705,1,0,unknown_real,realpool_real
teams_real,0,bla_bla_chow__s1__seg_41.0__real,0.67292815,1,0,unknown_real,realpool_real
teams_real,0,bla_bla_chow__s1__seg_43.0__real,0.67344677,1,0,unknown_real,realpool_real
teams_real,0,bla_bla_chow__s1__seg_44.0__real,0.55424458,1,0,unknown_real,realpool_real
teams_real,0,bla_bla_chow__s1__seg_45.0__real,0.56873834,1,0,unknown_real,realpool_real
teams_real,0,bla_bla_chow__s1__seg_47.0__real,0.68018806,1,0,unknown_real,realpool_real
teams_real,0,bla_bla_chow__s1__seg_48.0__real,0.51435077,1,0,unknown_real,realpool_real
teams_real,0,bla_bla_chow__s1__seg_49.0__real,0.62645262,1,0,unknown_real,realpool_real
teams_real,0,bla_bla_chow__s1__seg_5.0__real,0.60149288,1,0,unknown_real,realpool_real
teams_real,0,bla_bla_chow__s1__seg_50.0__real,0.63963050,1,0,unknown_real,realpool_real
teams_real,0,bla_bla_chow__s1__seg_51.0__real,0.63184935,1,0,unknown_real,realpool_real
teams_real,0,bla_bla_chow__s1__seg_52.0__real,0.61754227,1,0,unknown_real,realpool_real
teams_real,0,bla_bla_chow__s1__seg_53.0__real,0.67475104,1,0,unknown_real,realpool_real
teams_real,0,bla_bla_chow__s1__seg_54.0__real,0.61581975,1,0,unknown_real,realpool_real
teams_real,0,bla_bla_chow__s1__seg_55.0__real,0.57865030,1,0,unknown_real,realpool_real
teams_real,0,bla_bla_chow__s1__seg_57.0__real,0.57211047,1,0,unknown_real,realpool_real
teams_real,0,bla_bla_chow__s1__seg_58.0__real,0.54220849,1,0,unknown_real,realpool_real
teams_real,0,bla_bla_chow__s1__seg_59.0__real,0.66205055,1,0,unknown_real,realpool_real
teams_real,0,bla_bla_chow__s1__seg_6.0__real,0.66678333,1,0,unknown_real,realpool_real
teams_real,0,bla_bla_chow__s1__seg_60.0__real,0.63072819,1,0,unknown_real,realpool_real
teams_real,0,bla_bla_chow__s1__seg_61.0__real,0.61525208,1,0,unknown_real,realpool_real
teams_real,0,bla_bla_chow__s1__seg_62.0__real,0.60193145,1,0,unknown_real,realpool_real
teams_real,0,bla_bla_chow__s1__seg_63.0__real,0.68344045,1,0,unknown_real,realpool_real
teams_real,0,bla_bla_chow__s1__seg_64.0__real,0.58858335,1,0,unknown_real,realpool_real
teams_real,0,bla_bla_chow__s1__seg_65.0__real,0.57818758,1,0,unknown_real,realpool_real
teams_real,0,bla_bla_chow__s1__seg_67.0__real,0.59711659,1,0,unknown_real,realpool_real
teams_real,0,bla_bla_chow__s1__seg_68.0__real,0.69413489,1,0,unknown_real,realpool_real
teams_real,0,bla_bla_chow__s1__seg_69.0__real,0.61017787,1,0,unknown_real,realpool_real
teams_real,0,bla_bla_chow__s1__seg_7.0__real,0.47344157,0,1,unknown_real,realpool_real
teams_real,0,bla_bla_chow__s1__seg_70.0__real,0.60615480,1,0,unknown_real,realpool_real
teams_real,0,bla_bla_chow__s1__seg_8.0__real,0.61782908,1,0,unknown_real,realpool_real
teams_real,0,bla_bla_chow__s1__seg_9.0__real,0.56697667,1,0,unknown_real,realpool_real
teams_real,0,dor_shkedi__seq1001__real,0.54942149,1,0,unknown_real,realpool_real
teams_real,0,dor_shkedi__seq1008__real,0.58906722,1,0,unknown_real,realpool_real
teams_real,0,dor_shkedi__seq1014__real,0.59269530,1,0,unknown_real,realpool_real
teams_real,0,dor_shkedi__seq1027__real,0.52040404,1,0,unknown_real,realpool_real
teams_real,0,dor_shkedi__seq1028__real,0.56672269,1,0,unknown_real,realpool_real
teams_real,0,dor_shkedi__seq1029__real,0.49419674,0,1,unknown_real,realpool_real
teams_real,0,dor_shkedi__seq1034__real,0.60434610,1,0,unknown_real,realpool_real
teams_real,0,dor_shkedi__seq1044__real,0.54610509,1,0,unknown_real,realpool_real
teams_real,0,dor_shkedi__seq1045__real,0.45844662,0,1,unknown_real,realpool_real
teams_real,0,dor_shkedi__seq1046__real,0.48192936,0,1,unknown_real,realpool_real
teams_real,0,dor_shkedi__seq1049__real,0.60788792,1,0,unknown_real,realpool_real
teams_real,0,dor_shkedi__seq1051__real,0.56246758,1,0,unknown_real,realpool_real
teams_real,0,dor_shkedi__seq1055__real,0.53260732,1,0,unknown_real,realpool_real
teams_real,0,dor_shkedi__seq1063__real,0.58175212,1,0,unknown_real,realpool_real
teams_real,0,dor_shkedi__seq1064__real,0.54088372,1,0,unknown_real,realpool_real
teams_real,0,dor_shkedi__seq1069__real,0.59603274,1,0,unknown_real,realpool_real
teams_real,0,dor_shkedi__seq1075__real,0.49526638,0,1,unknown_real,realpool_real
teams_real,0,dor_shkedi__seq1076__real,0.58519840,1,0,unknown_real,realpool_real
teams_real,0,dor_shkedi__seq1082__real,0.60349715,1,0,unknown_real,realpool_real
teams_real,0,dor_shkedi__seq1088__real,0.50410193,1,0,unknown_real,realpool_real
teams_real,0,dor_shkedi__seq1089__real,0.50545567,1,0,unknown_real,realpool_real
teams_real,0,dor_shkedi__seq1091__real,0.48219568,0,1,unknown_real,realpool_real
teams_real,0,dor_shkedi__seq1101__real,0.40676630,0,1,unknown_real,realpool_real
teams_real,0,dor_shkedi__seq1108__real,0.66066402,1,0,unknown_real,realpool_real
teams_real,0,dor_shkedi__seq1114__real,0.76304913,1,0,unknown_real,realpool_real
teams_real,0,dor_shkedi__seq1117__real,0.62257910,1,0,unknown_real,realpool_real
teams_real,0,dor_shkedi__seq1121__real,0.74876076,1,0,unknown_real,realpool_real
teams_real,0,dor_shkedi__seq1124__real,0.56826150,1,0,unknown_real,realpool_real
teams_real,0,dor_shkedi__seq1126__real,0.50759208,1,0,unknown_real,realpool_real
teams_real,0,dor_shkedi__seq1127__real,0.52007121,1,0,unknown_real,realpool_real
teams_real,0,dor_shkedi__seq1130__real,0.83015907,1,0,unknown_real,realpool_real
teams_real,0,dor_shkedi__seq1136__real,0.70181549,1,0,unknown_real,realpool_real
teams_real,0,dor_shkedi__seq1142__real,0.53580189,1,0,unknown_real,realpool_real
teams_real,0,dor_shkedi__seq1143__real,0.56075597,1,0,unknown_real,realpool_real
teams_real,0,dor_shkedi__seq1144__real,0.50449145,1,0,unknown_real,realpool_real
teams_real,0,dor_shkedi__seq1154__real,0.58241153,1,0,unknown_real,realpool_real
teams_real,0,dor_shkedi__seq1172__real,0.71633333,1,0,unknown_real,realpool_real
teams_real,0,dor_shkedi__seq1178__real,0.63090879,1,0,unknown_real,realpool_real
teams_real,0,dor_shkedi__seq1179__real,0.53287196,1,0,unknown_real,realpool_real
teams_real,0,dor_shkedi__seq1182__real,0.56246680,1,0,unknown_real,realpool_real
teams_real,0,dor_shkedi__seq1184__real,0.74897337,1,0,unknown_real,realpool_real
teams_real,0,dor_shkedi__seq1191__real,0.55940342,1,0,unknown_real,realpool_real
teams_real,0,dor_shkedi__seq1192__real,0.59375373,1,0,unknown_real,realpool_real
teams_real,0,dor_shkedi__seq1202__real,0.55222690,1,0,unknown_real,realpool_real
teams_real,0,dor_shkedi__seq1214__real,0.69908482,1,0,unknown_real,realpool_real
teams_real,0,dor_shkedi__seq1226__real,0.56513751,1,0,unknown_real,realpool_real
teams_real,0,dor_shkedi__seq1227__real,0.56703514,1,0,unknown_real,realpool_real
teams_real,0,dor_shkedi__seq1228__real,0.54261720,1,0,unknown_real,realpool_real
teams_real,0,dor_shkedi__seq1229__real,0.58894786,1,0,unknown_real,realpool_real
teams_real,0,dor_shkedi__seq1235__real,0.70438427,1,0,unknown_real,realpool_real
teams_real,0,dor_shkedi__seq1253__real,0.50400013,1,0,unknown_real,realpool_real
teams_real,0,dor_shkedi__seq1254__real,0.47618020,0,1,unknown_real,realpool_real
teams_real,0,dor_shkedi__seq1255__real,0.51112604,1,0,unknown_real,realpool_real
teams_real,0,dor_shkedi__seq1259__real,0.71854907,1,0,unknown_real,realpool_real
teams_real,0,dor_shkedi__seq1262__real,0.48289838,0,1,unknown_real,realpool_real
teams_real,0,dor_shkedi__seq1272__real,0.40670592,0,1,unknown_real,realpool_real
teams_real,0,dor_shkedi__seq1273__real,0.48924291,0,1,unknown_real,realpool_real
teams_real,0,dor_shkedi__seq1275__real,0.61230302,1,0,unknown_real,realpool_real
teams_real,0,dor_shkedi__seq1284__real,0.38758865,0,1,unknown_real,realpool_real
teams_real,0,dor_shkedi__seq1288__real,0.68668634,1,0,unknown_real,realpool_real
teams_real,0,dor_shkedi__seq1292__real,0.64063698,1,0,unknown_real,realpool_real
teams_real,0,dor_shkedi__seq1304__real,0.55750221,1,0,unknown_real,realpool_real
teams_real,0,dor_shkedi__seq1305__real,0.53728700,1,0,unknown_real,realpool_real
teams_real,0,dor_shkedi__seq1306__real,0.48089370,0,1,unknown_real,realpool_real
teams_real,0,dor_shkedi__seq1307__real,0.47032535,0,1,unknown_real,realpool_real
teams_real,0,dor_shkedi__seq1319__real,0.59737617,1,0,unknown_real,realpool_real
teams_real,0,dor_shkedi__seq1330__real,0.45782855,0,1,unknown_real,realpool_real
teams_real,0,dor_shkedi__seq1331__real,0.45547354,0,1,unknown_real,realpool_real
teams_real,0,dor_shkedi__seq1332__real,0.48170951,0,1,unknown_real,realpool_real
teams_real,0,dor_shkedi__seq1333__real,0.43596065,0,1,unknown_real,realpool_real
teams_real,0,dor_shkedi__seq1340__real,0.61831015,1,0,unknown_real,realpool_real
teams_real,0,dor_shkedi__seq1344__real,0.65240753,1,0,unknown_real,realpool_real
teams_real,0,dor_shkedi__seq13581__real,0.65839124,1,0,unknown_real,realpool_real
teams_real,0,dor_shkedi__seq13595__real,0.65936720,1,0,unknown_real,realpool_real
teams_real,0,dor_shkedi__seq13599__real,0.65076029,1,0,unknown_real,realpool_real
teams_real,0,dor_shkedi__seq1360__real,0.47699946,0,1,unknown_real,realpool_real
teams_real,0,dor_shkedi__seq13610__real,0.69173247,1,0,unknown_real,realpool_real
teams_real,0,dor_shkedi__seq13615__real,0.67683059,1,0,unknown_real,realpool_real
teams_real,0,dor_shkedi__seq13649__real,0.63866842,1,0,unknown_real,realpool_real
teams_real,0,dor_shkedi__seq13665__real,0.64475828,1,0,unknown_real,realpool_real
teams_real,0,dor_shkedi__seq13667__real,0.65303969,1,0,unknown_real,realpool_real
teams_real,0,dor_shkedi__seq13701__real,0.57098627,1,0,unknown_real,realpool_real
teams_real,0,dor_shkedi__seq13706__real,0.56455725,1,0,unknown_real,realpool_real
teams_real,0,dor_shkedi__seq1372__real,0.67464900,1,0,unknown_real,realpool_real
teams_real,0,dor_shkedi__seq13740__real,0.66597140,1,0,unknown_real,realpool_real
teams_real,0,dor_shkedi__seq13745__real,0.60475481,1,0,unknown_real,realpool_real
teams_real,0,dor_shkedi__seq13749__real,0.63002384,1,0,unknown_real,realpool_real
teams_real,0,dor_shkedi__seq13754__real,0.66298693,1,0,unknown_real,realpool_real
teams_real,0,dor_shkedi__seq1377__real,0.72043645,1,0,unknown_real,realpool_real
teams_real,0,dor_shkedi__seq13792__real,0.75961763,1,0,unknown_real,realpool_real
teams_real,0,dor_shkedi__seq13806__real,0.71792603,1,0,unknown_real,realpool_real
teams_real,0,dor_shkedi__seq1380__real,0.51037389,1,0,unknown_real,realpool_real
teams_real,0,dor_shkedi__seq1381__real,0.51010716,1,0,unknown_real,realpool_real
teams_real,0,dor_shkedi__seq1382__real,0.51535141,1,0,unknown_real,realpool_real
teams_real,0,dor_shkedi__seq13831__real,0.66647440,1,0,unknown_real,realpool_real
teams_real,0,dor_shkedi__seq1383__real,0.48320064,0,1,unknown_real,realpool_real
teams_real,0,dor_shkedi__seq13849__real,0.75936955,1,0,unknown_real,realpool_real
teams_real,0,dor_shkedi__seq13856__real,0.74786520,1,0,unknown_real,realpool_real
teams_real,0,dor_shkedi__seq13868__real,0.64682502,1,0,unknown_real,realpool_real
teams_real,0,dor_shkedi__seq13885__real,0.66191733,1,0,unknown_real,realpool_real
teams_real,0,dor_shkedi__seq13894__real,0.64344454,1,0,unknown_real,realpool_real
teams_real,0,dor_shkedi__seq13921__real,0.64067662,1,0,unknown_real,realpool_real
teams_real,0,dor_shkedi__seq13940__real,0.67144132,1,0,unknown_real,realpool_real
teams_real,0,dor_shkedi__seq13956__real,0.71153510,1,0,unknown_real,realpool_real
teams_real,0,dor_shkedi__seq13977__real,0.68578720,1,0,unknown_real,realpool_real
teams_real,0,dor_shkedi__seq13983__real,0.74612725,1,0,unknown_real,realpool_real
teams_real,0,dor_shkedi__seq13995__real,0.62987196,1,0,unknown_real,realpool_real
teams_real,0,dor_shkedi__seq14010__real,0.65184748,1,0,unknown_real,realpool_real
teams_real,0,dor_shkedi__seq14016__real,0.65245253,1,0,unknown_real,realpool_real
teams_real,0,dor_shkedi__seq14040__real,0.60055047,1,0,unknown_real,realpool_real
teams_real,0,dor_shkedi__seq14059__real,0.60490006,1,0,unknown_real,realpool_real
teams_real,0,dor_shkedi__seq14077__real,0.58469903,1,0,unknown_real,realpool_real
teams_real,0,dor_shkedi__seq1408__real,0.58562952,1,0,unknown_real,realpool_real
teams_real,0,dor_shkedi__seq14097__real,0.61145520,1,0,unknown_real,realpool_real
teams_real,0,dor_shkedi__seq1412__real,0.57662302,1,0,unknown_real,realpool_real
teams_real,0,dor_shkedi__seq1414__real,0.59484529,1,0,unknown_real,realpool_real
teams_real,0,dor_shkedi__seq1415__real,0.57783341,1,0,unknown_real,realpool_real
teams_real,0,dor_shkedi__seq1422__real,0.61776984,1,0,unknown_real,realpool_real
teams_real,0,dor_shkedi__seq1429__real,0.60821444,1,0,unknown_real,realpool_real
teams_real,0,dor_shkedi__seq1430__real,0.56672353,1,0,unknown_real,realpool_real
teams_real,0,dor_shkedi__seq1431__real,0.58966553,1,0,unknown_real,realpool_real
teams_real,0,dor_shkedi__seq1432__real,0.59074122,1,0,unknown_real,realpool_real
teams_real,0,dor_shkedi__seq1436__real,0.54884547,1,0,unknown_real,realpool_real
teams_real,0,dor_shkedi__seq1439__real,0.57776839,1,0,unknown_real,realpool_real
teams_real,0,dor_shkedi__seq1463__real,0.49538490,0,1,unknown_real,realpool_real
teams_real,0,dor_shkedi__seq1467__real,0.67244118,1,0,unknown_real,realpool_real
teams_real,0,dor_shkedi__seq1479__real,0.64839727,1,0,unknown_real,realpool_real
teams_real,0,dor_shkedi__seq1483__real,0.50398237,1,0,unknown_real,realpool_real
teams_real,0,dor_shkedi__seq1486__real,0.57943845,1,0,unknown_real,realpool_real
teams_real,0,dor_shkedi__seq1487__real,0.51335585,1,0,unknown_real,realpool_real
teams_real,0,dor_shkedi__seq1490__real,0.54370558,1,0,unknown_real,realpool_real
teams_real,0,dor_shkedi__seq1500__real,0.66098034,1,0,unknown_real,realpool_real
teams_real,0,dor_shkedi__seq1508__real,0.54443997,1,0,unknown_real,realpool_real
teams_real,0,dor_shkedi__seq1509__real,0.56572831,1,0,unknown_real,realpool_real
teams_real,0,dor_shkedi__seq1510__real,0.51096874,1,0,unknown_real,realpool_real
teams_real,0,dor_shkedi__seq1517__real,0.66989106,1,0,unknown_real,realpool_real
teams_real,0,dor_shkedi__seq1541__real,0.77637321,1,0,unknown_real,realpool_real
teams_real,0,dor_shkedi__seq1542__real,0.72453505,1,0,unknown_real,realpool_real
teams_real,0,dor_shkedi__seq1543__real,0.72170329,1,0,unknown_real,realpool_real
teams_real,0,dor_shkedi__seq1544__real,0.71828008,1,0,unknown_real,realpool_real
teams_real,0,dor_shkedi__seq1573__real,0.59178442,1,0,unknown_real,realpool_real
teams_real,0,dor_shkedi__seq1594__real,0.52171367,1,0,unknown_real,realpool_real
teams_real,0,dor_shkedi__seq1595__real,0.49609971,0,1,unknown_real,realpool_real
teams_real,0,dor_shkedi__seq1597__real,0.53979242,1,0,unknown_real,realpool_real
teams_real,0,dor_shkedi__seq1613__real,0.73931408,1,0,unknown_real,realpool_real
teams_real,0,dor_shkedi__seq1614__real,0.63933134,1,0,unknown_real,realpool_real
teams_real,0,dor_shkedi__seq1615__real,0.58643347,1,0,unknown_real,realpool_real
teams_real,0,dor_shkedi__seq1623__real,0.72564560,1,0,unknown_real,realpool_real
teams_real,0,dor_shkedi__seq1624__real,0.65841824,1,0,unknown_real,realpool_real
teams_real,0,dor_shkedi__seq1628__real,0.75262660,1,0,unknown_real,realpool_real
teams_real,0,dor_shkedi__seq1635__real,0.66486531,1,0,unknown_real,realpool_real
teams_real,0,dor_shkedi__seq1646__real,0.62830359,1,0,unknown_real,realpool_real
teams_real,0,dor_shkedi__seq1659__real,0.65833580,1,0,unknown_real,realpool_real
teams_real,0,dor_shkedi__seq1669__real,0.46328446,0,1,unknown_real,realpool_real
teams_real,0,dor_shkedi__seq1670__real,0.43800235,0,1,unknown_real,realpool_real
teams_real,0,dor_shkedi__seq1671__real,0.45853570,0,1,unknown_real,realpool_real
teams_real,0,dor_shkedi__seq1676__real,0.58824468,1,0,unknown_real,realpool_real
teams_real,0,dor_shkedi__seq1680__real,0.59321827,1,0,unknown_real,realpool_real
teams_real,0,dor_shkedi__seq1687__real,0.63568026,1,0,unknown_real,realpool_real
teams_real,0,dor_shkedi__seq1688__real,0.55805930,1,0,unknown_real,realpool_real
teams_real,0,dor_shkedi__seq1689__real,0.66045386,1,0,unknown_real,realpool_real
teams_real,0,dor_shkedi__seq1694__real,0.59088880,1,0,unknown_real,realpool_real
teams_real,0,dor_shkedi__seq1699__real,0.52020586,1,0,unknown_real,realpool_real
teams_real,0,dor_shkedi__seq1702__real,0.54367751,1,0,unknown_real,realpool_real
teams_real,0,dor_shkedi__seq1706__real,0.60425520,1,0,unknown_real,realpool_real
teams_real,0,dor_shkedi__seq1710__real,0.60939348,1,0,unknown_real,realpool_real
teams_real,0,dor_shkedi__seq1722__real,0.61901492,1,0,unknown_real,realpool_real
teams_real,0,dor_shkedi__seq1723__real,0.52085871,1,0,unknown_real,realpool_real
teams_real,0,dor_shkedi__seq1724__real,0.59571910,1,0,unknown_real,realpool_real
teams_real,0,dor_shkedi__seq1726__real,0.52136844,1,0,unknown_real,realpool_real
teams_real,0,dor_shkedi__seq1740__real,0.62371409,1,0,unknown_real,realpool_real
teams_real,0,dor_shkedi__seq1742__real,0.58699739,1,0,unknown_real,realpool_real
teams_real,0,dor_shkedi__seq1747__real,0.58504671,1,0,unknown_real,realpool_real
teams_real,0,dor_shkedi__seq1751__real,0.48854619,0,1,unknown_real,realpool_real
teams_real,0,dor_shkedi__seq1752__real,0.49839485,0,1,unknown_real,realpool_real
teams_real,0,dor_shkedi__seq1753__real,0.52064985,1,0,unknown_real,realpool_real
teams_real,0,dor_shkedi__seq1754__real,0.57966927,1,0,unknown_real,realpool_real
teams_real,0,dor_shkedi__seq1757__real,0.59170783,1,0,unknown_real,realpool_real
teams_real,0,dor_shkedi__seq1759__real,0.61037552,1,0,unknown_real,realpool_real
teams_real,0,dor_shkedi__seq1761__real,0.59943837,1,0,unknown_real,realpool_real
teams_real,0,dor_shkedi__seq1784__real,0.49980107,0,1,unknown_real,realpool_real
teams_real,0,dor_shkedi__seq1788__real,0.65693945,1,0,unknown_real,realpool_real
teams_real,0,dor_shkedi__seq1793__real,0.59946662,1,0,unknown_real,realpool_real
teams_real,0,dor_shkedi__seq1794__real,0.64230591,1,0,unknown_real,realpool_real
teams_real,0,dor_shkedi__seq1805__real,0.56608403,1,0,unknown_real,realpool_real
teams_real,0,dor_shkedi__seq1806__real,0.58876061,1,0,unknown_real,realpool_real
teams_real,0,dor_shkedi__seq1808__real,0.51114559,1,0,unknown_real,realpool_real
teams_real,0,dor_shkedi__seq1809__real,0.68716282,1,0,unknown_real,realpool_real
teams_real,0,dor_shkedi__seq1810__real,0.62393445,1,0,unknown_real,realpool_real
teams_real,0,dor_shkedi__seq1814__real,0.50375134,1,0,unknown_real,realpool_real
teams_real,0,dor_shkedi__seq1821__real,0.64101923,1,0,unknown_real,realpool_real
teams_real,0,dor_shkedi__seq1831__real,0.56525022,1,0,unknown_real,realpool_real
teams_real,0,dor_shkedi__seq1840__real,0.50358337,1,0,unknown_real,realpool_real
teams_real,0,dor_shkedi__seq1844__real,0.55753100,1,0,unknown_real,realpool_real
teams_real,0,dor_shkedi__seq1851__real,0.63994795,1,0,unknown_real,realpool_real
teams_real,0,dor_shkedi__seq1856__real,0.66348791,1,0,unknown_real,realpool_real
teams_real,0,dor_shkedi__seq1861__real,0.52311999,1,0,unknown_real,realpool_real
teams_real,0,dor_shkedi__seq1862__real,0.50729841,1,0,unknown_real,realpool_real
teams_real,0,dor_shkedi__seq1863__real,0.51868540,1,0,unknown_real,realpool_real
teams_real,0,dor_shkedi__seq1865__real,0.72067648,1,0,unknown_real,realpool_real
teams_real,0,dor_shkedi__seq1866__real,0.61026043,1,0,unknown_real,realpool_real
teams_real,0,dor_shkedi__seq1867__real,0.62240845,1,0,unknown_real,realpool_real
teams_real,0,dor_shkedi__seq1872__real,0.56526774,1,0,unknown_real,realpool_real
teams_real,0,dor_shkedi__seq1882__real,0.68718249,1,0,unknown_real,realpool_real
teams_real,0,dor_shkedi__seq1887__real,0.58966345,1,0,unknown_real,realpool_real
teams_real,0,dor_shkedi__seq1890__real,0.56959504,1,0,unknown_real,realpool_real
teams_real,0,dor_shkedi__seq1891__real,0.62256694,1,0,unknown_real,realpool_real
teams_real,0,dor_shkedi__seq1898__real,0.58311647,1,0,unknown_real,realpool_real
teams_real,0,dor_shkedi__seq1901__real,0.59369576,1,0,unknown_real,realpool_real
teams_real,0,dor_shkedi__seq1907__real,0.58059037,1,0,unknown_real,realpool_real
teams_real,0,dor_shkedi__seq1908__real,0.60926580,1,0,unknown_real,realpool_real
teams_real,0,dor_shkedi__seq1910__real,0.61499834,1,0,unknown_real,realpool_real
teams_real,0,dor_shkedi__seq1912__real,0.64367187,1,0,unknown_real,realpool_real
teams_real,0,dor_shkedi__seq1914__real,0.57448596,1,0,unknown_real,realpool_real
teams_real,0,dor_shkedi__seq1917__real,0.64696813,1,0,unknown_real,realpool_real
teams_real,0,dor_shkedi__seq1922__real,0.62029117,1,0,unknown_real,realpool_real
teams_real,0,dor_shkedi__seq1926__real,0.57214016,1,0,unknown_real,realpool_real
teams_real,0,dor_shkedi__seq1935__real,0.61701894,1,0,unknown_real,realpool_real
teams_real,0,dor_shkedi__seq1938__real,0.57007545,1,0,unknown_real,realpool_real
teams_real,0,dor_shkedi__seq1939__real,0.54599679,1,0,unknown_real,realpool_real
teams_real,0,dor_shkedi__seq1940__real,0.54651874,1,0,unknown_real,realpool_real
teams_real,0,dor_shkedi__seq1941__real,0.54730064,1,0,unknown_real,realpool_real
teams_real,0,dor_shkedi__seq1949__real,0.58315659,1,0,unknown_real,realpool_real
teams_real,0,dor_shkedi__seq1950__real,0.59984034,1,0,unknown_real,realpool_real
teams_real,0,dor_shkedi__seq1956__real,0.61944574,1,0,unknown_real,realpool_real
teams_real,0,dor_shkedi__seq1965__real,0.64374906,1,0,unknown_real,realpool_real
teams_real,0,dor_shkedi__seq1967__real,0.57780725,1,0,unknown_real,realpool_real
teams_real,0,dor_shkedi__seq1972__real,0.59385031,1,0,unknown_real,realpool_real
teams_real,0,dor_shkedi__seq1973__real,0.61777481,1,0,unknown_real,realpool_real
teams_real,0,dor_shkedi__seq1974__real,0.53077251,1,0,unknown_real,realpool_real
teams_real,0,dor_shkedi__seq1975__real,0.51797527,1,0,unknown_real,realpool_real
teams_real,0,dor_shkedi__seq1977__real,0.64807075,1,0,unknown_real,realpool_real
teams_real,0,dor_shkedi__seq1984__real,0.67697608,1,0,unknown_real,realpool_real
teams_real,0,dor_shkedi__seq1991__real,0.54582995,1,0,unknown_real,realpool_real
teams_real,0,dor_shkedi__seq1992__real,0.60816538,1,0,unknown_real,realpool_real
teams_real,0,dor_shkedi__seq1993__real,0.53886557,1,0,unknown_real,realpool_real
teams_real,0,dor_shkedi__seq2004__real,0.45217258,0,1,unknown_real,realpool_real
teams_real,0,dor_shkedi__seq2006__real,0.60005844,1,0,unknown_real,realpool_real
teams_real,0,dor_shkedi__seq2010__real,0.57514501,1,0,unknown_real,realpool_real
teams_real,0,dor_shkedi__seq2023__real,0.59831709,1,0,unknown_real,realpool_real
teams_real,0,dor_shkedi__seq2027__real,0.49710989,0,1,unknown_real,realpool_real
teams_real,0,dor_shkedi__seq2028__real,0.52929132,1,0,unknown_real,realpool_real
teams_real,0,dor_shkedi__seq2043__real,0.63572156,1,0,unknown_real,realpool_real
teams_real,0,dor_shkedi__seq2044__real,0.54517174,1,0,unknown_real,realpool_real
teams_real,0,dor_shkedi__seq2045__real,0.52843010,1,0,unknown_real,realpool_real
teams_real,0,dor_shkedi__seq2046__real,0.47617331,0,1,unknown_real,realpool_real
teams_real,0,dor_shkedi__seq2047__real,0.64873403,1,0,unknown_real,realpool_real
teams_real,0,dor_shkedi__seq2055__real,0.47890455,0,1,unknown_real,realpool_real
teams_real,0,dor_shkedi__seq2059__real,0.61663550,1,0,unknown_real,realpool_real
teams_real,0,dor_shkedi__seq2064__real,0.64278585,1,0,unknown_real,realpool_real
teams_real,0,dor_shkedi__seq2077__real,0.60967356,1,0,unknown_real,realpool_real
teams_real,0,dor_shkedi__seq2081__real,0.56527185,1,0,unknown_real,realpool_real
teams_real,0,dor_shkedi__seq2082__real,0.56453079,1,0,unknown_real,realpool_real
teams_real,0,dor_shkedi__seq2083__real,0.54372853,1,0,unknown_real,realpool_real
teams_real,0,dor_shkedi__seq2084__real,0.56818646,1,0,unknown_real,realpool_real
teams_real,0,dor_shkedi__seq2085__real,0.61818504,1,0,unknown_real,realpool_real
teams_real,0,dor_shkedi__seq2089__real,0.62010467,1,0,unknown_real,realpool_real
teams_real,0,dor_shkedi__seq2092__real,0.56958383,1,0,unknown_real,realpool_real
teams_real,0,dor_shkedi__seq2100__real,0.62898713,1,0,unknown_real,realpool_real
teams_real,0,dor_shkedi__seq2114__real,0.61624718,1,0,unknown_real,realpool_real
teams_real,0,dor_shkedi__seq2115__real,0.55433875,1,0,unknown_real,realpool_real
teams_real,0,dor_shkedi__seq2116__real,0.55433875,1,0,unknown_real,realpool_real
teams_real,0,dor_shkedi__seq2117__real,0.63470584,1,0,unknown_real,realpool_real
teams_real,0,dor_shkedi__seq2121__real,0.57718575,1,0,unknown_real,realpool_real
teams_real,0,dor_shkedi__seq2125__real,0.64965445,1,0,unknown_real,realpool_real
teams_real,0,dor_shkedi__seq2131__real,0.62590662,1,0,unknown_real,realpool_real
teams_real,0,dor_shkedi__seq2133__real,0.55147773,1,0,unknown_real,realpool_real
teams_real,0,dor_shkedi__seq2134__real,0.54022110,1,0,unknown_real,realpool_real
teams_real,0,dor_shkedi__seq2142__real,0.56765151,1,0,unknown_real,realpool_real
teams_real,0,dor_shkedi__seq2148__real,0.62337124,1,0,unknown_real,realpool_real
teams_real,0,dor_shkedi__seq2150__real,0.61550790,1,0,unknown_real,realpool_real
teams_real,0,dor_shkedi__seq2151__real,0.58603489,1,0,unknown_real,realpool_real
teams_real,0,dor_shkedi__seq2163__real,0.50858319,1,0,unknown_real,realpool_real
teams_real,0,dor_shkedi__seq2165__real,0.55032986,1,0,unknown_real,realpool_real
teams_real,0,dor_shkedi__seq2179__real,0.45479986,0,1,unknown_real,realpool_real
teams_real,0,dor_shkedi__seq2180__real,0.52683368,1,0,unknown_real,realpool_real
teams_real,0,dor_shkedi__seq2182__real,0.53737992,1,0,unknown_real,realpool_real
teams_real,0,dor_shkedi__seq2185__real,0.61277580,1,0,unknown_real,realpool_real
teams_real,0,dor_shkedi__seq2191__real,0.54860562,1,0,unknown_real,realpool_real
teams_real,0,dor_shkedi__seq2192__real,0.59727126,1,0,unknown_real,realpool_real
teams_real,0,dor_shkedi__seq2193__real,0.50616097,1,0,unknown_real,realpool_real
teams_real,0,dor_shkedi__seq2204__real,0.61900961,1,0,unknown_real,realpool_real
teams_real,0,dor_shkedi__seq2217__real,0.47920978,0,1,unknown_real,realpool_real
teams_real,0,dor_shkedi__seq2223__real,0.59586704,1,0,unknown_real,realpool_real
teams_real,0,dor_shkedi__seq2229__real,0.64407164,1,0,unknown_real,realpool_real
teams_real,0,dor_shkedi__seq2235__real,0.56669700,1,0,unknown_real,realpool_real
teams_real,0,dor_shkedi__seq2236__real,0.57198966,1,0,unknown_real,realpool_real
teams_real,0,dor_shkedi__seq2237__real,0.59821028,1,0,unknown_real,realpool_real
teams_real,0,dor_shkedi__seq2240__real,0.64528447,1,0,unknown_real,realpool_real
teams_real,0,dor_shkedi__seq2244__real,0.58689028,1,0,unknown_real,realpool_real
teams_real,0,dor_shkedi__seq2246__real,0.48941299,0,1,unknown_real,realpool_real
teams_real,0,dor_shkedi__seq2254__real,0.54817514,1,0,unknown_real,realpool_real
teams_real,0,dor_shkedi__seq2255__real,0.46862021,0,1,unknown_real,realpool_real
teams_real,0,dor_shkedi__seq2266__real,0.39429280,0,1,unknown_real,realpool_real
teams_real,0,dor_shkedi__seq2272__real,0.67593962,1,0,unknown_real,realpool_real
teams_real,0,dor_shkedi__seq2275__real,0.66417098,1,0,unknown_real,realpool_real
teams_real,0,dor_shkedi__seq2279__real,0.66129899,1,0,unknown_real,realpool_real
teams_real,0,dor_shkedi__seq2280__real,0.58195961,1,0,unknown_real,realpool_real
teams_real,0,dor_shkedi__seq2289__real,0.40598053,0,1,unknown_real,realpool_real
teams_real,0,dor_shkedi__seq2290__real,0.40188950,0,1,unknown_real,realpool_real
teams_real,0,dor_shkedi__seq2291__real,0.37717417,0,1,unknown_real,realpool_real
teams_real,0,dor_shkedi__seq2292__real,0.40070820,0,1,unknown_real,realpool_real
teams_real,0,dor_shkedi__seq2296__real,0.57899678,1,0,unknown_real,realpool_real
teams_real,0,dor_shkedi__seq2306__real,0.71251494,1,0,unknown_real,realpool_real
teams_real,0,dor_shkedi__seq2316__real,0.70312029,1,0,unknown_real,realpool_real
teams_real,0,dor_shkedi__seq2317__real,0.58006191,1,0,unknown_real,realpool_real
teams_real,0,dor_shkedi__seq2319__real,0.44410303,0,1,unknown_real,realpool_real
teams_real,0,dor_shkedi__seq2320__real,0.42090511,0,1,unknown_real,realpool_real
teams_real,0,dor_shkedi__seq2330__real,0.56879240,1,0,unknown_real,realpool_real
teams_real,0,dor_shkedi__seq2333__real,0.44024315,0,1,unknown_real,realpool_real
teams_real,0,dor_shkedi__seq2334__real,0.47267348,0,1,unknown_real,realpool_real
teams_real,0,dor_shkedi__seq2335__real,0.45151937,0,1,unknown_real,realpool_real
teams_real,0,dor_shkedi__seq2336__real,0.59308141,1,0,unknown_real,realpool_real
teams_real,0,dor_shkedi__seq2343__real,0.59813023,1,0,unknown_real,realpool_real
teams_real,0,dor_shkedi__seq2344__real,0.51631415,1,0,unknown_real,realpool_real
teams_real,0,dor_shkedi__seq2357__real,0.63586265,1,0,unknown_real,realpool_real
teams_real,0,dor_shkedi__seq2363__real,0.61042523,1,0,unknown_real,realpool_real
teams_real,0,dor_shkedi__seq2368__real,0.44410318,0,1,unknown_real,realpool_real
teams_real,0,dor_shkedi__seq2373__real,0.65847147,1,0,unknown_real,realpool_real
teams_real,0,dor_shkedi__seq2377__real,0.60467041,1,0,unknown_real,realpool_real
teams_real,0,dor_shkedi__seq2387__real,0.44959217,0,1,unknown_real,realpool_real
teams_real,0,dor_shkedi__seq2388__real,0.44173446,0,1,unknown_real,realpool_real
teams_real,0,dor_shkedi__seq2389__real,0.35376140,0,1,unknown_real,realpool_real
teams_real,0,dor_shkedi__seq2393__real,0.44097090,0,1,unknown_real,realpool_real
teams_real,0,dor_shkedi__seq2411__real,0.56884909,1,0,unknown_real,realpool_real
teams_real,0,dor_shkedi__seq2415__real,0.56068343,1,0,unknown_real,realpool_real
teams_real,0,dor_shkedi__seq2417__real,0.48649323,0,1,unknown_real,realpool_real
teams_real,0,dor_shkedi__seq2418__real,0.49655154,0,1,unknown_real,realpool_real
teams_real,0,dor_shkedi__seq2419__real,0.48929840,0,1,unknown_real,realpool_real
teams_real,0,dor_shkedi__seq2425__real,0.54945660,1,0,unknown_real,realpool_real
teams_real,0,dor_shkedi__seq2437__real,0.52986705,1,0,unknown_real,realpool_real
teams_real,0,dor_shkedi__seq2443__real,0.64200991,1,0,unknown_real,realpool_real
teams_real,0,dor_shkedi__seq2448__real,0.70818162,1,0,unknown_real,realpool_real
teams_real,0,dor_shkedi__seq2451__real,0.46642667,0,1,unknown_real,realpool_real
teams_real,0,dor_shkedi__seq2470__real,0.61787120,1,0,unknown_real,realpool_real
teams_real,0,dor_shkedi__seq2471__real,0.51723069,1,0,unknown_real,realpool_real
teams_real,0,dor_shkedi__seq2472__real,0.49715772,0,1,unknown_real,realpool_real
teams_real,0,dor_shkedi__seq2485__real,0.71175140,1,0,unknown_real,realpool_real
teams_real,0,dor_shkedi__seq2488__real,0.50998622,1,0,unknown_real,realpool_real
teams_real,0,dor_shkedi__seq2489__real,0.50827944,1,0,unknown_real,realpool_real
teams_real,0,dor_shkedi__seq2490__real,0.57350194,1,0,unknown_real,realpool_real
teams_real,0,dor_shkedi__seq2500__real,0.51489317,1,0,unknown_real,realpool_real
teams_real,0,dor_shkedi__seq2502__real,0.65271193,1,0,unknown_real,realpool_real
teams_real,0,dor_shkedi__seq2512__real,0.67678159,1,0,unknown_real,realpool_real
teams_real,0,dor_shkedi__seq2518__real,0.44733196,0,1,unknown_real,realpool_real
teams_real,0,dor_shkedi__seq2521__real,0.49432608,0,1,unknown_real,realpool_real
teams_real,0,dor_shkedi__seq2522__real,0.42819238,0,1,unknown_real,realpool_real
teams_real,0,dor_shkedi__seq2529__real,0.44583032,0,1,unknown_real,realpool_real
teams_real,0,dor_shkedi__seq2537__real,0.62066776,1,0,unknown_real,realpool_real
teams_real,0,dor_shkedi__seq2557__real,0.49159408,0,1,unknown_real,realpool_real
teams_real,0,dor_shkedi__seq2561__real,0.60941344,1,0,unknown_real,realpool_real
teams_real,0,dor_shkedi__seq2573__real,0.58476627,1,0,unknown_real,realpool_real
teams_real,0,dor_shkedi__seq2575__real,0.48448801,0,1,unknown_real,realpool_real
teams_real,0,dor_shkedi__seq2577__real,0.51286602,1,0,unknown_real,realpool_real
teams_real,0,dor_shkedi__seq2579__real,0.63042873,1,0,unknown_real,realpool_real
teams_real,0,dor_shkedi__seq2584__real,0.49672949,0,1,unknown_real,realpool_real
teams_real,0,dor_shkedi__seq2596__real,0.61566579,1,0,unknown_real,realpool_real
teams_real,0,dor_shkedi__seq2608__real,0.47862229,0,1,unknown_real,realpool_real
teams_real,0,dor_shkedi__seq2616__real,0.65140557,1,0,unknown_real,realpool_real
teams_real,0,dor_shkedi__seq2618__real,0.56012022,1,0,unknown_real,realpool_real
teams_real,0,dor_shkedi__seq2619__real,0.52981120,1,0,unknown_real,realpool_real
teams_real,0,dor_shkedi__seq2620__real,0.53808242,1,0,unknown_real,realpool_real
teams_real,0,dor_shkedi__seq2627__real,0.63472837,1,0,unknown_real,realpool_real
teams_real,0,dor_shkedi__seq2630__real,0.47912982,0,1,unknown_real,realpool_real
teams_real,0,dor_shkedi__seq2651__real,0.62857413,1,0,unknown_real,realpool_real
teams_real,0,dor_shkedi__seq2652__real,0.47706455,0,1,unknown_real,realpool_real
teams_real,0,dor_shkedi__seq2655__real,0.51205409,1,0,unknown_real,realpool_real
teams_real,0,dor_shkedi__seq2656__real,0.51467919,1,0,unknown_real,realpool_real
teams_real,0,dor_shkedi__seq2659__real,0.53069901,1,0,unknown_real,realpool_real
teams_real,0,dor_shkedi__seq2660__real,0.69803739,1,0,unknown_real,realpool_real
teams_real,0,dor_shkedi__seq2670__real,0.52536356,1,0,unknown_real,realpool_real
teams_real,0,dor_shkedi__seq2682__real,0.44854409,0,1,unknown_real,realpool_real
teams_real,0,dor_shkedi__seq2687__real,0.66245311,1,0,unknown_real,realpool_real
teams_real,0,dor_shkedi__seq2698__real,0.50541306,1,0,unknown_real,realpool_real
teams_real,0,dor_shkedi__seq2699__real,0.57514349,1,0,unknown_real,realpool_real
teams_real,0,dor_shkedi__seq2700__real,0.47537443,0,1,unknown_real,realpool_real
teams_real,0,dor_shkedi__seq2707__real,0.49160287,0,1,unknown_real,realpool_real
teams_real,0,dor_shkedi__seq2723__real,0.67997992,1,0,unknown_real,realpool_real
teams_real,0,dor_shkedi__seq2730__real,0.64197463,1,0,unknown_real,realpool_real
teams_real,0,dor_shkedi__seq2731__real,0.51937544,1,0,unknown_real,realpool_real
teams_real,0,dor_shkedi__seq2742__real,0.68355983,1,0,unknown_real,realpool_real
teams_real,0,dor_shkedi__seq2750__real,0.60834908,1,0,unknown_real,realpool_real
teams_real,0,dor_shkedi__seq2751__real,0.55589926,1,0,unknown_real,realpool_real
teams_real,0,dor_shkedi__seq2752__real,0.54890209,1,0,unknown_real,realpool_real
teams_real,0,dor_shkedi__seq2758__real,0.53862524,1,0,unknown_real,realpool_real
teams_real,0,dor_shkedi__seq2759__real,0.69957113,1,0,unknown_real,realpool_real
teams_real,0,dor_shkedi__seq2763__real,0.69465226,1,0,unknown_real,realpool_real
teams_real,0,dor_shkedi__seq2785__real,0.59634173,1,0,unknown_real,realpool_real
teams_real,0,dor_shkedi__seq2792__real,0.65121537,1,0,unknown_real,realpool_real
teams_real,0,dor_shkedi__seq2805__real,0.57968873,1,0,unknown_real,realpool_real
teams_real,0,dor_shkedi__seq2806__real,0.61758360,1,0,unknown_real,realpool_real
teams_real,0,dor_shkedi__seq2807__real,0.61675638,1,0,unknown_real,realpool_real
teams_real,0,dor_shkedi__seq2823__real,0.55733460,1,0,unknown_real,realpool_real
teams_real,0,dor_shkedi__seq2824__real,0.46667883,0,1,unknown_real,realpool_real
teams_real,0,dor_shkedi__seq2825__real,0.47337118,0,1,unknown_real,realpool_real
teams_real,0,dor_shkedi__seq2829__real,0.69315118,1,0,unknown_real,realpool_real
teams_real,0,dor_shkedi__seq2836__real,0.51502401,1,0,unknown_real,realpool_real
teams_real,0,dor_shkedi__seq2841__real,0.67082453,1,0,unknown_real,realpool_real
teams_real,0,dor_shkedi__seq2845__real,0.63835913,1,0,unknown_real,realpool_real
teams_real,0,dor_shkedi__seq2858__real,0.45645687,0,1,unknown_real,realpool_real
teams_real,0,dor_shkedi__seq2859__real,0.43471739,0,1,unknown_real,realpool_real
teams_real,0,dor_shkedi__seq2860__real,0.44308141,0,1,unknown_real,realpool_real
teams_real,0,dor_shkedi__seq2862__real,0.42042956,0,1,unknown_real,realpool_real
teams_real,0,dor_shkedi__seq2876__real,0.67181176,1,0,unknown_real,realpool_real
teams_real,0,dor_shkedi__seq2880__real,0.65145451,1,0,unknown_real,realpool_real
teams_real,0,dor_shkedi__seq2888__real,0.54327184,1,0,unknown_real,realpool_real
teams_real,0,dor_shkedi__seq2889__real,0.57578576,1,0,unknown_real,realpool_real
teams_real,0,dor_shkedi__seq2890__real,0.53422743,1,0,unknown_real,realpool_real
teams_real,0,dor_shkedi__seq2893__real,0.54257077,1,0,unknown_real,realpool_real
teams_real,0,dor_shkedi__seq2906__real,0.56779015,1,0,unknown_real,realpool_real
teams_real,0,dor_shkedi__seq2907__real,0.52394015,1,0,unknown_real,realpool_real
teams_real,0,dor_shkedi__seq2915__real,0.64394391,1,0,unknown_real,realpool_real
teams_real,0,dor_shkedi__seq2919__real,0.50369066,1,0,unknown_real,realpool_real
teams_real,0,dor_shkedi__seq2933__real,0.66551870,1,0,unknown_real,realpool_real
teams_real,0,dor_shkedi__seq2941__real,0.62422150,1,0,unknown_real,realpool_real
teams_real,0,dor_shkedi__seq2942__real,0.62406170,1,0,unknown_real,realpool_real
teams_real,0,dor_shkedi__seq2943__real,0.62571388,1,0,unknown_real,realpool_real
teams_real,0,dor_shkedi__seq2944__real,0.70076180,1,0,unknown_real,realpool_real
teams_real,0,dor_shkedi__seq2958__real,0.52154541,1,0,unknown_real,realpool_real
teams_real,0,dor_shkedi__seq2959__real,0.53087097,1,0,unknown_real,realpool_real
teams_real,0,dor_shkedi__seq2968__real,0.68123150,1,0,unknown_real,realpool_real
teams_real,0,dor_shkedi__seq2969__real,0.57343727,1,0,unknown_real,realpool_real
teams_real,0,dor_shkedi__seq2980__real,0.66215503,1,0,unknown_real,realpool_real
teams_real,0,dor_shkedi__seq2983__real,0.66534811,1,0,unknown_real,realpool_real
teams_real,0,dor_shkedi__seq2993__real,0.59225416,1,0,unknown_real,realpool_real
teams_real,0,dor_shkedi__seq2995__real,0.56295913,1,0,unknown_real,realpool_real
teams_real,0,dor_shkedi__seq3012__real,0.49420601,0,1,unknown_real,realpool_real
teams_real,0,dor_shkedi__seq3013__real,0.51145267,1,0,unknown_real,realpool_real
teams_real,0,dor_shkedi__seq3014__real,0.52255410,1,0,unknown_real,realpool_real
teams_real,0,dor_shkedi__seq3020__real,0.64551032,1,0,unknown_real,realpool_real
teams_real,0,dor_shkedi__seq3024__real,0.50155163,1,0,unknown_real,realpool_real
teams_real,0,dor_shkedi__seq3036__real,0.69579422,1,0,unknown_real,realpool_real
teams_real,0,dor_shkedi__seq3048__real,0.52975500,1,0,unknown_real,realpool_real
teams_real,0,dor_shkedi__seq3049__real,0.52975500,1,0,unknown_real,realpool_real
teams_real,0,dor_shkedi__seq3050__real,0.71980017,1,0,unknown_real,realpool_real
teams_real,0,dor_shkedi__seq3065__real,0.64619279,1,0,unknown_real,realpool_real
teams_real,0,dor_shkedi__seq3067__real,0.67335391,1,0,unknown_real,realpool_real
teams_real,0,dor_shkedi__seq3068__real,0.63350725,1,0,unknown_real,realpool_real
teams_real,0,dor_shkedi__seq3070__real,0.66372943,1,0,unknown_real,realpool_real
teams_real,0,dor_shkedi__seq3076__real,0.58084214,1,0,unknown_real,realpool_real
teams_real,0,dor_shkedi__seq3085__real,0.69193316,1,0,unknown_real,realpool_real
teams_real,0,dor_shkedi__seq3086__real,0.68351007,1,0,unknown_real,realpool_real
teams_real,0,dor_shkedi__seq3100__real,0.60089868,1,0,unknown_real,realpool_real
teams_real,0,dor_shkedi__seq3101__real,0.53990823,1,0,unknown_real,realpool_real
teams_real,0,dor_shkedi__seq3105__real,0.54035312,1,0,unknown_real,realpool_real
teams_real,0,dor_shkedi__seq3115__real,0.53349102,1,0,unknown_real,realpool_real
teams_real,0,dor_shkedi__seq3125__real,0.65294302,1,0,unknown_real,realpool_real
teams_real,0,dor_shkedi__seq3127__real,0.63767666,1,0,unknown_real,realpool_real
teams_real,0,dor_shkedi__seq3130__real,0.59361964,1,0,unknown_real,realpool_real
teams_real,0,dor_shkedi__seq3144__real,0.63412559,1,0,unknown_real,realpool_real
teams_real,0,dor_shkedi__seq3152__real,0.53907746,1,0,unknown_real,realpool_real
teams_real,0,dor_shkedi__seq3153__real,0.48450649,0,1,unknown_real,realpool_real
teams_real,0,dor_shkedi__seq3154__real,0.56697661,1,0,unknown_real,realpool_real
teams_real,0,dor_shkedi__seq3158__real,0.64497077,1,0,unknown_real,realpool_real
teams_real,0,dor_shkedi__seq3162__real,0.61340636,1,0,unknown_real,realpool_real
teams_real,0,dor_shkedi__seq3180__real,0.65681148,1,0,unknown_real,realpool_real
teams_real,0,dor_shkedi__seq3181__real,0.59503686,1,0,unknown_real,realpool_real
teams_real,0,dor_shkedi__seq3182__real,0.55239975,1,0,unknown_real,realpool_real
teams_real,0,dor_shkedi__seq3183__real,0.59060323,1,0,unknown_real,realpool_real
teams_real,0,dor_shkedi__seq3191__real,0.63964051,1,0,unknown_real,realpool_real
teams_real,0,dor_shkedi__seq3200__real,0.46150029,0,1,unknown_real,realpool_real
teams_real,0,dor_shkedi__seq3201__real,0.48852313,0,1,unknown_real,realpool_real
teams_real,0,dor_shkedi__seq3202__real,0.55916709,1,0,unknown_real,realpool_real
teams_real,0,dor_shkedi__seq3210__real,0.50001639,1,0,unknown_real,realpool_real
teams_real,0,dor_shkedi__seq3217__real,0.63790911,1,0,unknown_real,realpool_real
teams_real,0,dor_shkedi__seq3228__real,0.67556065,1,0,unknown_real,realpool_real
teams_real,0,dor_shkedi__seq3234__real,0.66015103,1,0,unknown_real,realpool_real
teams_real,0,dor_shkedi__seq3239__real,0.66230029,1,0,unknown_real,realpool_real
teams_real,0,dor_shkedi__seq3248__real,0.69128191,1,0,unknown_real,realpool_real
teams_real,0,dor_shkedi__seq3249__real,0.67892057,1,0,unknown_real,realpool_real
teams_real,0,dor_shkedi__seq3258__real,0.51402527,1,0,unknown_real,realpool_real
teams_real,0,dor_shkedi__seq3259__real,0.58869219,1,0,unknown_real,realpool_real
teams_real,0,dor_shkedi__seq3260__real,0.57726890,1,0,unknown_real,realpool_real
teams_real,0,dor_shkedi__seq3265__real,0.60398453,1,0,unknown_real,realpool_real
teams_real,0,dor_shkedi__seq3267__real,0.66228652,1,0,unknown_real,realpool_real
teams_real,0,dor_shkedi__seq3271__real,0.67444777,1,0,unknown_real,realpool_real
teams_real,0,dor_shkedi__seq3291__real,0.68150401,1,0,unknown_real,realpool_real
teams_real,0,dor_shkedi__seq3301__real,0.64032936,1,0,unknown_real,realpool_real
teams_real,0,dor_shkedi__seq3305__real,0.61519730,1,0,unknown_real,realpool_real
teams_real,0,dor_shkedi__seq3306__real,0.49984485,0,1,unknown_real,realpool_real
teams_real,0,dor_shkedi__seq3307__real,0.47842437,0,1,unknown_real,realpool_real
teams_real,0,dor_shkedi__seq3310__real,0.57674450,1,0,unknown_real,realpool_real
teams_real,0,dor_shkedi__seq3319__real,0.56602049,1,0,unknown_real,realpool_real
teams_real,0,dor_shkedi__seq3336__real,0.62665904,1,0,unknown_real,realpool_real
teams_real,0,dor_shkedi__seq3340__real,0.66545749,1,0,unknown_real,realpool_real
teams_real,0,dor_shkedi__seq3345__real,0.47278890,0,1,unknown_real,realpool_real
teams_real,0,dor_shkedi__seq3346__real,0.47278890,0,1,unknown_real,realpool_real
teams_real,0,dor_shkedi__seq3349__real,0.49919149,0,1,unknown_real,realpool_real
teams_real,0,dor_shkedi__seq3353__real,0.60228771,1,0,unknown_real,realpool_real
teams_real,0,dor_shkedi__seq3357__real,0.66294158,1,0,unknown_real,realpool_real
teams_real,0,dor_shkedi__seq3360__real,0.55346334,1,0,unknown_real,realpool_real
teams_real,0,dor_shkedi__seq3372__real,0.51111495,1,0,unknown_real,realpool_real
teams_real,0,dor_shkedi__seq3386__real,0.56365806,1,0,unknown_real,realpool_real
teams_real,0,dor_shkedi__seq3396__real,0.61402756,1,0,unknown_real,realpool_real
teams_real,0,dor_shkedi__seq3397__real,0.57409567,1,0,unknown_real,realpool_real
teams_real,0,dor_shkedi__seq3413__real,0.55053264,1,0,unknown_real,realpool_real
teams_real,0,dor_shkedi__seq3414__real,0.58751196,1,0,unknown_real,realpool_real
teams_real,0,dor_shkedi__seq3415__real,0.56486851,1,0,unknown_real,realpool_real
teams_real,0,dor_shkedi__seq3421__real,0.61162347,1,0,unknown_real,realpool_real
teams_real,0,dor_shkedi__seq3424__real,0.56883401,1,0,unknown_real,realpool_real
teams_real,0,dor_shkedi__seq3431__real,0.58951443,1,0,unknown_real,realpool_real
teams_real,0,dor_shkedi__seq3441__real,0.57165575,1,0,unknown_real,realpool_real
teams_real,0,dor_shkedi__seq3450__real,0.54290569,1,0,unknown_real,realpool_real
teams_real,0,dor_shkedi__seq3451__real,0.47968647,0,1,unknown_real,realpool_real
teams_real,0,dor_shkedi__seq3458__real,0.61191970,1,0,unknown_real,realpool_real
teams_real,0,dor_shkedi__seq3465__real,0.57708216,1,0,unknown_real,realpool_real
teams_real,0,dor_shkedi__seq3468__real,0.58291614,1,0,unknown_real,realpool_real
teams_real,0,dor_shkedi__seq3469__real,0.52888656,1,0,unknown_real,realpool_real
teams_real,0,dor_shkedi__seq3470__real,0.55021518,1,0,unknown_real,realpool_real
teams_real,0,dor_shkedi__seq3476__real,0.58604378,1,0,unknown_real,realpool_real
teams_real,0,dor_shkedi__seq3479__real,0.53409111,1,0,unknown_real,realpool_real
teams_real,0,dor_shkedi__seq3495__real,0.55354118,1,0,unknown_real,realpool_real
teams_real,0,dor_shkedi__seq3497__real,0.61407804,1,0,unknown_real,realpool_real
teams_real,0,dor_shkedi__seq3498__real,0.59225231,1,0,unknown_real,realpool_real
teams_real,0,dor_shkedi__seq3505__real,0.54960430,1,0,unknown_real,realpool_real
teams_real,0,dor_shkedi__seq3509__real,0.60176682,1,0,unknown_real,realpool_real
teams_real,0,dor_shkedi__seq3514__real,0.60960257,1,0,unknown_real,realpool_real
teams_real,0,dor_shkedi__seq3515__real,0.65584505,1,0,unknown_real,realpool_real
teams_real,0,dor_shkedi__seq3527__real,0.48080438,0,1,unknown_real,realpool_real
teams_real,0,dor_shkedi__seq3532__real,0.61426824,1,0,unknown_real,realpool_real
teams_real,0,dor_shkedi__seq3541__real,0.59580028,1,0,unknown_real,realpool_real
teams_real,0,dor_shkedi__seq3544__real,0.58057362,1,0,unknown_real,realpool_real
teams_real,0,dor_shkedi__seq3545__real,0.58832878,1,0,unknown_real,realpool_real
teams_real,0,dor_shkedi__seq3546__real,0.58115816,1,0,unknown_real,realpool_real
teams_real,0,dor_shkedi__seq3554__real,0.61724776,1,0,unknown_real,realpool_real
teams_real,0,dor_shkedi__seq3557__real,0.50948632,1,0,unknown_real,realpool_real
teams_real,0,dor_shkedi__seq3569__real,0.58216625,1,0,unknown_real,realpool_real
teams_real,0,dor_shkedi__seq3577__real,0.58683723,1,0,unknown_real,realpool_real
teams_real,0,dor_shkedi__seq3578__real,0.63508886,1,0,unknown_real,realpool_real
teams_real,0,dor_shkedi__seq3595__real,0.44253510,0,1,unknown_real,realpool_real
teams_real,0,dor_shkedi__seq3597__real,0.45070559,0,1,unknown_real,realpool_real
teams_real,0,dor_shkedi__seq3598__real,0.48242861,0,1,unknown_real,realpool_real
teams_real,0,dor_shkedi__seq3603__real,0.50944752,1,0,unknown_real,realpool_real
teams_real,0,dor_shkedi__seq3604__real,0.57127261,1,0,unknown_real,realpool_real
teams_real,0,dor_shkedi__seq360__real,0.48382863,0,1,unknown_real,realpool_real
teams_real,0,dor_shkedi__seq3619__real,0.59826010,1,0,unknown_real,realpool_real
teams_real,0,dor_shkedi__seq361__real,0.48040032,0,1,unknown_real,realpool_real
teams_real,0,dor_shkedi__seq3624__real,0.60185510,1,0,unknown_real,realpool_real
teams_real,0,dor_shkedi__seq3625__real,0.54158908,1,0,unknown_real,realpool_real
teams_real,0,dor_shkedi__seq3626__real,0.60451454,1,0,unknown_real,realpool_real
teams_real,0,dor_shkedi__seq3628__real,0.55356568,1,0,unknown_real,realpool_real
teams_real,0,dor_shkedi__seq362__real,0.43265563,0,1,unknown_real,realpool_real
teams_real,0,dor_shkedi__seq3640__real,0.59191203,1,0,unknown_real,realpool_real
teams_real,0,dor_shkedi__seq3652__real,0.42249796,0,1,unknown_real,realpool_real
teams_real,0,dor_shkedi__seq3653__real,0.46844709,0,1,unknown_real,realpool_real
teams_real,0,dor_shkedi__seq3656__real,0.53894460,1,0,unknown_real,realpool_real
teams_real,0,dor_shkedi__seq3657__real,0.56307596,1,0,unknown_real,realpool_real
teams_real,0,dor_shkedi__seq3666__real,0.54207084,1,0,unknown_real,realpool_real
teams_real,0,dor_shkedi__seq3676__real,0.58118773,1,0,unknown_real,realpool_real
teams_real,0,dor_shkedi__seq3689__real,0.56200385,1,0,unknown_real,realpool_real
teams_real,0,dor_shkedi__seq3695__real,0.56764680,1,0,unknown_real,realpool_real
teams_real,0,dor_shkedi__seq3696__real,0.58783329,1,0,unknown_real,realpool_real
teams_real,0,dor_shkedi__seq3697__real,0.59211874,1,0,unknown_real,realpool_real
teams_real,0,dor_shkedi__seq3698__real,0.65873486,1,0,unknown_real,realpool_real
teams_real,0,dor_shkedi__seq3701__real,0.60693061,1,0,unknown_real,realpool_real
teams_real,0,dor_shkedi__seq3719__real,0.47718316,0,1,unknown_real,realpool_real
teams_real,0,dor_shkedi__seq3720__real,0.53238809,1,0,unknown_real,realpool_real
teams_real,0,dor_shkedi__seq3721__real,0.51954401,1,0,unknown_real,realpool_real
teams_real,0,dor_shkedi__seq3724__real,0.60737222,1,0,unknown_real,realpool_real
teams_real,0,dor_shkedi__seq3727__real,0.62698287,1,0,unknown_real,realpool_real
teams_real,0,dor_shkedi__seq3729__real,0.55715060,1,0,unknown_real,realpool_real
teams_real,0,dor_shkedi__seq3753__real,0.56100613,1,0,unknown_real,realpool_real
teams_real,0,dor_shkedi__seq3757__real,0.65972543,1,0,unknown_real,realpool_real
teams_real,0,dor_shkedi__seq3760__real,0.64443976,1,0,unknown_real,realpool_real
teams_real,0,dor_shkedi__seq3773__real,0.66847187,1,0,unknown_real,realpool_real
teams_real,0,dor_shkedi__seq3774__real,0.61578584,1,0,unknown_real,realpool_real
teams_real,0,dor_shkedi__seq3775__real,0.59624493,1,0,unknown_real,realpool_real
teams_real,0,dor_shkedi__seq3784__real,0.52225059,1,0,unknown_real,realpool_real
teams_real,0,dor_shkedi__seq378__real,0.53035873,1,0,unknown_real,realpool_real
teams_real,0,dor_shkedi__seq3794__real,0.65992153,1,0,unknown_real,realpool_real
teams_real,0,dor_shkedi__seq3798__real,0.63742173,1,0,unknown_real,realpool_real
teams_real,0,dor_shkedi__seq379__real,0.52220792,1,0,unknown_real,realpool_real
teams_real,0,dor_shkedi__seq3805__real,0.52826697,1,0,unknown_real,realpool_real
teams_real,0,dor_shkedi__seq380__real,0.57218486,1,0,unknown_real,realpool_real
teams_real,0,dor_shkedi__seq3813__real,0.60275251,1,0,unknown_real,realpool_real
teams_real,0,dor_shkedi__seq3826__real,0.49378473,0,1,unknown_real,realpool_real
teams_real,0,dor_shkedi__seq3827__real,0.55224040,1,0,unknown_real,realpool_real
teams_real,0,dor_shkedi__seq3828__real,0.66693848,1,0,unknown_real,realpool_real
teams_real,0,dor_shkedi__seq3829__real,0.61882704,1,0,unknown_real,realpool_real
teams_real,0,dor_shkedi__seq3851__real,0.60307163,1,0,unknown_real,realpool_real
teams_real,0,dor_shkedi__seq3858__real,0.55808026,1,0,unknown_real,realpool_real
teams_real,0,dor_shkedi__seq3873__real,0.48606342,0,1,unknown_real,realpool_real
teams_real,0,dor_shkedi__seq3875__real,0.45290381,0,1,unknown_real,realpool_real
teams_real,0,dor_shkedi__seq3876__real,0.48396847,0,1,unknown_real,realpool_real
teams_real,0,dor_shkedi__seq3883__real,0.55683970,1,0,unknown_real,realpool_real
teams_real,0,dor_shkedi__seq3903__real,0.63353765,1,0,unknown_real,realpool_real
teams_real,0,dor_shkedi__seq3904__real,0.63486224,1,0,unknown_real,realpool_real
teams_real,0,dor_shkedi__seq3905__real,0.68412346,1,0,unknown_real,realpool_real
teams_real,0,dor_shkedi__seq3914__real,0.65735489,1,0,unknown_real,realpool_real
teams_real,0,dor_shkedi__seq3922__real,0.61256248,1,0,unknown_real,realpool_real
teams_real,0,dor_shkedi__seq3923__real,0.62059593,1,0,unknown_real,realpool_real
teams_real,0,dor_shkedi__seq392__real,0.54628527,1,0,unknown_real,realpool_real
teams_real,0,dor_shkedi__seq3932__real,0.57342875,1,0,unknown_real,realpool_real
teams_real,0,dor_shkedi__seq3933__real,0.59926045,1,0,unknown_real,realpool_real
teams_real,0,dor_shkedi__seq3934__real,0.56601447,1,0,unknown_real,realpool_real
teams_real,0,dor_shkedi__seq3935__real,0.59236658,1,0,unknown_real,realpool_real
teams_real,0,dor_shkedi__seq3959__real,0.52687615,1,0,unknown_real,realpool_real
teams_real,0,dor_shkedi__seq3979__real,0.61115801,1,0,unknown_real,realpool_real
teams_real,0,dor_shkedi__seq3980__real,0.56892717,1,0,unknown_real,realpool_real
teams_real,0,dor_shkedi__seq3981__real,0.58567786,1,0,unknown_real,realpool_real
teams_real,0,dor_shkedi__seq3986__real,0.60222131,1,0,unknown_real,realpool_real
teams_real,0,dor_shkedi__seq4015__real,0.58810461,1,0,unknown_real,realpool_real
teams_real,0,dor_shkedi__seq4017__real,0.56143731,1,0,unknown_real,realpool_real
teams_real,0,dor_shkedi__seq4018__real,0.60171437,1,0,unknown_real,realpool_real
teams_real,0,dor_shkedi__seq4034__real,0.55700362,1,0,unknown_real,realpool_real
teams_real,0,dor_shkedi__seq4035__real,0.52816075,1,0,unknown_real,realpool_real
teams_real,0,dor_shkedi__seq4036__real,0.52707541,1,0,unknown_real,realpool_real
teams_real,0,dor_shkedi__seq4042__real,0.62613505,1,0,unknown_real,realpool_real
teams_real,0,dor_shkedi__seq4067__real,0.56007719,1,0,unknown_real,realpool_real
teams_real,0,dor_shkedi__seq4069__real,0.55318123,1,0,unknown_real,realpool_real
teams_real,0,dor_shkedi__seq4086__real,0.64765894,1,0,unknown_real,realpool_real
teams_real,0,dor_shkedi__seq4087__real,0.64663029,1,0,unknown_real,realpool_real
teams_real,0,dor_shkedi__seq4088__real,0.65617961,1,0,unknown_real,realpool_real
teams_real,0,dor_shkedi__seq4096__real,0.55326986,1,0,unknown_real,realpool_real
teams_real,0,dor_shkedi__seq4119__real,0.61719573,1,0,unknown_real,realpool_real
teams_real,0,dor_shkedi__seq4139__real,0.59144688,1,0,unknown_real,realpool_real
teams_real,0,dor_shkedi__seq4140__real,0.58735830,1,0,unknown_real,realpool_real
teams_real,0,dor_shkedi__seq4141__real,0.57720292,1,0,unknown_real,realpool_real
teams_real,0,dor_shkedi__seq4149__real,0.57926124,1,0,unknown_real,realpool_real
teams_real,0,dor_shkedi__seq414__real,0.53999269,1,0,unknown_real,realpool_real
teams_real,0,dor_shkedi__seq4156__real,0.78386402,1,0,unknown_real,realpool_real
teams_real,0,dor_shkedi__seq4159__real,0.79658824,1,0,unknown_real,realpool_real
teams_real,0,dor_shkedi__seq415__real,0.58077246,1,0,unknown_real,realpool_real
teams_real,0,dor_shkedi__seq416__real,0.54745609,1,0,unknown_real,realpool_real
teams_real,0,dor_shkedi__seq4172__real,0.66213477,1,0,unknown_real,realpool_real
teams_real,0,dor_shkedi__seq4187__real,0.65322161,1,0,unknown_real,realpool_real
teams_real,0,dor_shkedi__seq4188__real,0.73300403,1,0,unknown_real,realpool_real
teams_real,0,dor_shkedi__seq4189__real,0.66356665,1,0,unknown_real,realpool_real
teams_real,0,dor_shkedi__seq4197__real,0.62286597,1,0,unknown_real,realpool_real
teams_real,0,dor_shkedi__seq419__real,0.53122717,1,0,unknown_real,realpool_real
teams_real,0,dor_shkedi__seq4219__real,0.68761188,1,0,unknown_real,realpool_real
teams_real,0,dor_shkedi__seq4220__real,0.67348278,1,0,unknown_real,realpool_real
teams_real,0,dor_shkedi__seq4221__real,0.54165959,1,0,unknown_real,realpool_real
teams_real,0,dor_shkedi__seq4238__real,0.64003503,1,0,unknown_real,realpool_real
teams_real,0,dor_shkedi__seq4239__real,0.54261631,1,0,unknown_real,realpool_real
teams_real,0,dor_shkedi__seq4240__real,0.61239511,1,0,unknown_real,realpool_real
teams_real,0,dor_shkedi__seq4246__real,0.63028342,1,0,unknown_real,realpool_real
teams_real,0,dor_shkedi__seq4273__real,0.59869730,1,0,unknown_real,realpool_real
teams_real,0,dor_shkedi__seq4291__real,0.64858532,1,0,unknown_real,realpool_real
teams_real,0,dor_shkedi__seq4292__real,0.65771711,1,0,unknown_real,realpool_real
teams_real,0,dor_shkedi__seq4293__real,0.58307868,1,0,unknown_real,realpool_real
teams_real,0,dor_shkedi__seq4295__real,0.58813363,1,0,unknown_real,realpool_real
teams_real,0,dor_shkedi__seq4318__real,0.49944881,0,1,unknown_real,realpool_real
teams_real,0,dor_shkedi__seq4319__real,0.60607487,1,0,unknown_real,realpool_real
teams_real,0,dor_shkedi__seq4336__real,0.62007058,1,0,unknown_real,realpool_real
teams_real,0,dor_shkedi__seq4337__real,0.80193865,1,0,unknown_real,realpool_real
teams_real,0,dor_shkedi__seq4338__real,0.79060411,1,0,unknown_real,realpool_real
teams_real,0,dor_shkedi__seq4349__real,0.74417007,1,0,unknown_real,realpool_real
teams_real,0,dor_shkedi__seq4372__real,0.59537941,1,0,unknown_real,realpool_real
teams_real,0,dor_shkedi__seq4373__real,0.58905768,1,0,unknown_real,realpool_real
teams_real,0,dor_shkedi__seq4374__real,0.71237957,1,0,unknown_real,realpool_real
teams_real,0,dor_shkedi__seq4390__real,0.71915185,1,0,unknown_real,realpool_real
teams_real,0,dor_shkedi__seq4391__real,0.61651582,1,0,unknown_real,realpool_real
teams_real,0,dor_shkedi__seq4392__real,0.62914473,1,0,unknown_real,realpool_real
teams_real,0,dor_shkedi__seq4400__real,0.69503427,1,0,unknown_real,realpool_real
teams_real,0,dor_shkedi__seq440__real,0.41591281,0,1,unknown_real,realpool_real
teams_real,0,dor_shkedi__seq4424__real,0.57563853,1,0,unknown_real,realpool_real
teams_real,0,dor_shkedi__seq442__real,0.46407303,0,1,unknown_real,realpool_real
teams_real,0,dor_shkedi__seq4437__real,0.67253399,1,0,unknown_real,realpool_real
teams_real,0,dor_shkedi__seq4438__real,0.60922045,1,0,unknown_real,realpool_real
teams_real,0,dor_shkedi__seq4439__real,0.53857118,1,0,unknown_real,realpool_real
teams_real,0,dor_shkedi__seq4448__real,0.42897198,0,1,unknown_real,realpool_real
teams_real,0,dor_shkedi__seq444__real,0.48369235,0,1,unknown_real,realpool_real
teams_real,0,dor_shkedi__seq4473__real,0.48682636,0,1,unknown_real,realpool_real
teams_real,0,dor_shkedi__seq4490__real,0.72565776,1,0,unknown_real,realpool_real
teams_real,0,dor_shkedi__seq4491__real,0.73889720,1,0,unknown_real,realpool_real
teams_real,0,dor_shkedi__seq4492__real,0.79634219,1,0,unknown_real,realpool_real
teams_real,0,dor_shkedi__seq4502__real,0.64953983,1,0,unknown_real,realpool_real
teams_real,0,dor_shkedi__seq4510__real,0.64529008,1,0,unknown_real,realpool_real
teams_real,0,dor_shkedi__seq4525__real,0.69847530,1,0,unknown_real,realpool_real
teams_real,0,dor_shkedi__seq4539__real,0.47714075,0,1,unknown_real,realpool_real
teams_real,0,dor_shkedi__seq4540__real,0.49903414,0,1,unknown_real,realpool_real
teams_real,0,dor_shkedi__seq4541__real,0.51347172,1,0,unknown_real,realpool_real
teams_real,0,dor_shkedi__seq4550__real,0.52711397,1,0,unknown_real,realpool_real
teams_real,0,dor_shkedi__seq4574__real,0.73319083,1,0,unknown_real,realpool_real
teams_real,0,dor_shkedi__seq4575__real,0.71593988,1,0,unknown_real,realpool_real
teams_real,0,dor_shkedi__seq4593__real,0.60255873,1,0,unknown_real,realpool_real
teams_real,0,dor_shkedi__seq4594__real,0.58958697,1,0,unknown_real,realpool_real
teams_real,0,dor_shkedi__seq4595__real,0.61068779,1,0,unknown_real,realpool_real
teams_real,0,dor_shkedi__seq459__real,0.48515499,0,1,unknown_real,realpool_real
teams_real,0,dor_shkedi__seq4600__real,0.51364458,1,0,unknown_real,realpool_real
teams_real,0,dor_shkedi__seq460__real,0.54448760,1,0,unknown_real,realpool_real
teams_real,0,dor_shkedi__seq461__real,0.48026788,0,1,unknown_real,realpool_real
teams_real,0,dor_shkedi__seq4623__real,0.65601808,1,0,unknown_real,realpool_real
teams_real,0,dor_shkedi__seq4624__real,0.61407715,1,0,unknown_real,realpool_real
teams_real,0,dor_shkedi__seq4625__real,0.59905940,1,0,unknown_real,realpool_real
teams_real,0,dor_shkedi__seq4639__real,0.66795141,1,0,unknown_real,realpool_real
teams_real,0,dor_shkedi__seq4640__real,0.54087573,1,0,unknown_real,realpool_real
teams_real,0,dor_shkedi__seq4648__real,0.49679613,0,1,unknown_real,realpool_real
teams_real,0,dor_shkedi__seq4649__real,0.60364509,1,0,unknown_real,realpool_real
teams_real,0,dor_shkedi__seq4650__real,0.57440478,1,0,unknown_real,realpool_real
teams_real,0,dor_shkedi__seq4651__real,0.54932797,1,0,unknown_real,realpool_real
teams_real,0,dor_shkedi__seq467__real,0.50884026,1,0,unknown_real,realpool_real
teams_real,0,dor_shkedi__seq4681__real,0.58618188,1,0,unknown_real,realpool_real
teams_real,0,dor_shkedi__seq4692__real,0.66450262,1,0,unknown_real,realpool_real
teams_real,0,dor_shkedi__seq4693__real,0.69309479,1,0,unknown_real,realpool_real
teams_real,0,dor_shkedi__seq4694__real,0.65650666,1,0,unknown_real,realpool_real
teams_real,0,dor_shkedi__seq4703__real,0.53762829,1,0,unknown_real,realpool_real
teams_real,0,dor_shkedi__seq4728__real,0.53707784,1,0,unknown_real,realpool_real
teams_real,0,dor_shkedi__seq4747__real,0.61106253,1,0,unknown_real,realpool_real
teams_real,0,dor_shkedi__seq4748__real,0.59740722,1,0,unknown_real,realpool_real
teams_real,0,dor_shkedi__seq4750__real,0.58627391,1,0,unknown_real,realpool_real
teams_real,0,dor_shkedi__seq4758__real,0.61262977,1,0,unknown_real,realpool_real
teams_real,0,dor_shkedi__seq4780__real,0.53511065,1,0,unknown_real,realpool_real
teams_real,0,dor_shkedi__seq4801__real,0.48262021,0,1,unknown_real,realpool_real
teams_real,0,dor_shkedi__seq4802__real,0.49795160,0,1,unknown_real,realpool_real
teams_real,0,dor_shkedi__seq4804__real,0.55681866,1,0,unknown_real,realpool_real
teams_real,0,dor_shkedi__seq4810__real,0.63864201,1,0,unknown_real,realpool_real
teams_real,0,dor_shkedi__seq4821__real,0.63501126,1,0,unknown_real,realpool_real
teams_real,0,dor_shkedi__seq4822__real,0.59289455,1,0,unknown_real,realpool_real
teams_real,0,dor_shkedi__seq4834__real,0.52890176,1,0,unknown_real,realpool_real
teams_real,0,dor_shkedi__seq4838__real,0.61175352,1,0,unknown_real,realpool_real
teams_real,0,dor_shkedi__seq4851__real,0.59048027,1,0,unknown_real,realpool_real
teams_real,0,dor_shkedi__seq4853__real,0.55588579,1,0,unknown_real,realpool_real
teams_real,0,dor_shkedi__seq4865__real,0.46893087,0,1,unknown_real,realpool_real
teams_real,0,dor_shkedi__seq4887__real,0.54901981,1,0,unknown_real,realpool_real
teams_real,0,dor_shkedi__seq4889__real,0.46540466,0,1,unknown_real,realpool_real
teams_real,0,dor_shkedi__seq4906__real,0.58831149,1,0,unknown_real,realpool_real
teams_real,0,dor_shkedi__seq4907__real,0.53263170,1,0,unknown_real,realpool_real
teams_real,0,dor_shkedi__seq4908__real,0.56214327,1,0,unknown_real,realpool_real
teams_real,0,dor_shkedi__seq4915__real,0.47475547,0,1,unknown_real,realpool_real
teams_real,0,dor_shkedi__seq492__real,0.40010118,0,1,unknown_real,realpool_real
teams_real,0,dor_shkedi__seq4938__real,0.56160450,1,0,unknown_real,realpool_real
teams_real,0,dor_shkedi__seq4941__real,0.54199976,1,0,unknown_real,realpool_real
teams_real,0,dor_shkedi__seq4942__real,0.47108993,0,1,unknown_real,realpool_real
teams_real,0,dor_shkedi__seq4948__real,0.59421223,1,0,unknown_real,realpool_real
teams_real,0,dor_shkedi__seq4975__real,0.55031145,1,0,unknown_real,realpool_real
teams_real,0,dor_shkedi__seq4992__real,0.52908343,1,0,unknown_real,realpool_real
teams_real,0,dor_shkedi__seq4993__real,0.51354480,1,0,unknown_real,realpool_real
teams_real,0,dor_shkedi__seq4995__real,0.56298953,1,0,unknown_real,realpool_real
teams_real,0,dor_shkedi__seq5011__real,0.52922416,1,0,unknown_real,realpool_real
teams_real,0,dor_shkedi__seq5012__real,0.56542963,1,0,unknown_real,realpool_real
teams_real,0,dor_shkedi__seq5013__real,0.54124707,1,0,unknown_real,realpool_real
teams_real,0,dor_shkedi__seq5023__real,0.48192316,0,1,unknown_real,realpool_real
teams_real,0,dor_shkedi__seq5045__real,0.60083884,1,0,unknown_real,realpool_real
teams_real,0,dor_shkedi__seq5049__real,0.64005804,1,0,unknown_real,realpool_real
teams_real,0,dor_shkedi__seq5066__real,0.59470683,1,0,unknown_real,realpool_real
teams_real,0,dor_shkedi__seq5067__real,0.63087887,1,0,unknown_real,realpool_real
teams_real,0,dor_shkedi__seq506__real,0.54582685,1,0,unknown_real,realpool_real
teams_real,0,dor_shkedi__seq507__real,0.62871724,1,0,unknown_real,realpool_real
teams_real,0,dor_shkedi__seq5081__real,0.56339246,1,0,unknown_real,realpool_real
teams_real,0,dor_shkedi__seq508__real,0.66686386,1,0,unknown_real,realpool_real
teams_real,0,dor_shkedi__seq5102__real,0.56542909,1,0,unknown_real,realpool_real
teams_real,0,dor_shkedi__seq5103__real,0.47414479,0,1,unknown_real,realpool_real
teams_real,0,dor_shkedi__seq5105__real,0.51385343,1,0,unknown_real,realpool_real
teams_real,0,dor_shkedi__seq5113__real,0.52230924,1,0,unknown_real,realpool_real
teams_real,0,dor_shkedi__seq5122__real,0.53677225,1,0,unknown_real,realpool_real
teams_real,0,dor_shkedi__seq5124__real,0.54804122,1,0,unknown_real,realpool_real
teams_real,0,dor_shkedi__seq5134__real,0.49225652,0,1,unknown_real,realpool_real
teams_real,0,dor_shkedi__seq5157__real,0.64065170,1,0,unknown_real,realpool_real
teams_real,0,dor_shkedi__seq5158__real,0.67082983,1,0,unknown_real,realpool_real
teams_real,0,dor_shkedi__seq5159__real,0.65256864,1,0,unknown_real,realpool_real
teams_real,0,dor_shkedi__seq515__real,0.50754178,1,0,unknown_real,realpool_real
teams_real,0,dor_shkedi__seq5160__real,0.68030697,1,0,unknown_real,realpool_real
teams_real,0,dor_shkedi__seq5184__real,0.54945761,1,0,unknown_real,realpool_real
teams_real,0,dor_shkedi__seq5203__real,0.56993967,1,0,unknown_real,realpool_real
teams_real,0,dor_shkedi__seq5204__real,0.60894817,1,0,unknown_real,realpool_real
teams_real,0,dor_shkedi__seq5205__real,0.55690843,1,0,unknown_real,realpool_real
teams_real,0,dor_shkedi__seq5213__real,0.57513547,1,0,unknown_real,realpool_real
teams_real,0,dor_shkedi__seq5238__real,0.58206689,1,0,unknown_real,realpool_real
teams_real,0,dor_shkedi__seq5258__real,0.51953232,1,0,unknown_real,realpool_real
teams_real,0,dor_shkedi__seq5259__real,0.51334560,1,0,unknown_real,realpool_real
teams_real,0,dor_shkedi__seq5260__real,0.50059938,1,0,unknown_real,realpool_real
teams_real,0,dor_shkedi__seq5266__real,0.58434772,1,0,unknown_real,realpool_real
teams_real,0,dor_shkedi__seq5275__real,0.53572899,1,0,unknown_real,realpool_real
teams_real,0,dor_shkedi__seq5276__real,0.57177210,1,0,unknown_real,realpool_real
teams_real,0,dor_shkedi__seq5289__real,0.47662911,0,1,unknown_real,realpool_real
teams_real,0,dor_shkedi__seq5305__real,0.57243145,1,0,unknown_real,realpool_real
teams_real,0,dor_shkedi__seq5306__real,0.55508441,1,0,unknown_real,realpool_real
teams_real,0,dor_shkedi__seq5307__real,0.52087098,1,0,unknown_real,realpool_real
teams_real,0,dor_shkedi__seq5316__real,0.49622306,0,1,unknown_real,realpool_real
teams_real,0,dor_shkedi__seq5340__real,0.45545816,0,1,unknown_real,realpool_real
teams_real,0,dor_shkedi__seq5341__real,0.48577678,0,1,unknown_real,realpool_real
teams_real,0,dor_shkedi__seq5342__real,0.45158988,0,1,unknown_real,realpool_real
teams_real,0,dor_shkedi__seq5346__real,0.56343502,1,0,unknown_real,realpool_real
teams_real,0,dor_shkedi__seq5358__real,0.58247685,1,0,unknown_real,realpool_real
teams_real,0,dor_shkedi__seq5359__real,0.60505807,1,0,unknown_real,realpool_real
teams_real,0,dor_shkedi__seq5372__real,0.52837920,1,0,unknown_real,realpool_real
teams_real,0,dor_shkedi__seq5395__real,0.67435980,1,0,unknown_real,realpool_real
teams_real,0,dor_shkedi__seq5396__real,0.65550470,1,0,unknown_real,realpool_real
teams_real,0,dor_shkedi__seq5397__real,0.65765953,1,0,unknown_real,realpool_real
teams_real,0,dor_shkedi__seq5398__real,0.65765953,1,0,unknown_real,realpool_real
teams_real,0,dor_shkedi__seq5427__real,0.56289732,1,0,unknown_real,realpool_real
teams_real,0,dor_shkedi__seq542__real,0.56335098,1,0,unknown_real,realpool_real
teams_real,0,dor_shkedi__seq543__real,0.54318702,1,0,unknown_real,realpool_real
teams_real,0,dor_shkedi__seq5443__real,0.60379690,1,0,unknown_real,realpool_real
teams_real,0,dor_shkedi__seq5445__real,0.51449293,1,0,unknown_real,realpool_real
teams_real,0,dor_shkedi__seq5447__real,0.55139214,1,0,unknown_real,realpool_real
teams_real,0,dor_shkedi__seq5455__real,0.60529542,1,0,unknown_real,realpool_real
teams_real,0,dor_shkedi__seq5481__real,0.56020194,1,0,unknown_real,realpool_real
teams_real,0,dor_shkedi__seq5500__real,0.56962818,1,0,unknown_real,realpool_real
teams_real,0,dor_shkedi__seq5501__real,0.60327244,1,0,unknown_real,realpool_real
teams_real,0,dor_shkedi__seq5502__real,0.54422534,1,0,unknown_real,realpool_real
teams_real,0,dor_shkedi__seq5506__real,0.60897630,1,0,unknown_real,realpool_real
teams_real,0,dor_shkedi__seq5527__real,0.65736806,1,0,unknown_real,realpool_real
teams_real,0,dor_shkedi__seq5528__real,0.62404698,1,0,unknown_real,realpool_real
teams_real,0,dor_shkedi__seq5529__real,0.69703948,1,0,unknown_real,realpool_real
teams_real,0,dor_shkedi__seq5537__real,0.58085412,1,0,unknown_real,realpool_real
teams_real,0,dor_shkedi__seq5560__real,0.58765715,1,0,unknown_real,realpool_real
teams_real,0,dor_shkedi__seq557__real,0.44109425,0,1,unknown_real,realpool_real
teams_real,0,dor_shkedi__seq5581__real,0.54431468,1,0,unknown_real,realpool_real
teams_real,0,dor_shkedi__seq5582__real,0.56716442,1,0,unknown_real,realpool_real
teams_real,0,dor_shkedi__seq5584__real,0.58454090,1,0,unknown_real,realpool_real
teams_real,0,dor_shkedi__seq558__real,0.53788298,1,0,unknown_real,realpool_real
teams_real,0,dor_shkedi__seq5592__real,0.60778260,1,0,unknown_real,realpool_real
teams_real,0,dor_shkedi__seq560__real,0.56008941,1,0,unknown_real,realpool_real
teams_real,0,dor_shkedi__seq5615__real,0.58051914,1,0,unknown_real,realpool_real
teams_real,0,dor_shkedi__seq5637__real,0.55404389,1,0,unknown_real,realpool_real
teams_real,0,dor_shkedi__seq5638__real,0.59630603,1,0,unknown_real,realpool_real
teams_real,0,dor_shkedi__seq5639__real,0.57331425,1,0,unknown_real,realpool_real
teams_real,0,dor_shkedi__seq5646__real,0.64977831,1,0,unknown_real,realpool_real
teams_real,0,dor_shkedi__seq5662__real,0.58123696,1,0,unknown_real,realpool_real
teams_real,0,dor_shkedi__seq5663__real,0.57449764,1,0,unknown_real,realpool_real
teams_real,0,dor_shkedi__seq5664__real,0.60425919,1,0,unknown_real,realpool_real
teams_real,0,dor_shkedi__seq5671__real,0.53460711,1,0,unknown_real,realpool_real
teams_real,0,dor_shkedi__seq5672__real,0.47766849,0,1,unknown_real,realpool_real
teams_real,0,dor_shkedi__seq5675__real,0.54864985,1,0,unknown_real,realpool_real
teams_real,0,dor_shkedi__seq567__real,0.49230963,0,1,unknown_real,realpool_real
teams_real,0,dor_shkedi__seq5684__real,0.57849985,1,0,unknown_real,realpool_real
teams_real,0,dor_shkedi__seq5697__real,0.66145283,1,0,unknown_real,realpool_real
teams_real,0,dor_shkedi__seq5719__real,0.58907944,1,0,unknown_real,realpool_real
teams_real,0,dor_shkedi__seq5721__real,0.58052224,1,0,unknown_real,realpool_real
teams_real,0,dor_shkedi__seq5722__real,0.56027728,1,0,unknown_real,realpool_real
teams_real,0,dor_shkedi__seq5725__real,0.52371603,1,0,unknown_real,realpool_real
teams_real,0,dor_shkedi__seq5756__real,0.63615268,1,0,unknown_real,realpool_real
teams_real,0,dor_shkedi__seq5757__real,0.59007144,1,0,unknown_real,realpool_real
teams_real,0,dor_shkedi__seq5758__real,0.59140956,1,0,unknown_real,realpool_real
teams_real,0,dor_shkedi__seq5774__real,0.60761857,1,0,unknown_real,realpool_real
teams_real,0,dor_shkedi__seq5775__real,0.64865547,1,0,unknown_real,realpool_real
teams_real,0,dor_shkedi__seq5776__real,0.61636424,1,0,unknown_real,realpool_real
teams_real,0,dor_shkedi__seq5787__real,0.62240547,1,0,unknown_real,realpool_real
teams_real,0,dor_shkedi__seq5808__real,0.61007315,1,0,unknown_real,realpool_real
teams_real,0,dor_shkedi__seq5811__real,0.62406677,1,0,unknown_real,realpool_real
teams_real,0,dor_shkedi__seq5812__real,0.53252292,1,0,unknown_real,realpool_real
teams_real,0,dor_shkedi__seq5816__real,0.60888910,1,0,unknown_real,realpool_real
teams_real,0,dor_shkedi__seq5835__real,0.59090781,1,0,unknown_real,realpool_real
teams_real,0,dor_shkedi__seq5836__real,0.57934242,1,0,unknown_real,realpool_real
teams_real,0,dor_shkedi__seq5837__real,0.56693369,1,0,unknown_real,realpool_real
teams_real,0,dor_shkedi__seq5845__real,0.58857161,1,0,unknown_real,realpool_real
teams_real,0,dor_shkedi__seq5869__real,0.56280577,1,0,unknown_real,realpool_real
teams_real,0,dor_shkedi__seq5871__real,0.57657421,1,0,unknown_real,realpool_real
teams_real,0,dor_shkedi__seq5872__real,0.58165777,1,0,unknown_real,realpool_real
teams_real,0,dor_shkedi__seq5886__real,0.61712658,1,0,unknown_real,realpool_real
teams_real,0,dor_shkedi__seq5887__real,0.62422782,1,0,unknown_real,realpool_real
teams_real,0,dor_shkedi__seq5888__real,0.66794395,1,0,unknown_real,realpool_real
teams_real,0,dor_shkedi__seq5900__real,0.53359306,1,0,unknown_real,realpool_real
teams_real,0,dor_shkedi__seq591__real,0.52739614,1,0,unknown_real,realpool_real
teams_real,0,dor_shkedi__seq5923__real,0.51097786,1,0,unknown_real,realpool_real
teams_real,0,dor_shkedi__seq5925__real,0.54861939,1,0,unknown_real,realpool_real
teams_real,0,dor_shkedi__seq5928__real,0.62649375,1,0,unknown_real,realpool_real
teams_real,0,dor_shkedi__seq5934__real,0.64351261,1,0,unknown_real,realpool_real
teams_real,0,dor_shkedi__seq5942__real,0.62322736,1,0,unknown_real,realpool_real
teams_real,0,dor_shkedi__seq5952__real,0.59707242,1,0,unknown_real,realpool_real
teams_real,0,dor_shkedi__seq5972__real,0.60437578,1,0,unknown_real,realpool_real
teams_real,0,dor_shkedi__seq5981__real,0.55374062,1,0,unknown_real,realpool_real
teams_real,0,dor_shkedi__seq5982__real,0.53076482,1,0,unknown_real,realpool_real
teams_real,0,dor_shkedi__seq5989__real,0.62088138,1,0,unknown_real,realpool_real
teams_real,0,dor_shkedi__seq5990__real,0.54156440,1,0,unknown_real,realpool_real
teams_real,0,dor_shkedi__seq5992__real,0.53518158,1,0,unknown_real,realpool_real
teams_real,0,dor_shkedi__seq6015__real,0.53439885,1,0,unknown_real,realpool_real
teams_real,0,dor_shkedi__seq6031__real,0.57043397,1,0,unknown_real,realpool_real
teams_real,0,dor_shkedi__seq6033__real,0.57764983,1,0,unknown_real,realpool_real
teams_real,0,dor_shkedi__seq6035__real,0.50857282,1,0,unknown_real,realpool_real
teams_real,0,dor_shkedi__seq6045__real,0.53521842,1,0,unknown_real,realpool_real
teams_real,0,dor_shkedi__seq6068__real,0.44539410,0,1,unknown_real,realpool_real
teams_real,0,dor_shkedi__seq6087__real,0.54756218,1,0,unknown_real,realpool_real
teams_real,0,dor_shkedi__seq6088__real,0.54280561,1,0,unknown_real,realpool_real
teams_real,0,dor_shkedi__seq6089__real,0.55065376,1,0,unknown_real,realpool_real
teams_real,0,dor_shkedi__seq6092__real,0.48942173,0,1,unknown_real,realpool_real
teams_real,0,dor_shkedi__seq610__real,0.52766317,1,0,unknown_real,realpool_real
teams_real,0,dor_shkedi__seq6119__real,0.47565344,0,1,unknown_real,realpool_real
teams_real,0,dor_shkedi__seq611__real,0.54053396,1,0,unknown_real,realpool_real
teams_real,0,dor_shkedi__seq6120__real,0.49797627,0,1,unknown_real,realpool_real
teams_real,0,dor_shkedi__seq6121__real,0.53440928,1,0,unknown_real,realpool_real
teams_real,0,dor_shkedi__seq612__real,0.54496044,1,0,unknown_real,realpool_real
teams_real,0,dor_shkedi__seq6136__real,0.65364164,1,0,unknown_real,realpool_real
teams_real,0,dor_shkedi__seq6137__real,0.64969170,1,0,unknown_real,realpool_real
teams_real,0,dor_shkedi__seq6139__real,0.63588881,1,0,unknown_real,realpool_real
teams_real,0,dor_shkedi__seq6147__real,0.51250947,1,0,unknown_real,realpool_real
teams_real,0,dor_shkedi__seq616__real,0.53227943,1,0,unknown_real,realpool_real
teams_real,0,dor_shkedi__seq6171__real,0.57965314,1,0,unknown_real,realpool_real
teams_real,0,dor_shkedi__seq6174__real,0.40831646,0,1,unknown_real,realpool_real
teams_real,0,dor_shkedi__seq6189__real,0.59138048,1,0,unknown_real,realpool_real
teams_real,0,dor_shkedi__seq6191__real,0.48860940,0,1,unknown_real,realpool_real
teams_real,0,dor_shkedi__seq6192__real,0.54193914,1,0,unknown_real,realpool_real
teams_real,0,dor_shkedi__seq6208__real,0.61273706,1,0,unknown_real,realpool_real
teams_real,0,dor_shkedi__seq6209__real,0.60384977,1,0,unknown_real,realpool_real
teams_real,0,dor_shkedi__seq6210__real,0.50064337,1,0,unknown_real,realpool_real
teams_real,0,dor_shkedi__seq644__real,0.51175636,1,0,unknown_real,realpool_real
teams_real,0,dor_shkedi__seq645__real,0.55052876,1,0,unknown_real,realpool_real
teams_real,0,dor_shkedi__seq646__real,0.52963400,1,0,unknown_real,realpool_real
teams_real,0,dor_shkedi__seq651__real,0.43434471,0,1,unknown_real,realpool_real
teams_real,0,dor_shkedi__seq6539__real,0.56428385,1,0,unknown_real,realpool_real
teams_real,0,dor_shkedi__seq6549__real,0.62442183,1,0,unknown_real,realpool_real
teams_real,0,dor_shkedi__seq6558__real,0.59790397,1,0,unknown_real,realpool_real
teams_real,0,dor_shkedi__seq6569__real,0.50992572,1,0,unknown_real,realpool_real
teams_real,0,dor_shkedi__seq6594__real,0.54930532,1,0,unknown_real,realpool_real
teams_real,0,dor_shkedi__seq6595__real,0.60068566,1,0,unknown_real,realpool_real
teams_real,0,dor_shkedi__seq6598__real,0.58978820,1,0,unknown_real,realpool_real
teams_real,0,dor_shkedi__seq6614__real,0.48078278,0,1,unknown_real,realpool_real
teams_real,0,dor_shkedi__seq6615__real,0.43198156,0,1,unknown_real,realpool_real
teams_real,0,dor_shkedi__seq6616__real,0.48251098,0,1,unknown_real,realpool_real
teams_real,0,dor_shkedi__seq6623__real,0.46272206,0,1,unknown_real,realpool_real
teams_real,0,dor_shkedi__seq6646__real,0.52377856,1,0,unknown_real,realpool_real
teams_real,0,dor_shkedi__seq6665__real,0.53582048,1,0,unknown_real,realpool_real
teams_real,0,dor_shkedi__seq6667__real,0.53309625,1,0,unknown_real,realpool_real
teams_real,0,dor_shkedi__seq6668__real,0.49958381,0,1,unknown_real,realpool_real
teams_real,0,dor_shkedi__seq6676__real,0.47844672,0,1,unknown_real,realpool_real
teams_real,0,dor_shkedi__seq6702__real,0.46466193,0,1,unknown_real,realpool_real
teams_real,0,dor_shkedi__seq6704__real,0.46746981,0,1,unknown_real,realpool_real
teams_real,0,dor_shkedi__seq6705__real,0.42958683,0,1,unknown_real,realpool_real
teams_real,0,dor_shkedi__seq6708__real,0.48681849,0,1,unknown_real,realpool_real
teams_real,0,dor_shkedi__seq6733__real,0.56323022,1,0,unknown_real,realpool_real
teams_real,0,dor_shkedi__seq6734__real,0.52783197,1,0,unknown_real,realpool_real
teams_real,0,dor_shkedi__seq6735__real,0.54337341,1,0,unknown_real,realpool_real
teams_real,0,dor_shkedi__seq6737__real,0.56634325,1,0,unknown_real,realpool_real
teams_real,0,dor_shkedi__seq6768__real,0.46262926,0,1,unknown_real,realpool_real
teams_real,0,dor_shkedi__seq6769__real,0.46017236,0,1,unknown_real,realpool_real
teams_real,0,dor_shkedi__seq677__real,0.54534793,1,0,unknown_real,realpool_real
teams_real,0,dor_shkedi__seq6785__real,0.47698513,0,1,unknown_real,realpool_real
teams_real,0,dor_shkedi__seq6788__real,0.53035176,1,0,unknown_real,realpool_real
teams_real,0,dor_shkedi__seq6790__real,0.58105183,1,0,unknown_real,realpool_real
teams_real,0,dor_shkedi__seq6801__real,0.51563364,1,0,unknown_real,realpool_real
teams_real,0,dor_shkedi__seq6817__real,0.47580653,0,1,unknown_real,realpool_real
teams_real,0,dor_shkedi__seq6828__real,0.67956108,1,0,unknown_real,realpool_real
teams_real,0,dor_shkedi__seq6838__real,0.66225231,1,0,unknown_real,realpool_real
teams_real,0,dor_shkedi__seq6854__real,0.56176567,1,0,unknown_real,realpool_real
teams_real,0,dor_shkedi__seq6885__real,0.63022006,1,0,unknown_real,realpool_real
teams_real,0,dor_shkedi__seq6886__real,0.71501356,1,0,unknown_real,realpool_real
teams_real,0,dor_shkedi__seq6887__real,0.70541549,1,0,unknown_real,realpool_real
teams_real,0,dor_shkedi__seq6900__real,0.54733479,1,0,unknown_real,realpool_real
teams_real,0,dor_shkedi__seq6901__real,0.67294711,1,0,unknown_real,realpool_real
teams_real,0,dor_shkedi__seq6902__real,0.62280899,1,0,unknown_real,realpool_real
teams_real,0,dor_shkedi__seq6913__real,0.60286075,1,0,unknown_real,realpool_real
teams_real,0,dor_shkedi__seq6936__real,0.62746340,1,0,unknown_real,realpool_real
teams_real,0,dor_shkedi__seq6938__real,0.56378764,1,0,unknown_real,realpool_real
teams_real,0,dor_shkedi__seq6939__real,0.52859390,1,0,unknown_real,realpool_real
teams_real,0,dor_shkedi__seq6941__real,0.63774711,1,0,unknown_real,realpool_real
teams_real,0,dor_shkedi__seq696__real,0.51644599,1,0,unknown_real,realpool_real
teams_real,0,dor_shkedi__seq6970__real,0.57398111,1,0,unknown_real,realpool_real
teams_real,0,dor_shkedi__seq697__real,0.58007264,1,0,unknown_real,realpool_real
teams_real,0,dor_shkedi__seq698__real,0.49717489,0,1,unknown_real,realpool_real
teams_real,0,dor_shkedi__seq6991__real,0.56761420,1,0,unknown_real,realpool_real
teams_real,0,dor_shkedi__seq6992__real,0.57003039,1,0,unknown_real,realpool_real
teams_real,0,dor_shkedi__seq6993__real,0.55306977,1,0,unknown_real,realpool_real
teams_real,0,dor_shkedi__seq7010__real,0.56331944,1,0,unknown_real,realpool_real
teams_real,0,dor_shkedi__seq7011__real,0.51784903,1,0,unknown_real,realpool_real
teams_real,0,dor_shkedi__seq7012__real,0.49364951,0,1,unknown_real,realpool_real
teams_real,0,dor_shkedi__seq7020__real,0.49693069,0,1,unknown_real,realpool_real
teams_real,0,dor_shkedi__seq7044__real,0.53618747,1,0,unknown_real,realpool_real
teams_real,0,dor_shkedi__seq7064__real,0.49743661,0,1,unknown_real,realpool_real
teams_real,0,dor_shkedi__seq7065__real,0.52635193,1,0,unknown_real,realpool_real
teams_real,0,dor_shkedi__seq7066__real,0.54604411,1,0,unknown_real,realpool_real
teams_real,0,dor_shkedi__seq7069__real,0.50165373,1,0,unknown_real,realpool_real
teams_real,0,dor_shkedi__seq7093__real,0.53294617,1,0,unknown_real,realpool_real
teams_real,0,dor_shkedi__seq7094__real,0.47541714,0,1,unknown_real,realpool_real
teams_real,0,dor_shkedi__seq7095__real,0.49081039,0,1,unknown_real,realpool_real
teams_real,0,dor_shkedi__seq7110__real,0.50446415,1,0,unknown_real,realpool_real
teams_real,0,dor_shkedi__seq7111__real,0.48727533,0,1,unknown_real,realpool_real
teams_real,0,dor_shkedi__seq7112__real,0.50571632,1,0,unknown_real,realpool_real
teams_real,0,dor_shkedi__seq7121__real,0.48815510,0,1,unknown_real,realpool_real
teams_real,0,dor_shkedi__seq712__real,0.55474460,1,0,unknown_real,realpool_real
teams_real,0,dor_shkedi__seq713__real,0.49661908,0,1,unknown_real,realpool_real
teams_real,0,dor_shkedi__seq7146__real,0.55057389,1,0,unknown_real,realpool_real
teams_real,0,dor_shkedi__seq7147__real,0.57727456,1,0,unknown_real,realpool_real
teams_real,0,dor_shkedi__seq714__real,0.53315043,1,0,unknown_real,realpool_real
teams_real,0,dor_shkedi__seq7164__real,0.47809285,0,1,unknown_real,realpool_real
teams_real,0,dor_shkedi__seq7165__real,0.47824100,0,1,unknown_real,realpool_real
teams_real,0,dor_shkedi__seq7167__real,0.44595072,0,1,unknown_real,realpool_real
teams_real,0,dor_shkedi__seq7175__real,0.57092518,1,0,unknown_real,realpool_real
teams_real,0,dor_shkedi__seq7200__real,0.53603357,1,0,unknown_real,realpool_real
teams_real,0,dor_shkedi__seq7201__real,0.53603357,1,0,unknown_real,realpool_real
teams_real,0,dor_shkedi__seq7204__real,0.47928098,0,1,unknown_real,realpool_real
teams_real,0,dor_shkedi__seq7216__real,0.49469906,0,1,unknown_real,realpool_real
teams_real,0,dor_shkedi__seq7230__real,0.42446569,0,1,unknown_real,realpool_real
teams_real,0,dor_shkedi__seq7253__real,0.48607212,0,1,unknown_real,realpool_real
teams_real,0,dor_shkedi__seq7254__real,0.48948443,0,1,unknown_real,realpool_real
teams_real,0,dor_shkedi__seq7255__real,0.48528516,0,1,unknown_real,realpool_real
teams_real,0,dor_shkedi__seq726__real,0.42271936,0,1,unknown_real,realpool_real
teams_real,0,dor_shkedi__seq7271__real,0.53131741,1,0,unknown_real,realpool_real
teams_real,0,dor_shkedi__seq7272__real,0.52536899,1,0,unknown_real,realpool_real
teams_real,0,dor_shkedi__seq7273__real,0.49851641,0,1,unknown_real,realpool_real
teams_real,0,dor_shkedi__seq7282__real,0.51748836,1,0,unknown_real,realpool_real
teams_real,0,dor_shkedi__seq7305__real,0.64125520,1,0,unknown_real,realpool_real
teams_real,0,dor_shkedi__seq7321__real,0.47384241,0,1,unknown_real,realpool_real
teams_real,0,dor_shkedi__seq7322__real,0.55043757,1,0,unknown_real,realpool_real
teams_real,0,dor_shkedi__seq7323__real,0.52446669,1,0,unknown_real,realpool_real
teams_real,0,dor_shkedi__seq7332__real,0.41779590,0,1,unknown_real,realpool_real
teams_real,0,dor_shkedi__seq7356__real,0.58519840,1,0,unknown_real,realpool_real
teams_real,0,dor_shkedi__seq7358__real,0.59474033,1,0,unknown_real,realpool_real
teams_real,0,dor_shkedi__seq7359__real,0.53981072,1,0,unknown_real,realpool_real
teams_real,0,dor_shkedi__seq7375__real,0.58636785,1,0,unknown_real,realpool_real
teams_real,0,dor_shkedi__seq7376__real,0.47904375,0,1,unknown_real,realpool_real
teams_real,0,dor_shkedi__seq7377__real,0.65832371,1,0,unknown_real,realpool_real
teams_real,0,dor_shkedi__seq7386__real,0.41288412,0,1,unknown_real,realpool_real
teams_real,0,dor_shkedi__seq7406__real,0.65031195,1,0,unknown_real,realpool_real
teams_real,0,dor_shkedi__seq7407__real,0.57284766,1,0,unknown_real,realpool_real
teams_real,0,dor_shkedi__seq7409__real,0.56550026,1,0,unknown_real,realpool_real
teams_real,0,dor_shkedi__seq7413__real,0.68535310,1,0,unknown_real,realpool_real
teams_real,0,dor_shkedi__seq7439__real,0.59027016,1,0,unknown_real,realpool_real
teams_real,0,dor_shkedi__seq7440__real,0.59062773,1,0,unknown_real,realpool_real
teams_real,0,dor_shkedi__seq7441__real,0.59242684,1,0,unknown_real,realpool_real
teams_real,0,dor_shkedi__seq7442__real,0.56615818,1,0,unknown_real,realpool_real
teams_real,0,dor_shkedi__seq7463__real,0.57662785,1,0,unknown_real,realpool_real
teams_real,0,dor_shkedi__seq7465__real,0.56713307,1,0,unknown_real,realpool_real
teams_real,0,dor_shkedi__seq7466__real,0.55638796,1,0,unknown_real,realpool_real
teams_real,0,dor_shkedi__seq7467__real,0.55657774,1,0,unknown_real,realpool_real
teams_real,0,dor_shkedi__seq746__real,0.49519208,0,1,unknown_real,realpool_real
teams_real,0,dor_shkedi__seq747__real,0.44756049,0,1,unknown_real,realpool_real
teams_real,0,dor_shkedi__seq748__real,0.42767239,0,1,unknown_real,realpool_real
teams_real,0,dor_shkedi__seq7494__real,0.53384882,1,0,unknown_real,realpool_real
teams_real,0,dor_shkedi__seq7508__real,0.56226909,1,0,unknown_real,realpool_real
teams_real,0,dor_shkedi__seq7509__real,0.54698932,1,0,unknown_real,realpool_real
teams_real,0,dor_shkedi__seq7510__real,0.58865386,1,0,unknown_real,realpool_real
teams_real,0,dor_shkedi__seq7511__real,0.58330005,1,0,unknown_real,realpool_real
teams_real,0,dor_shkedi__seq7512__real,0.55026025,1,0,unknown_real,realpool_real
teams_real,0,dor_shkedi__seq7513__real,0.55098182,1,0,unknown_real,realpool_real
teams_real,0,dor_shkedi__seq7514__real,0.53647959,1,0,unknown_real,realpool_real
teams_real,0,dor_shkedi__seq7516__real,0.54488075,1,0,unknown_real,realpool_real
teams_real,0,dor_shkedi__seq7517__real,0.56768972,1,0,unknown_real,realpool_real
teams_real,0,dor_shkedi__seq7518__real,0.56905848,1,0,unknown_real,realpool_real
teams_real,0,dor_shkedi__seq7519__real,0.59404534,1,0,unknown_real,realpool_real
teams_real,0,dor_shkedi__seq7522__real,0.60396838,1,0,unknown_real,realpool_real
teams_real,0,dor_shkedi__seq7531__real,0.58143812,1,0,unknown_real,realpool_real
teams_real,0,dor_shkedi__seq7532__real,0.59118581,1,0,unknown_real,realpool_real
teams_real,0,dor_shkedi__seq7533__real,0.59291559,1,0,unknown_real,realpool_real
teams_real,0,dor_shkedi__seq7534__real,0.63816071,1,0,unknown_real,realpool_real
teams_real,0,dor_shkedi__seq7535__real,0.63008255,1,0,unknown_real,realpool_real
teams_real,0,dor_shkedi__seq7536__real,0.65749532,1,0,unknown_real,realpool_real
teams_real,0,dor_shkedi__seq7538__real,0.63766026,1,0,unknown_real,realpool_real
teams_real,0,dor_shkedi__seq7540__real,0.68984324,1,0,unknown_real,realpool_real
teams_real,0,dor_shkedi__seq7541__real,0.65322083,1,0,unknown_real,realpool_real
teams_real,0,dor_shkedi__seq7542__real,0.61421591,1,0,unknown_real,realpool_real
teams_real,0,dor_shkedi__seq7543__real,0.59774864,1,0,unknown_real,realpool_real
teams_real,0,dor_shkedi__seq756__real,0.41971034,0,1,unknown_real,realpool_real
teams_real,0,dor_shkedi__seq7751__real,0.59416485,1,0,unknown_real,realpool_real
teams_real,0,dor_shkedi__seq7753__real,0.62214810,1,0,unknown_real,realpool_real
teams_real,0,dor_shkedi__seq7762__real,0.49411011,0,1,unknown_real,realpool_real
teams_real,0,dor_shkedi__seq7774__real,0.61816704,1,0,unknown_real,realpool_real
teams_real,0,dor_shkedi__seq7786__real,0.53093982,1,0,unknown_real,realpool_real
teams_real,0,dor_shkedi__seq7816__real,0.72617757,1,0,unknown_real,realpool_real
teams_real,0,dor_shkedi__seq7817__real,0.69989973,1,0,unknown_real,realpool_real
teams_real,0,dor_shkedi__seq7818__real,0.74034309,1,0,unknown_real,realpool_real
teams_real,0,dor_shkedi__seq7819__real,0.61539537,1,0,unknown_real,realpool_real
teams_real,0,dor_shkedi__seq7820__real,0.64624780,1,0,unknown_real,realpool_real
teams_real,0,dor_shkedi__seq7822__real,0.71884590,1,0,unknown_real,realpool_real
teams_real,0,dor_shkedi__seq782__real,0.54097253,1,0,unknown_real,realpool_real
teams_real,0,dor_shkedi__seq783__real,0.50240755,1,0,unknown_real,realpool_real
teams_real,0,dor_shkedi__seq7846__real,0.44399390,0,1,unknown_real,realpool_real
teams_real,0,dor_shkedi__seq785__real,0.42774349,0,1,unknown_real,realpool_real
teams_real,0,dor_shkedi__seq7869__real,0.56386465,1,0,unknown_real,realpool_real
teams_real,0,dor_shkedi__seq7870__real,0.62521887,1,0,unknown_real,realpool_real
teams_real,0,dor_shkedi__seq7871__real,0.62304354,1,0,unknown_real,realpool_real
teams_real,0,dor_shkedi__seq7873__real,0.67475623,1,0,unknown_real,realpool_real
teams_real,0,dor_shkedi__seq7902__real,0.52830559,1,0,unknown_real,realpool_real
teams_real,0,dor_shkedi__seq7903__real,0.50761038,1,0,unknown_real,realpool_real
teams_real,0,dor_shkedi__seq7904__real,0.49391937,0,1,unknown_real,realpool_real
teams_real,0,dor_shkedi__seq7920__real,0.53324860,1,0,unknown_real,realpool_real
teams_real,0,dor_shkedi__seq7921__real,0.51217937,1,0,unknown_real,realpool_real
teams_real,0,dor_shkedi__seq7922__real,0.51620209,1,0,unknown_real,realpool_real
teams_real,0,dor_shkedi__seq7933__real,0.60741371,1,0,unknown_real,realpool_real
teams_real,0,dor_shkedi__seq7957__real,0.61446309,1,0,unknown_real,realpool_real
teams_real,0,dor_shkedi__seq7976__real,0.62277061,1,0,unknown_real,realpool_real
teams_real,0,dor_shkedi__seq7978__real,0.63939434,1,0,unknown_real,realpool_real
teams_real,0,dor_shkedi__seq7979__real,0.67202270,1,0,unknown_real,realpool_real
teams_real,0,dor_shkedi__seq7987__real,0.56380659,1,0,unknown_real,realpool_real
teams_real,0,dor_shkedi__seq800__real,0.56219614,1,0,unknown_real,realpool_real
teams_real,0,dor_shkedi__seq8014__real,0.58697200,1,0,unknown_real,realpool_real
teams_real,0,dor_shkedi__seq801__real,0.53767639,1,0,unknown_real,realpool_real
teams_real,0,dor_shkedi__seq802__real,0.56341082,1,0,unknown_real,realpool_real
teams_real,0,dor_shkedi__seq8031__real,0.60879654,1,0,unknown_real,realpool_real
teams_real,0,dor_shkedi__seq8032__real,0.61711872,1,0,unknown_real,realpool_real
teams_real,0,dor_shkedi__seq8033__real,0.59272313,1,0,unknown_real,realpool_real
teams_real,0,dor_shkedi__seq8045__real,0.53886598,1,0,unknown_real,realpool_real
teams_real,0,dor_shkedi__seq8067__real,0.67492396,1,0,unknown_real,realpool_real
teams_real,0,dor_shkedi__seq8068__real,0.62370855,1,0,unknown_real,realpool_real
teams_real,0,dor_shkedi__seq8069__real,0.65741885,1,0,unknown_real,realpool_real
teams_real,0,dor_shkedi__seq8085__real,0.57118046,1,0,unknown_real,realpool_real
teams_real,0,dor_shkedi__seq8086__real,0.54318428,1,0,unknown_real,realpool_real
teams_real,0,dor_shkedi__seq8087__real,0.53464311,1,0,unknown_real,realpool_real
teams_real,0,dor_shkedi__seq8096__real,0.65581822,1,0,unknown_real,realpool_real
teams_real,0,dor_shkedi__seq8117__real,0.68375695,1,0,unknown_real,realpool_real
teams_real,0,dor_shkedi__seq812__real,0.52688432,1,0,unknown_real,realpool_real
teams_real,0,dor_shkedi__seq8134__real,0.58949047,1,0,unknown_real,realpool_real
teams_real,0,dor_shkedi__seq8135__real,0.51895034,1,0,unknown_real,realpool_real
teams_real,0,dor_shkedi__seq8136__real,0.50656736,1,0,unknown_real,realpool_real
teams_real,0,dor_shkedi__seq8145__real,0.67121404,1,0,unknown_real,realpool_real
teams_real,0,dor_shkedi__seq8337__real,0.43810460,0,1,unknown_real,realpool_real
teams_real,0,dor_shkedi__seq833__real,0.49450013,0,1,unknown_real,realpool_real
teams_real,0,dor_shkedi__seq8345__real,0.68958747,1,0,unknown_real,realpool_real
teams_real,0,dor_shkedi__seq834__real,0.46361321,0,1,unknown_real,realpool_real
teams_real,0,dor_shkedi__seq8355__real,0.66652060,1,0,unknown_real,realpool_real
teams_real,0,dor_shkedi__seq8365__real,0.65489507,1,0,unknown_real,realpool_real
teams_real,0,dor_shkedi__seq8375__real,0.61685538,1,0,unknown_real,realpool_real
teams_real,0,dor_shkedi__seq837__real,0.62007320,1,0,unknown_real,realpool_real
teams_real,0,dor_shkedi__seq8390__real,0.60307086,1,0,unknown_real,realpool_real
teams_real,0,dor_shkedi__seq8391__real,0.62363559,1,0,unknown_real,realpool_real
teams_real,0,dor_shkedi__seq8392__real,0.51132327,1,0,unknown_real,realpool_real
teams_real,0,dor_shkedi__seq8415__real,0.70146644,1,0,unknown_real,realpool_real
teams_real,0,dor_shkedi__seq8416__real,0.66341501,1,0,unknown_real,realpool_real
teams_real,0,dor_shkedi__seq8419__real,0.58354586,1,0,unknown_real,realpool_real
teams_real,0,dor_shkedi__seq8431__real,0.51929027,1,0,unknown_real,realpool_real
teams_real,0,dor_shkedi__seq8445__real,0.71183300,1,0,unknown_real,realpool_real
teams_real,0,dor_shkedi__seq8467__real,0.57612747,1,0,unknown_real,realpool_real
teams_real,0,dor_shkedi__seq8468__real,0.57395309,1,0,unknown_real,realpool_real
teams_real,0,dor_shkedi__seq8469__real,0.55870765,1,0,unknown_real,realpool_real
teams_real,0,dor_shkedi__seq8485__real,0.51303720,1,0,unknown_real,realpool_real
teams_real,0,dor_shkedi__seq8486__real,0.51646721,1,0,unknown_real,realpool_real
teams_real,0,dor_shkedi__seq8487__real,0.50894409,1,0,unknown_real,realpool_real
teams_real,0,dor_shkedi__seq8494__real,0.52034408,1,0,unknown_real,realpool_real
teams_real,0,dor_shkedi__seq849__real,0.53768349,1,0,unknown_real,realpool_real
teams_real,0,dor_shkedi__seq8523__real,0.58310151,1,0,unknown_real,realpool_real
teams_real,0,dor_shkedi__seq860__real,0.56280041,1,0,unknown_real,realpool_real
teams_real,0,dor_shkedi__seq877__real,0.57822424,1,0,unknown_real,realpool_real
teams_real,0,dor_shkedi__seq880__real,0.47948736,0,1,unknown_real,realpool_real
teams_real,0,dor_shkedi__seq881__real,0.46562934,0,1,unknown_real,realpool_real
teams_real,0,dor_shkedi__seq882__real,0.49485239,0,1,unknown_real,realpool_real
teams_real,0,dor_shkedi__seq886__real,0.56759644,1,0,unknown_real,realpool_real
teams_real,0,dor_shkedi__seq892__real,0.62786949,1,0,unknown_real,realpool_real
teams_real,0,dor_shkedi__seq898__real,0.61995971,1,0,unknown_real,realpool_real
teams_real,0,dor_shkedi__seq906__real,0.61535555,1,0,unknown_real,realpool_real
teams_real,0,dor_shkedi__seq916__real,0.47567672,0,1,unknown_real,realpool_real
teams_real,0,dor_shkedi__seq917__real,0.39204147,0,1,unknown_real,realpool_real
teams_real,0,dor_shkedi__seq935__real,0.52497596,1,0,unknown_real,realpool_real
teams_real,0,dor_shkedi__seq936__real,0.46856368,0,1,unknown_real,realpool_real
teams_real,0,dor_shkedi__seq937__real,0.55230832,1,0,unknown_real,realpool_real
teams_real,0,dor_shkedi__seq945__real,0.55226421,1,0,unknown_real,realpool_real
teams_real,0,dor_shkedi__seq946__real,0.58745211,1,0,unknown_real,realpool_real
teams_real,0,dor_shkedi__seq955__real,0.60461998,1,0,unknown_real,realpool_real
teams_real,0,dor_shkedi__seq958__real,0.62100917,1,0,unknown_real,realpool_real
teams_real,0,dor_shkedi__seq965__real,0.61127383,1,0,unknown_real,realpool_real
teams_real,0,dor_shkedi__seq971__real,0.62177515,1,0,unknown_real,realpool_real
teams_real,0,dor_shkedi__seq972__real,0.42096242,0,1,unknown_real,realpool_real
teams_real,0,dor_shkedi__seq973__real,0.45536518,0,1,unknown_real,realpool_real
teams_real,0,dor_shkedi__seq974__real,0.48757541,0,1,unknown_real,realpool_real
teams_real,0,dor_shkedi__seq990__real,0.58134383,1,0,unknown_real,realpool_real
teams_real,0,dor_shkedi__seq991__real,0.61846000,1,0,unknown_real,realpool_real
teams_real,0,dor_shkedi__seq992__real,0.55549139,1,0,unknown_real,realpool_real
teams_real,0,real_dor__seq1022__real,0.36505473,0,1,unknown_real,realpool_real
teams_real,0,real_dor__seq1062__real,0.51974785,1,0,unknown_real,realpool_real
teams_real,0,real_dor__seq1122__real,0.30249214,0,1,unknown_real,realpool_real
teams_real,0,real_dor__seq1158__real,0.30130640,0,1,unknown_real,realpool_real
teams_real,0,real_dor__seq1198__real,0.34989724,0,1,unknown_real,realpool_real
teams_real,0,real_dor__seq1260__real,0.36162132,0,1,unknown_real,realpool_real
teams_real,0,real_dor__seq1300__real,0.40608829,0,1,unknown_real,realpool_real
teams_real,0,real_dor__seq1351__real,0.37398863,0,1,unknown_real,realpool_real
teams_real,0,real_dor__seq1406__real,0.57153577,1,0,unknown_real,realpool_real
teams_real,0,real_dor__seq1432__real,0.45498335,0,1,unknown_real,realpool_real
teams_real,0,real_dor__seq1471__real,0.40475658,0,1,unknown_real,realpool_real
teams_real,0,real_dor__seq1543__real,0.32686701,0,1,unknown_real,realpool_real
teams_real,0,real_dor__seq1605__real,0.28899866,0,1,unknown_real,realpool_real
teams_real,0,real_dor__seq1620__real,0.40904841,0,1,unknown_real,realpool_real
teams_real,0,real_dor__seq1659__real,0.32585004,0,1,unknown_real,realpool_real
teams_real,0,real_dor__seq1690__real,0.37704808,0,1,unknown_real,realpool_real
teams_real,0,real_dor__seq1746__real,0.26140091,0,1,unknown_real,realpool_real
teams_real,0,real_dor__seq1788__real,0.27731782,0,1,unknown_real,realpool_real
teams_real,0,real_dor__seq1822__real,0.44981909,0,1,unknown_real,realpool_real
teams_real,0,real_dor__seq1872__real,0.43445385,0,1,unknown_real,realpool_real
teams_real,0,real_dor__seq1954__real,0.42966071,0,1,unknown_real,realpool_real
teams_real,0,real_dor__seq1989__real,0.44933406,0,1,unknown_real,realpool_real
teams_real,0,real_dor__seq2032__real,0.38122028,0,1,unknown_real,realpool_real
teams_real,0,real_dor__seq2104__real,0.35699862,0,1,unknown_real,realpool_real
teams_real,0,real_dor__seq2121__real,0.31859371,0,1,unknown_real,realpool_real
teams_real,0,real_dor__seq2207__real,0.31919488,0,1,unknown_real,realpool_real
teams_real,0,real_dor__seq2230__real,0.34117964,0,1,unknown_real,realpool_real
teams_real,0,real_dor__seq2293__real,0.31213045,0,1,unknown_real,realpool_real
teams_real,0,real_dor__seq2330__real,0.34939337,0,1,unknown_real,realpool_real
teams_real,0,real_dor__seq2367__real,0.35373920,0,1,unknown_real,realpool_real
teams_real,0,real_dor__seq2422__real,0.43345949,0,1,unknown_real,realpool_real
teams_real,0,real_dor__seq2458__real,0.39372012,0,1,unknown_real,realpool_real
teams_real,0,real_dor__seq2492__real,0.28966448,0,1,unknown_real,realpool_real
teams_real,0,real_dor__seq2549__real,0.33010182,0,1,unknown_real,realpool_real
teams_real,0,real_dor__seq2584__real,0.36750600,0,1,unknown_real,realpool_real
teams_real,0,real_dor__seq2617__real,0.32095540,0,1,unknown_real,realpool_real
teams_real,0,real_dor__seq2678__real,0.42896512,0,1,unknown_real,realpool_real
teams_real,0,real_dor__seq2747__real,0.63453633,1,0,unknown_real,realpool_real
teams_real,0,real_dor__seq2761__real,0.67669207,1,0,unknown_real,realpool_real
teams_real,0,real_dor__seq3422__real,0.56750977,1,0,unknown_real,realpool_real
teams_real,0,real_dor__seq3454__real,0.52979362,1,0,unknown_real,realpool_real
teams_real,0,real_dor__seq3498__real,0.58543915,1,0,unknown_real,realpool_real
teams_real,0,real_dor__seq3545__real,0.44576287,0,1,unknown_real,realpool_real
teams_real,0,real_dor__seq3575__real,0.45660210,0,1,unknown_real,realpool_real
teams_real,0,real_dor__seq3632__real,0.29233748,0,1,unknown_real,realpool_real
teams_real,0,real_dor__seq3666__real,0.40638527,0,1,unknown_real,realpool_real
teams_real,0,real_dor__seq3675__real,0.56032705,1,0,unknown_real,realpool_real
teams_real,0,real_dor__seq3764__real,0.49086943,0,1,unknown_real,realpool_real
teams_real,0,real_dor__seq3801__real,0.34291273,0,1,unknown_real,realpool_real
teams_real,0,real_dor__seq3807__real,0.28819892,0,1,unknown_real,realpool_real
teams_real,0,real_dor__seq3846__real,0.38241857,0,1,unknown_real,realpool_real
teams_real,0,real_dor__seq3864__real,0.33861902,0,1,unknown_real,realpool_real
teams_real,0,real_dor__seq3866__real,0.27694458,0,1,unknown_real,realpool_real
teams_real,0,real_dor__seq3896__real,0.41530398,0,1,unknown_real,realpool_real
teams_real,0,real_dor__seq3901__real,0.33666980,0,1,unknown_real,realpool_real
teams_real,0,real_dor__seq3925__real,0.36806297,0,1,unknown_real,realpool_real
teams_real,0,real_dor__seq3940__real,0.54308909,1,0,unknown_real,realpool_real
teams_real,0,real_dor__seq3982__real,0.61975431,1,0,unknown_real,realpool_real
teams_real,0,real_dor__seq4011__real,0.39883739,0,1,unknown_real,realpool_real
teams_real,0,real_dor__seq4023__real,0.29844373,0,1,unknown_real,realpool_real
teams_real,0,real_dor__seq4092__real,0.32842830,0,1,unknown_real,realpool_real
teams_real,0,real_dor__seq4131__real,0.47469231,0,1,unknown_real,realpool_real
teams_real,0,real_dor__seq4142__real,0.45827359,0,1,unknown_real,realpool_real
teams_real,0,real_dor__seq4236__real,0.44393036,0,1,unknown_real,realpool_real
teams_real,0,real_dor__seq4273__real,0.39918754,0,1,unknown_real,realpool_real
teams_real,0,real_dor__seq4279__real,0.41183859,0,1,unknown_real,realpool_real
teams_real,0,real_dor__seq4354__real,0.39149421,0,1,unknown_real,realpool_real
teams_real,0,real_dor__seq436__real,0.37411997,0,1,unknown_real,realpool_real
teams_real,0,real_dor__seq4393__real,0.31775320,0,1,unknown_real,realpool_real
teams_real,0,real_dor__seq4425__real,0.33155629,0,1,unknown_real,realpool_real
teams_real,0,real_dor__seq4468__real,0.29275334,0,1,unknown_real,realpool_real
teams_real,0,real_dor__seq4540__real,0.48873472,0,1,unknown_real,realpool_real
teams_real,0,real_dor__seq4580__real,0.39852545,0,1,unknown_real,realpool_real
teams_real,0,real_dor__seq4612__real,0.34064332,0,1,unknown_real,realpool_real
teams_real,0,real_dor__seq4640__real,0.39690784,0,1,unknown_real,realpool_real
teams_real,0,real_dor__seq468__real,0.36583397,0,1,unknown_real,realpool_real
teams_real,0,real_dor__seq4708__real,0.38447499,0,1,unknown_real,realpool_real
teams_real,0,real_dor__seq4740__real,0.31717071,0,1,unknown_real,realpool_real
teams_real,0,real_dor__seq475__real,0.35914993,0,1,unknown_real,realpool_real
teams_real,0,real_dor__seq4777__real,0.39958024,0,1,unknown_real,realpool_real
teams_real,0,real_dor__seq4824__real,0.37626860,0,1,unknown_real,realpool_real
teams_real,0,real_dor__seq4828__real,0.47281390,0,1,unknown_real,realpool_real
teams_real,0,real_dor__seq4858__real,0.44822624,0,1,unknown_real,realpool_real
teams_real,0,real_dor__seq4905__real,0.40567449,0,1,unknown_real,realpool_real
teams_real,0,real_dor__seq4933__real,0.42404261,0,1,unknown_real,realpool_real
teams_real,0,real_dor__seq4965__real,0.43736404,0,1,unknown_real,realpool_real
teams_real,0,real_dor__seq5015__real,0.35912651,0,1,unknown_real,realpool_real
teams_real,0,real_dor__seq5047__real,0.39283922,0,1,unknown_real,realpool_real
teams_real,0,real_dor__seq5082__real,0.40048018,0,1,unknown_real,realpool_real
teams_real,0,real_dor__seq5134__real,0.45459184,0,1,unknown_real,realpool_real
teams_real,0,real_dor__seq5188__real,0.35005429,0,1,unknown_real,realpool_real
teams_real,0,real_dor__seq5219__real,0.41248143,0,1,unknown_real,realpool_real
teams_real,0,real_dor__seq5221__real,0.44323128,0,1,unknown_real,realpool_real
teams_real,0,real_dor__seq531__real,0.42728785,0,1,unknown_real,realpool_real
teams_real,0,real_dor__seq588__real,0.41206318,0,1,unknown_real,realpool_real
teams_real,0,real_dor__seq618__real,0.39224222,0,1,unknown_real,realpool_real
teams_real,0,real_dor__seq623__real,0.45001668,0,1,unknown_real,realpool_real
teams_real,0,real_dor__seq635__real,0.37471280,0,1,unknown_real,realpool_real
teams_real,0,real_dor__seq659__real,0.35974368,0,1,unknown_real,realpool_real
teams_real,0,real_dor__seq668__real,0.38277027,0,1,unknown_real,realpool_real
teams_real,0,real_dor__seq681__real,0.67036849,1,0,unknown_real,realpool_real
teams_real,0,real_dor__seq708__real,0.43402851,0,1,unknown_real,realpool_real
teams_real,0,real_dor__seq743__real,0.38079569,0,1,unknown_real,realpool_real
teams_real,0,real_dor__seq757__real,0.29215193,0,1,unknown_real,realpool_real
teams_real,0,real_dor__seq791__real,0.29959846,0,1,unknown_real,realpool_real
teams_real,0,real_dor__seq857__real,0.37711725,0,1,unknown_real,realpool_real
teams_real,0,real_dor__seq865__real,0.37263456,0,1,unknown_real,realpool_real
teams_real,0,real_dor__seq945__real,0.36082914,0,1,unknown_real,realpool_real
teams_real,0,real_dor__seq981__real,0.37349689,0,1,unknown_real,realpool_real
