frame_path,label,cohort,P8A,E2B,P2D,T3_SLOT2_step500,T3_SLOT2_step1000,T3_SLOT2_step1500,T3_SLOT2_step2500,T3_SLOT2_step3500,T3_SLOT2_step4500
gs://teams-faces-data-test-2914-fake-4420-real-feb-28/dor/dor_shkedi_real_frame_000061_seq898.jpg,0,DOR_REAL_DEV,0.0260853506624698,0.018713504076004,0.3598676919937134,0.5227144956588745,0.5454108119010925,0.34902051091194153,0.30440574884414673,0.3946346938610077,0.4278920292854309
gs://teams-faces-data-test-2914-fake-4420-real-feb-28/dor/dor_shkedi_real_frame_000071_seq958.jpg,0,DOR_REAL_DEV,0.0315063185989856,0.0375551097095012,0.3922300338745117,0.4051738381385803,0.46829545497894287,0.3791150152683258,0.35949602723121643,0.4994811713695526,0.5309048891067505
gs://teams-faces-data-test-2914-fake-4420-real-feb-28/dor/dor_shkedi_real_frame_000073_seq971.jpg,0,DOR_REAL_DEV,0.0136426342651247,0.0274134371429681,0.3962376415729522,0.3659336268901825,0.3269505500793457,0.33025243878364563,0.2952336370944977,0.3500077724456787,0.3578381836414337
gs://teams-faces-data-test-2914-fake-4420-real-feb-28/dor/dor_shkedi_real_frame_000075_seq955.jpg,0,DOR_REAL_DEV,0.04937394708395,0.0279907397925853,0.4053868949413299,0.397152841091156,0.4700838625431061,0.33321860432624817,0.41880089044570923,0.5528289079666138,0.5876633524894714
gs://teams-faces-data-test-2914-fake-4420-real-feb-28/dor/dor_shkedi_real_frame_000103_seq1136.jpg,0,DOR_REAL_DEV,0.18831567466259,0.4334087669849396,0.8380802869796753,0.7401394844055176,0.7223069071769714,0.7670976519584656,0.5705816745758057,0.6756446361541748,0.7119308114051819
gs://teams-faces-data-test-2914-fake-4420-real-feb-28/dor/dor_shkedi_real_frame_000105_seq1117.jpg,0,DOR_REAL_DEV,0.2000257819890976,0.3158521652221679,0.7574458122253418,0.8551908135414124,0.9683789610862732,0.9737293124198914,0.9769291281700134,0.9870356917381287,0.9911672472953796
gs://teams-faces-data-test-2914-fake-4420-real-feb-28/dor/dor_shkedi_real_frame_000107_seq1114.jpg,0,DOR_REAL_DEV,0.9822110533714294,0.9943410158157348,0.966444969177246,0.9719851613044739,0.990605890750885,0.9930943250656128,0.9905462265014648,0.9940382242202759,0.9949996471405029
gs://teams-faces-data-test-2914-fake-4420-real-feb-28/dor/dor_shkedi_real_frame_000111_seq1172.jpg,0,DOR_REAL_DEV,0.7690438032150269,0.4982149004936218,0.6673370003700256,0.9291224479675293,0.9771460294723511,0.9714203476905823,0.9100318551063538,0.9429998397827148,0.960968017578125
gs://teams-faces-data-test-2914-fake-4420-real-feb-28/dor/dor_shkedi_real_frame_000115_seq1184.jpg,0,DOR_REAL_DEV,0.9844946265220642,0.9209847450256348,0.9295103549957277,0.973914384841919,0.9905881881713867,0.9924561977386475,0.9896593689918518,0.9936649799346924,0.994433581829071
gs://teams-faces-data-test-2914-fake-4420-real-feb-28/dor/dor_shkedi_real_frame_000129_seq1288.jpg,0,DOR_REAL_DEV,0.0088676707819104,0.0223226435482502,0.2602611482143402,0.3902709484100342,0.3070355951786041,0.1999591439962387,0.2529235780239105,0.25908660888671875,0.24900469183921814
gs://teams-faces-data-test-2914-fake-4420-real-feb-28/dor/dor_shkedi_real_frame_000137_seq1377.jpg,0,DOR_REAL_DEV,0.0601853914558887,0.0351138971745967,0.4809190630912781,0.5560322999954224,0.6240643262863159,0.49049028754234314,0.5516306161880493,0.7354069948196411,0.778134822845459
gs://teams-faces-data-test-2914-fake-4420-real-feb-28/dor/dor_shkedi_real_frame_000139_seq1372.jpg,0,DOR_REAL_DEV,0.0105149261653423,0.0151786878705024,0.3114477694034576,0.42288243770599365,0.36911654472351074,0.3419346213340759,0.2617913782596588,0.32565781474113464,0.31552910804748535
gs://teams-faces-data-test-2914-fake-4420-real-feb-28/dor/dor_shkedi_real_frame_000161_seq1659.jpg,0,DOR_REAL_DEV,0.0265779551118612,0.1864255368709564,0.4274316430091858,0.6831870079040527,0.6275172829627991,0.6770321130752563,0.4574098587036133,0.4637333154678345,0.5209213495254517
gs://teams-faces-data-test-2914-fake-4420-real-feb-28/dor/dor_shkedi_real_frame_000171_seq1747.jpg,0,DOR_REAL_DEV,0.0414447449147701,0.022440280765295,0.2180704474449157,0.49976345896720886,0.25384488701820374,0.13741181790828705,0.12737929821014404,0.12647514045238495,0.12862981855869293
gs://teams-faces-data-test-2914-fake-4420-real-feb-28/dor/dor_shkedi_real_frame_000173_seq1742.jpg,0,DOR_REAL_DEV,0.0906810164451599,0.0285085104405879,0.2273783534765243,0.45010173320770264,0.188374325633049,0.11915948987007141,0.16042999923229218,0.19052928686141968,0.18126735091209412
gs://teams-faces-data-test-2914-fake-4420-real-feb-28/dor/dor_shkedi_real_frame_000175_seq1761.jpg,0,DOR_REAL_DEV,0.103008784353733,0.0815726518630981,0.2862015068531036,0.8652870059013367,0.6076375842094421,0.4990254342556,0.30472442507743835,0.3469768464565277,0.37368613481521606
gs://teams-faces-data-test-2914-fake-4420-real-feb-28/dor/dor_shkedi_real_frame_000179_seq1794.jpg,0,DOR_REAL_DEV,0.3501720130443573,0.3303845524787903,0.4924729168415069,0.8624248504638672,0.8340728878974915,0.7458435297012329,0.6380457878112793,0.7339918613433838,0.8054937124252319
gs://teams-faces-data-test-2914-fake-4420-real-feb-28/dor/dor_shkedi_real_frame_000185_seq1851.jpg,0,DOR_REAL_DEV,0.1818442195653915,0.0782922357320785,0.2618368268013,0.7400866746902466,0.4294610023498535,0.4218212962150574,0.29244494438171387,0.374331533908844,0.3793146014213562
gs://teams-faces-data-test-2914-fake-4420-real-feb-28/dor/dor_shkedi_real_frame_000194_seq1724.jpg,0,DOR_REAL_DEV,0.0124495308846235,0.2762497067451477,0.5602833032608032,0.4664161205291748,0.5533013939857483,0.5462836027145386,0.4264054298400879,0.4519771933555603,0.4833459258079529
gs://teams-faces-data-test-2914-fake-4420-real-feb-28/dor/dor_shkedi_real_frame_000195_seq1912.jpg,0,DOR_REAL_DEV,0.2957925796508789,0.2337275296449661,0.3051177263259887,0.7911139130592346,0.6944133043289185,0.6614261865615845,0.5676719546318054,0.6406912803649902,0.662773609161377
gs://teams-faces-data-test-2914-fake-4420-real-feb-28/dor/dor_shkedi_real_frame_000210_seq1821.jpg,0,DOR_REAL_DEV,0.0319131128489971,0.2896617352962494,0.5269522666931152,0.7343745827674866,0.7502796053886414,0.7231587767601013,0.40272367000579834,0.4481765329837799,0.46304434537887573
gs://teams-faces-data-test-2914-fake-4420-real-feb-28/dor/dor_shkedi_real_frame_000211_seq2043.jpg,0,DOR_REAL_DEV,0.930889129638672,0.8146170377731323,0.6441492438316345,0.9697104096412659,0.9877459406852722,0.9909385442733765,0.9762862920761108,0.9835658669471741,0.9879448413848877
gs://teams-faces-data-test-2914-fake-4420-real-feb-28/dor/dor_shkedi_real_frame_000212_seq1844.jpg,0,DOR_REAL_DEV,0.0132199600338935,0.0343772955238819,0.4398385882377624,0.42733603715896606,0.5658528804779053,0.4794466197490692,0.470528244972229,0.5394657254219055,0.6042940616607666
gs://teams-faces-data-test-2914-fake-4420-real-feb-28/dor/dor_shkedi_real_frame_000215_seq2082.jpg,0,DOR_REAL_DEV,0.6067066788673401,0.2971041798591614,0.4492462873458862,0.962219774723053,0.9690746665000916,0.9589324593544006,0.8237969279289246,0.8254534602165222,0.8847015500068665
gs://teams-faces-data-test-2914-fake-4420-real-feb-28/dor/dor_shkedi_real_frame_000221_seq2121.jpg,0,DOR_REAL_DEV,0.0803708583116531,0.0890072062611579,0.4274174869060516,0.6656427383422852,0.39810481667518616,0.3121647238731384,0.24487990140914917,0.2911052107810974,0.28458520770072937
gs://teams-faces-data-test-2914-fake-4420-real-feb-28/dor/dor_shkedi_real_frame_000231_seq2204.jpg,0,DOR_REAL_DEV,0.8215231895446777,0.7026103138923645,0.6552810668945312,0.9569187164306641,0.9629587531089783,0.9678295254707336,0.8867499828338623,0.8797741532325745,0.9071112871170044
gs://teams-faces-data-test-2914-fake-4420-real-feb-28/dor/dor_shkedi_real_frame_000232_seq1950.jpg,0,DOR_REAL_DEV,0.7871983647346497,0.9272515177726746,0.7705437541007996,0.9448752403259277,0.9795437455177307,0.9818668365478516,0.9310833215713501,0.9661407470703125,0.9734032154083252
gs://teams-faces-data-test-2914-fake-4420-real-feb-28/dor/dor_shkedi_real_frame_000238_seq1984.jpg,0,DOR_REAL_DEV,0.0442008636891841,0.0520998500287532,0.6542991995811462,0.5457027554512024,0.7295588254928589,0.6399569511413574,0.8454918265342712,0.8935685753822327,0.9310877323150635
gs://teams-faces-data-test-2914-fake-4420-real-feb-28/dor/dor_shkedi_real_frame_000253_seq2377.jpg,0,DOR_REAL_DEV,0.1878905296325683,0.0404971726238727,0.2379141449928283,0.6405572295188904,0.5703194737434387,0.4855237603187561,0.4932098388671875,0.6324930787086487,0.6740655899047852
gs://teams-faces-data-test-2914-fake-4420-real-feb-28/dor/dor_shkedi_real_frame_000263_seq2443.jpg,0,DOR_REAL_DEV,0.175583615899086,0.2580204010009765,0.4815618991851806,0.87943035364151,0.8421599864959717,0.7645848393440247,0.6150131821632385,0.7384957075119019,0.777043879032135
gs://teams-faces-data-test-2914-fake-4420-real-feb-28/dor/dor_shkedi_real_frame_000267_seq2470.jpg,0,DOR_REAL_DEV,0.0903160870075225,0.160851314663887,0.3748874068260193,0.7240127921104431,0.6211123466491699,0.6700320243835449,0.4927109181880951,0.47332340478897095,0.5057960748672485
gs://teams-faces-data-test-2914-fake-4420-real-feb-28/dor/dor_shkedi_real_frame_000274_seq2223.jpg,0,DOR_REAL_DEV,0.0130268214270472,0.0152946161106228,0.3621192276477813,0.2648939788341522,0.1711455136537552,0.09872865676879883,0.10889334231615067,0.13648077845573425,0.11480934917926788
gs://teams-faces-data-test-2914-fake-4420-real-feb-28/dor/dor_shkedi_real_frame_000275_seq2561.jpg,0,DOR_REAL_DEV,0.3476993143558502,0.2129402011632919,0.4042162001132965,0.8368273377418518,0.5356975793838501,0.5580082535743713,0.5015596151351929,0.5323494672775269,0.5554320216178894
gs://teams-faces-data-test-2914-fake-4420-real-feb-28/dor/dor_shkedi_real_frame_000278_seq2254.jpg,0,DOR_REAL_DEV,0.0886016488075256,0.0825167074799537,0.5223914980888367,0.7860864400863647,0.7537389993667603,0.665070116519928,0.4612070620059967,0.49733126163482666,0.5310827493667603
gs://teams-faces-data-test-2914-fake-4420-real-feb-28/dor/dor_shkedi_real_frame_000287_seq2660.jpg,0,DOR_REAL_DEV,0.6637340784072876,0.5484477281570435,0.5906683206558228,0.9293473362922668,0.9133917093276978,0.8896316289901733,0.782472550868988,0.8029230237007141,0.8581610321998596
gs://teams-faces-data-test-2914-fake-4420-real-feb-28/dor/dor_shkedi_real_frame_000290_seq2357.jpg,0,DOR_REAL_DEV,0.0172688141465187,0.0185747742652893,0.3670481145381927,0.3078310787677765,0.42931002378463745,0.1756981462240219,0.36953189969062805,0.5306113958358765,0.5568808317184448
gs://teams-faces-data-test-2914-fake-4420-real-feb-28/dor/dor_shkedi_real_frame_000301_seq2763.jpg,0,DOR_REAL_DEV,0.2477827817201614,0.3539932072162628,0.3956310451030731,0.925590991973877,0.8181933760643005,0.8509448170661926,0.5738365054130554,0.6224234700202942,0.6869046092033386
gs://teams-faces-data-test-2914-fake-4420-real-feb-28/dor/dor_shkedi_real_frame_000311_seq2841.jpg,0,DOR_REAL_DEV,0.7612241506576538,0.6278811693191528,0.5282713174819946,0.9675040245056152,0.9775781631469727,0.9817635416984558,0.8731624484062195,0.8771110773086548,0.9209975600242615
gs://teams-faces-data-test-2914-fake-4420-real-feb-28/dor/dor_shkedi_real_frame_000313_seq2880.jpg,0,DOR_REAL_DEV,0.832902729511261,0.6418370604515076,0.4623328745365143,0.9635210633277893,0.9691812992095947,0.9727846384048462,0.8819459080696106,0.9227051734924316,0.9565830826759338
gs://teams-faces-data-test-2914-fake-4420-real-feb-28/dor/dor_shkedi_real_frame_000321_seq2944.jpg,0,DOR_REAL_DEV,0.9107781052589417,0.5451483130455017,0.5175422430038452,0.9489860534667969,0.930370032787323,0.9386293888092041,0.8812133073806763,0.91380774974823,0.9451573491096497
gs://teams-faces-data-test-2914-fake-4420-real-feb-28/dor/dor_shkedi_real_frame_000331_seq3036.jpg,0,DOR_REAL_DEV,0.9746553301811218,0.4773867726325989,0.4657356441020965,0.9636847972869873,0.9752647280693054,0.9700709581375122,0.9145918488502502,0.9226283431053162,0.9436256885528564
gs://teams-faces-data-test-2914-fake-4420-real-feb-28/dor/dor_shkedi_real_frame_000333_seq3050.jpg,0,DOR_REAL_DEV,0.8522404432296753,0.4251300096511841,0.3838966190814972,0.9208613038063049,0.8997260332107544,0.8550923466682434,0.7980844974517822,0.8116064071655273,0.8520315289497375
gs://teams-faces-data-test-2914-fake-4420-real-feb-28/dor/dor_shkedi_real_frame_000335_seq3070.jpg,0,DOR_REAL_DEV,0.9040268659591676,0.8623952269554138,0.5985574722290039,0.967322051525116,0.9836058616638184,0.985517680644989,0.9393385648727417,0.9532039165496826,0.9710268974304199
gs://teams-faces-data-test-2914-fake-4420-real-feb-28/dor/dor_shkedi_real_frame_000365_seq3301.jpg,0,DOR_REAL_DEV,0.4366985559463501,0.3478235006332397,0.5050699710845947,0.9397263526916504,0.745128870010376,0.8150283694267273,0.6219131946563721,0.6370173096656799,0.714413046836853
gs://teams-faces-data-test-2914-fake-4420-real-feb-28/dor/dor_shkedi_real_frame_000367_seq3340.jpg,0,DOR_REAL_DEV,0.6210452318191528,0.8092665672302246,0.5863407254219055,0.9413233995437622,0.9828522801399231,0.9875483512878418,0.9651057124137878,0.9773369431495667,0.9846055507659912
gs://teams-faces-data-test-2914-fake-4420-real-feb-28/dor/dor_shkedi_real_frame_000373_seq3353.jpg,0,DOR_REAL_DEV,0.4255306422710418,0.5791102051734924,0.4323793947696686,0.9397343397140503,0.977741003036499,0.9769799709320068,0.908280074596405,0.9228810667991638,0.9514544010162354
gs://teams-faces-data-test-2914-fake-4420-real-feb-28/dor/dor_shkedi_real_frame_000379_seq3421.jpg,0,DOR_REAL_DEV,0.1800956726074218,0.065405435860157,0.2758817672729492,0.5700192451477051,0.6125493049621582,0.3912185728549957,0.3335933983325958,0.31975916028022766,0.33128881454467773
gs://teams-faces-data-test-2914-fake-4420-real-feb-28/dor/dor_shkedi_real_frame_000385_seq3458.jpg,0,DOR_REAL_DEV,0.0553728006780147,0.0194049943238496,0.195455327630043,0.6291857957839966,0.501409113407135,0.33565962314605713,0.3090577721595764,0.3449406027793884,0.374100923538208
gs://teams-faces-data-test-2914-fake-4420-real-feb-28/dor/dor_shkedi_real_frame_000397_seq3554.jpg,0,DOR_REAL_DEV,0.0118326805531978,0.0679234340786933,0.3211410343647003,0.48806583881378174,0.30035388469696045,0.2937745153903961,0.20711609721183777,0.21887297928333282,0.23318032920360565
gs://teams-faces-data-test-2914-fake-4420-real-feb-28/dor/dor_shkedi_real_frame_000399_seq3541.jpg,0,DOR_REAL_DEV,0.0082317171618342,0.0457192882895469,0.4152060747146606,0.29806333780288696,0.1880684196949005,0.17844943702220917,0.17773377895355225,0.18209367990493774,0.16953979432582855
gs://teams-faces-data-test-2914-fake-4420-real-feb-28/fake/dor_shkedi__s16_156.3_frame_005389_crop_000__b02f57d4.jpg,1,DOR_FAKE_DEV,0.7639027237892151,0.6062852144241333,0.3747744560241699,0.8889011144638062,0.9058237075805664,0.7903082370758057,0.1806214451789856,0.1615561693906784,0.14094112813472748
gs://teams-faces-data-test-2914-fake-4420-real-feb-28/fake/dor_shkedi__s16_157.3_frame_005405_crop_000__cbad2b2f.jpg,1,DOR_FAKE_DEV,0.7031674385070801,0.6518656015396118,0.2570679187774658,0.8766138553619385,0.8377780318260193,0.685239315032959,0.15985003113746643,0.1022566705942154,0.10575620085000992
gs://teams-faces-data-test-2914-fake-4420-real-feb-28/fake/dor_shkedi__s16_158.3_frame_005425_crop_001__02f17f11.jpg,1,DOR_FAKE_DEV,0.8947885036468506,0.935136377811432,0.614428699016571,0.8870044946670532,0.974223256111145,0.9119427800178528,0.40117964148521423,0.40797582268714905,0.3961949944496155
gs://teams-faces-data-test-2914-fake-4420-real-feb-28/fake/dor_shkedi__s16_158.3_frame_005450_crop_001__1d531e66.jpg,1,DOR_FAKE_DEV,0.9697466492652892,0.8990253806114197,0.6118512749671936,0.9410687685012817,0.9704304933547974,0.9383072853088379,0.4274774491786957,0.4197375178337097,0.40775224566459656
gs://teams-faces-data-test-2914-fake-4420-real-feb-28/fake/dor_shkedi__s16_159.3_frame_005473_crop_001__aab35308.jpg,1,DOR_FAKE_DEV,0.9919414520263672,0.9770870804786682,0.6601513624191284,0.9660667777061462,0.9855954647064209,0.9844000339508057,0.6655944585800171,0.6603751182556152,0.7152338624000549
gs://teams-faces-data-test-2914-fake-4420-real-feb-28/fake/dor_shkedi__s16_160.3_frame_005495_crop_001__36783955.jpg,1,DOR_FAKE_DEV,0.9879006147384644,0.833341658115387,0.6028188467025757,0.9642361998558044,0.9836897253990173,0.9700100421905518,0.5141205787658691,0.5323428511619568,0.5505285859107971
gs://teams-faces-data-test-2914-fake-4420-real-feb-28/fake/dor_shkedi__s16_161.3_frame_005536_crop_001__e079292d.jpg,1,DOR_FAKE_DEV,0.9928429126739502,0.9189006090164183,0.666746973991394,0.9685356020927429,0.9883113503456116,0.9862078428268433,0.7799267172813416,0.8143742680549622,0.8293707370758057
gs://teams-faces-data-test-2914-fake-4420-real-feb-28/fake/dor_shkedi__s16_161.3_frame_005559_crop_001__94174929.jpg,1,DOR_FAKE_DEV,0.9833680987358092,0.729084849357605,0.390618622303009,0.9524389505386353,0.9718323349952698,0.9382737278938293,0.3320048153400421,0.29022136330604553,0.25768157839775085
gs://teams-faces-data-test-2914-fake-4420-real-feb-28/fake/dor_shkedi__s16_162.3_frame_005580_crop_001__6347af09.jpg,1,DOR_FAKE_DEV,0.9880470037460328,0.9334319233894348,0.7221871614456177,0.958686351776123,0.9835016131401062,0.9790228009223938,0.6202756762504578,0.6226668357849121,0.6585688591003418
gs://teams-faces-data-test-2914-fake-4420-real-feb-28/fake/dor_shkedi__s16_163.3_frame_005605_crop_001__62a26035.jpg,1,DOR_FAKE_DEV,0.9888628721237184,0.8701797127723694,0.6176440119743347,0.9597474336624146,0.9837309122085571,0.9739079475402832,0.5663853883743286,0.5612009763717651,0.5911070108413696
gs://teams-faces-data-test-2914-fake-4420-real-feb-28/fake/dor_shkedi__s16_163.3_frame_005635_crop_000__4ebf23fc.jpg,1,DOR_FAKE_DEV,0.9630464315414428,0.8159514665603638,0.5456814765930176,0.8593125939369202,0.9199634194374084,0.8154706358909607,0.22269199788570404,0.21591374278068542,0.19251814484596252
gs://teams-faces-data-test-2914-fake-4420-real-feb-28/fake/dor_shkedi__s16_164.3_frame_005641_crop_000__3e74aa40.jpg,1,DOR_FAKE_DEV,0.9922469854354858,0.9379964470863342,0.4470458626747131,0.9584554433822632,0.9791066646575928,0.9621139168739319,0.58542799949646,0.6022343039512634,0.699343204498291
gs://teams-faces-data-test-2914-fake-4420-real-feb-28/fake/dor_shkedi__s16_165.3_frame_005658_crop_001__77be7e7c.jpg,1,DOR_FAKE_DEV,0.9878113865852356,0.9313876628875732,0.6743562817573547,0.9534338116645813,0.9801241159439087,0.9705017805099487,0.5585095286369324,0.5724977254867554,0.6037580966949463
gs://teams-faces-data-test-2914-fake-4420-real-feb-28/fake/dor_shkedi__s16_165.3_frame_005680_crop_001__b8e91246.jpg,1,DOR_FAKE_DEV,0.9625482559204102,0.9174426198005676,0.6317556500434875,0.9255519509315491,0.9546189308166504,0.9014644622802734,0.34344613552093506,0.3046174645423889,0.2770141065120697
gs://teams-faces-data-test-2914-fake-4420-real-feb-28/fake/dor_shkedi__s16_166.3_frame_005703_crop_001__006101e7.jpg,1,DOR_FAKE_DEV,0.9893913269042968,0.9647572636604308,0.690234899520874,0.9578612446784973,0.9804635643959045,0.9719412326812744,0.5402120351791382,0.5702514052391052,0.6085771322250366
gs://teams-faces-data-test-2914-fake-4420-real-feb-28/fake/dor_shkedi__s16_167.3_frame_005723_crop_001__cbe06952.jpg,1,DOR_FAKE_DEV,0.95752614736557,0.7629968523979187,0.4778914749622345,0.949027419090271,0.9719765782356262,0.9500773549079895,0.3419702351093292,0.31113696098327637,0.27041828632354736
gs://teams-faces-data-test-2914-fake-4420-real-feb-28/fake/dor_shkedi__s16_167.3_frame_005759_crop_001__82d6bcd3.jpg,1,DOR_FAKE_DEV,0.9660191535949708,0.906414031982422,0.5680897831916809,0.9386324286460876,0.9767963886260986,0.9607148766517639,0.4348301589488983,0.41479435563087463,0.4338136315345764
gs://teams-faces-data-test-2914-fake-4420-real-feb-28/fake/dor_shkedi__s16_168.3_frame_005782_crop_001__6d5a392d.jpg,1,DOR_FAKE_DEV,0.9832797050476074,0.9508910775184632,0.6502146124839783,0.9488010406494141,0.974117636680603,0.9665947556495667,0.46045228838920593,0.4702589809894562,0.49510395526885986
gs://teams-faces-data-test-2914-fake-4420-real-feb-28/fake/dor_shkedi__s16_169.3_frame_005804_crop_001__b7fc0002.jpg,1,DOR_FAKE_DEV,0.957707941532135,0.9026726484298706,0.5925627946853638,0.9023215174674988,0.9491751790046692,0.8886907696723938,0.24468499422073364,0.3049215078353882,0.2986716628074646
gs://teams-faces-data-test-2914-fake-4420-real-feb-28/fake/dor_shkedi__s16_170.3_frame_005825_crop_001__73ceaf6b.jpg,1,DOR_FAKE_DEV,0.9761826395988464,0.9194703102111816,0.6863240599632263,0.9574527144432068,0.9802790880203247,0.9681884050369263,0.5040537714958191,0.4773212969303131,0.4929470121860504
gs://teams-faces-data-test-2914-fake-4420-real-feb-28/fake/dor_shkedi__s16_170.3_frame_005854_crop_000__48a068b7.jpg,1,DOR_FAKE_DEV,0.9886074662208556,0.8349598050117493,0.527051568031311,0.9648123383522034,0.9828981161117554,0.9740540385246277,0.5558923482894897,0.543603241443634,0.5309313535690308
gs://teams-faces-data-test-2914-fake-4420-real-feb-28/fake/dor_shkedi__s16_171.3_frame_005860_crop_000__237654f1.jpg,1,DOR_FAKE_DEV,0.940205454826355,0.8659509420394897,0.4730692207813263,0.9130026698112488,0.8802133202552795,0.7386017441749573,0.17576925456523895,0.13311675190925598,0.15166357159614563
gs://teams-faces-data-test-2914-fake-4420-real-feb-28/fake/dor_shkedi__s16_171.3_frame_005877_crop_001__c2200c69.jpg,1,DOR_FAKE_DEV,0.8843986392021179,0.7277780771255493,0.4601407051086426,0.857969343662262,0.8671967387199402,0.7679312229156494,0.22272063791751862,0.2190990298986435,0.2038709968328476
gs://teams-faces-data-test-2914-fake-4420-real-feb-28/fake/dor_shkedi__s16_172.3_frame_005906_crop_001__cf4e18f8.jpg,1,DOR_FAKE_DEV,0.973675549030304,0.8762214779853821,0.5351475477218628,0.9396637082099915,0.9512426257133484,0.863117516040802,0.33464285731315613,0.3093515932559967,0.3058183491230011
gs://teams-faces-data-test-2914-fake-4420-real-feb-28/fake/dor_shkedi__s16_173.3_frame_005931_crop_001__d8f90165.jpg,1,DOR_FAKE_DEV,0.9426702857017516,0.7706097960472107,0.5684946179389954,0.9131174087524414,0.9368654489517212,0.8694977164268494,0.270698219537735,0.2638520896434784,0.23792463541030884
gs://teams-faces-data-test-2914-fake-4420-real-feb-28/fake/dor_shkedi__s16_173.3_frame_005962_crop_001__971f9a35.jpg,1,DOR_FAKE_DEV,0.955836534500122,0.8090804815292358,0.5592567324638367,0.8801199197769165,0.9099572896957397,0.7850876450538635,0.24691714346408844,0.2453339695930481,0.22516882419586182
gs://teams-faces-data-test-2914-fake-4420-real-feb-28/fake/dor_shkedi__s16_174.3_frame_005984_crop_000__4da8e9fb.jpg,1,DOR_FAKE_DEV,0.9441201686859132,0.858011782169342,0.568082869052887,0.9329528212547302,0.9637520909309387,0.927508533000946,0.4052477180957794,0.40477243065834045,0.4050268530845642
gs://teams-faces-data-test-2914-fake-4420-real-feb-28/fake/dor_shkedi__s16_175.3_frame_005990_crop_000__8ef8642c.jpg,1,DOR_FAKE_DEV,0.9912546873092652,0.9338006973266602,0.5012056827545166,0.9646268486976624,0.9836275577545166,0.9804539084434509,0.6964128613471985,0.6220127940177917,0.7036056518554688
gs://teams-faces-data-test-2914-fake-4420-real-feb-28/fake/dor_shkedi__s16_175.3_frame_006006_crop_001__b3c9441f.jpg,1,DOR_FAKE_DEV,0.9803609251976012,0.8055535554885864,0.582046389579773,0.9274476170539856,0.9528562426567078,0.8905384540557861,0.35524487495422363,0.34930503368377686,0.3320339620113373
gs://teams-faces-data-test-2914-fake-4420-real-feb-28/fake/dor_shkedi__s16_175.3_frame_006028_crop_001__d0d4a00e.jpg,1,DOR_FAKE_DEV,0.9919652938842772,0.8813177347183228,0.5827223658561707,0.8684224486351013,0.9471579790115356,0.7083492875099182,0.27037671208381653,0.3005862832069397,0.25628697872161865
gs://teams-faces-data-test-2914-fake-4420-real-feb-28/fake/dor_shkedi__s16_177.3_frame_006053_crop_001__c2e226b1.jpg,1,DOR_FAKE_DEV,0.9785995483398438,0.4398805499076843,0.416730135679245,0.8093631267547607,0.932572066783905,0.7059337496757507,0.35181620717048645,0.30732056498527527,0.26238933205604553
gs://teams-faces-data-test-2914-fake-4420-real-feb-28/fake/dor_shkedi__s16_177.3_frame_006085_crop_001__c62e1f0b.jpg,1,DOR_FAKE_DEV,0.9938198924064636,0.6813091039657593,0.3583419024944305,0.9626964926719666,0.9886336326599121,0.9805508852005005,0.9129197597503662,0.8544851541519165,0.8720145225524902
gs://teams-faces-data-test-2914-fake-4420-real-feb-28/fake/dor_shkedi__s16_178.3_frame_006110_crop_001__c62d3b87.jpg,1,DOR_FAKE_DEV,0.993240237236023,0.4326162934303283,0.2926996350288391,0.9614569544792175,0.9879034161567688,0.967849612236023,0.814895749092102,0.6860665082931519,0.731378972530365
gs://teams-faces-data-test-2914-fake-4420-real-feb-28/fake/dor_shkedi__s16_179.3_frame_006133_crop_001__71cd76e9.jpg,1,DOR_FAKE_DEV,0.9857775568962096,0.5689542293548584,0.4630752503871918,0.9319700002670288,0.9820709824562073,0.8904804587364197,0.702459990978241,0.556800901889801,0.5688278675079346
gs://teams-faces-data-test-2914-fake-4420-real-feb-28/fake/dor_shkedi__s16_179.3_frame_006159_crop_001__81007880.jpg,1,DOR_FAKE_DEV,0.9875396490097046,0.3600353896617889,0.3322035074234009,0.8835699558258057,0.9762702584266663,0.8521388173103333,0.5163288712501526,0.3903311491012573,0.3818723261356354
gs://teams-faces-data-test-2914-fake-4420-real-feb-28/fake/dor_shkedi__s16_180.3_frame_006188_crop_001__a08e4045.jpg,1,DOR_FAKE_DEV,0.9930275082588196,0.3976359367370605,0.3632351756095886,0.9557796120643616,0.9867445826530457,0.9554116725921631,0.7439572215080261,0.6448768973350525,0.6801857948303223
gs://teams-faces-data-test-2914-fake-4420-real-feb-28/fake/dor_shkedi__s16_181.3_frame_006211_crop_001__3265c5bc.jpg,1,DOR_FAKE_DEV,0.9934192299842834,0.6441682577133179,0.3637612164020538,0.9629621505737305,0.9885095953941345,0.9756975173950195,0.8761222958564758,0.7677083611488342,0.7993268966674805
gs://teams-faces-data-test-2914-fake-4420-real-feb-28/fake/dor_shkedi__s16_182.3_frame_006234_crop_001__bb48712c.jpg,1,DOR_FAKE_DEV,0.9933156371116638,0.486143559217453,0.3574006557464599,0.9454551935195923,0.9858654737472534,0.9468202590942383,0.7230888605117798,0.5733086466789246,0.5968810319900513
gs://teams-faces-data-test-2914-fake-4420-real-feb-28/fake/dor_shkedi__s16_183.3_frame_006260_crop_001__f2649998.jpg,1,DOR_FAKE_DEV,0.9942798614501952,0.7704913020133972,0.4705334007740021,0.9679046273231506,0.9897429347038269,0.987400472164154,0.9648863673210144,0.950919508934021,0.96043860912323
gs://teams-faces-data-test-2914-fake-4420-real-feb-28/fake/dor_shkedi__s16_183.3_frame_006291_crop_001__3be3bb73.jpg,1,DOR_FAKE_DEV,0.9931707382202148,0.6357462406158447,0.4322456121444702,0.9583645462989807,0.9874467253684998,0.9719749093055725,0.8964316248893738,0.7822151184082031,0.8076706528663635
gs://teams-faces-data-test-2914-fake-4420-real-feb-28/fake/dor_shkedi__s16_184.3_frame_006314_crop_001__2cc781b5.jpg,1,DOR_FAKE_DEV,0.9928098917007446,0.4518030881881714,0.3365036249160766,0.9355596899986267,0.9812666177749634,0.8352170586585999,0.5413933396339417,0.3731091618537903,0.38507750630378723
gs://teams-faces-data-test-2914-fake-4420-real-feb-28/fake/dor_shkedi__s16_185.3_frame_006338_crop_001__cdb3782d.jpg,1,DOR_FAKE_DEV,0.9861014485359192,0.4817903935909271,0.295916736125946,0.8415078520774841,0.9507851600646973,0.670139491558075,0.3165493309497833,0.2134285271167755,0.1980145126581192
gs://teams-faces-data-test-2914-fake-4420-real-feb-28/fake/dor_shkedi__s16_186.3_frame_006362_crop_001__890b7751.jpg,1,DOR_FAKE_DEV,0.9935976266860962,0.7231837511062622,0.4848791360855102,0.9493874311447144,0.9874936938285828,0.958903431892395,0.8270257115364075,0.7012477517127991,0.7247012257575989
gs://teams-faces-data-test-2914-fake-4420-real-feb-28/fake/dor_shkedi__s16_186.3_frame_006393_crop_001__408c55ba.jpg,1,DOR_FAKE_DEV,0.8820390701293945,0.2220594584941864,0.2705792486667633,0.8244608640670776,0.9571467041969299,0.6899816989898682,0.41092216968536377,0.27664655447006226,0.28350403904914856
gs://teams-faces-data-test-2914-fake-4420-real-feb-28/fake/dor_shkedi__s16_187.3_frame_006413_crop_001__11fbb86c.jpg,1,DOR_FAKE_DEV,0.9478830695152284,0.3606254160404205,0.2848082184791565,0.8171386122703552,0.9690918326377869,0.7261896729469299,0.3210594058036804,0.23561817407608032,0.22039327025413513
gs://teams-faces-data-test-2914-fake-4420-real-feb-28/fake/dor_shkedi__s16_187.3_frame_006435_crop_001__41bf424b.jpg,1,DOR_FAKE_DEV,0.9941923022270204,0.669518768787384,0.3977492451667785,0.9614099860191345,0.9879779815673828,0.9706856608390808,0.872990071773529,0.776299238204956,0.8269001841545105
gs://teams-faces-data-test-2914-fake-4420-real-feb-28/fake/dor_shkedi__s16_188.3_frame_006460_crop_001__aa215eb2.jpg,1,DOR_FAKE_DEV,0.7572776079177856,0.2775375545024872,0.29994997382164,0.6106795072555542,0.720792293548584,0.4248773455619812,0.1300133615732193,0.09140516072511673,0.07714467495679855
gs://teams-faces-data-test-2914-fake-4420-real-feb-28/fake/dor_shkedi__s16_189.3_frame_006481_crop_001__b95a7e95.jpg,1,DOR_FAKE_DEV,0.9864376783370972,0.3105725646018982,0.3709195852279663,0.9044754505157471,0.9629331827163696,0.7614905834197998,0.4604000747203827,0.34831908345222473,0.3378598392009735
gs://teams-faces-data-test-2914-fake-4420-real-feb-28/fake/dor_shkedi__s16_190.3_frame_006509_crop_001__1a59c23b.jpg,1,DOR_FAKE_DEV,0.9912691116333008,0.3072708249092102,0.3127562701702118,0.9420691132545471,0.9808169007301331,0.8766785264015198,0.48841774463653564,0.37937450408935547,0.3778829574584961
gs://teams-faces-data-test-2914-fake-4420-real-feb-28/fake/dor_shkedi__s16_191.3_frame_006531_crop_001__5b7a6f50.jpg,1,DOR_FAKE_DEV,0.9939185380935668,0.5246253609657288,0.3934904038906097,0.9548536539077759,0.9865826964378357,0.9522308111190796,0.8256356120109558,0.658721923828125,0.7090131640434265
gs://teams-faces-data-test-2914-fake-4420-real-feb-28/fake/dor_shkedi__s16_191.3_frame_006553_crop_001__98ee7f0f.jpg,1,DOR_FAKE_DEV,0.9940919280052184,0.5210095047950745,0.3688752353191376,0.9621109962463379,0.9876587986946106,0.9678683876991272,0.8394191861152649,0.7391867637634277,0.7511005401611328
gs://teams-faces-data-test-2914-fake-4420-real-feb-28/fake/dor_shkedi__s16_192.3_frame_006575_crop_001__6da2ee44.jpg,1,DOR_FAKE_DEV,0.9943761825561525,0.5233252048492432,0.3731615543365478,0.966323971748352,0.9888701438903809,0.9763404726982117,0.9095746874809265,0.8222261071205139,0.8472704887390137
gs://teams-faces-data-test-2914-fake-4420-real-feb-28/fake/dor_shkedi__s16_193.3_frame_006599_crop_001__c923be38.jpg,1,DOR_FAKE_DEV,0.9699124693870544,0.744330108165741,0.6208717226982117,0.897916316986084,0.9755069017410278,0.8434454202651978,0.4732188582420349,0.5392999649047852,0.5132182836532593
gs://teams-faces-data-test-2914-fake-4420-real-feb-28/fake/dor_shkedi__s16_193.3_frame_006631_crop_001__b4bd69ea.jpg,1,DOR_FAKE_DEV,0.9871898293495178,0.9753140807151794,0.535428524017334,0.9385169148445129,0.9707401990890503,0.9399988651275635,0.45069628953933716,0.46290072798728943,0.5258641242980957
gs://teams-faces-data-test-2914-fake-4420-real-feb-28/fake/dor_shkedi__s16_194.3_frame_006651_crop_001__6421b4a5.jpg,1,DOR_FAKE_DEV,0.9505285024642944,0.827690064907074,0.496446430683136,0.8862063884735107,0.9510189294815063,0.8885002136230469,0.3014046549797058,0.26725733280181885,0.28560304641723633
gs://teams-faces-data-test-2914-fake-4420-real-feb-28/fake/dor_shkedi__s16_195.3_frame_006675_crop_001__b60c530b.jpg,1,DOR_FAKE_DEV,0.9884757995605468,0.8415744304656982,0.6410285830497742,0.9545679092407227,0.9861059188842773,0.9761998057365417,0.6780228614807129,0.7264178991317749,0.7263694405555725
gs://teams-faces-data-test-2914-fake-4420-real-feb-28/fake/dor_shkedi__s16_195.3_frame_006700_crop_000__3aa68a5d.jpg,1,DOR_FAKE_DEV,0.9945616126060486,0.9851700663566588,0.6589773893356323,0.9703236222267151,0.9891746044158936,0.989506185054779,0.9764437675476074,0.9821276068687439,0.9857828617095947
gs://teams-faces-data-test-2914-fake-4420-real-feb-28/fake/dor_shkedi__s16_196.3_frame_006717_crop_000__43989019.jpg,1,DOR_FAKE_DEV,0.947072684764862,0.8260430693626404,0.5924719572067261,0.9276176691055298,0.9212535619735718,0.9224741458892822,0.37792930006980896,0.30394458770751953,0.3289678990840912
gs://teams-faces-data-test-2914-fake-4420-real-feb-28/fake/dor_shkedi__s16_197.3_frame_006732_crop_001__31dabf71.jpg,1,DOR_FAKE_DEV,0.9527247548103333,0.7568400502204895,0.564921498298645,0.8085532188415527,0.9408036470413208,0.7596720457077026,0.28130075335502625,0.3549154996871948,0.3160621225833893
gs://teams-faces-data-test-2914-fake-4420-real-feb-28/fake/dor_shkedi__s16_197.3_frame_006759_crop_001__5c18506e.jpg,1,DOR_FAKE_DEV,0.9889752864837646,0.9089014530181884,0.7388831973075867,0.9511919021606445,0.9840279221534729,0.9580954909324646,0.5037454962730408,0.5836870074272156,0.593070387840271
gs://teams-faces-data-test-2914-fake-4420-real-feb-28/fake/dor_shkedi__s16_198.3_frame_006782_crop_001__b394d590.jpg,1,DOR_FAKE_DEV,0.9864851236343384,0.9407080411911012,0.6852061748504639,0.9579674005508423,0.9876625537872314,0.9824819564819336,0.7550904154777527,0.7798492908477783,0.7962835431098938
gs://teams-faces-data-test-2914-fake-4420-real-feb-28/fake/dor_shkedi__s16_199.3_frame_006808_crop_001__43c77d92.jpg,1,DOR_FAKE_DEV,0.9610804319381714,0.7708812952041626,0.4312014877796173,0.9014819860458374,0.9600136876106262,0.8910897970199585,0.33345088362693787,0.3209421634674072,0.29371944069862366
gs://teams-faces-data-test-2914-fake-4420-real-feb-28/fake/dor_shkedi__s16_200.3_frame_006848_crop_001__135ec00d.jpg,1,DOR_FAKE_DEV,0.8915190100669861,0.5222773551940918,0.4367934167385101,0.8283840417861938,0.9332049489021301,0.8221295475959778,0.3034185469150543,0.3009147346019745,0.28654423356056213
gs://teams-faces-data-test-2914-fake-4420-real-feb-28/fake/dor_shkedi__s16_201.3_frame_006873_crop_001__2e1c48bd.jpg,1,DOR_FAKE_DEV,0.9908287525177002,0.7640119194984436,0.4938514530658722,0.8623058795928955,0.9633901715278625,0.8873316645622253,0.4428366720676422,0.4449753165245056,0.41780927777290344
gs://teams-faces-data-test-2914-fake-4420-real-feb-28/fake/dor_shkedi__s16_202.3_frame_006898_crop_001__295f0049.jpg,1,DOR_FAKE_DEV,0.6095722913742065,0.5985411405563354,0.4741897583007812,0.5702152848243713,0.6416918039321899,0.5490255355834961,0.10989680886268616,0.12899592518806458,0.1099870502948761
gs://teams-faces-data-test-2914-fake-4420-real-feb-28/fake/dor_shkedi__s16_203.3_frame_006950_crop_000__affcd69e.jpg,1,DOR_FAKE_DEV,0.9907508492469788,0.8663519024848938,0.338091105222702,0.9539024829864502,0.9651906490325928,0.9179161190986633,0.34197431802749634,0.2676461935043335,0.29680415987968445
gs://teams-faces-data-test-2914-fake-4420-real-feb-28/fake/dor_shkedi__s16_204.3_frame_006968_crop_001__42de82dc.jpg,1,DOR_FAKE_DEV,0.9696987867355348,0.909571409225464,0.568336546421051,0.9287260174751282,0.9724608659744263,0.9173796772956848,0.4806083142757416,0.5459620356559753,0.5305772423744202
gs://teams-faces-data-test-2914-fake-4420-real-feb-28/fake/dor_shkedi__s16_205.3_frame_006991_crop_001__db076725.jpg,1,DOR_FAKE_DEV,0.9732004404067992,0.4456968009471893,0.5093085765838623,0.8801289796829224,0.9730592966079712,0.8852335810661316,0.35397109389305115,0.4472756087779999,0.40230217576026917
gs://teams-faces-data-test-2914-fake-4420-real-feb-28/fake/dor_shkedi__s16_205.3_frame_007016_crop_001__2b9ec4ff.jpg,1,DOR_FAKE_DEV,0.9938979744911194,0.5533114075660706,0.3260574340820312,0.96225905418396,0.9882634878158569,0.9779020547866821,0.8530560731887817,0.7634595632553101,0.7872623801231384
gs://teams-faces-data-test-2914-fake-4420-real-feb-28/fake/dor_shkedi__s16_206.3_frame_007040_crop_001__45d35aae.jpg,1,DOR_FAKE_DEV,0.992246389389038,0.6804505586624146,0.3863818049430847,0.9456112384796143,0.9819521307945251,0.900999128818512,0.5606793761253357,0.45201575756073,0.472748339176178
gs://teams-faces-data-test-2914-fake-4420-real-feb-28/fake/dor_shkedi__s16_207.3_frame_007078_crop_001__04f0f7c5.jpg,1,DOR_FAKE_DEV,0.9936908483505248,0.8564862608909607,0.4052297472953796,0.9615713357925415,0.986739993095398,0.9663612246513367,0.7404281497001648,0.6837978959083557,0.6885355710983276
gs://teams-faces-data-test-2914-fake-4420-real-feb-28/fake/dor_shkedi__s16_208.3_frame_007101_crop_001__c3755a11.jpg,1,DOR_FAKE_DEV,0.2121862769126892,0.2034086734056472,0.3589929938316345,0.42200344800949097,0.515426516532898,0.3020329177379608,0.042022135108709335,0.048445604741573334,0.035228099673986435
gs://teams-faces-data-test-2914-fake-4420-real-feb-28/fake/dor_shkedi__s16_209.3_frame_007126_crop_001__6d399864.jpg,1,DOR_FAKE_DEV,0.9817741513252258,0.783137321472168,0.5393677949905396,0.8660310506820679,0.9599080085754395,0.8078323602676392,0.2993778884410858,0.32636162638664246,0.27163881063461304
gs://teams-faces-data-test-2914-fake-4420-real-feb-28/fake/dor_shkedi__s16_210.3_frame_007148_crop_001__75e3e698.jpg,1,DOR_FAKE_DEV,0.8952453136444092,0.9391477704048156,0.48016357421875,0.9045976400375366,0.9694786667823792,0.9018009305000305,0.3491385281085968,0.36527132987976074,0.3323538601398468
gs://teams-faces-data-test-2914-fake-4420-real-feb-28/fake/dor_shkedi__s16_211.3_frame_007185_crop_001__e4ebe603.jpg,1,DOR_FAKE_DEV,0.5714288949966431,0.5957274436950684,0.4606664180755615,0.5531703233718872,0.6655657291412354,0.5493390560150146,0.08701280504465103,0.07807240635156631,0.06542983651161194
gs://teams-faces-data-test-2914-fake-4420-real-feb-28/fake/dor_shkedi__s16_211.3_frame_007211_crop_001__a2fdca85.jpg,1,DOR_FAKE_DEV,0.9697559475898744,0.8741589784622192,0.5480135083198547,0.8626313209533691,0.929515540599823,0.7741602063179016,0.2549859285354614,0.2937503457069397,0.2557876706123352
gs://teams-faces-data-test-2914-fake-4420-real-feb-28/fake/dor_shkedi__s16_212.3_frame_007234_crop_001__2bd07e15.jpg,1,DOR_FAKE_DEV,0.9489606618881226,0.8469668030738831,0.5852317810058594,0.8289623260498047,0.9445903897285461,0.8185518980026245,0.2505115866661072,0.2752804756164551,0.2347358912229538
gs://teams-faces-data-test-2914-fake-4420-real-feb-28/fake/dor_shkedi__s16_213.3_frame_007293_crop_000__77755957.jpg,1,DOR_FAKE_DEV,0.9927196502685548,0.7990529537200928,0.5857377648353577,0.9674784541130066,0.9858348965644836,0.9749250411987305,0.6871251463890076,0.4796590209007263,0.5008054375648499
gs://teams-faces-data-test-2914-fake-4420-real-feb-28/real/dor_shkedi__frame_000663_seq5934.png,0,DOR_REAL_LOCKBOX,0.0831551998853683,0.017573170363903,0.5042996406555176,0.5737792253494263,0.8706174492835999,0.7724061608314514,0.7204315662384033,0.7214567065238953,0.8330504298210144
gs://teams-faces-data-test-2914-fake-4420-real-feb-28/real/dor_shkedi__frame_000633_seq5671.png,0,DOR_REAL_LOCKBOX,0.0185066368430852,0.0113190570846199,0.281891405582428,0.19490104913711548,0.1238313615322113,0.10385521501302719,0.06535974144935608,0.07459747046232224,0.09717264026403427
gs://teams-faces-data-test-2914-fake-4420-real-feb-28/real/dor_shkedi__frame_000383_seq3431__a62794ae.jpg,0,DOR_REAL_LOCKBOX,0.0088230948895215,0.0487220771610736,0.1969023793935775,0.5576619505882263,0.349281907081604,0.404005229473114,0.3973281681537628,0.35095176100730896,0.4116882085800171
gs://teams-faces-data-test-2914-fake-4420-real-feb-28/real/dor_shkedi__frame_000226_seq2237.png,0,DOR_REAL_LOCKBOX,0.0273033492267131,0.0146386856213212,0.4042464196681976,0.26079264283180237,0.31539198756217957,0.16717353463172913,0.24216675758361816,0.2141735553741455,0.3223927617073059
gs://teams-faces-data-test-2914-fake-4420-real-feb-28/real/dor_shkedi__frame_000275_seq2561__d3bdbef4.jpg,0,DOR_REAL_LOCKBOX,0.0245088674128055,0.322765052318573,0.1439516842365265,0.5414978265762329,0.2766161859035492,0.40081894397735596,0.3746819496154785,0.3481498062610626,0.3794623017311096
gs://teams-faces-data-test-2914-fake-4420-real-feb-28/real/dor_shkedi__frame_000194_seq1724__9eac8324.jpg,0,DOR_REAL_LOCKBOX,0.022265600040555,0.0785961300134658,0.2821700870990753,0.5022419691085815,0.27688083052635193,0.46704545617103577,0.5357673168182373,0.5309423208236694,0.6238767504692078
gs://teams-faces-data-test-2914-fake-4420-real-feb-28/real/dor_shkedi__frame_000728_seq6817.png,0,DOR_REAL_LOCKBOX,0.0191541854292154,0.0203323811292648,0.3756896257400512,0.2235127091407776,0.17504070699214935,0.09106089919805527,0.12210303544998169,0.11517678946256638,0.12838329374790192
gs://teams-faces-data-test-2914-fake-4420-real-feb-28/real/dor_shkedi__frame_000357_seq3228__74f80a8d.jpg,0,DOR_REAL_LOCKBOX,0.07181266695261,0.4839514493942261,0.2489325702190399,0.7418851852416992,0.47998669743537903,0.5664809942245483,0.5119031667709351,0.4721198081970215,0.5228861570358276
gs://teams-faces-data-test-2914-fake-4420-real-feb-28/real/dor_shkedi__frame_000313_seq2958.png,0,DOR_REAL_LOCKBOX,0.018447209149599,0.0247233267873525,0.5339699983596802,0.4151839315891266,0.32322248816490173,0.3150121867656708,0.28124240040779114,0.23389601707458496,0.3116946220397949
gs://teams-faces-data-test-2914-fake-4420-real-feb-28/real/dor_shkedi__frame_000786_seq7359.png,0,DOR_REAL_LOCKBOX,0.0067001329734921,0.0186596233397722,0.3236300945281982,0.2088119387626648,0.13257697224617004,0.14523665606975555,0.07718470692634583,0.07078307121992111,0.09569438546895981
gs://teams-faces-data-test-2914-fake-4420-real-feb-28/real/dor_shkedi__frame_001616_seq13649__cb706419.jpg,0,DOR_REAL_LOCKBOX,0.578684389591217,0.7613371014595032,0.484883040189743,0.7851845026016235,0.42742854356765747,0.5275548100471497,0.6008832454681396,0.560835599899292,0.5900171399116516
gs://teams-faces-data-test-2914-fake-4420-real-feb-28/real/dor_shkedi__frame_000448_seq4086.png,0,DOR_REAL_LOCKBOX,0.1115676611661911,0.0290671959519386,0.3819745182991028,0.8225153088569641,0.9194440841674805,0.8635913133621216,0.6429359912872314,0.6393443942070007,0.7973740696907043
gs://teams-faces-data-test-2914-fake-4420-real-feb-28/real/dor_shkedi__frame_000210_seq1821__42996264.jpg,0,DOR_REAL_LOCKBOX,0.0692335963249206,0.0328182391822338,0.1782974153757095,0.7127496600151062,0.542883038520813,0.6260614991188049,0.7142525911331177,0.7008489966392517,0.8446703553199768
gs://teams-faces-data-test-2914-fake-4420-real-feb-28/real/dor_shkedi__frame_000431_seq3932.png,0,DOR_REAL_LOCKBOX,0.0428867600858211,0.0190399326384067,0.4846932590007782,0.2560124099254608,0.5209301710128784,0.33049678802490234,0.3567354381084442,0.31546109914779663,0.4488980174064636
gs://teams-faces-data-test-2914-fake-4420-real-feb-28/real/dor_shkedi__frame_000323_seq2968__84b0dca9.jpg,0,DOR_REAL_LOCKBOX,0.2961936295032501,0.4344043135643005,0.3243716359138489,0.8466478586196899,0.5808960199356079,0.7331054210662842,0.6467021703720093,0.6100948452949524,0.7005652785301208
gs://teams-faces-data-test-2914-fake-4420-real-feb-28/real/dor_shkedi__frame_000885_seq8419.png,0,DOR_REAL_LOCKBOX,0.020645584911108,0.0194046255201101,0.2468364387750625,0.7143484950065613,0.709313154220581,0.6762657165527344,0.3669227361679077,0.311479389667511,0.40014246106147766
gs://teams-faces-data-test-2914-fake-4420-real-feb-28/real/dor_shkedi__frame_000662_seq5923.png,0,DOR_REAL_LOCKBOX,0.0141559867188334,0.0096471197903156,0.125870868563652,0.2618595361709595,0.17916560173034668,0.08050891011953354,0.05526835843920708,0.037378668785095215,0.04754918813705444
gs://teams-faces-data-test-2914-fake-4420-real-feb-28/real/dor_shkedi__frame_000115_seq1184__b22852cb.jpg,0,DOR_REAL_LOCKBOX,0.9343220591545104,0.8177556991577148,0.5573042631149292,0.9654921293258667,0.9820061922073364,0.9894952178001404,0.9840986132621765,0.9892656803131104,0.9922499656677246
gs://teams-faces-data-test-2914-fake-4420-real-feb-28/real/dor_shkedi__frame_000680_seq6088.png,0,DOR_REAL_LOCKBOX,0.0313620083034038,0.008762733079493,0.0801651552319526,0.1704939603805542,0.21335671842098236,0.10709700733423233,0.055436354130506516,0.05154561996459961,0.06985237449407578
gs://teams-faces-data-test-2914-fake-4420-real-feb-28/real/dor_shkedi__frame_000009_seq415.png,0,DOR_REAL_LOCKBOX,0.041152361780405,0.018862422555685,0.3342955410480499,0.6544474959373474,0.708053708076477,0.5694332122802734,0.28248506784439087,0.260250449180603,0.3675209879875183
gs://teams-faces-data-test-2914-fake-4420-real-feb-28/real/dor_shkedi__frame_000015_seq461.png,0,DOR_REAL_LOCKBOX,0.0151257822290062,0.012435445562005,0.1830607652664184,0.08592075854539871,0.06883299350738525,0.05007947236299515,0.11671094596385956,0.13458804786205292,0.1826610267162323
gs://teams-faces-data-test-2914-fake-4420-real-feb-28/real/dor_shkedi__frame_000361_seq3372.png,0,DOR_REAL_LOCKBOX,0.006439512129873,0.0080715222284197,0.3668966889381408,0.19234530627727509,0.21503610908985138,0.1587885618209839,0.08505754172801971,0.04758938029408455,0.08433994650840759
gs://teams-faces-data-test-2914-fake-4420-real-feb-28/real/dor_shkedi__frame_000006_seq378.png,0,DOR_REAL_LOCKBOX,0.0213516447693109,0.0141666522249579,0.257213294506073,0.1909392923116684,0.2705364227294922,0.09881743043661118,0.1756587028503418,0.1543453484773636,0.2142278105020523
gs://teams-faces-data-test-2914-fake-4420-real-feb-28/real/dor_shkedi__frame_001656_seq13977__8ee0bd5c.jpg,0,DOR_REAL_LOCKBOX,0.5063273310661316,0.3741812705993652,0.35707888007164,0.8990336656570435,0.5923401117324829,0.7901204824447632,0.6327755451202393,0.5602503418922424,0.6091545820236206
gs://teams-faces-data-test-2914-fake-4420-real-feb-28/real/dor_shkedi__frame_000701_seq6558.png,0,DOR_REAL_LOCKBOX,0.0394985787570476,0.0348704867064952,0.5111802816390991,0.5777034759521484,0.6522812247276306,0.6471001505851746,0.4050624668598175,0.32945582270622253,0.46697238087654114
gs://teams-faces-data-test-2914-fake-4420-real-feb-28/real/dor_shkedi__frame_000244_seq2389.png,0,DOR_REAL_LOCKBOX,0.0058161807246506,0.0056872526183724,0.1040832847356796,0.04593810811638832,0.02549825794994831,0.014481321908533573,0.01963348127901554,0.015556217171251774,0.016417300328612328
gs://teams-faces-data-test-2914-fake-4420-real-feb-28/real/dor_shkedi__frame_000319_seq3013.png,0,DOR_REAL_LOCKBOX,0.0147622264921665,0.0169459842145442,0.4990785717964172,0.2193601280450821,0.3006499111652374,0.12558600306510925,0.28572019934654236,0.2613948881626129,0.36222800612449646
gs://teams-faces-data-test-2914-fake-4420-real-feb-28/real/dor_shkedi__frame_000689_seq6147.png,0,DOR_REAL_LOCKBOX,0.0095285093411803,0.010922166518867,0.1425544023513794,0.12677396833896637,0.09612807631492615,0.08525419980287552,0.0627172663807869,0.05152309313416481,0.06051233038306236
gs://teams-faces-data-test-2914-fake-4420-real-feb-28/real/dor_shkedi__frame_000508_seq4600.png,0,DOR_REAL_LOCKBOX,0.0179810896515846,0.0110146151855587,0.0623475238680839,0.22266577184200287,0.15932588279247284,0.0639437884092331,0.09562712162733078,0.056979596614837646,0.09027523547410965
gs://teams-faces-data-test-2914-fake-4420-real-feb-28/real/dor_shkedi__frame_000397_seq3656.png,0,DOR_REAL_LOCKBOX,0.0069504361599683,0.0070806005969643,0.1463298052549362,0.2040465772151947,0.22390447556972504,0.09635163843631744,0.07646921277046204,0.07081839442253113,0.11030346155166626
gs://teams-faces-data-test-2914-fake-4420-real-feb-28/real/dor_shkedi__frame_000543_seq4908.png,0,DOR_REAL_LOCKBOX,0.0105194235220551,0.0102917868643999,0.1426751166582107,0.36955180764198303,0.47634145617485046,0.35386523604393005,0.1580326408147812,0.083785280585289,0.12976615130901337
gs://teams-faces-data-test-2914-fake-4420-real-feb-28/real/dor_shkedi__frame_000699_seq6539.png,0,DOR_REAL_LOCKBOX,0.0107808290049433,0.0168197248131036,0.1301232725381851,0.3964727222919464,0.6551650762557983,0.5127393007278442,0.33080345392227173,0.3357373774051666,0.4495888948440552
gs://teams-faces-data-test-2914-fake-4420-real-feb-28/real/dor_shkedi__frame_000544_seq4907.png,0,DOR_REAL_LOCKBOX,0.0094057274982333,0.0149788111448287,0.2934668958187103,0.15878333151340485,0.17047090828418732,0.11341188102960587,0.12194127589464188,0.08133213222026825,0.11646916717290878
gs://teams-faces-data-test-2914-fake-4420-real-feb-28/real/dor_shkedi__frame_000278_seq2254__1f421dda.jpg,0,DOR_REAL_LOCKBOX,0.3992366790771484,0.0204560812562704,0.2646768987178802,0.8406546115875244,0.6211640238761902,0.7478377223014832,0.8216003775596619,0.8394346237182617,0.913892388343811
gs://teams-faces-data-test-2914-fake-4420-real-feb-28/real/dor_shkedi__frame_000693_seq6191.png,0,DOR_REAL_LOCKBOX,0.0106721529737114,0.0078357113525271,0.1174372881650924,0.0779072716832161,0.05674739554524422,0.020375089719891548,0.030851513147354126,0.02698880434036255,0.029659783467650414
gs://teams-faces-data-test-2914-fake-4420-real-feb-28/real/dor_shkedi__frame_000545_seq4906.png,0,DOR_REAL_LOCKBOX,0.01286197360605,0.0166191235184669,0.2853322029113769,0.1930312216281891,0.28268325328826904,0.16546936333179474,0.19922684133052826,0.11650349199771881,0.16821663081645966
gs://teams-faces-data-test-2914-fake-4420-real-feb-28/real/dor_shkedi__frame_000053_seq782.png,0,DOR_REAL_LOCKBOX,0.0225808210670948,0.0265050809830427,0.283069759607315,0.2454627901315689,0.35053008794784546,0.3248564600944519,0.322507381439209,0.30306699872016907,0.3832254707813263
gs://teams-faces-data-test-2914-fake-4420-real-feb-28/real/dor_shkedi__frame_000301_seq2862.png,0,DOR_REAL_LOCKBOX,0.0058927750214934,0.0063863662071526,0.060424268245697,0.06740321964025497,0.04103256016969681,0.016883477568626404,0.030618002638220787,0.025471920147538185,0.030611732974648476
gs://teams-faces-data-test-2914-fake-4420-real-feb-28/real/dor_shkedi__frame_000291_seq2807.png,0,DOR_REAL_LOCKBOX,0.1890884488821029,0.025529121980071,0.3494494557380676,0.5367587804794312,0.7818083167076111,0.4065873324871063,0.5574777126312256,0.6801652312278748,0.8698000907897949
gs://teams-faces-data-test-2914-fake-4420-real-feb-28/real/dor_shkedi__frame_000763_seq7147.png,0,DOR_REAL_LOCKBOX,0.0067749568261206,0.007513865828514,0.160623550415039,0.29045209288597107,0.38956764340400696,0.19202473759651184,0.1740277260541916,0.23408639430999756,0.3639238774776459
gs://teams-faces-data-test-2914-fake-4420-real-feb-28/real/dor_shkedi__frame_000288_seq2750.png,0,DOR_REAL_LOCKBOX,0.1135201230645179,0.0408940240740776,0.6350622177124023,0.6652706861495972,0.7939648032188416,0.7107899188995361,0.5354832410812378,0.5619770884513855,0.7438976764678955
gs://teams-faces-data-test-2914-fake-4420-real-feb-28/real/dor_shkedi__frame_000311_seq2941.png,0,DOR_REAL_LOCKBOX,0.0782065987586975,0.0254475697875022,0.5046432018280029,0.5650219917297363,0.7128950953483582,0.605610728263855,0.7213127613067627,0.7786593437194824,0.9097943902015686
gs://teams-faces-data-test-2914-fake-4420-real-feb-28/real/dor_shkedi__frame_000436_seq3986.png,0,DOR_REAL_LOCKBOX,0.0134803066030144,0.0144633343443274,0.2578625679016113,0.21647284924983978,0.3606877624988556,0.3716910183429718,0.2218991070985794,0.1693953573703766,0.29901400208473206
gs://teams-faces-data-test-2914-fake-4420-real-feb-28/real/dor_shkedi__frame_000472_seq4291.png,0,DOR_REAL_LOCKBOX,0.0177179481834173,0.0510275326669216,0.3365090787410736,0.4540739953517914,0.5610028505325317,0.8124573826789856,0.49285680055618286,0.6003592014312744,0.8035973906517029
gs://teams-faces-data-test-2914-fake-4420-real-feb-28/real/dor_shkedi__frame_000412_seq3805.png,0,DOR_REAL_LOCKBOX,0.00818482786417,0.0099025685340166,0.3188496828079223,0.18282927572727203,0.163955420255661,0.18331974744796753,0.11055197566747665,0.053671348839998245,0.10583171993494034
gs://teams-faces-data-test-2914-fake-4420-real-feb-28/real/dor_shkedi__frame_000188_seq1688__5b051e7a.jpg,0,DOR_REAL_LOCKBOX,0.0096773169934749,0.0148338442668318,0.1026203483343124,0.4174395203590393,0.22833587229251862,0.40797266364097595,0.4796428084373474,0.4450814723968506,0.519412636756897
gs://teams-faces-data-test-2914-fake-4420-real-feb-28/real/dor_shkedi__frame_000615_seq5527.png,0,DOR_REAL_LOCKBOX,0.3589554131031036,0.1139260232448577,0.2512141466140747,0.8200871348381042,0.8782058954238892,0.7563532590866089,0.5235486030578613,0.4889625906944275,0.6244874596595764
gs://teams-faces-data-test-2914-fake-4420-real-feb-28/real/dor_shkedi__frame_000265_seq2557.png,0,DOR_REAL_LOCKBOX,0.0121237896382808,0.0077417446300387,0.19108647108078,0.16239680349826813,0.17858897149562836,0.08791687339544296,0.18282686173915863,0.16218973696231842,0.2471175640821457
gs://teams-faces-data-test-2914-fake-4420-real-feb-28/real/dor_shkedi__frame_001620_seq13665__aaf709dc.jpg,0,DOR_REAL_LOCKBOX,0.2681443393230438,0.8520469069480896,0.6163188219070435,0.692832887172699,0.438147634267807,0.5229259133338928,0.5050162076950073,0.46918338537216187,0.4847654700279236
gs://teams-faces-data-test-2914-fake-4420-real-feb-28/real/dor_shkedi__frame_000725_seq6788.png,0,DOR_REAL_LOCKBOX,0.0089905299246311,0.0158817712217569,0.3532433211803436,0.17251861095428467,0.16041864454746246,0.08252907544374466,0.09107453376054764,0.10277862101793289,0.13937391340732574
gs://teams-faces-data-test-2914-fake-4420-real-feb-28/real/dor_shkedi__frame_000485_seq4390.png,0,DOR_REAL_LOCKBOX,0.4581181108951568,0.0484112724661827,0.5745114088058472,0.8411250114440918,0.9819114804267883,0.9332318902015686,0.8857731223106384,0.8745594620704651,0.9534177780151367
gs://teams-faces-data-test-2914-fake-4420-real-feb-28/real/dor_shkedi__frame_000774_seq7255.png,0,DOR_REAL_LOCKBOX,0.006522063165903,0.0063789873383939,0.0582165829837322,0.08830010145902634,0.05529662221670151,0.030562005937099457,0.030395548790693283,0.038319092243909836,0.04678316041827202
gs://teams-faces-data-test-2914-fake-4420-real-feb-28/real/dor_shkedi__frame_000767_seq7164.png,0,DOR_REAL_LOCKBOX,0.006112998817116,0.0077410670928657,0.1233033686876297,0.11167047917842865,0.09742221236228943,0.07800089567899704,0.05472299084067345,0.06621463596820831,0.0945843905210495
gs://teams-faces-data-test-2914-fake-4420-real-feb-28/real/dor_shkedi__frame_000870_seq8117.png,0,DOR_REAL_LOCKBOX,0.0887165367603302,0.075206734240055,0.27725750207901,0.6048518419265747,0.86434406042099,0.7422071099281311,0.5366581678390503,0.587762176990509,0.760222315788269
gs://teams-faces-data-test-2914-fake-4420-real-feb-28/real/dor_shkedi__frame_000535_seq4810.png,0,DOR_REAL_LOCKBOX,0.2273155301809311,0.0499079078435897,0.4922567903995514,0.5372066497802734,0.6963528990745544,0.4682575464248657,0.43092119693756104,0.4217766523361206,0.5469611883163452
gs://teams-faces-data-test-2914-fake-4420-real-feb-28/real/dor_shkedi__frame_000540_seq4865.png,0,DOR_REAL_LOCKBOX,0.0071873445995152,0.0066634239628911,0.0487677603960037,0.2196042686700821,0.10389897972345352,0.0515294224023819,0.02632312849164009,0.018279241397976875,0.021150454878807068
gs://teams-faces-data-test-2914-fake-4420-real-feb-28/real/dor_shkedi__frame_000446_seq4088.png,0,DOR_REAL_LOCKBOX,0.059106882661581,0.0153542077168822,0.2895227372646332,0.6468064188957214,0.8322036862373352,0.6637675762176514,0.4572296142578125,0.4268001616001129,0.6013010740280151
gs://teams-faces-data-test-2914-fake-4420-real-feb-28/real/dor_shkedi__frame_000426_seq3922.png,0,DOR_REAL_LOCKBOX,0.0768481791019439,0.0263215210288763,0.4281542599201202,0.5295501351356506,0.6098189353942871,0.5379311442375183,0.5550855398178101,0.5540862679481506,0.6796624660491943
gs://teams-faces-data-test-2914-fake-4420-real-feb-28/real/dor_shkedi__frame_000839_seq7817.png,0,DOR_REAL_LOCKBOX,0.0438121780753135,0.164763942360878,0.7462976574897766,0.676918089389801,0.9226212501525879,0.7994210720062256,0.684594988822937,0.7370010614395142,0.8735954165458679
gs://teams-faces-data-test-2914-fake-4420-real-feb-28/real/dor_shkedi__frame_000244_seq2028__b6f34d6a.jpg,0,DOR_REAL_LOCKBOX,0.0084831481799483,0.0408300459384918,0.1974468231201172,0.5041348338127136,0.23633192479610443,0.3757171928882599,0.3707517981529236,0.3690520226955414,0.42946764826774597
gs://teams-faces-data-test-2914-fake-4420-real-feb-28/real/dor_shkedi__frame_000269_seq2502__45f17fb4.jpg,0,DOR_REAL_LOCKBOX,0.0210238471627235,0.31716388463974,0.1422952264547348,0.662759006023407,0.3205726146697998,0.48166391253471375,0.5393853187561035,0.5262526273727417,0.5841761827468872
gs://teams-faces-data-test-2914-fake-4420-real-feb-28/real/dor_shkedi__frame_000144_seq1517.png,0,DOR_REAL_LOCKBOX,0.7417286038398743,0.1373006403446197,0.4995917081832886,0.4135843813419342,0.7884331941604614,0.6341813206672668,0.4252861440181732,0.3274853825569153,0.42193979024887085
gs://teams-faces-data-test-2914-fake-4420-real-feb-28/real/dor_shkedi__frame_000291_seq2699__2851626b.jpg,0,DOR_REAL_LOCKBOX,0.0107889734208583,0.055247601121664,0.0776365250349044,0.47877195477485657,0.19079047441482544,0.2941005229949951,0.3111780285835266,0.2799977958202362,0.3189571499824524
gs://teams-faces-data-test-2914-fake-4420-real-feb-28/real/dor_shkedi__frame_000342_seq3200.png,0,DOR_REAL_LOCKBOX,0.0087470663711428,0.0080256480723619,0.0513129569590091,0.12134943157434464,0.05601455271244049,0.025425758212804794,0.03011448308825493,0.021932166069746017,0.027013424783945084
gs://teams-faces-data-test-2914-fake-4420-real-feb-28/real/dor_shkedi__frame_000143_seq1408__edf5a3b0.jpg,0,DOR_REAL_LOCKBOX,0.0119182560592889,0.0499444268643856,0.3380087018013,0.43140822649002075,0.30893653631210327,0.4318617880344391,0.5180960893630981,0.5295133590698242,0.6082109808921814
gs://teams-faces-data-test-2914-fake-4420-real-feb-28/real/dor_shkedi__frame_000204_seq1793__f9603ace.jpg,0,DOR_REAL_LOCKBOX,0.010588651522994,0.0604674629867076,0.2944214046001434,0.41103142499923706,0.17994120717048645,0.310956209897995,0.347245454788208,0.3568195700645447,0.39436617493629456
gs://teams-faces-data-test-2914-fake-4420-real-feb-28/real/dor_shkedi__frame_000512_seq4640.png,0,DOR_REAL_LOCKBOX,0.0235705804079771,0.0131710208952426,0.2002253085374832,0.16139629483222961,0.19494906067848206,0.10987389087677002,0.09652025997638702,0.13409766554832458,0.17431452870368958
gs://teams-faces-data-test-2914-fake-4420-real-feb-28/real/dor_shkedi__frame_000315_seq2876__8a2f40df.jpg,0,DOR_REAL_LOCKBOX,0.162291333079338,0.3710224330425262,0.1988644152879715,0.828335165977478,0.5369759202003479,0.6497943997383118,0.5876578092575073,0.5667235255241394,0.6274197101593018
gs://teams-faces-data-test-2914-fake-4420-real-feb-28/real/dor_shkedi__frame_000221_seq2121__f879dc0a.jpg,0,DOR_REAL_LOCKBOX,0.0260512847453355,0.0462948307394981,0.1031054034829139,0.5410406589508057,0.2378138303756714,0.3232056796550751,0.36295732855796814,0.29253923892974854,0.338250994682312
gs://teams-faces-data-test-2914-fake-4420-real-feb-28/real/dor_shkedi__frame_000339_seq3085__b848bb75.jpg,0,DOR_REAL_LOCKBOX,0.0728596374392509,0.3087438941001892,0.2387487590312957,0.7990278005599976,0.5238418579101562,0.6285101175308228,0.6248965859413147,0.605191171169281,0.685788094997406
gs://teams-faces-data-test-2914-fake-4420-real-feb-28/real/dor_shkedi__frame_000433_seq3981.png,0,DOR_REAL_LOCKBOX,0.0346218682825565,0.0197784230113029,0.3040530383586883,0.5396434664726257,0.6758648157119751,0.576455295085907,0.383107990026474,0.29862064123153687,0.46208909153938293
gs://teams-faces-data-test-2914-fake-4420-real-feb-28/real/dor_shkedi__frame_000293_seq2723__ce0d34f6.jpg,0,DOR_REAL_LOCKBOX,0.0820905640721321,0.5552569031715393,0.2676578760147095,0.7192549109458923,0.5202743411064148,0.6019155383110046,0.5706003308296204,0.5546721816062927,0.6188681125640869
gs://teams-faces-data-test-2914-fake-4420-real-feb-28/real/dor_shkedi__frame_000623_seq5639.png,0,DOR_REAL_LOCKBOX,0.0138181410729885,0.0167390052229166,0.2739886939525604,0.42786478996276855,0.5010415315628052,0.5096616148948669,0.2125251442193985,0.14409269392490387,0.2171013504266739
gs://teams-faces-data-test-2914-fake-4420-real-feb-28/real/dor_shkedi__frame_000823_seq7517.png,0,DOR_REAL_LOCKBOX,0.0221807323396205,0.0115793058648705,0.25214484333992,0.2964175045490265,0.3791923522949219,0.2720023989677429,0.2989509105682373,0.34610992670059204,0.43254849314689636
gs://teams-faces-data-test-2914-fake-4420-real-feb-28/real/dor_shkedi__frame_000309_seq2943.png,0,DOR_REAL_LOCKBOX,0.1752306371927261,0.0214390866458416,0.5993095636367798,0.4956682026386261,0.7072110176086426,0.6000204682350159,0.7197452187538147,0.7635100483894348,0.915626585483551
gs://teams-faces-data-test-2914-fake-4420-real-feb-28/real/dor_shkedi__frame_000035_seq646.png,0,DOR_REAL_LOCKBOX,0.0123551655560731,0.0206014327704906,0.3820751011371612,0.19249460101127625,0.22642682492733002,0.23805147409439087,0.23594596982002258,0.1546647846698761,0.2311195731163025
gs://teams-faces-data-test-2914-fake-4420-real-feb-28/real/dor_shkedi__frame_000657_seq5888.png,0,DOR_REAL_LOCKBOX,0.2686261832714081,0.1241254806518554,0.677008867263794,0.8575145602226257,0.9632127285003662,0.935537576675415,0.7889883518218994,0.8018828630447388,0.9085699915885925
gs://teams-faces-data-test-2914-fake-4420-real-feb-28/real/dor_shkedi__frame_000263_seq2518.png,0,DOR_REAL_LOCKBOX,0.0137608433142304,0.0066384016536176,0.0703052878379821,0.11283916980028152,0.08439520001411438,0.038935039192438126,0.05407656729221344,0.05243038758635521,0.07429134845733643
gs://teams-faces-data-test-2914-fake-4420-real-feb-28/real/dor_shkedi__frame_000243_seq2368.png,0,DOR_REAL_LOCKBOX,0.0074686133302748,0.0051412153989076,0.0716726258397102,0.06429269909858704,0.0372423492372036,0.01728748343884945,0.027670761570334435,0.020033078268170357,0.023349570110440254
gs://teams-faces-data-test-2914-fake-4420-real-feb-28/real/dor_shkedi__frame_000798_seq7441.png,0,DOR_REAL_LOCKBOX,0.0174631383270025,0.3196644484996795,0.5677367448806763,0.5777983665466309,0.6399785876274109,0.5701791644096375,0.47385334968566895,0.3666691184043884,0.43137067556381226
gs://teams-faces-data-test-2914-fake-4420-real-feb-28/real/dor_shkedi__frame_000181_seq1810__9bd075c6.jpg,0,DOR_REAL_LOCKBOX,0.0502494163811206,0.1682519763708114,0.2721012234687805,0.578569233417511,0.25745779275894165,0.38957926630973816,0.36043986678123474,0.3429623544216156,0.3682442605495453
gs://teams-faces-data-test-2914-fake-4420-real-feb-28/real/dor_shkedi__frame_000453_seq4139.png,0,DOR_REAL_LOCKBOX,0.00960389431566,0.0202959589660167,0.2308488339185714,0.3356289565563202,0.40719687938690186,0.3236296474933624,0.3260723352432251,0.39924466609954834,0.5150814056396484
gs://teams-faces-data-test-2914-fake-4420-real-feb-28/real/dor_shkedi__frame_000363_seq3396.png,0,DOR_REAL_LOCKBOX,0.0400903858244419,0.0275354143232107,0.1650672703981399,0.4220608174800873,0.38414210081100464,0.33969613909721375,0.2307465374469757,0.15823638439178467,0.21436595916748047
gs://teams-faces-data-test-2914-fake-4420-real-feb-28/real/dor_shkedi__frame_000321_seq2944__6cd425e8.jpg,0,DOR_REAL_LOCKBOX,0.1025198772549629,0.3301536738872528,0.2806416451931,0.8446953892707825,0.6006230711936951,0.7817754149436951,0.7811470627784729,0.7390650510787964,0.814664900302887
gs://teams-faces-data-test-2914-fake-4420-real-feb-28/real/dor_shkedi__frame_000395_seq3666.png,0,DOR_REAL_LOCKBOX,0.0083592636510729,0.0092784315347671,0.1973513662815094,0.279656320810318,0.30368372797966003,0.33071720600128174,0.16327309608459473,0.14882029592990875,0.22779637575149536
gs://teams-faces-data-test-2914-fake-4420-real-feb-28/real/dor_shkedi__frame_000779_seq7271.png,0,DOR_REAL_LOCKBOX,0.0062046749517321,0.0111571522429585,0.1049499213695526,0.15234625339508057,0.1075684055685997,0.10888159275054932,0.0784284919500351,0.0825275257229805,0.09551476687192917
gs://teams-faces-data-test-2914-fake-4420-real-feb-28/real/dor_shkedi__frame_000838_seq7822.png,0,DOR_REAL_LOCKBOX,0.1629557460546493,0.1152880415320396,0.4795956015586853,0.8396419882774353,0.9590503573417664,0.8861061334609985,0.789456844329834,0.8105580806732178,0.9016968011856079
gs://teams-faces-data-test-2914-fake-4420-real-feb-28/real/dor_shkedi__frame_000238_seq1984__36f8d206.jpg,0,DOR_REAL_LOCKBOX,0.3999325037002563,0.2379075586795807,0.5714752674102783,0.9209727048873901,0.8510308861732483,0.9258720278739929,0.9567317962646484,0.9729640483856201,0.9860627055168152
gs://teams-faces-data-test-2914-fake-4420-real-feb-28/real/dor_shkedi__frame_000327_seq3076.png,0,DOR_REAL_LOCKBOX,0.0061097261495888,0.0201547630131244,0.1864859014749527,0.2006785124540329,0.19273005425930023,0.1250857412815094,0.04665164276957512,0.04251343756914139,0.05308126285672188
gs://teams-faces-data-test-2914-fake-4420-real-feb-28/real/dor_shkedi__frame_000579_seq5213.png,0,DOR_REAL_LOCKBOX,0.0505667962133884,0.0108450669795274,0.5269486308097839,0.42887118458747864,0.8182471990585327,0.5385658144950867,0.45127710700035095,0.4284629225730896,0.569856584072113
gs://teams-faces-data-test-2914-fake-4420-real-feb-28/real/dor_shkedi__frame_000050_seq756.png,0,DOR_REAL_LOCKBOX,0.0080102467909455,0.0079872468486428,0.1033356562256813,0.05652704834938049,0.0466122031211853,0.01939558982849121,0.030353816226124763,0.02354692853987217,0.03194305673241615
gs://teams-faces-data-test-2914-fake-4420-real-feb-28/real/dor_shkedi__frame_000126_seq1360.png,0,DOR_REAL_LOCKBOX,0.0057298173196613,0.0086555611342191,0.1031603142619133,0.07030987739562988,0.0414140485227108,0.02973615564405918,0.03990727663040161,0.027597952634096146,0.03559369593858719
gs://teams-faces-data-test-2914-fake-4420-real-feb-28/real/dor_shkedi__frame_000497_seq4502.png,0,DOR_REAL_LOCKBOX,0.019358767196536,0.0108737703412771,0.4266684949398041,0.5281250476837158,0.7982791662216187,0.8041949272155762,0.5819860100746155,0.5999150276184082,0.8322191834449768
gs://teams-faces-data-test-2914-fake-4420-real-feb-28/real/dor_shkedi__frame_000532_seq4801.png,0,DOR_REAL_LOCKBOX,0.0081496862694621,0.0124864606186747,0.1339354664087295,0.08355472981929779,0.03963480517268181,0.02112537808716297,0.030305156484246254,0.023737015202641487,0.02475765533745289
gs://teams-faces-data-test-2914-fake-4420-real-feb-28/real/dor_shkedi__frame_000365_seq3301__8e6a52d3.jpg,0,DOR_REAL_LOCKBOX,0.1131413578987121,0.2940019071102142,0.1288166493177414,0.6896178722381592,0.39180874824523926,0.4779605567455292,0.46058639883995056,0.42509832978248596,0.4655686020851135
gs://teams-faces-data-test-2914-fake-4420-real-feb-28/real/dor_shkedi__frame_000175_seq1751.png,0,DOR_REAL_LOCKBOX,0.005745543166995,0.085947997868061,0.1319691389799118,0.1405150443315506,0.09992022812366486,0.04683946073055267,0.048079248517751694,0.04358399659395218,0.0493299625813961
gs://teams-faces-data-test-2914-fake-4420-real-feb-28/real/dor_shkedi__frame_000754_seq7064.png,0,DOR_REAL_LOCKBOX,0.0074782026931643,0.01414489839226,0.2295961081981659,0.17571009695529938,0.17041240632534027,0.13180382549762726,0.18127775192260742,0.17542047798633575,0.24304232001304626
gs://teams-faces-data-test-2914-fake-4420-real-feb-28/real/dor_shkedi__frame_000197_seq1935__85656ea2.jpg,0,DOR_REAL_LOCKBOX,0.0089605934917926,0.2090356945991516,0.3688457012176513,0.4465970993041992,0.14734052121639252,0.2467077076435089,0.27170586585998535,0.2416006177663803,0.2568492293357849
gs://teams-faces-data-test-2914-fake-4420-real-feb-28/real/dor_shkedi__frame_000070_seq936.png,0,DOR_REAL_LOCKBOX,0.0236917976289987,0.017098318785429,0.2559293806552887,0.2429199069738388,0.20083139836788177,0.11412899941205978,0.26924726366996765,0.2675383388996124,0.40954291820526123
gs://teams-faces-data-test-2914-fake-4420-real-feb-28/real/dor_shkedi__frame_000785_seq7332.png,0,DOR_REAL_LOCKBOX,0.0076767317950725,0.005591481924057,0.0344919674098491,0.09005439281463623,0.03349962458014488,0.013464081101119518,0.013120671734213829,0.011547007597982883,0.01156073622405529
gs://teams-faces-data-test-2914-fake-4420-real-feb-28/real/Test_Cam__s41_794.0_frame_027757_crop_002__27b27669.jpg,0,NON_DOR_REAL_DEV,0.0053872726857662,0.0062125041149556,0.0223294589668512,0.030784687027335167,0.01308263000100851,0.007102894596755505,0.007148086093366146,0.004818842280656099,0.004338219296187162
gs://teams-faces-data-test-2914-fake-4420-real-feb-28/real/Md_noyn_Sharker__s15_435.4_frame_014714_crop_002__b78b3253.jpg,0,NON_DOR_REAL_DEV,0.0767767950892448,0.007135241292417,0.0233951583504676,0.06879417598247528,0.017779307439923286,0.009098400361835957,0.010106416419148445,0.009624474681913853,0.008155742660164833
gs://teams-faces-data-test-2914-fake-4420-real-feb-28/real/Md_noyn_Sharker__s15_418.4_frame_014172_crop_001__9bf60664.jpg,0,NON_DOR_REAL_DEV,0.0140372579917311,0.0059497547335922,0.0198242180049419,0.0623919740319252,0.013894371688365936,0.007416516076773405,0.008427372202277184,0.006041296292096376,0.0052749221213161945
gs://teams-faces-data-test-2914-fake-4420-real-feb-28/real/bla_bla_chow__s2_60.0_frame_003504_crop_001__f34be981.jpg,0,NON_DOR_REAL_DEV,0.6193435788154602,0.1342698335647583,0.049270860850811,0.26517254114151,0.08485569804906845,0.5066846013069153,0.16674473881721497,0.13299547135829926,0.211107537150383
gs://teams-faces-data-test-2914-fake-4420-real-feb-28/real/Test_Cam__s73_161.5_frame_005852_crop_002__6cd058e8.jpg,0,NON_DOR_REAL_DEV,0.0058284825645387,0.0050057298503816,0.0217037871479988,0.0274311862885952,0.01225349772721529,0.006575275212526321,0.006671723444014788,0.004388765431940556,0.0040709469467401505
gs://teams-faces-data-test-2914-fake-4420-real-feb-28/real/PC_Generator__s14_772.9_frame_026625_crop_001__fd99f918.jpg,0,NON_DOR_REAL_DEV,0.0584114268422126,0.0188395977020263,0.0325896553695201,0.2817991375923157,0.33053258061408997,0.08464702218770981,0.0929393321275711,0.05537496507167816,0.06591923534870148
gs://teams-faces-data-test-2914-fake-4420-real-feb-28/real/bla_bla_chow__frame_000270_seq2179__6f7b562d.jpg,0,NON_DOR_REAL_DEV,0.0066399578936398,0.0210463348776102,0.1760167926549911,0.28203263878822327,0.3250309228897095,0.34311458468437195,0.6622671484947205,0.4222262501716614,0.5164191126823425
gs://teams-faces-data-test-2914-fake-4420-real-feb-28/real/Test_Cam__s41_665.0_frame_023332_crop_002__c6662172.jpg,0,NON_DOR_REAL_DEV,0.0061281924135982,0.0047682095319032,0.0205739308148622,0.03808747977018356,0.013342838734388351,0.007372354622930288,0.008741755038499832,0.005801414605230093,0.005494834389537573
gs://teams-faces-data-test-2914-fake-4420-real-feb-28/real/PC_Generator__s14_780.9_frame_026915_crop_001__2955f12a.jpg,0,NON_DOR_REAL_DEV,0.0162868481129407,0.0228597577661275,0.0565908141434192,0.22908367216587067,0.2708980441093445,0.13635294139385223,0.14882493019104004,0.09905486553907394,0.12445160746574402
gs://teams-faces-data-test-2914-fake-4420-real-feb-28/real/Xiang_Xiang2_Feng__frame_000406_seq12789__5623ecd5.jpg,0,NON_DOR_REAL_DEV,0.0058060870505869,0.0271983984857797,0.0758693069219589,0.20744086802005768,0.03234086558222771,0.02848135121166706,0.04365033283829689,0.02415754832327366,0.02729695290327072
gs://teams-faces-data-test-2914-fake-4420-real-feb-28/real/Xiang_Xiang2_Feng__frame_001047_seq18571__d5be1bf1.jpg,0,NON_DOR_REAL_DEV,0.006192716769874,0.0064104874618351,0.0355593599379062,0.3462662398815155,0.3218655288219452,0.27133888006210327,0.22175641357898712,0.11512116342782974,0.2470177263021469
gs://teams-faces-data-test-2914-fake-4420-real-feb-28/real/PC_Generator__s22_52.0_frame_002118_crop_001__d862ff1a.jpg,0,NON_DOR_REAL_DEV,0.9584071636199952,0.1280964463949203,0.3084095120429992,0.8172011971473694,0.9582307934761047,0.9171949625015259,0.8785675764083862,0.9370911717414856,0.9613465666770935
gs://teams-faces-data-test-2914-fake-4420-real-feb-28/real/PC_Generator__s13_713.2_frame_023925_crop_002__dbf392fa.jpg,0,NON_DOR_REAL_DEV,0.0059697213582694,0.0161483120173215,0.0285105593502521,0.10529695451259613,0.01678837649524212,0.029028043150901794,0.02215411886572838,0.009786397218704224,0.012362020090222359
gs://teams-faces-data-test-2914-fake-4420-real-feb-28/real/Test_Cam__s73_26.5_frame_001164_crop_001__65b25047.jpg,0,NON_DOR_REAL_DEV,0.0067032850347459,0.0049296892248094,0.0208721980452537,0.02662835456430912,0.010740176774561405,0.006067822687327862,0.0064942375756800175,0.004242221359163523,0.004135082941502333
gs://teams-faces-data-test-2914-fake-4420-real-feb-28/real/bla_bla_chow__s2_401.0_frame_020127_crop_001__4947e0b6.jpg,0,NON_DOR_REAL_DEV,0.2436094284057617,0.6757804155349731,0.3376950323581695,0.2260395735502243,0.6429499983787537,0.5721560120582581,0.4659880995750427,0.34758782386779785,0.5215498805046082
gs://teams-faces-data-test-2914-fake-4420-real-feb-28/real/Md_noyn_Sharker__s15_398.4_frame_013381_crop_002__434c47ec.jpg,0,NON_DOR_REAL_DEV,0.0087435198947787,0.0065041217021644,0.0226553287357091,0.07290348410606384,0.015286157839000225,0.00813447404652834,0.009398674592375755,0.007386800833046436,0.006292739417403936
gs://teams-faces-data-test-2914-fake-4420-real-feb-28/real/Test_Cam__s41_1034.0_frame_036013_crop_002__a4be8251.jpg,0,NON_DOR_REAL_DEV,0.0088318223133683,0.0062197772786021,0.0257512256503105,0.06346999853849411,0.028644932433962822,0.022338660433888435,0.016947802156209946,0.01246615406125784,0.013652016408741474
gs://teams-faces-data-test-2914-fake-4420-real-feb-28/real/xiang__frame_000035_seq23434.jpg,0,NON_DOR_REAL_DEV,0.0059080603532493,0.3925073146820068,0.0508652254939079,0.057027652859687805,0.02630378119647503,0.08535294979810715,0.043976325541734695,0.0186445415019989,0.026400046423077583
gs://teams-faces-data-test-2914-fake-4420-real-feb-28/real/Xiang_Xiang2_Feng__frame_000121_seq1257__76e3f9f6.jpg,0,NON_DOR_REAL_DEV,0.005787537433207,0.0224946811795234,0.1583472937345504,0.1391221433877945,0.07211405783891678,0.04610395431518555,0.04283364862203598,0.027094794437289238,0.03690144047141075
gs://teams-faces-data-test-2914-fake-4420-real-feb-28/real/bla_bla_chow__frame_000247_seq2056__078648c0.jpg,0,NON_DOR_REAL_DEV,0.0059033120051026,0.0183663982897996,0.0357469655573368,0.040494076907634735,0.023620067164301872,0.011269249022006989,0.09100326895713806,0.016830578446388245,0.023600982502102852
gs://teams-faces-data-test-2914-fake-4420-real-feb-28/real/bla_bla_chow__frame_000012_seq412__4b68b614.jpg,0,NON_DOR_REAL_DEV,0.0757659971714019,0.6957464814186096,0.2010875344276428,0.5508304238319397,0.278135746717453,0.3850855827331543,0.7710612416267395,0.5891448855400085,0.6025094985961914
gs://teams-faces-data-test-2914-fake-4420-real-feb-28/real/Md_noyn_Sharker__s15_448.4_frame_015204_crop_001__9bb85251.jpg,0,NON_DOR_REAL_DEV,0.8877673745155334,0.0132870208472013,0.0246917307376861,0.5258734226226807,0.22197644412517548,0.04287835955619812,0.031685471534729004,0.04085991531610489,0.03866155445575714
gs://teams-faces-data-test-2914-fake-4420-real-feb-28/real/Md_noyn_Sharker__s15_397.4_frame_013396_crop_002__c3c0fadb.jpg,0,NON_DOR_REAL_DEV,0.0142053691670298,0.0105202319100499,0.0219622403383255,0.043449319899082184,0.013349524699151516,0.008176645264029503,0.008558903820812702,0.007384759373962879,0.006121779326349497
gs://teams-faces-data-test-2914-fake-4420-real-feb-28/real/Q__s6_84.0_frame_003248_crop_001__98d785f8.jpg,0,NON_DOR_REAL_DEV,0.8456588983535767,0.5916431546211243,0.5560542941093445,0.974819540977478,0.991367757320404,0.9945383667945862,0.9937885403633118,0.9954967498779297,0.9960570335388184
gs://teams-faces-data-test-2914-fake-4420-real-feb-28/real/bla_bla_chow__s2_416.0_frame_020834_crop_001__9fa0faee.jpg,0,NON_DOR_REAL_DEV,0.4280853569507599,0.1342926323413849,0.2134084701538086,0.3560834527015686,0.43613988161087036,0.3969782888889313,0.4794251620769501,0.44541826844215393,0.4505610764026642
gs://teams-faces-data-test-2914-fake-4420-real-feb-28/real/bla_bla_chow__s2_493.0_frame_024411_crop_001__6bb074e1.jpg,0,NON_DOR_REAL_DEV,0.6209691762924194,0.9327903389930724,0.7899671792984009,0.7532203197479248,0.962034285068512,0.9872467517852783,0.9844694137573242,0.9829484820365906,0.9903222918510437
gs://teams-faces-data-test-2914-fake-4420-real-feb-28/real/Md_noyn_Sharker__s15_444.4_frame_015073_crop_001__1b66759b.jpg,0,NON_DOR_REAL_DEV,0.0588981807231903,0.0084529938176274,0.0217030644416809,0.0777292251586914,0.016467100009322166,0.009148111566901207,0.009542068466544151,0.008354743011295795,0.00708804652094841
gs://teams-faces-data-test-2914-fake-4420-real-feb-28/real/bla_bla_chow__frame_000028_seq535__450a4414.jpg,0,NON_DOR_REAL_DEV,0.024287236854434,0.6242207884788513,0.2300349771976471,0.6970469355583191,0.9610167145729065,0.8573588132858276,0.9884192943572998,0.9708542823791504,0.9867966175079346
gs://teams-faces-data-test-2914-fake-4420-real-feb-28/real/Xiang_Xiang2_Feng__frame_001049_seq18611__f994b7f1.jpg,0,NON_DOR_REAL_DEV,0.0059259943664073,0.0071324012242257,0.0390196964144706,0.14216619729995728,0.0866389349102974,0.08472838252782822,0.06355908513069153,0.029846984893083572,0.055278513580560684
gs://teams-faces-data-test-2914-fake-4420-real-feb-28/real/PC_Generator__s14_773.9_frame_026647_crop_002__1aaa4ab3.jpg,0,NON_DOR_REAL_DEV,0.0456234253942966,0.1173981055617332,0.1133164390921592,0.39418020844459534,0.8378852605819702,0.24063797295093536,0.43006816506385803,0.2681616246700287,0.3763681948184967
gs://teams-faces-data-test-2914-fake-4420-real-feb-28/real/bla_bla_chow__frame_000092_seq971__e1459d74.jpg,0,NON_DOR_REAL_DEV,0.5879336595535278,0.6829175353050232,0.2478544116020202,0.9399182796478271,0.6753762364387512,0.9241986274719238,0.9868544340133667,0.9801454544067383,0.9887998104095459
gs://teams-faces-data-test-2914-fake-4420-real-feb-28/real/Roy_D__frame_000217_seq2151.png,0,NON_DOR_REAL_DEV,0.8769083619117737,0.0314111858606338,0.6164889931678772,0.9553157091140747,0.9906631708145142,0.9887151122093201,0.9935445785522461,0.9935674071311951,0.9950267672538757
gs://teams-faces-data-test-2914-fake-4420-real-feb-28/real/Md_noyn_Sharker__s15_1411.4_frame_047597_crop_001__ecc407e2.jpg,0,NON_DOR_REAL_DEV,0.0141295865178108,0.0793647468090057,0.0324760377407074,0.2113431990146637,0.06459693610668182,0.02898014709353447,0.013834725134074688,0.013085826300084591,0.012992269359529018
gs://teams-faces-data-test-2914-fake-4420-real-feb-28/real/PC_Generator__s14_768.9_frame_026510_crop_001__153cdd1c.jpg,0,NON_DOR_REAL_DEV,0.0067168176174163,0.0090963551774621,0.0274412650614976,0.05108238384127617,0.028145339339971542,0.011650137603282928,0.01630346104502678,0.010508871637284756,0.01006554439663887
gs://teams-faces-data-test-2914-fake-4420-real-feb-28/real/bla_bla_chow__frame_000298_seq2372__1eacf0f8.jpg,0,NON_DOR_REAL_DEV,0.0106990961357951,0.1714015901088714,0.1750507950782776,0.28243979811668396,0.03879059478640556,0.04121215268969536,0.1817624866962433,0.07758282870054245,0.11546532064676285
gs://teams-faces-data-test-2914-fake-4420-real-feb-28/real/Test_Cam__s76_765.3_frame_026157_crop_001__04b9ec43.jpg,0,NON_DOR_REAL_DEV,0.0053900019265711,0.0062809693627059,0.0242366306483745,0.027034558355808258,0.013290653936564922,0.007528430316597223,0.007725628558546305,0.005382065661251545,0.004651271738111973
gs://teams-faces-data-test-2914-fake-4420-real-feb-28/real/Md_noyn_Sharker__s15_440.4_frame_014660_crop_002__1a05310e.jpg,0,NON_DOR_REAL_DEV,0.0164285469800233,0.0059276092797517,0.0209542978554964,0.11506478488445282,0.029503516852855682,0.01090698130428791,0.009947269223630428,0.006946619600057602,0.006436936557292938
gs://teams-faces-data-test-2914-fake-4420-real-feb-28/real/Test_Cam__s41_992.0_frame_034553_crop_002__c578d583.jpg,0,NON_DOR_REAL_DEV,0.0054910578764975,0.0052341795526444,0.0214363578706979,0.031340524554252625,0.013283350504934788,0.007986096665263176,0.007618166971951723,0.00513234781101346,0.004647484514862299
gs://teams-faces-data-test-2914-fake-4420-real-feb-28/real/Test_Cam__s41_988.0_frame_034419_crop_002__67e86f08.jpg,0,NON_DOR_REAL_DEV,0.9288513660430908,0.8370423913002014,0.1340012401342392,0.8971852660179138,0.7659834623336792,0.7707396149635315,0.6765904426574707,0.4869324266910553,0.7642847895622253
gs://teams-faces-data-test-2914-fake-4420-real-feb-28/real/Roy_D__frame_000231_seq2246.png,0,NON_DOR_REAL_DEV,0.9841343760490416,0.6881648302078247,0.8638899326324463,0.9733467698097229,0.9924823641777039,0.994252622127533,0.9945847392082214,0.9961768388748169,0.9965787529945374
gs://teams-faces-data-test-2914-fake-4420-real-feb-28/real/Test_Cam__s41_626.0_frame_022005_crop_002__48337936.jpg,0,NON_DOR_REAL_DEV,0.0516613982617855,0.020650390535593,0.0315919890999794,0.20112214982509613,0.08353441953659058,0.057952605187892914,0.07534075528383255,0.046159613877534866,0.055841509252786636
gs://teams-faces-data-test-2914-fake-4420-real-feb-28/real/PC_Generator__s13_774.2_frame_026114_crop_001__ecb8536b.jpg,0,NON_DOR_REAL_DEV,0.1768341064453125,0.8290775418281555,0.0987700521945953,0.3052520155906677,0.20591922104358673,0.4117394983768463,0.2768234312534332,0.06165996938943863,0.14671482145786285
gs://teams-faces-data-test-2914-fake-4420-real-feb-28/real/Test_Cam__s41_966.0_frame_033663_crop_002__0765a2ab.jpg,0,NON_DOR_REAL_DEV,0.0058328169398009,0.0054416535422205,0.0230848714709281,0.040349021553993225,0.016962887719273567,0.010417662560939789,0.009430126287043095,0.0063951825723052025,0.005949144717305899
gs://teams-faces-data-test-2914-fake-4420-real-feb-28/real/Test_Cam__s73_47.5_frame_001893_crop_001__63c9a4d0.jpg,0,NON_DOR_REAL_DEV,0.082921527326107,0.0071799410507082,0.0254266429692506,0.03423415124416351,0.021555069833993912,0.008441650308668613,0.022322114557027817,0.009120446629822254,0.015755221247673035
gs://teams-faces-data-test-2914-fake-4420-real-feb-28/real/bla_bla_chow__s2_40.0_frame_002570_crop_001__8e8164d3.jpg,0,NON_DOR_REAL_DEV,0.0310702621936798,0.0330852717161178,0.0379011034965515,0.12629364430904388,0.035432200878858566,0.23499469459056854,0.05939405411481857,0.05544506758451462,0.08440448343753815
gs://teams-faces-data-test-2914-fake-4420-real-feb-28/real/Cam_Test__s32_333.0_frame_001166_crop_001__c1f46aff.jpg,0,NON_DOR_REAL_DEV,0.0053947875276207,0.0065842922776937,0.0219271685928106,0.025632377713918686,0.012163416482508183,0.006774448789656162,0.006859774235635996,0.004711414221674204,0.004148645792156458
gs://teams-faces-data-test-2914-fake-4420-real-feb-28/real/Q__s6_70.0_frame_002783_crop_001__b5dfd44c.jpg,0,NON_DOR_REAL_DEV,0.9928723573684692,0.4088680148124695,0.3784478306770324,0.9374272227287292,0.7989630103111267,0.8646170496940613,0.41101670265197754,0.441951185464859,0.37887924909591675
gs://teams-faces-data-test-2914-fake-4420-real-feb-28/real/Test_Cam__s41_861.0_frame_030047_crop_002__4ac54f2d.jpg,0,NON_DOR_REAL_DEV,0.0086761992424726,0.0076667671091854,0.0253950338810682,0.10817158222198486,0.029635965824127197,0.020416561514139175,0.01830550841987133,0.013076628558337688,0.010775463655591011
gs://teams-faces-data-test-2914-fake-4420-real-feb-28/real/PC_Generator__s22_55.0_frame_002224_crop_001__3844b901.jpg,0,NON_DOR_REAL_DEV,0.7132599949836731,0.0307247675955295,0.158099815249443,0.38839221000671387,0.5135465264320374,0.47376108169555664,0.44229698181152344,0.45138075947761536,0.5431318879127502
gs://teams-faces-data-test-2914-fake-4420-real-feb-28/real/Test_Cam__s41_1053.0_frame_036645_crop_002__474e5d05.jpg,0,NON_DOR_REAL_DEV,0.0089309075847268,0.0055659674108028,0.0236714351922273,0.05300555005669594,0.01573631912469864,0.010682785883545876,0.011216866783797741,0.008151504211127758,0.008100641891360283
gs://teams-faces-data-test-2914-fake-4420-real-feb-28/real/Test_Cam__s41_691.0_frame_024207_crop_002__07781d54.jpg,0,NON_DOR_REAL_DEV,0.0066565880551934,0.0057268189266324,0.0216942727565765,0.046185899525880814,0.014014136977493763,0.010914379730820656,0.010472385212779045,0.006884829606860876,0.0059212567284703255
gs://teams-faces-data-test-2914-fake-4420-real-feb-28/real/PC_Generator__s14_775.9_frame_026729_crop_001__8b62f019.jpg,0,NON_DOR_REAL_DEV,0.0460843332111835,0.0641259476542472,0.0585935935378074,0.2834235727787018,0.3695446252822876,0.18906477093696594,0.24111443758010864,0.18518346548080444,0.18368850648403168
gs://teams-faces-data-test-2914-fake-4420-real-feb-28/real/Xiang_Xiang2_Feng__frame_003506_seq36556__a83c959a.jpg,0,NON_DOR_REAL_DEV,0.0058219158090651,0.0077713173814117,0.1220250949263572,0.25546252727508545,0.13776259124279022,0.09199021011590958,0.06647215038537979,0.0406353659927845,0.04703732952475548
gs://teams-faces-data-test-2914-fake-4420-real-feb-28/real/bla_bla_chow__frame_000151_seq1376__d9bea067.jpg,0,NON_DOR_REAL_DEV,0.9714375734329224,0.986622989177704,0.5970327854156494,0.971247136592865,0.9619624614715576,0.9907249808311462,0.9898824095726013,0.9894160628318787,0.993415355682373
gs://teams-faces-data-test-2914-fake-4420-real-feb-28/real/bla_bla_chow__frame_000167_seq1486__31cbd63a.jpg,0,NON_DOR_REAL_DEV,0.1121746152639389,0.6956945061683655,0.6790198087692261,0.8744544982910156,0.8212141990661621,0.8393082618713379,0.9678153395652771,0.83478182554245,0.9276324510574341
gs://teams-faces-data-test-2914-fake-4420-real-feb-28/real/bla_bla_chow__frame_000134_seq1253__1f0c7d0d.jpg,0,NON_DOR_REAL_DEV,0.0116497334092855,0.0317259691655635,0.0319551229476928,0.204898864030838,0.02115531452000141,0.028265200555324554,0.1828434318304062,0.03961910679936409,0.03904657065868378
gs://teams-faces-data-test-2914-fake-4420-real-feb-28/real/bla_bla_chow__s2_515.0_frame_025453_crop_001__20f43825.jpg,0,NON_DOR_REAL_DEV,0.4550834000110626,0.5839985013008118,0.6519785523414612,0.29874977469444275,0.7123576998710632,0.6322115063667297,0.6955801844596863,0.7223080396652222,0.9032872915267944
gs://teams-faces-data-test-2914-fake-4420-real-feb-28/real/PC_Generator__s13_510.2_frame_017310_crop_000__e1173fc1.jpg,0,NON_DOR_REAL_DEV,0.0053756828419864,0.0051097068935632,0.022004285827279,0.025027122348546982,0.012261990457773209,0.006336747668683529,0.0064500668086111546,0.004380018915981054,0.003773969830945134
gs://teams-faces-data-test-2914-fake-4420-real-feb-28/real/PC_Generator__s13_514.2_frame_017433_crop_001__a207189f.jpg,0,NON_DOR_REAL_DEV,0.0054005524143576,0.0052845915779471,0.0231062583625316,0.027365542948246002,0.01226481981575489,0.006795142311602831,0.006431876681745052,0.0045288545079529285,0.00391865149140358
gs://teams-faces-data-test-2914-fake-4420-real-feb-28/real/Xiang_Xiang2_Feng__frame_000127_seq10830__ca498402.jpg,0,NON_DOR_REAL_DEV,0.0055025452747941,0.0061872992664575,0.0240134242922067,0.05618440359830856,0.02012365125119686,0.02088657207787037,0.014882232062518597,0.009615142829716206,0.010015626437962055
gs://teams-faces-data-test-2914-fake-4420-real-feb-28/real/Test_Cam__s76_234.3_frame_008149_crop_002__ee157677.jpg,0,NON_DOR_REAL_DEV,0.0053814379498362,0.0051321312785148,0.0326296091079711,0.02885473147034645,0.013163100928068161,0.007733484264463186,0.007448344025760889,0.005260195583105087,0.004617630038410425
gs://teams-faces-data-test-2914-fake-4420-real-feb-28/real/PC_Generator__s13_508.2_frame_017202_crop_001__b836be0f.jpg,0,NON_DOR_REAL_DEV,0.0053829462267458,0.0048515410162508,0.0218905750662088,0.026437409222126007,0.012764678336679935,0.006803237367421389,0.006692274007946253,0.004481607582420111,0.003933157306164503
gs://teams-faces-data-test-2914-fake-4420-real-feb-28/real/Test_Cam__s41_950.0_frame_033094_crop_002__b0715793.jpg,0,NON_DOR_REAL_DEV,0.0058670453727245,0.0048730238340795,0.023619145154953,0.04740140587091446,0.01981320045888424,0.01349894143640995,0.011475219391286373,0.008186104707419872,0.008381164632737637
gs://teams-faces-data-test-2914-fake-4420-real-feb-28/real/PC_Generator__s22_95.0_frame_003579_crop_001__0f93d6c6.jpg,0,NON_DOR_REAL_DEV,0.98747056722641,0.110127218067646,0.3268358111381531,0.6597727537155151,0.7573858499526978,0.7117645740509033,0.6018500924110413,0.4690857529640198,0.5763753652572632
gs://teams-faces-data-test-2914-fake-4420-real-feb-28/real/Md_noyn_Sharker__s15_320.4_frame_010871_crop_002__cc8e0af3.jpg,0,NON_DOR_REAL_DEV,0.005393449217081,0.0054554934613406,0.0225721094757318,0.04129468649625778,0.014397421851754189,0.008146201260387897,0.00882677175104618,0.005712857935577631,0.005038694012910128
gs://teams-faces-data-test-2914-fake-4420-real-feb-28/real/Xiang_Xiang2_Feng__frame_000957_seq17867__ca7350ed.jpg,0,NON_DOR_REAL_DEV,0.0060006598941981,0.0057933628559112,0.0280302260071039,0.1338430792093277,0.06135733425617218,0.06556329131126404,0.04985306039452553,0.025449762120842934,0.03889930620789528
gs://teams-faces-data-test-2914-fake-4420-real-feb-28/real/PC_Generator__s34_429.0_frame_014933_crop_002__7b45ae3b.jpg,0,NON_DOR_REAL_DEV,0.0053787841461598,0.0081822965294122,0.1016314998269081,0.03654942661523819,0.03121352754533291,0.009681488387286663,0.014573288150131702,0.01014123298227787,0.00927769299596548
gs://teams-faces-data-test-2914-fake-4420-real-feb-28/real/PC_Generator__s14_792.9_frame_027315_crop_000__9d4ff8b5.jpg,0,NON_DOR_REAL_DEV,0.0947057828307151,0.269929826259613,0.0807704403996467,0.39592450857162476,0.7709077596664429,0.22934915125370026,0.29606136679649353,0.1102442741394043,0.15379822254180908
gs://teams-faces-data-test-2914-fake-4420-real-feb-28/real/PC_Generator__s13_715.2_frame_023905_crop_002__e214f3f2.jpg,0,NON_DOR_REAL_DEV,0.0072636031545698,0.1053156703710556,0.035051766782999,0.08484526723623276,0.014313711784780025,0.024579551070928574,0.016580132767558098,0.0082557937130332,0.009322364814579487
gs://teams-faces-data-test-2914-fake-4420-real-feb-28/real/Md_noyn_Sharker__s15_1253.4_frame_042272_crop_001__9d9f298d.jpg,0,NON_DOR_REAL_DEV,0.0086466250941157,0.0074132457375526,0.0207041427493095,0.058746643364429474,0.016256781294941902,0.00868789479136467,0.008416864089667797,0.007022440433502197,0.006123114377260208
gs://teams-faces-data-test-2914-fake-4420-real-feb-28/real/PC_Generator__s22_122.0_frame_004512_crop_000__d07d1ed2.jpg,0,NON_DOR_REAL_DEV,0.5845361351966858,0.0109021477401256,0.0983356833457946,0.5518298149108887,0.26363998651504517,0.3223578631877899,0.33876335620880127,0.3079065978527069,0.3754410743713379
gs://teams-faces-data-test-2914-fake-4420-real-feb-28/real/Test_Cam__s73_178.5_frame_006436_crop_002__528574c3.jpg,0,NON_DOR_REAL_DEV,0.0053819203749299,0.0049046939238905,0.0225342698395252,0.027157260105013847,0.011870400980114937,0.006365846376866102,0.0066381050273776054,0.004347166977822781,0.0039541819132864475
gs://teams-faces-data-test-2914-fake-4420-real-feb-28/real/xiang__frame_000062_seq23667.jpg,0,NON_DOR_REAL_DEV,0.0060556563548743,0.0490251258015632,0.1910225003957748,0.053218863904476166,0.03475027531385422,0.19004328548908234,0.20302890241146088,0.055005405098199844,0.11670398712158203
gs://teams-faces-data-test-2914-fake-4420-real-feb-28/real/Md_noyn_Sharker__s15_350.4_frame_011905_crop_002__d2cf7918.jpg,0,NON_DOR_REAL_DEV,0.0402460657060146,0.0064131245017051,0.021929208189249,0.2434573471546173,0.03552278131246567,0.010535039007663727,0.014876711182296276,0.009511535055935383,0.010668039321899414
gs://teams-faces-data-test-2914-fake-4420-real-feb-28/real/Cam_Test__s32_348.0_frame_001656_crop_002__d42685d5.jpg,0,NON_DOR_REAL_DEV,0.0054306760430336,0.0062098233029246,0.0225644502788782,0.030671285465359688,0.012984035536646843,0.00749116949737072,0.007111919578164816,0.005485019646584988,0.005004112143069506
gs://teams-faces-data-test-2914-fake-4420-real-feb-28/real/Test_Cam__s41_974.0_frame_033925_crop_002__015eba04.jpg,0,NON_DOR_REAL_DEV,0.005540229845792,0.0053964531980454,0.0234552845358848,0.033694762736558914,0.01491450797766447,0.010502798482775688,0.009371118620038033,0.006356359459459782,0.006005633156746626
gs://teams-faces-data-test-2914-fake-4420-real-feb-28/real/xiang__frame_000170_seq24523.jpg,0,NON_DOR_REAL_DEV,0.0166429970413446,0.0631972327828407,0.0960703492164611,0.3611275553703308,0.5290234088897705,0.7214316129684448,0.25382673740386963,0.0775178000330925,0.14984013140201569
gs://teams-faces-data-test-2914-fake-4420-real-feb-28/real/Cam_Test__s38_2275.0_frame_047583_crop_001__050716c6.jpg,0,NON_DOR_REAL_DEV,0.0053905239328742,0.0058392020873725,0.0205864496529102,0.029332958161830902,0.013058953918516636,0.0069134654477238655,0.0069922273978590965,0.004814195446670055,0.004260019864886999
gs://teams-faces-data-test-2914-fake-4420-real-feb-28/real/PC_Generator__s45_54.0_frame_002147_crop_000__1fca7cf1.jpg,0,NON_DOR_REAL_DEV,0.6683029532432556,0.8733652830123901,0.6846337914466858,0.9350746273994446,0.8661140203475952,0.9571439623832703,0.8305738568305969,0.7541854977607727,0.9270787239074707
gs://teams-faces-data-test-2914-fake-4420-real-feb-28/real/Xiang_Xiang2_Feng__frame_000432_seq13001__8bdcfe0b.jpg,0,NON_DOR_REAL_DEV,0.0066185649484395,0.013375929556787,0.0409863553941249,0.13281382620334625,0.019824400544166565,0.02784375101327896,0.022159311920404434,0.017007144168019295,0.020332464948296547
gs://teams-faces-data-test-2914-fake-4420-real-feb-28/fake/Noyn_sharker__s23_28.2_frame_001148_crop_001__8911d42f.jpg,1,NON_DOR_FAKE_DEV,0.986979365348816,0.9909613728523254,0.6546951532363892,0.9546954035758972,0.9864848256111145,0.9328935742378235,0.8777183294296265,0.7762396931648254,0.838382363319397
gs://teams-faces-data-test-2914-fake-4420-real-feb-28/fake/Cam_Test__s35_716.0_frame_004410_crop_001__354ee607.jpg,1,NON_DOR_FAKE_DEV,0.9946274161338806,0.9615583419799804,0.97784823179245,0.9755678176879883,0.9913536906242371,0.9946881532669067,0.9942664504051208,0.9961983561515808,0.9966723918914795
gs://teams-faces-data-test-2914-fake-4420-real-feb-28/fake/Cam_Test__s32_45.0_frame_001596_crop_001__80888d1d.jpg,1,NON_DOR_FAKE_DEV,0.9941892623901368,0.994459867477417,0.8607276678085327,0.9681226015090942,0.9886748790740967,0.9909808039665222,0.98758465051651,0.989036500453949,0.9923620223999023
gs://teams-faces-data-test-2914-fake-4420-real-feb-28/fake/visomaster_enhanced_raw__frame_000811_seq6114.png,1,NON_DOR_FAKE_DEV,0.0105879139155149,0.006075263954699,0.0310648940503597,0.07832330465316772,0.06457103043794632,0.05085138604044914,0.04321170970797539,0.1002517119050026,0.09186035394668579
gs://teams-faces-data-test-2914-fake-4420-real-feb-28/fake/Test_Cam__s73_95.5_frame_003565_crop_002__0c7bddd6.jpg,1,NON_DOR_FAKE_DEV,0.9946284890174866,0.9933916330337524,0.8872552514076233,0.975317120552063,0.9905429482460022,0.9926648736000061,0.9907243847846985,0.994005024433136,0.9950295090675354
gs://teams-faces-data-test-2914-fake-4420-real-feb-28/fake/Noyn_sharker__s23_41.2_frame_001568_crop_001__b13f7f8f.jpg,1,NON_DOR_FAKE_DEV,0.4560584425926208,0.9632146954536438,0.3863137662410736,0.6328855752944946,0.8491122126579285,0.6388586759567261,0.4454544484615326,0.33965277671813965,0.3575412333011627
gs://teams-faces-data-test-2914-fake-4420-real-feb-28/fake/Cam_Test__s32_88.0_frame_002989_crop_001__c81f8639.jpg,1,NON_DOR_FAKE_DEV,0.9945569038391112,0.9847373366355896,0.7469013929367065,0.9707048535346985,0.9902338981628418,0.9917318820953369,0.9892629981040955,0.9889392256736755,0.9922424554824829
gs://teams-faces-data-test-2914-fake-4420-real-feb-28/fake/Cam_Test__s35_596.0_frame_000634_crop_001__55751582.jpg,1,NON_DOR_FAKE_DEV,0.994624674320221,0.9961593151092528,0.9837956428527832,0.9753111004829407,0.9919407963752747,0.9947558641433716,0.9941987991333008,0.9960610270500183,0.9965619444847107
gs://teams-faces-data-test-2914-fake-4420-real-feb-28/fake/PC_Generator__s9_156.2_frame_005357_crop_002__4640ae85.jpg,1,NON_DOR_FAKE_DEV,0.9946240782737732,0.9872103929519652,0.8454555869102478,0.9748970866203308,0.9908066391944885,0.9932670593261719,0.9912742972373962,0.9933345317840576,0.9946495890617371
gs://teams-faces-data-test-2914-fake-4420-real-feb-28/fake/Xiang_Xiang2_Feng__frame_003379_seq49787__e9d31e5a.jpg,1,NON_DOR_FAKE_DEV,0.3768938779830932,0.219354048371315,0.3881251215934753,0.8869001269340515,0.813213050365448,0.7184684872627258,0.6490018367767334,0.5588594675064087,0.7442048788070679
gs://teams-faces-data-test-2914-fake-4420-real-feb-28/fake/Test_Cam__s53_134.0_frame_005070_crop_002__070c6198.jpg,1,NON_DOR_FAKE_DEV,0.9945051074028016,0.9953309893608092,0.9501760005950928,0.9727154970169067,0.9908590912818909,0.9925047159194946,0.9895104169845581,0.9927383065223694,0.9942265748977661
gs://teams-faces-data-test-2914-fake-4420-real-feb-28/fake/Noyn_sharker__s23_54.2_frame_002026_crop_001__d1129103.jpg,1,NON_DOR_FAKE_DEV,0.8908803462982178,0.9897107481956482,0.5761564373970032,0.9081409573554993,0.9658938050270081,0.8292296528816223,0.6445593237876892,0.5424191355705261,0.581588089466095
gs://teams-faces-data-test-2914-fake-4420-real-feb-28/fake/Cam_Test__s35_607.0_frame_000972_crop_001__dd184133.jpg,1,NON_DOR_FAKE_DEV,0.994624674320221,0.995151162147522,0.9717313647270204,0.9749516844749451,0.9919319748878479,0.9940809607505798,0.9938627481460571,0.9955529570579529,0.996238112449646
gs://teams-faces-data-test-2914-fake-4420-real-feb-28/fake/Cam_Test__s46_158.0_frame_005154_crop_001__1797f740.jpg,1,NON_DOR_FAKE_DEV,0.9945861101150512,0.5852712988853455,0.9399415254592896,0.972423791885376,0.9907360672950745,0.9918190240859985,0.992045521736145,0.9947789907455444,0.9953710436820984
gs://teams-faces-data-test-2914-fake-4420-real-feb-28/fake/Cam_Test__s32_140.0_frame_004682_crop_001__dffd2f28.jpg,1,NON_DOR_FAKE_DEV,0.9945951104164124,0.9925372004508972,0.8832187056541443,0.9722076058387756,0.9902370572090149,0.9918622970581055,0.9882533550262451,0.9868287444114685,0.991042971611023
gs://teams-faces-data-test-2914-fake-4420-real-feb-28/fake/visomaster_enhanced_teams__frame_000697_seq5581.png,1,NON_DOR_FAKE_DEV,0.0079388609156012,0.2676097154617309,0.3822172582149505,0.26407289505004883,0.06438085436820984,0.3081064820289612,0.2941053807735443,0.35950127243995667,0.37967970967292786
gs://teams-faces-data-test-2914-fake-4420-real-feb-28/fake/Cam_Test__s46_144.0_frame_004668_crop_001__93927b59.jpg,1,NON_DOR_FAKE_DEV,0.9946150183677672,0.5133349895477295,0.7683179378509521,0.9715615510940552,0.9914924502372742,0.98771733045578,0.9798631072044373,0.9934817552566528,0.9943572878837585
gs://teams-faces-data-test-2914-fake-4420-real-feb-28/fake/visomaster_enhanced_teams__frame_001255_seq9523.png,1,NON_DOR_FAKE_DEV,0.2370092719793319,0.0606509931385517,0.4166639149188995,0.3828985095024109,0.26624512672424316,0.23705928027629852,0.7254854440689087,0.8233749866485596,0.815430760383606
gs://teams-faces-data-test-2914-fake-4420-real-feb-28/fake/Cam_Test__s35_732.0_frame_004940_crop_001__202cbe14.jpg,1,NON_DOR_FAKE_DEV,0.994629204273224,0.9958410859107972,0.9850851893424988,0.9749773740768433,0.9904932379722595,0.994717538356781,0.9942871928215027,0.996259331703186,0.9966694712638855
gs://teams-faces-data-test-2914-fake-4420-real-feb-28/fake/Test_Cam__s73_130.5_frame_004660_crop_002__7b67a86e.jpg,1,NON_DOR_FAKE_DEV,0.9946284890174866,0.9955303072929382,0.9625054001808168,0.9755527973175049,0.9904575347900391,0.9934220910072327,0.992825984954834,0.9952497482299805,0.9958884119987488
gs://teams-faces-data-test-2914-fake-4420-real-feb-28/fake/visomaster_enhanced_raw__frame_002941_seq25942.png,1,NON_DOR_FAKE_DEV,0.8802827596664429,0.1481449604034423,0.3917151093482971,0.7878091335296631,0.7644273042678833,0.6320510506629944,0.2718934714794159,0.3684178292751312,0.4503474831581116
gs://teams-faces-data-test-2914-fake-4420-real-feb-28/fake/Xiang_Xiang2_Feng__frame_003172_seq47102__73a22ac1.jpg,1,NON_DOR_FAKE_DEV,0.1467238962650299,0.1517596840858459,0.1993363797664642,0.9356143474578857,0.9505988359451294,0.9256064295768738,0.7186779975891113,0.632192850112915,0.7936697006225586
gs://teams-faces-data-test-2914-fake-4420-real-feb-28/fake/Test_Cam__s53_102.0_frame_003928_crop_002__a85d8d72.jpg,1,NON_DOR_FAKE_DEV,0.9924680590629578,0.992605686187744,0.7067714333534241,0.9732217788696289,0.9907423853874207,0.9921188354492188,0.9868037104606628,0.9883031249046326,0.9927737712860107
gs://teams-faces-data-test-2914-fake-4420-real-feb-28/fake/visomaster_enhanced_raw__frame_000739_seq5853.png,1,NON_DOR_FAKE_DEV,0.0054623777978122,0.0079200491309165,0.0392246805131435,0.035487473011016846,0.016862081363797188,0.009182319976389408,0.009916206821799278,0.00885902438312769,0.007933536544442177
gs://teams-faces-data-test-2914-fake-4420-real-feb-28/fake/visomaster_enhanced_raw__frame_001307_seq9847.png,1,NON_DOR_FAKE_DEV,0.7886137366294861,0.0196681637316942,0.1996001303195953,0.42280909419059753,0.5287880301475525,0.3160393238067627,0.7307579517364502,0.8743793368339539,0.9048817157745361
gs://teams-faces-data-test-2914-fake-4420-real-feb-28/fake/Test_Cam__s76_1209.3_frame_013363_crop_002__c1f2e26f.jpg,1,NON_DOR_FAKE_DEV,0.99461030960083,0.992263913154602,0.8312435150146484,0.9731943011283875,0.9908181428909302,0.9928715825080872,0.9904857277870178,0.9925606846809387,0.994469404220581
gs://teams-faces-data-test-2914-fake-4420-real-feb-28/fake/visomaster_enhanced_teams__frame_002601_seq23013.png,1,NON_DOR_FAKE_DEV,0.0610877946019172,0.0073592667467892,0.2362837791442871,0.2944725453853607,0.251102477312088,0.1166905015707016,0.41260460019111633,0.5298964381217957,0.49999621510505676
gs://teams-faces-data-test-2914-fake-4420-real-feb-28/fake/PC_Generator__s4_48.0_frame_068841_crop_002__2334c839.jpg,1,NON_DOR_FAKE_DEV,0.9946203231811525,0.9906820058822632,0.7421895861625671,0.9734193682670593,0.991267740726471,0.9928338527679443,0.9866227507591248,0.9910463690757751,0.9930108189582825
gs://teams-faces-data-test-2914-fake-4420-real-feb-28/fake/Test_Cam__s53_74.0_frame_002945_crop_002__3462a83b.jpg,1,NON_DOR_FAKE_DEV,0.9890764951705932,0.99375581741333,0.5646632313728333,0.9708337187767029,0.9897971153259277,0.9918877482414246,0.9837201833724976,0.9841737747192383,0.9917964935302734
gs://teams-faces-data-test-2914-fake-4420-real-feb-28/fake/Noyn_sharker__s23_86.2_frame_003109_crop_001__35540dd7.jpg,1,NON_DOR_FAKE_DEV,0.9942820072174072,0.9655611515045166,0.4526428878307342,0.9587377309799194,0.9816659092903137,0.9327699542045593,0.8030802607536316,0.6731902956962585,0.8142543435096741
gs://teams-faces-data-test-2914-fake-4420-real-feb-28/fake/Cam_Test__s32_36.0_frame_001313_crop_001__88198447.jpg,1,NON_DOR_FAKE_DEV,0.9944570064544678,0.9926504492759703,0.8199916481971741,0.9707668423652649,0.9897246360778809,0.9907044768333435,0.987928569316864,0.9863827228546143,0.9907015562057495
gs://teams-faces-data-test-2914-fake-4420-real-feb-28/fake/Cam_Test__s38_149.0_frame_005095_crop_001__1b27401e.jpg,1,NON_DOR_FAKE_DEV,0.9898646473884584,0.9941396713256836,0.5195104479789734,0.9604004621505737,0.9779726266860962,0.9560520052909851,0.8803962469100952,0.8507567048072815,0.9414582848548889
gs://teams-faces-data-test-2914-fake-4420-real-feb-28/fake/Cam_Test__s35_700.0_frame_003919_crop_001__1fc114c4.jpg,1,NON_DOR_FAKE_DEV,0.9946297407150269,0.9908169507980348,0.982229232788086,0.9757476449012756,0.9914747476577759,0.9948964715003967,0.9943801760673523,0.9962077140808105,0.9966604709625244
gs://teams-faces-data-test-2914-fake-4420-real-feb-28/fake/visomaster_enhanced_teams__frame_001589_seq12360.png,1,NON_DOR_FAKE_DEV,0.8368719816207886,0.0098126530647277,0.5428144335746765,0.6452867984771729,0.6393334865570068,0.23439636826515198,0.43144491314888,0.7478852272033691,0.8563753962516785
gs://teams-faces-data-test-2914-fake-4420-real-feb-28/fake/visomaster_enhanced_teams__frame_002623_seq23084.png,1,NON_DOR_FAKE_DEV,0.0553906299173831,0.0064569180831313,0.2891215085983276,0.22144685685634613,0.2961978018283844,0.07363128662109375,0.3893870413303375,0.5778748989105225,0.6187523007392883
gs://teams-faces-data-test-2914-fake-4420-real-feb-28/fake/Noyn_sharker__s23_459.2_frame_001748_crop_002__c3c395cc.jpg,1,NON_DOR_FAKE_DEV,0.94924134016037,0.9007928371429444,0.5273545384407043,0.8450431227684021,0.9732766151428223,0.9138772487640381,0.7554847598075867,0.7022511959075928,0.8312950134277344
gs://teams-faces-data-test-2914-fake-4420-real-feb-28/fake/Test_Cam__s53_69.0_frame_002800_crop_002__3200affb.jpg,1,NON_DOR_FAKE_DEV,0.99461030960083,0.9959635734558104,0.9416623711586,0.9747760891914368,0.9915640354156494,0.9943968057632446,0.9927693605422974,0.9952948689460754,0.9960858821868896
gs://teams-faces-data-test-2914-fake-4420-real-feb-28/fake/Noyn_sharker__s23_122.2_frame_004327_crop_001__5b1c6370.jpg,1,NON_DOR_FAKE_DEV,0.5871550440788269,0.9298497438430786,0.320365846157074,0.6223392486572266,0.6324695348739624,0.5893617272377014,0.2827316224575043,0.25230348110198975,0.2507108747959137
gs://teams-faces-data-test-2914-fake-4420-real-feb-28/fake/visomaster_enhanced_raw__frame_002463_seq21627.png,1,NON_DOR_FAKE_DEV,0.0065893186256289,0.009730102494359,0.0607563592493534,0.04982318729162216,0.020237714052200317,0.009664262644946575,0.009308824315667152,0.007975609973073006,0.007280935067683458
gs://teams-faces-data-test-2914-fake-4420-real-feb-28/fake/PC_Generator__s3_59.0_frame_054581_crop_002__f7e7be0e.jpg,1,NON_DOR_FAKE_DEV,0.9946200847625732,0.9952191710472108,0.9627084136009216,0.9748681783676147,0.9914914965629578,0.9937843084335327,0.9923944473266602,0.9948936700820923,0.9955688118934631
gs://teams-faces-data-test-2914-fake-4420-real-feb-28/fake/Test_Cam__s76_1283.3_frame_015904_crop_002__85e7f892.jpg,1,NON_DOR_FAKE_DEV,0.9944604635238647,0.9706650972366332,0.5342019200325012,0.9702028632164001,0.991370677947998,0.9924584031105042,0.9908847212791443,0.9924456477165222,0.9949593544006348
gs://teams-faces-data-test-2914-fake-4420-real-feb-28/fake/Cam_Test__s46_110.0_frame_003550_crop_001__2261ca56.jpg,1,NON_DOR_FAKE_DEV,0.9946211576461792,0.8518896698951721,0.9278253316879272,0.9745393991470337,0.9917179346084595,0.9939646124839783,0.9933748841285706,0.9958285689353943,0.9962910413742065
gs://teams-faces-data-test-2914-fake-4420-real-feb-28/fake/Cam_Test__s32_49.0_frame_001748_crop_001__c90f2881.jpg,1,NON_DOR_FAKE_DEV,0.9942042231559752,0.984621524810791,0.8640673756599426,0.9724628925323486,0.990410566329956,0.9917028546333313,0.9898188710212708,0.9897365570068359,0.9924752116203308
gs://teams-faces-data-test-2914-fake-4420-real-feb-28/fake/visomaster_enhanced_teams__frame_001301_seq9798.png,1,NON_DOR_FAKE_DEV,0.7474508881568909,0.0108106499537825,0.4175443947315216,0.5005948543548584,0.4926116168498993,0.24281375110149384,0.7552319765090942,0.8983074426651001,0.9171310663223267
gs://teams-faces-data-test-2914-fake-4420-real-feb-28/fake/Cam_Test__s35_723.0_frame_004631_crop_001__f7af0d6e.jpg,1,NON_DOR_FAKE_DEV,0.9946300983428956,0.9920560717582704,0.9839040040969848,0.9752334356307983,0.9910115003585815,0.9947540760040283,0.9943771958351135,0.9962700605392456,0.9966753721237183
gs://teams-faces-data-test-2914-fake-4420-real-feb-28/fake/Test_Cam__s73_122.5_frame_004495_crop_002__d68371bd.jpg,1,NON_DOR_FAKE_DEV,0.9946262240409852,0.9935899972915648,0.8984822034835815,0.9751285910606384,0.9903167486190796,0.9928805828094482,0.9921339750289917,0.9947340488433838,0.9955148100852966
gs://teams-faces-data-test-2914-fake-4420-real-feb-28/fake/visomaster_enhanced_teams__frame_001171_seq9038.png,1,NON_DOR_FAKE_DEV,0.2952900528907776,0.0107006411999464,0.3421869277954101,0.2988233268260956,0.2003009170293808,0.04853513464331627,0.3171878159046173,0.6633771061897278,0.6920951008796692
gs://teams-faces-data-test-2914-fake-4420-real-feb-28/fake/Cam_Test__s38_157.0_frame_005364_crop_001__f8b52034.jpg,1,NON_DOR_FAKE_DEV,0.9946085214614868,0.993974506855011,0.6019492149353027,0.9729573726654053,0.9908273816108704,0.9916280508041382,0.98888099193573,0.9887135028839111,0.9929303526878357
gs://teams-faces-data-test-2914-fake-4420-real-feb-28/fake/visomaster_enhanced_teams__frame_000677_seq5440.png,1,NON_DOR_FAKE_DEV,0.7575865387916565,0.9932903051376344,0.8162142634391785,0.8128244876861572,0.9299434423446655,0.9811223745346069,0.9668416380882263,0.9861575365066528,0.9876854419708252
gs://teams-faces-data-test-2914-fake-4420-real-feb-28/fake/visomaster_enhanced_teams__frame_001111_seq8406.png,1,NON_DOR_FAKE_DEV,0.0256469119340181,0.1290608644485473,0.3454152643680572,0.3096827268600464,0.23628740012645721,0.3551594614982605,0.3632411062717438,0.34496745467185974,0.3664337396621704
gs://teams-faces-data-test-2914-fake-4420-real-feb-28/fake/Noyn_sharker__s23_468.2_frame_002069_crop_001__382fe036.jpg,1,NON_DOR_FAKE_DEV,0.9825335144996644,0.9749920964241028,0.3305719792842865,0.8800608515739441,0.9810758829116821,0.9317918419837952,0.8629926443099976,0.7345072627067566,0.7922917008399963
gs://teams-faces-data-test-2914-fake-4420-real-feb-28/fake/Test_Cam__s76_1271.3_frame_015487_crop_002__741e56e6.jpg,1,NON_DOR_FAKE_DEV,0.9946256279945374,0.9945120811462402,0.6671513915061951,0.9759791493415833,0.9908294677734375,0.9934387803077698,0.9914388656616211,0.994082510471344,0.9954225420951843
gs://teams-faces-data-test-2914-fake-4420-real-feb-28/fake/Cam_Test__s38_203.0_frame_006857_crop_001__154d2b25.jpg,1,NON_DOR_FAKE_DEV,0.9904546141624452,0.9948108196258544,0.8352552652359009,0.9621105194091797,0.9897751808166504,0.9902211427688599,0.9863195419311523,0.9797694683074951,0.9902848601341248
gs://teams-faces-data-test-2914-fake-4420-real-feb-28/fake/Noyn_sharker__s23_91.2_frame_003255_crop_001__cbe87c36.jpg,1,NON_DOR_FAKE_DEV,0.989066243171692,0.9563413858413696,0.3263564705848694,0.926593542098999,0.9715902209281921,0.887273371219635,0.6706262826919556,0.6020718216896057,0.7140988111495972
gs://teams-faces-data-test-2914-fake-4420-real-feb-28/fake/visomaster_enhanced_teams__frame_000807_seq6104.png,1,NON_DOR_FAKE_DEV,0.0111863715574145,0.01496965251863,0.1429012268781662,0.05564375966787338,0.016156895086169243,0.015052578411996365,0.018594995141029358,0.03397129103541374,0.02635149657726288
gs://teams-faces-data-test-2914-fake-4420-real-feb-28/fake/Test_Cam__s53_127.0_frame_004822_crop_002__b838c7d6.jpg,1,NON_DOR_FAKE_DEV,0.9944303631782532,0.9935550093650818,0.8662594556808472,0.9702882766723633,0.9903958439826965,0.9908587336540222,0.985582709312439,0.9892110824584961,0.9925341606140137
gs://teams-faces-data-test-2914-fake-4420-real-feb-28/fake/Cam_Test__s35_620.0_frame_001375_crop_001__41675531.jpg,1,NON_DOR_FAKE_DEV,0.9946264624595642,0.995677411556244,0.974304735660553,0.9750633239746094,0.9919278621673584,0.9933987855911255,0.9938966631889343,0.9954751133918762,0.9962284564971924
gs://teams-faces-data-test-2914-fake-4420-real-feb-28/fake/Noyn_sharker__s23_465.2_frame_001984_crop_001__76f2a315.jpg,1,NON_DOR_FAKE_DEV,0.826610267162323,0.9687567353248596,0.3577783107757568,0.755035400390625,0.9676470756530762,0.763882040977478,0.6689082980155945,0.5633879899978638,0.6387984156608582
gs://teams-faces-data-test-2914-fake-4420-real-feb-28/fake/Cam_Test__s32_101.0_frame_003422_crop_001__8d445e12.jpg,1,NON_DOR_FAKE_DEV,0.9943954944610596,0.9842979907989502,0.7776219248771667,0.9706234335899353,0.990269660949707,0.9913057684898376,0.9879437685012817,0.9866511821746826,0.990816593170166
gs://teams-faces-data-test-2914-fake-4420-real-feb-28/fake/Cam_Test__s46_126.0_frame_004065_crop_000__05d4b32e.jpg,1,NON_DOR_FAKE_DEV,0.9946229457855223,0.9600861668586732,0.9746695160865784,0.9739248156547546,0.9913751482963562,0.9928145408630371,0.9925746917724609,0.9954600930213928,0.9959391355514526
gs://teams-faces-data-test-2914-fake-4420-real-feb-28/fake/Test_Cam__s73_125.5_frame_004589_crop_002__1983a354.jpg,1,NON_DOR_FAKE_DEV,0.9946309328079224,0.9957550764083862,0.9585458040237428,0.974572479724884,0.9893744587898254,0.9932679533958435,0.9929918050765991,0.9955350160598755,0.996058464050293
gs://teams-faces-data-test-2914-fake-4420-real-feb-28/fake/Cam_Test__s38_160.0_frame_005463_crop_001__d6465e24.jpg,1,NON_DOR_FAKE_DEV,0.9943435192108154,0.9946749210357666,0.9169487953186036,0.9704961776733398,0.989959180355072,0.991679847240448,0.989225447177887,0.9914903044700623,0.9937361478805542
gs://teams-faces-data-test-2914-fake-4420-real-feb-28/fake/PC_Generator__s4_35.0_frame_068406_crop_002__4430033d.jpg,1,NON_DOR_FAKE_DEV,0.9946247935295104,0.996044397354126,0.9764703512191772,0.9757540225982666,0.9913532137870789,0.993837296962738,0.9930593967437744,0.9950143694877625,0.9956346154212952
gs://teams-faces-data-test-2914-fake-4420-real-feb-28/fake/Xiang_Xiang2_Feng__frame_003170_seq47057__ac96fb1b.jpg,1,NON_DOR_FAKE_DEV,0.6695601940155029,0.764164924621582,0.2786273658275604,0.9699529409408569,0.9891190528869629,0.9831399321556091,0.9149934649467468,0.7743592858314514,0.9595261216163635
gs://teams-faces-data-test-2914-fake-4420-real-feb-28/fake/Cam_Test__s35_593.0_frame_000517_crop_001__9c338ecf.jpg,1,NON_DOR_FAKE_DEV,0.994623064994812,0.9960013031959534,0.9831554889678956,0.9753904938697815,0.9920491576194763,0.9945631623268127,0.9942013621330261,0.9959200620651245,0.99644535779953
gs://teams-faces-data-test-2914-fake-4420-real-feb-28/fake/Cam_Test__s35_1212.0_frame_020343_crop_001__e4b2b549.jpg,1,NON_DOR_FAKE_DEV,0.9891036748886108,0.960876762866974,0.9184410572052002,0.9524920582771301,0.9878950119018555,0.9531238675117493,0.9881781935691833,0.9898467659950256,0.9926021695137024
gs://teams-faces-data-test-2914-fake-4420-real-feb-28/fake/Test_Cam__s53_77.0_frame_003060_crop_002__e792d936.jpg,1,NON_DOR_FAKE_DEV,0.99272620677948,0.9946651458740234,0.6290841102600098,0.972775399684906,0.9904782772064209,0.9920161962509155,0.9848318696022034,0.987256646156311,0.992141842842102
gs://teams-faces-data-test-2914-fake-4420-real-feb-28/fake/Test_Cam__s53_75.0_frame_002989_crop_002__386549d6.jpg,1,NON_DOR_FAKE_DEV,0.9736571907997132,0.9919084906578064,0.4953663051128387,0.9711124300956726,0.9902735352516174,0.9917228817939758,0.9842134714126587,0.9854997992515564,0.9917873740196228
gs://teams-faces-data-test-2914-fake-4420-real-feb-28/fake/Cam_Test__s32_133.0_frame_004449_crop_001__42ba5a16.jpg,1,NON_DOR_FAKE_DEV,0.9946152567863464,0.9916383624076844,0.9048356413841248,0.9739611744880676,0.9911974668502808,0.9928841590881348,0.9918944239616394,0.9930619597434998,0.9946454763412476
gs://teams-faces-data-test-2914-fake-4420-real-feb-28/fake/Cam_Test__s35_689.0_frame_003548_crop_001__ed2172a7.jpg,1,NON_DOR_FAKE_DEV,0.9946268200874328,0.994356334209442,0.9565026760101318,0.9759858250617981,0.9919326901435852,0.9947744011878967,0.9944303631782532,0.995969295501709,0.9965783953666687
gs://teams-faces-data-test-2914-fake-4420-real-feb-28/fake/Cam_Test__s35_1688.0_frame_035570_crop_001__9699e0c5.jpg,1,NON_DOR_FAKE_DEV,0.8191335797309875,0.9885119199752808,0.6880649924278259,0.9701203107833862,0.9879254102706909,0.9920320510864258,0.9897386431694031,0.9918732047080994,0.9945419430732727
gs://teams-faces-data-test-2914-fake-4420-real-feb-28/fake/Noyn_sharker__s23_15.2_frame_000700_crop_001__3a175692.jpg,1,NON_DOR_FAKE_DEV,0.3757476210594177,0.9452933669090272,0.3664499223232269,0.5930576324462891,0.6937902569770813,0.49553167819976807,0.3155260682106018,0.25293487310409546,0.28819549083709717
gs://teams-faces-data-test-2914-fake-4420-real-feb-28/fake/visomaster_enhanced_raw__frame_000819_seq6133.png,1,NON_DOR_FAKE_DEV,0.0058281044475734,0.0056500416249036,0.0305708274245262,0.04501163214445114,0.024220068007707596,0.01072423905134201,0.010190899483859539,0.009131855331361294,0.008600312285125256
gs://teams-faces-data-test-2914-fake-4420-real-feb-28/fake/Cam_Test__s35_1248.0_frame_021493_crop_001__c7d3ecb1.jpg,1,NON_DOR_FAKE_DEV,0.9945530295372008,0.99644935131073,0.9819254875183104,0.9743854403495789,0.9923214316368103,0.9928298592567444,0.9936383366584778,0.9955572485923767,0.9962965846061707
gs://teams-faces-data-test-2914-fake-4420-real-feb-28/fake/Cam_Test__s35_640.0_frame_002013_crop_001__684f6f33.jpg,1,NON_DOR_FAKE_DEV,0.9946112632751464,0.9950383305549622,0.975117802619934,0.9752883315086365,0.9918957352638245,0.9944572448730469,0.9940184354782104,0.9959612488746643,0.9964684247970581
gs://teams-faces-data-test-2914-fake-4420-real-feb-28/fake/Xiang_Xiang2_Feng__frame_004575_seq63641__51e690f9.jpg,1,NON_DOR_FAKE_DEV,0.0654478073120117,0.3784189522266388,0.1486462950706482,0.8767288327217102,0.8937441110610962,0.8860383629798889,0.496507465839386,0.38278329372406006,0.5608412027359009
gs://teams-faces-data-test-2914-fake-4420-real-feb-28/fake/visomaster_enhanced_raw__frame_000683_seq5475.png,1,NON_DOR_FAKE_DEV,0.9942552447319032,0.9907167553901672,0.9680179357528688,0.970160722732544,0.9904651641845703,0.993382453918457,0.9916731715202332,0.9949589967727661,0.9955464601516724
gs://teams-faces-data-test-2914-fake-4420-real-feb-28/fake/Cam_Test__s32_12.0_frame_000494_crop_001__77ad75f7.jpg,1,NON_DOR_FAKE_DEV,0.994563639163971,0.9903291463851928,0.801670253276825,0.9708645939826965,0.9904636144638062,0.9913744330406189,0.9897106289863586,0.9897345304489136,0.9925256967544556
gs://teams-faces-data-test-2914-fake-4420-real-feb-28/fake/Cam_Test__s32_130.0_frame_004369_crop_001__b2cd789e.jpg,1,NON_DOR_FAKE_DEV,0.994499921798706,0.992299735546112,0.8477047085762024,0.9728662371635437,0.9904515743255615,0.9922873973846436,0.9891400337219238,0.9873865246772766,0.9917784333229065
gs://teams-faces-data-test-2914-fake-4420-real-feb-28/fake/visomaster_enhanced_teams__frame_001605_seq12386.png,1,NON_DOR_FAKE_DEV,0.0171079076826572,0.0965623408555984,0.1891469210386276,0.2106577754020691,0.18530477583408356,0.17987631261348724,0.12981824576854706,0.127179816365242,0.13645602762699127
